request_id,segment,boat_type,length_m,beam_m,draft_m,power_kw,booking_day,arrival_day,departure_day,nights,lead_days
173,super,yacht,22.64,6.14,2.66,23.7,-123,19,22,3,142
247,sail,sailboat,12.36,4.19,2.03,5.6,-118,27,32,5,145
296,sail,sailboat,10.71,3.46,1.85,3.4,-114,32,40,8,146
81,small,motorboat,7.99,2.7,0.82,0.0,-113,9,16,7,122
129,motor,motorboat,18.55,5.63,1.72,0.0,-109,15,16,1,124
133,super,yacht,21.25,6.06,2.67,31.8,-103,15,19,4,118
192,super,yacht,24.78,6.39,3.21,13.4,-103,22,24,2,125
528,small,motorboat,7.59,2.67,0.77,2.9,-102,46,53,7,148
11,super,yacht,20.05,5.58,2.59,0.0,-97,1,4,3,98
332,super,yacht,27.39,7.7,3.12,17.8,-94,34,37,3,128
478,motor,motorboat,13.0,3.71,1.26,6.1,-93,44,45,1,137
150,small,motorboat,6.36,2.12,0.63,2.2,-92,17,28,11,109
350,super,yacht,25.1,6.9,2.92,15.2,-91,36,37,1,127
321,sail,sailboat,14.02,4.4,2.14,0.0,-90,33,38,5,123
776,sail,sailboat,12.89,4.19,2.06,4.2,-89,60,66,6,149
791,sail,sailboat,10.9,3.29,1.94,6.6,-88,61,64,3,149
293,sail,sailboat,9.5,3.06,1.56,3.3,-87,31,36,5,118
334,sail,sailboat,11.67,3.93,1.89,5.6,-86,34,35,1,120
893,small,motorboat,6.76,2.33,0.71,2.7,-84,65,69,4,149
574,super,yacht,26.05,7.42,3.25,21.7,-79,49,51,2,128
708,motor,motorboat,12.81,3.78,1.29,6.2,-78,56,58,2,134
908,sail,sailboat,13.16,4.15,2.38,4.6,-78,66,68,2,144
629,sail,sailboat,13.17,4.03,2.23,4.3,-77,52,57,5,129
854,sail,sailboat,12.43,4.21,2.06,4.9,-77,64,75,11,141
270,super,yacht,21.66,5.54,2.85,39.1,-76,30,33,3,106
877,motor,motorboat,13.75,4.02,1.23,5.9,-73,65,67,2,138
920,motor,motorboat,16.52,4.75,1.46,0.0,-70,66,67,1,136
1228,sail,sailboat,13.37,4.14,2.37,3.8,-70,76,79,3,146
87,motor,motorboat,17.35,5.41,1.56,10.8,-69,10,13,3,79
413,sail,sailboat,12.26,3.98,2.05,4.9,-68,39,40,1,107
1018,sail,sailboat,13.14,4.4,2.2,3.3,-66,70,78,8,136
1135,super,yacht,24.3,6.71,3.05,20.4,-63,73,76,3,136
1424,small,motorboat,8.38,2.71,0.79,2.5,-62,82,84,2,144
106,sail,sailboat,13.13,4.39,2.27,0.0,-61,12,15,3,73
597,motor,motorboat,15.66,4.5,1.43,7.3,-60,50,53,3,110
1513,sail,sailboat,12.93,3.92,2.19,5.4,-59,86,88,2,145
611,motor,motorboat,14.93,4.43,1.59,4.8,-58,51,56,5,109
565,super,yacht,22.76,6.4,2.61,33.4,-57,48,73,25,105
14,sail,sailboat,12.34,3.81,1.86,0.0,-55,2,3,1,57
96,sail,sailboat,13.61,4.58,2.27,3.2,-54,11,12,1,65
1345,super,yacht,22.84,6.32,2.54,34.5,-53,80,82,2,133
1290,super,yacht,22.31,6.35,2.73,15.4,-52,78,79,1,130
58,motor,motorboat,16.38,4.78,1.68,6.4,-51,6,8,2,57
485,super,yacht,22.63,5.75,2.51,31.2,-51,44,49,5,95
29,motor,motorboat,13.83,4.19,1.47,5.6,-50,3,16,13,53
1203,sail,sailboat,9.9,3.04,1.5,2.1,-50,75,80,5,125
1959,motor,motorboat,11.95,3.7,1.24,0.0,-50,100,102,2,150
32,small,motorboat,8.66,3.12,0.81,0.0,-49,3,10,7,52
191,motor,motorboat,21.73,6.43,2.13,13.0,-48,22,25,3,70
37,sail,sailboat,12.34,4.01,2.07,0.0,-47,4,7,3,51
1140,sail,sailboat,14.43,4.69,2.44,3.2,-47,74,75,1,121
22,motor,motorboat,14.82,4.54,1.52,3.6,-46,2,3,1,48
437,sail,sailboat,14.96,4.57,2.38,0.0,-46,41,45,4,87
42,super,yacht,25.18,7.05,2.91,24.1,-43,4,9,5,47
164,super,yacht,26.57,7.33,3.06,14.2,-43,18,19,1,61
102,motor,motorboat,12.33,3.5,1.3,5.1,-42,12,14,2,54
123,small,motorboat,6.72,2.17,0.71,2.4,-42,14,17,3,56
533,motor,motorboat,16.87,4.72,1.79,7.5,-42,46,49,3,88
1231,sail,sailboat,14.49,4.5,2.29,4.6,-42,76,78,2,118
135,motor,motorboat,12.46,3.49,1.21,0.0,-41,16,20,4,57
144,small,motorboat,7.62,2.51,0.82,2.3,-41,17,21,4,58
805,sail,sailboat,9.5,3.14,1.43,2.5,-41,61,75,14,102
103,sail,sailboat,12.69,3.96,1.94,0.0,-39,12,13,1,51
664,super,yacht,24.59,6.65,2.91,18.5,-39,54,57,3,93
1304,motor,motorboat,18.46,5.2,1.89,8.6,-39,79,80,1,118
1729,sail,sailboat,12.38,3.94,2.23,3.9,-39,93,98,5,132
165,sail,sailboat,10.6,3.48,1.58,5.2,-38,18,19,1,56
2327,motor,motorboat,17.98,5.14,1.8,0.0,-38,111,112,1,149
2343,super,yacht,24.24,6.2,3.0,36.6,-38,111,131,20,149
2361,sail,sailboat,12.24,4.12,2.03,3.8,-38,112,115,3,150
10,motor,motorboat,12.5,3.73,1.25,3.6,-37,1,4,3,38
85,sail,sailboat,16.6,5.4,2.58,11.1,-37,10,13,3,47
452,sail,sailboat,13.67,4.14,2.5,4.7,-37,42,43,1,79
1026,sail,sailboat,11.81,3.73,1.86,5.9,-37,70,71,1,107
1538,super,yacht,24.34,6.3,3.04,12.0,-37,87,92,5,124
2258,super,yacht,24.85,6.36,2.95,15.1,-37,109,110,1,146
1540,small,motorboat,8.4,2.82,0.86,2.3,-36,87,90,3,123
167,motor,motorboat,16.16,4.74,1.62,11.8,-35,19,24,5,54
669,small,motorboat,9.18,3.29,1.03,3.1,-35,54,60,6,89
119,super,yacht,23.04,6.15,2.86,25.6,-34,13,22,9,47
156,motor,motorboat,11.87,3.58,1.02,4.4,-34,17,18,1,51
124,small,motorboat,7.36,2.64,0.79,3.1,-33,14,16,2,47
226,motor,motorboat,16.05,4.66,1.69,12.9,-33,25,26,1,58
232,sail,sailboat,10.74,3.52,1.88,5.7,-33,26,28,2,59
1162,sail,sailboat,9.5,2.91,1.56,2.7,-33,74,101,27,107
33,small,motorboat,9.46,3.07,0.89,0.0,-32,3,10,7,35
182,sail,sailboat,14.48,4.85,2.51,6.4,-32,21,22,1,53
244,small,motorboat,6.64,2.33,0.63,0.0,-32,27,29,2,59
127,super,yacht,21.67,5.51,2.85,14.6,-31,14,19,5,45
1179,sail,sailboat,14.32,4.38,2.64,5.3,-31,74,79,5,105
1219,sail,sailboat,10.73,3.56,1.72,0.0,-31,76,77,1,107
1652,super,yacht,28.77,7.96,3.28,34.4,-31,91,97,6,122
1971,motor,motorboat,19.76,5.65,1.77,9.2,-31,100,103,3,131
2501,small,motorboat,8.48,2.86,0.94,0.0,-31,116,118,2,147
45,sail,sailboat,10.74,3.31,1.94,5.2,-30,5,8,3,35
277,small,motorboat,9.38,3.17,0.87,0.0,-30,30,44,14,60
526,small,motorboat,8.35,2.97,0.75,0.0,-30,46,48,2,76
2297,super,yacht,23.76,6.78,2.57,39.9,-30,110,115,5,140
2467,super,yacht,28.67,7.88,3.72,18.8,-30,115,116,1,145
2527,sail,sailboat,15.82,4.91,2.58,9.3,-30,117,118,1,147
31,motor,motorboat,16.52,4.81,1.6,9.1,-29,3,10,7,32
208,super,yacht,23.44,6.65,2.9,16.4,-29,23,24,1,52
263,sail,sailboat,13.26,4.29,2.39,3.6,-29,30,44,14,59
681,sail,sailboat,12.55,4.04,2.1,5.6,-29,54,55,1,83
1608,motor,motorboat,17.04,4.9,1.8,11.3,-29,89,92,3,118
2234,sail,sailboat,15.79,5.26,2.79,0.0,-29,108,115,7,137
2598,motor,motorboat,17.47,4.96,1.52,9.4,-29,120,124,4,149
68,sail,sailboat,13.16,4.0,2.01,0.0,-28,8,21,13,36
291,motor,motorboat,13.42,3.93,1.38,0.0,-28,31,41,10,59
141,motor,motorboat,15.18,4.37,1.56,11.9,-27,16,34,18,43
196,motor,motorboat,13.46,4.19,1.29,6.7,-27,22,24,2,49
926,super,yacht,23.1,5.97,2.71,19.2,-27,66,79,13,93
1136,super,yacht,26.3,6.98,2.95,26.3,-27,73,74,1,100
2117,super,yacht,22.33,6.19,2.76,33.9,-27,104,107,3,131
47,motor,motorboat,14.86,4.37,1.5,6.4,-25,5,6,1,30
117,small,motorboat,6.68,2.23,0.72,2.4,-25,13,15,2,38
367,super,yacht,20.81,5.51,2.59,23.5,-25,37,39,2,62
834,super,yacht,25.29,6.91,3.14,38.9,-25,63,66,3,88
2079,super,yacht,22.82,6.44,2.65,15.7,-25,103,105,2,128
2659,super,yacht,26.62,7.25,3.33,22.7,-25,122,124,2,147
205,sail,sailboat,12.64,3.82,2.01,3.9,-24,23,30,7,47
582,small,motorboat,7.51,2.48,0.76,2.1,-24,49,52,3,73
1059,motor,motorboat,13.27,3.8,1.2,6.7,-24,72,79,7,96
1342,motor,motorboat,11.87,3.6,1.04,5.7,-24,80,82,2,104
69,sail,sailboat,17.0,5.68,2.53,0.0,-23,8,9,1,31
242,small,motorboat,6.05,2.11,0.59,3.3,-23,27,31,4,50
417,super,yacht,21.77,6.14,2.7,15.0,-23,39,41,2,62
936,small,motorboat,6.71,2.39,0.65,0.0,-23,66,73,7,89
2703,sail,sailboat,11.09,3.64,1.8,5.1,-23,123,134,11,146
1,super,yacht,27.13,7.43,3.64,13.0,-22,0,3,3,22
231,sail,sailboat,11.32,3.51,2.07,5.4,-22,26,29,3,48
336,sail,sailboat,9.95,3.08,1.81,2.7,-22,34,39,5,56
650,super,yacht,22.89,5.97,2.9,37.3,-22,53,63,10,75
924,super,yacht,20.28,5.33,2.45,28.3,-22,66,67,1,88
1813,motor,motorboat,19.44,5.66,1.79,7.7,-22,95,104,9,117
39,super,yacht,20.36,5.38,2.52,33.3,-21,4,6,2,25
65,motor,motorboat,13.38,4.01,1.27,6.0,-21,7,21,14,28
370,sail,sailboat,9.5,2.89,1.71,2.8,-21,37,38,1,58
375,motor,motorboat,13.23,3.77,1.15,4.8,-21,37,41,4,58
223,sail,sailboat,15.1,4.77,2.78,11.9,-20,25,35,10,45
2116,sail,sailboat,13.02,3.98,2.38,4.1,-20,104,107,3,124
2378,sail,sailboat,12.23,3.76,1.94,0.0,-20,113,114,1,133
2433,sail,sailboat,13.61,4.14,2.25,0.0,-20,114,121,7,134
195,sail,sailboat,13.02,4.15,2.22,5.1,-18,22,25,3,40
200,super,yacht,21.15,5.48,2.71,33.1,-18,23,26,3,41
260,sail,sailboat,11.7,3.62,2.04,7.0,-18,29,32,3,47
718,sail,sailboat,15.43,5.04,2.34,0.0,-18,57,62,5,75
803,sail,sailboat,11.32,3.76,1.84,4.9,-18,61,62,1,79
1704,sail,sailboat,15.06,5.03,2.34,0.0,-18,92,98,6,110
2053,motor,motorboat,17.2,5.28,1.71,9.6,-18,102,128,26,120
2588,motor,motorboat,12.57,3.63,1.21,5.0,-18,119,122,3,137
463,sail,sailboat,11.44,3.47,2.02,6.1,-17,43,46,3,60
3038,motor,motorboat,12.65,3.58,1.1,3.5,-17,132,133,1,149
224,small,motorboat,9.46,3.33,0.88,0.0,-16,25,28,3,41
374,sail,sailboat,13.77,4.39,2.46,3.7,-16,37,39,2,53
381,super,yacht,24.98,6.57,2.79,30.5,-16,38,44,6,54
2737,super,yacht,21.45,6.03,2.44,32.7,-16,124,125,1,140
256,motor,motorboat,15.04,4.2,1.56,10.8,-15,29,37,8,44
388,super,yacht,20.94,5.86,2.49,36.6,-15,38,39,1,53
966,super,yacht,26.81,7.47,3.33,29.0,-15,67,78,11,82
2387,sail,sailboat,9.5,3.21,1.71,2.1,-15,113,118,5,128
2526,motor,motorboat,13.99,4.29,1.29,6.7,-15,117,122,5,132
19,motor,motorboat,13.63,4.08,1.22,6.4,-14,2,7,5,16
190,sail,sailboat,11.37,3.58,2.02,6.0,-14,22,26,4,36
248,motor,motorboat,11.48,3.53,1.02,3.8,-14,28,31,3,42
282,motor,motorboat,17.24,5.31,1.72,11.7,-14,31,58,27,45
380,sail,sailboat,9.5,2.92,1.6,2.4,-14,38,43,5,52
443,sail,sailboat,11.84,3.95,2.06,5.3,-14,41,45,4,55
464,small,motorboat,6.41,2.13,0.6,2.4,-14,43,44,1,57
1918,sail,sailboat,14.46,4.73,2.15,4.0,-14,98,101,3,112
9,motor,motorboat,16.75,4.87,1.44,10.2,-13,1,3,2,14
122,super,yacht,20.78,5.62,2.75,38.0,-13,14,17,3,27
541,sail,sailboat,11.23,3.41,2.0,0.0,-13,47,48,1,60
5,sail,sailboat,10.36,3.27,1.66,5.4,-12,0,2,2,12
8,sail,sailboat,12.97,4.11,2.04,4.3,-12,1,4,3,13
15,motor,motorboat,19.22,5.73,1.91,11.1,-12,2,3,1,14
222,sail,sailboat,12.35,3.84,2.17,5.9,-12,25,28,3,37
230,motor,motorboat,15.82,4.81,1.5,9.1,-12,25,28,3,37
510,small,motorboat,7.54,2.7,0.75,2.9,-12,45,51,6,57
1451,super,yacht,26.39,7.45,3.29,26.9,-12,84,85,1,96
2683,sail,sailboat,16.85,5.14,2.54,0.0,-12,122,127,5,134
3141,super,yacht,25.15,6.87,3.31,34.5,-12,136,139,3,148
91,sail,sailboat,12.38,3.79,2.12,4.3,-11,11,12,1,22
324,motor,motorboat,14.94,4.58,1.43,3.1,-11,33,34,1,44
538,motor,motorboat,20.28,6.12,1.9,24.9,-11,46,47,1,57
557,small,motorboat,6.07,2.04,0.58,2.4,-11,48,51,3,59
2893,super,yacht,28.25,7.4,3.26,26.7,-11,128,158,30,139
3043,sail,sailboat,10.24,3.27,1.63,0.0,-11,132,133,1,143
24,motor,motorboat,17.23,5.01,1.52,10.3,-10,2,8,6,12
266,sail,sailboat,17.0,5.3,2.84,9.3,-10,30,33,3,40
2212,motor,motorboat,15.52,4.84,1.44,12.8,-10,108,109,1,118
4,sail,sailboat,10.3,3.35,1.81,4.4,-9,0,1,1,9
6,super,yacht,21.94,6.04,2.54,38.5,-9,1,9,8,10
13,sail,sailboat,12.66,4.27,2.0,6.9,-9,2,8,6,11
199,motor,motorboat,14.74,4.22,1.49,4.9,-9,23,28,5,32
387,sail,sailboat,12.18,3.94,2.04,4.4,-9,38,40,2,47
486,sail,sailboat,11.07,3.63,1.79,3.3,-9,44,47,3,53
1557,sail,sailboat,13.57,4.19,2.43,5.0,-9,87,93,6,96
3009,sail,sailboat,13.92,4.59,2.53,6.8,-9,131,136,5,140
7,super,yacht,25.13,6.5,2.84,30.0,-8,1,10,9,9
21,small,motorboat,8.68,3.09,0.82,0.0,-8,2,7,5,10
48,motor,motorboat,11.76,3.56,1.01,5.7,-8,5,8,3,13
62,sail,sailboat,13.8,4.51,2.48,0.0,-8,7,9,2,15
529,sail,sailboat,12.16,3.73,2.09,4.3,-8,46,50,4,54
551,small,motorboat,6.62,2.2,0.62,0.0,-8,47,53,6,55
2852,super,yacht,23.01,5.9,3.04,22.0,-8,127,130,3,135
516,motor,motorboat,10.0,2.99,1.05,4.8,-7,45,48,3,52
3167,super,yacht,21.94,5.59,2.55,21.8,-7,136,143,7,143
0,motor,motorboat,13.52,3.97,1.24,5.2,-6,0,3,3,6
120,motor,motorboat,13.16,4.1,1.37,3.5,-6,14,15,1,20
227,motor,motorboat,12.18,3.74,1.18,3.6,-6,25,28,3,31
439,sail,sailboat,10.73,3.39,1.8,7.0,-6,41,47,6,47
945,super,yacht,20.78,5.85,2.78,17.9,-6,67,73,6,73
44,sail,sailboat,13.74,4.63,2.06,0.0,-5,5,6,1,10
46,motor,motorboat,13.45,4.02,1.38,4.6,-5,5,11,6,10
60,motor,motorboat,16.13,5.04,1.59,10.9,-5,6,13,7,11
287,sail,sailboat,14.65,4.76,2.34,6.4,-5,31,32,1,36
655,motor,motorboat,16.55,4.87,1.72,13.1,-5,53,80,27,58
2113,sail,sailboat,12.04,3.74,1.89,3.7,-5,104,108,4,109
12,motor,motorboat,13.23,3.91,1.33,4.4,-4,1,2,1,5
30,sail,sailboat,12.55,4.14,2.19,0.0,-4,3,4,1,7
43,small,motorboat,9.35,3.17,0.93,0.0,-4,5,11,6,9
569,sail,sailboat,15.72,5.12,2.4,0.0,-4,48,50,2,52
694,super,yacht,22.14,6.29,2.84,15.5,-4,55,62,7,59
1601,small,motorboat,9.48,3.13,1.06,0.0,-4,88,91,3,92
2182,motor,motorboat,18.58,5.73,1.79,0.0,-4,107,113,6,111
2356,small,motorboat,7.91,2.65,0.88,2.2,-4,112,113,1,116
2614,motor,motorboat,14.73,4.22,1.42,0.0,-4,120,122,2,124
3074,super,yacht,27.22,7.32,2.98,25.7,-4,133,136,3,137
3479,motor,motorboat,13.07,3.89,1.32,3.4,-4,144,146,2,148
90,sail,sailboat,11.68,3.52,1.84,0.0,-3,10,35,25,13
250,sail,sailboat,14.45,4.48,2.6,4.8,-3,28,40,12,31
304,sail,sailboat,12.48,3.96,1.88,0.0,-3,32,33,1,35
335,sail,sailboat,12.33,3.85,2.19,5.7,-3,34,40,6,37
771,motor,motorboat,10.63,3.15,1.12,5.3,-3,60,64,4,63
2649,sail,sailboat,12.15,3.86,2.22,6.6,-3,121,123,2,124
3,sail,sailboat,11.22,3.46,1.82,6.5,-2,0,2,2,2
35,sail,sailboat,15.38,5.21,2.78,0.0,-2,3,15,12,5
1071,super,yacht,27.81,7.44,3.39,18.1,-2,72,73,1,74
1489,super,yacht,27.95,7.54,3.56,32.7,-2,85,88,3,87
2,sail,sailboat,9.5,3.19,1.63,0.0,-1,0,1,1,1
36,sail,sailboat,16.25,5.0,2.92,10.2,-1,4,7,3,5
49,motor,motorboat,16.14,4.72,1.44,8.8,-1,5,7,2,6
55,super,yacht,25.91,7.1,3.32,25.7,-1,6,10,4,7
88,super,yacht,28.55,7.29,3.48,12.1,-1,10,15,5,11
147,sail,sailboat,12.95,3.94,2.11,5.0,-1,17,44,27,18
160,sail,sailboat,14.68,4.62,2.62,4.8,-1,18,19,1,19
241,super,yacht,28.56,8.11,3.71,29.3,-1,27,29,2,28
717,sail,sailboat,14.58,4.88,2.32,6.7,-1,57,64,7,58
1499,super,yacht,25.02,7.11,3.19,33.0,-1,86,100,14,87
3131,super,yacht,26.9,7.13,3.02,22.0,-1,135,139,4,136
16,sail,sailboat,14.0,4.43,2.47,6.2,0,2,9,7,2
20,small,motorboat,7.19,2.39,0.66,3.2,0,2,6,4,2
26,motor,motorboat,15.14,4.27,1.34,12.7,0,2,5,3,2
27,motor,motorboat,18.28,5.35,1.9,12.2,0,2,3,1,2
28,motor,motorboat,16.14,4.69,1.4,10.3,0,2,5,3,2
34,super,yacht,21.95,6.12,2.41,32.2,0,3,4,1,3
41,sail,sailboat,12.25,3.97,1.97,0.0,0,4,16,12,4
51,motor,motorboat,10.33,3.18,0.95,6.3,0,5,6,1,5
86,small,motorboat,7.42,2.54,0.71,0.0,0,10,13,3,10
95,sail,sailboat,13.27,3.99,2.18,6.6,0,11,12,1,11
109,motor,motorboat,15.58,4.6,1.37,13.9,0,12,16,4,12
115,sail,sailboat,17.0,5.41,3.0,12.3,0,13,14,1,13
1380,super,yacht,26.69,7.09,3.11,31.5,0,81,107,26,81
1745,motor,motorboat,16.06,4.97,1.61,0.0,0,93,99,6,93
1915,motor,motorboat,13.84,4.22,1.22,6.7,0,98,101,3,98
3134,motor,motorboat,11.21,3.16,1.04,4.8,0,135,143,8,135
23,small,motorboat,8.28,2.72,0.85,0.0,1,2,16,14,1
25,sail,sailboat,9.5,3.02,1.44,0.0,1,2,9,7,1
52,motor,motorboat,19.16,5.61,1.66,11.1,1,6,12,6,5
83,sail,sailboat,13.96,4.42,2.26,4.7,1,9,13,4,8
130,motor,motorboat,13.85,4.07,1.34,5.9,1,15,20,5,14
249,sail,sailboat,11.08,3.7,2.01,6.4,1,28,30,2,27
438,sail,sailboat,13.49,4.32,2.38,0.0,1,41,42,1,40
519,super,yacht,22.72,6.1,2.83,12.2,1,46,51,5,45
525,motor,motorboat,11.13,3.35,1.0,3.7,1,46,49,3,45
596,sail,sailboat,10.34,3.43,1.75,0.0,1,50,57,7,49
2027,motor,motorboat,11.0,3.09,1.17,6.7,1,102,105,3,101
17,motor,motorboat,13.68,4.24,1.18,3.8,2,2,4,2,0
18,sail,sailboat,11.76,3.8,1.82,5.2,2,2,6,4,0
38,small,motorboat,6.4,2.3,0.71,2.7,2,4,7,3,2
40,motor,motorboat,15.35,4.64,1.58,12.1,2,4,11,7,2
71,small,motorboat,7.99,2.86,0.82,2.9,2,8,15,7,6
110,motor,motorboat,14.11,4.12,1.44,6.5,2,12,15,3,10
653,super,yacht,28.33,7.65,3.26,35.3,2,53,55,2,51
815,small,motorboat,6.25,2.04,0.63,2.6,2,62,69,7,60
2303,motor,motorboat,15.82,4.72,1.64,10.9,2,110,112,2,108
2677,super,yacht,22.66,5.94,2.74,21.4,2,122,123,1,120
3105,small,motorboat,7.05,2.49,0.69,0.0,2,134,139,5,132
67,sail,sailboat,12.47,3.83,1.88,4.1,3,8,10,2,5
78,sail,sailboat,13.2,4.18,2.39,3.6,3,9,19,10,6
82,motor,motorboat,13.05,3.98,1.36,6.8,3,9,31,22,6
108,small,motorboat,8.84,3.11,0.9,0.0,3,12,13,1,9
138,sail,sailboat,11.34,3.58,1.71,0.0,3,16,23,7,13
329,small,motorboat,8.25,2.78,0.76,2.9,3,34,43,9,31
457,motor,motorboat,16.46,4.83,1.64,9.7,3,42,43,1,39
572,super,yacht,26.06,7.42,3.38,36.5,3,49,54,5,46
1329,small,motorboat,9.14,3.03,0.95,0.0,3,80,81,1,77
1506,super,yacht,22.43,6.29,2.82,16.5,3,86,87,1,83
50,sail,sailboat,9.5,3.07,1.74,2.7,4,5,18,13,1
53,sail,sailboat,10.53,3.38,1.81,4.0,4,6,7,1,2
59,motor,motorboat,10.46,3.19,0.94,3.1,4,6,21,15,2
72,motor,motorboat,14.33,4.08,1.4,3.5,4,8,9,1,4
104,small,motorboat,6.92,2.25,0.65,0.0,4,12,17,5,8
111,super,yacht,25.44,6.52,3.08,20.5,4,13,14,1,9
114,motor,motorboat,12.86,3.63,1.24,3.2,4,13,16,3,9
146,sail,sailboat,11.43,3.65,1.85,6.9,4,17,19,2,13
218,sail,sailboat,9.5,3.09,1.58,3.3,4,24,26,2,20
301,small,motorboat,9.02,3.14,0.86,0.0,4,32,46,14,28
362,super,yacht,28.49,7.48,3.55,34.6,4,37,39,2,33
393,sail,sailboat,15.01,4.91,2.25,0.0,4,38,67,29,34
543,sail,sailboat,11.12,3.55,1.93,0.0,4,47,76,29,43
2401,motor,motorboat,13.91,4.13,1.45,0.0,4,114,119,5,110
63,small,motorboat,8.8,3.06,0.83,2.2,5,7,10,3,2
64,motor,motorboat,10.0,2.96,0.86,6.1,5,7,11,4,2
118,small,motorboat,7.62,2.71,0.79,2.9,5,13,14,1,8
157,motor,motorboat,22.0,6.25,1.88,13.9,5,18,20,2,13
162,motor,motorboat,10.0,3.06,1.04,4.9,5,18,21,3,13
567,super,yacht,25.94,7.1,3.38,14.7,5,48,51,3,43
866,sail,sailboat,13.9,4.56,2.18,0.0,5,64,65,1,59
2791,sail,sailboat,12.0,3.72,2.12,6.3,5,125,126,1,120
3179,super,yacht,22.72,6.0,2.71,29.9,5,136,143,7,131
3775,super,yacht,22.23,6.01,2.52,30.2,5,152,159,7,147
54,small,motorboat,7.48,2.63,0.79,2.7,6,6,7,1,0
56,small,motorboat,7.54,2.61,0.7,2.0,6,6,8,2,0
57,sail,sailboat,13.2,4.21,1.97,3.7,6,6,7,1,0
240,sail,sailboat,12.42,4.17,2.13,3.7,6,27,29,2,21
262,motor,motorboat,18.37,5.44,1.67,6.6,6,30,31,1,24
264,super,yacht,22.06,6.04,2.54,36.1,6,30,35,5,24
363,super,yacht,21.23,5.86,2.5,33.4,6,37,40,3,31
364,small,motorboat,6.2,2.23,0.63,2.9,6,37,42,5,31
735,small,motorboat,8.38,2.76,0.87,2.8,6,58,63,5,52
794,motor,motorboat,15.15,4.7,1.52,7.7,6,61,63,2,55
857,motor,motorboat,15.57,4.79,1.62,12.4,6,64,67,3,58
915,motor,motorboat,10.0,2.79,1.02,6.5,6,66,69,3,60
3356,motor,motorboat,15.21,4.46,1.52,0.0,6,141,152,11,135
3733,sail,sailboat,15.18,5.01,2.36,13.8,6,151,156,5,145
61,motor,motorboat,15.33,4.43,1.34,13.4,7,7,9,2,0
75,super,yacht,26.76,6.89,3.46,16.5,7,9,12,3,2
80,small,motorboat,9.17,2.97,0.84,2.9,7,9,10,1,2
105,motor,motorboat,16.17,4.71,1.54,13.2,7,12,26,14,5
116,motor,motorboat,14.36,4.35,1.29,6.7,7,13,16,3,6
140,motor,motorboat,19.01,5.52,1.94,12.6,7,16,17,1,9
149,sail,sailboat,10.09,3.09,1.85,0.0,7,17,29,12,10
179,sail,sailboat,10.79,3.45,1.87,4.7,7,20,42,22,13
907,small,motorboat,7.04,2.52,0.68,0.0,7,66,69,3,59
1249,sail,sailboat,12.59,4.0,2.09,5.3,7,77,78,1,70
1257,sail,sailboat,9.8,3.27,1.55,0.0,7,77,84,7,70
2308,super,yacht,23.04,6.19,2.94,32.1,7,110,116,6,103
2386,motor,motorboat,15.5,4.44,1.55,9.6,7,113,115,2,106
66,motor,motorboat,16.01,4.71,1.66,0.0,8,8,10,2,0
70,sail,sailboat,13.99,4.46,2.31,3.6,8,8,38,30,0
74,small,motorboat,6.6,2.24,0.67,0.0,8,9,14,5,1
79,sail,sailboat,14.56,4.9,2.24,5.8,8,9,16,7,1
98,motor,motorboat,18.58,5.53,1.67,9.8,8,11,16,5,3
99,super,yacht,24.85,6.35,2.97,0.0,8,11,16,5,3
101,sail,sailboat,14.0,4.25,2.21,6.9,8,12,16,4,4
107,sail,sailboat,11.43,3.44,1.76,4.3,8,12,15,3,4
132,motor,motorboat,21.08,6.1,2.08,30.2,8,15,29,14,7
136,motor,motorboat,15.53,4.69,1.45,11.1,8,16,18,2,8
137,motor,motorboat,14.83,4.47,1.37,0.0,8,16,20,4,8
152,small,motorboat,8.5,2.81,0.91,3.5,8,17,20,3,9
158,sail,sailboat,12.13,3.96,1.83,3.8,8,18,19,1,10
210,sail,sailboat,10.24,3.16,1.67,5.2,8,24,30,6,16
215,sail,sailboat,11.34,3.64,1.92,4.4,8,24,32,8,16
587,sail,sailboat,12.01,3.97,2.16,0.0,8,49,54,5,41
918,small,motorboat,6.8,2.41,0.66,2.4,8,66,76,10,58
1353,motor,motorboat,11.56,3.37,1.17,4.7,8,80,83,3,72
3372,super,yacht,21.14,6.01,2.56,39.6,8,142,143,1,134
73,sail,sailboat,11.42,3.81,2.07,6.7,9,9,11,2,0
76,sail,sailboat,13.65,4.37,2.11,0.0,9,9,10,1,0
77,small,motorboat,7.63,2.55,0.78,2.4,9,9,11,2,0
94,motor,motorboat,16.99,4.82,1.47,9.2,9,11,21,10,2
193,motor,motorboat,11.32,3.5,1.03,4.3,9,22,27,5,13
206,motor,motorboat,11.72,3.28,1.06,5.1,9,23,25,2,14
211,sail,sailboat,9.96,3.07,1.6,2.0,9,24,36,12,15
654,sail,sailboat,13.25,4.32,2.27,4.6,9,53,60,7,44
755,motor,motorboat,13.66,4.18,1.3,6.7,9,59,60,1,50
994,super,yacht,21.26,6.03,2.72,37.7,9,69,97,28,60
1440,super,yacht,27.67,7.77,3.53,13.4,9,83,85,2,74
2528,super,yacht,25.79,6.72,3.11,22.6,9,117,120,3,108
84,motor,motorboat,18.71,5.63,1.91,12.1,10,10,12,2,0
89,small,motorboat,7.93,2.56,0.75,2.7,10,10,12,2,0
100,motor,motorboat,14.05,4.25,1.3,5.2,10,12,16,4,2
112,motor,motorboat,17.61,5.47,1.63,7.0,10,13,18,5,3
125,motor,motorboat,17.77,5.15,1.56,10.5,10,14,20,6,4
142,motor,motorboat,16.22,4.71,1.6,0.0,10,16,30,14,6
171,small,motorboat,9.31,3.2,0.89,0.0,10,19,21,2,9
201,motor,motorboat,15.97,4.58,1.63,9.6,10,23,36,13,13
465,motor,motorboat,17.55,5.07,1.55,0.0,10,43,45,2,33
581,sail,sailboat,12.58,3.85,2.15,5.7,10,49,51,2,39
692,small,motorboat,7.01,2.26,0.73,0.0,10,55,67,12,45
743,sail,sailboat,12.27,4.11,1.89,5.4,10,59,60,1,49
1870,super,yacht,24.72,6.66,3.29,16.7,10,97,108,11,87
3739,sail,sailboat,12.75,3.88,2.21,0.0,10,151,158,7,141
92,small,motorboat,8.79,3.05,0.9,3.4,11,11,15,4,0
93,motor,motorboat,15.92,4.71,1.37,12.5,11,11,21,10,0
97,sail,sailboat,13.15,4.18,2.41,6.3,11,11,20,9,0
113,motor,motorboat,14.19,4.08,1.44,0.0,11,13,14,1,2
134,small,motorboat,8.32,2.85,0.86,0.0,11,16,18,2,5
145,motor,motorboat,10.0,3.04,1.0,4.4,11,17,23,6,6
154,motor,motorboat,15.51,4.47,1.45,6.6,11,17,18,1,6
163,sail,sailboat,13.37,4.45,2.05,6.8,11,18,20,2,7
203,super,yacht,27.97,7.67,3.68,39.4,11,23,25,2,12
207,motor,motorboat,15.09,4.37,1.32,6.4,11,23,25,2,12
647,motor,motorboat,14.42,4.29,1.42,6.0,11,53,55,2,42
767,super,yacht,21.39,5.45,2.48,23.0,11,60,63,3,49
847,small,motorboat,7.41,2.6,0.75,0.0,11,63,66,3,52
961,sail,sailboat,9.93,3.0,1.73,3.0,11,67,74,7,56
1945,super,yacht,21.9,6.07,2.73,23.5,11,100,107,7,89
2658,sail,sailboat,10.27,3.15,1.59,4.9,11,122,144,22,111
3966,sail,sailboat,12.95,4.13,2.13,3.1,11,161,164,3,150
121,sail,sailboat,11.13,3.52,1.91,5.0,12,14,25,11,2
143,motor,motorboat,11.05,3.32,1.1,3.8,12,17,19,2,5
177,sail,sailboat,16.35,5.22,2.89,9.2,12,20,21,1,8
197,small,motorboat,7.85,2.75,0.86,2.8,12,22,26,4,10
521,super,yacht,21.39,5.96,2.46,38.6,12,46,48,2,34
607,motor,motorboat,18.95,5.83,1.72,9.8,12,51,52,1,39
729,super,yacht,22.02,6.26,2.79,25.7,12,57,63,6,45
969,motor,motorboat,12.35,3.5,1.26,5.3,12,67,69,2,55
1039,small,motorboat,6.19,2.16,0.57,0.0,12,71,76,5,59
2603,sail,sailboat,13.76,4.55,2.37,0.0,12,120,125,5,108
3450,super,yacht,27.8,7.52,3.66,18.3,12,144,150,6,132
3694,motor,motorboat,13.28,3.89,1.34,5.2,12,150,153,3,138
126,sail,sailboat,11.83,3.69,2.19,0.0,13,14,23,9,1
128,sail,sailboat,13.5,4.12,2.27,5.2,13,15,18,3,2
166,sail,sailboat,13.0,4.29,2.17,3.2,13,18,20,2,5
220,small,motorboat,6.31,2.06,0.69,0.0,13,24,30,6,11
254,motor,motorboat,16.03,4.54,1.62,8.2,13,29,36,7,16
449,small,motorboat,9.32,2.99,0.85,3.4,13,41,44,3,28
499,sail,sailboat,14.02,4.47,2.17,5.8,13,45,48,3,32
833,small,motorboat,8.4,2.93,0.88,0.0,13,63,73,10,50
993,small,motorboat,8.18,2.65,0.8,0.0,13,69,82,13,56
1046,small,motorboat,9.18,3.21,0.98,0.0,13,71,73,2,58
2795,super,yacht,26.85,7.29,3.24,22.5,13,125,126,1,112
170,sail,sailboat,15.43,5.03,2.59,11.8,14,19,26,7,5
194,small,motorboat,6.81,2.27,0.63,0.0,14,22,28,6,8
213,motor,motorboat,18.74,5.32,1.9,7.6,14,24,27,3,10
482,small,motorboat,9.41,3.07,0.9,0.0,14,44,50,6,30
922,sail,sailboat,13.12,4.25,2.16,5.6,14,66,67,1,52
1814,motor,motorboat,15.63,4.43,1.55,11.7,14,95,98,3,81
2829,motor,motorboat,11.15,3.11,1.18,0.0,14,127,128,1,113
3161,motor,motorboat,17.26,5.0,1.52,9.3,14,136,139,3,122
3926,motor,motorboat,10.0,3.0,0.86,5.2,14,159,166,7,145
3972,super,yacht,26.5,6.8,3.33,14.5,14,161,168,7,147
3998,motor,motorboat,12.42,3.74,1.18,3.6,14,162,164,2,148
131,sail,sailboat,13.75,4.33,2.29,4.2,15,15,16,1,0
139,motor,motorboat,15.09,4.66,1.33,8.2,15,16,18,2,1
235,motor,motorboat,18.04,5.64,1.55,6.6,15,26,31,5,11
261,motor,motorboat,14.79,4.11,1.3,3.2,15,29,34,5,14
310,sail,sailboat,11.03,3.62,1.84,3.0,15,32,37,5,17
426,sail,sailboat,15.02,5.02,2.43,10.4,15,40,42,2,25
545,super,yacht,24.62,6.94,2.71,35.1,15,47,54,7,32
821,motor,motorboat,15.15,4.73,1.33,12.8,15,62,64,2,47
1047,sail,sailboat,11.45,3.45,1.94,3.1,15,71,81,10,56
3808,sail,sailboat,14.11,4.6,2.54,4.0,15,154,155,1,139
3852,motor,motorboat,18.59,5.47,1.92,7.0,15,156,163,7,141
219,sail,sailboat,14.32,4.6,2.51,3.9,16,24,25,1,8
245,small,motorboat,6.94,2.5,0.75,2.4,16,27,28,1,11
246,small,motorboat,6.07,2.01,0.66,0.0,16,27,39,12,11
286,motor,motorboat,17.01,4.84,1.54,7.9,16,31,35,4,15
1090,small,motorboat,8.97,3.12,0.86,2.7,16,73,74,1,57
1182,small,motorboat,6.5,2.12,0.66,2.2,16,75,78,3,59
1581,small,motorboat,8.31,2.79,0.83,0.0,16,88,91,3,72
2772,super,yacht,23.28,6.6,2.68,22.6,16,125,127,2,109
148,motor,motorboat,20.79,6.03,2.0,21.4,17,17,19,2,0
151,sail,sailboat,13.64,4.12,2.49,4.8,17,17,20,3,0
153,motor,motorboat,13.95,4.11,1.26,6.0,17,17,19,2,0
155,sail,sailboat,17.0,5.56,2.92,8.3,17,17,24,7,0
174,sail,sailboat,12.1,3.95,2.14,0.0,17,19,25,6,2
188,sail,sailboat,11.79,3.97,1.88,6.3,17,21,25,4,4
253,motor,motorboat,13.71,4.0,1.44,3.7,17,29,38,9,12
259,sail,sailboat,13.21,4.46,2.37,4.0,17,29,36,7,12
353,super,yacht,27.85,7.46,3.51,32.9,17,36,37,1,19
369,motor,motorboat,10.0,2.85,0.88,4.3,17,37,50,13,20
501,sail,sailboat,10.77,3.48,1.66,0.0,17,45,48,3,28
2391,small,motorboat,8.58,2.9,0.83,2.2,17,113,116,3,96
3655,motor,motorboat,13.27,3.9,1.3,3.7,17,150,153,3,133
159,super,yacht,24.2,6.7,2.96,17.6,18,18,21,3,0
161,sail,sailboat,14.02,4.34,2.52,4.2,18,18,24,6,0
168,sail,sailboat,11.06,3.44,1.75,6.0,18,19,21,2,1
172,sail,sailboat,16.69,5.52,2.74,0.0,18,19,21,2,1
176,motor,motorboat,15.87,4.9,1.42,0.0,18,20,24,4,2
265,motor,motorboat,15.2,4.38,1.36,10.5,18,30,40,10,12
520,motor,motorboat,11.94,3.55,1.14,5.8,18,46,60,14,28
660,small,motorboat,9.18,2.98,1.03,0.0,18,53,58,5,35
1074,sail,sailboat,16.07,5.13,2.39,12.9,18,72,77,5,54
169,motor,motorboat,14.88,4.46,1.53,3.7,19,19,22,3,0
175,sail,sailboat,9.5,2.94,1.43,2.3,19,20,21,1,1
180,sail,sailboat,15.72,4.77,2.45,9.3,19,20,27,7,1
185,sail,sailboat,11.52,3.9,1.71,6.3,19,21,22,1,2
212,small,motorboat,8.57,2.98,0.83,0.0,19,24,34,10,5
255,small,motorboat,8.74,2.91,0.88,3.0,19,29,31,2,10
283,motor,motorboat,10.15,2.98,1.0,4.5,19,31,33,2,12
289,sail,sailboat,14.49,4.88,2.46,6.5,19,31,32,1,12
314,motor,motorboat,19.1,5.91,2.0,13.6,19,33,35,2,14
316,motor,motorboat,15.92,4.59,1.65,10.1,19,33,34,1,14
319,small,motorboat,7.35,2.58,0.75,3.3,19,33,38,5,14
323,sail,sailboat,12.34,4.14,2.08,3.9,19,33,34,1,14
532,sail,sailboat,14.69,4.8,2.44,3.3,19,46,47,1,27
774,motor,motorboat,14.39,4.24,1.36,4.4,19,60,64,4,41
1126,sail,sailboat,11.88,3.75,2.19,0.0,19,73,78,5,54
1260,sail,sailboat,14.67,4.42,2.35,4.0,19,77,78,1,58
1265,motor,motorboat,14.25,3.96,1.46,6.4,19,78,82,4,59
3106,super,yacht,28.36,7.43,3.17,22.2,19,134,136,2,115
178,sail,sailboat,11.87,3.69,1.87,4.3,20,20,24,4,0
183,super,yacht,25.58,6.78,3.37,30.6,20,21,34,13,1
186,small,motorboat,8.07,2.76,0.85,0.0,20,21,23,2,1
187,sail,sailboat,13.65,4.57,2.21,6.9,20,21,28,7,1
202,sail,sailboat,10.8,3.34,1.67,5.6,20,23,26,3,3
214,motor,motorboat,10.93,3.14,1.04,4.5,20,24,26,2,4
217,motor,motorboat,13.97,3.9,1.41,4.3,20,24,28,4,4
221,sail,sailboat,9.5,3.04,1.63,2.5,20,24,25,1,4
298,sail,sailboat,15.18,5.07,2.43,0.0,20,32,35,3,12
303,motor,motorboat,17.22,5.0,1.75,11.7,20,32,33,1,12
383,super,yacht,21.37,5.5,2.67,40.0,20,38,42,4,18
700,motor,motorboat,14.03,4.19,1.33,0.0,20,56,60,4,36
923,sail,sailboat,14.72,4.97,2.58,3.4,20,66,71,5,46
963,small,motorboat,8.11,2.65,0.89,3.0,20,67,77,10,47
990,motor,motorboat,19.52,5.94,2.05,0.0,20,69,79,10,49
2759,sail,sailboat,10.59,3.25,1.77,3.3,20,124,129,5,104
4172,sail,sailboat,10.24,3.28,1.67,0.0,20,170,173,3,150
181,small,motorboat,7.58,2.44,0.84,0.0,21,21,22,1,0
184,sail,sailboat,15.58,4.87,2.83,13.9,21,21,22,1,0
189,super,yacht,26.4,7.54,3.05,32.2,21,21,22,1,0
281,sail,sailboat,13.5,4.19,2.22,6.2,21,31,36,5,10
831,super,yacht,24.86,6.91,3.03,20.4,21,62,63,1,41
902,super,yacht,27.17,7.23,3.64,12.5,21,66,67,1,45
940,super,yacht,27.03,7.69,3.3,15.0,21,67,69,2,46
1146,small,motorboat,7.72,2.5,0.72,3.2,21,74,77,3,53
1164,motor,motorboat,22.0,6.16,2.26,15.2,21,74,75,1,53
1211,motor,motorboat,17.61,5.05,1.77,8.9,21,76,79,3,55
1448,sail,sailboat,14.09,4.72,2.11,5.7,21,83,84,1,62
2434,super,yacht,20.36,5.67,2.24,12.2,21,114,116,2,93
3895,super,yacht,21.22,5.99,2.79,30.9,21,158,162,4,137
216,motor,motorboat,17.41,5.23,1.59,6.2,22,24,31,7,2
305,sail,sailboat,16.25,5.4,2.95,9.7,22,32,37,5,10
342,sail,sailboat,12.8,4.29,1.98,5.3,22,35,59,24,13
507,small,motorboat,8.86,2.92,0.84,0.0,22,45,53,8,23
658,motor,motorboat,10.67,3.26,0.95,3.6,22,53,60,7,31
862,small,motorboat,9.0,3.21,0.96,0.0,22,64,70,6,42
934,motor,motorboat,14.31,4.46,1.5,5.1,22,66,69,3,44
1025,super,yacht,23.09,6.04,2.96,28.9,22,70,74,4,48
1076,sail,sailboat,12.75,4.16,1.91,6.5,22,72,75,3,50
1327,super,yacht,20.14,5.21,2.55,12.9,22,80,93,13,58
1359,motor,motorboat,19.21,5.68,2.02,12.4,22,80,86,6,58
1671,sail,sailboat,15.91,5.25,2.4,9.8,22,91,94,3,69
2257,motor,motorboat,10.0,3.07,1.03,5.5,22,109,112,3,87
2452,super,yacht,22.6,5.92,2.9,26.4,22,115,116,1,93
3621,motor,motorboat,10.0,2.93,0.87,4.3,22,149,152,3,127
198,sail,sailboat,10.06,3.35,1.59,5.6,23,23,27,4,0
204,sail,sailboat,12.74,4.22,2.04,0.0,23,23,30,7,0
258,motor,motorboat,12.65,3.78,1.26,6.8,23,29,33,4,6
313,motor,motorboat,18.87,5.44,1.62,7.6,23,33,34,1,10
339,sail,sailboat,11.94,4.03,1.97,3.0,23,35,42,7,12
351,sail,sailboat,13.04,4.1,2.39,6.8,23,36,43,7,13
354,sail,sailboat,13.21,4.34,2.24,6.2,23,36,39,3,13
467,motor,motorboat,13.51,3.88,1.19,0.0,23,43,46,3,20
615,sail,sailboat,15.2,5.09,2.53,11.4,23,51,63,12,28
929,super,yacht,20.72,5.64,2.26,37.3,23,66,67,1,43
987,small,motorboat,7.37,2.55,0.8,3.2,23,69,77,8,46
1337,motor,motorboat,17.61,5.47,1.7,10.8,23,80,81,1,57
1350,sail,sailboat,14.34,4.49,2.48,0.0,23,80,83,3,57
1726,super,yacht,28.91,8.21,3.35,14.0,23,93,98,5,70
209,small,motorboat,6.47,2.19,0.62,2.5,24,24,29,5,0
225,super,yacht,23.11,6.61,2.96,29.6,24,25,26,1,1
233,sail,sailboat,10.58,3.44,1.91,3.4,24,26,27,1,2
234,sail,sailboat,13.33,4.04,2.16,6.4,24,26,28,2,2
238,sail,sailboat,16.12,5.08,2.94,8.3,24,26,27,1,2
239,sail,sailboat,13.23,4.0,2.07,4.3,24,26,29,3,2
279,sail,sailboat,14.0,4.27,2.14,0.0,24,30,32,2,6
292,sail,sailboat,9.58,3.23,1.45,2.4,24,31,32,1,7
295,super,yacht,28.99,7.6,3.24,31.9,24,32,35,3,8
368,super,yacht,28.73,8.14,3.41,14.8,24,37,41,4,13
530,sail,sailboat,14.38,4.85,2.53,6.1,24,46,47,1,22
916,small,motorboat,6.09,2.05,0.6,3.4,24,66,68,2,42
1000,sail,sailboat,12.03,4.02,2.0,0.0,24,69,72,3,45
1248,sail,sailboat,12.03,3.74,1.83,4.2,24,77,79,2,53
1937,motor,motorboat,17.88,5.58,1.75,10.0,24,99,105,6,75
2629,sail,sailboat,16.43,5.5,3.01,0.0,24,121,122,1,97
228,motor,motorboat,16.4,4.65,1.47,0.0,25,25,31,6,0
229,sail,sailboat,12.43,3.75,2.06,7.0,25,25,32,7,0
236,small,motorboat,8.7,3.0,0.83,2.5,25,26,27,1,1
237,motor,motorboat,12.57,3.71,1.1,5.7,25,26,32,6,1
396,motor,motorboat,13.86,4.08,1.24,6.1,25,38,39,1,13
399,motor,motorboat,16.49,5.12,1.69,13.6,25,38,39,1,13
421,small,motorboat,7.86,2.58,0.84,0.0,25,39,46,7,14
453,sail,sailboat,12.83,3.92,2.0,5.4,25,42,44,2,17
608,sail,sailboat,10.87,3.39,1.98,0.0,25,51,62,11,26
617,small,motorboat,8.58,2.91,0.94,3.4,25,52,54,2,27
1280,motor,motorboat,10.0,2.86,0.95,0.0,25,78,85,7,53
4031,small,motorboat,8.01,2.81,0.79,3.2,25,164,166,2,139
243,motor,motorboat,12.59,3.89,1.09,6.5,26,27,30,3,1
312,super,yacht,20.36,5.33,2.37,32.3,26,33,38,5,7
315,sail,sailboat,10.34,3.14,1.76,5.6,26,33,34,1,7
358,small,motorboat,9.31,3.34,1.04,2.3,26,36,37,1,10
359,small,motorboat,8.83,2.92,0.81,3.2,26,36,37,1,10
360,sail,sailboat,13.61,4.31,2.26,5.0,26,37,42,5,11
376,super,yacht,25.94,7.39,3.27,13.8,26,37,42,5,11
405,motor,motorboat,17.97,5.12,1.67,11.2,26,39,45,6,13
468,sail,sailboat,13.31,4.4,2.45,6.1,26,43,46,3,17
723,motor,motorboat,17.72,5.32,1.62,13.4,26,57,61,4,31
871,super,yacht,28.83,7.54,3.22,38.8,26,64,68,4,38
1299,motor,motorboat,13.71,4.19,1.37,0.0,26,79,89,10,53
1397,super,yacht,28.82,8.03,3.59,32.3,26,82,85,3,56
1522,sail,sailboat,10.89,3.62,1.78,5.3,26,86,96,10,60
2261,motor,motorboat,11.88,3.62,1.22,5.5,26,109,110,1,83
3265,super,yacht,24.7,6.53,2.94,15.5,26,139,142,3,113
251,sail,sailboat,10.36,3.22,1.64,3.7,27,28,30,2,1
252,motor,motorboat,16.26,4.78,1.63,10.5,27,29,33,4,2
268,sail,sailboat,15.47,4.89,2.41,9.7,27,30,33,3,3
269,super,yacht,25.64,7.18,3.29,25.0,27,30,50,20,3
273,super,yacht,22.98,6.54,2.78,24.3,27,30,32,2,3
297,sail,sailboat,13.48,4.21,2.3,0.0,27,32,34,2,5
309,motor,motorboat,22.0,6.19,2.34,37.1,27,32,35,3,5
322,super,yacht,27.17,7.12,3.28,16.6,27,33,39,6,6
341,motor,motorboat,17.21,4.81,1.48,7.4,27,35,41,6,8
409,sail,sailboat,11.54,3.56,1.94,5.8,27,39,41,2,12
412,small,motorboat,8.36,2.69,0.79,0.0,27,39,40,1,12
427,motor,motorboat,10.0,3.04,1.06,3.5,27,40,43,3,13
428,sail,sailboat,13.43,4.44,2.27,3.6,27,40,41,1,13
602,small,motorboat,7.9,2.64,0.75,3.5,27,51,61,10,24
1180,super,yacht,27.06,7.07,2.96,38.6,27,75,85,10,48
1444,motor,motorboat,14.93,4.38,1.33,5.6,27,83,85,2,56
257,sail,sailboat,15.6,4.99,2.44,8.3,28,29,32,3,1
271,sail,sailboat,16.37,5.07,2.74,0.0,28,30,33,3,2
274,sail,sailboat,13.86,4.42,2.07,4.9,28,30,32,2,2
278,sail,sailboat,13.87,4.48,2.5,3.5,28,30,60,30,2
308,sail,sailboat,11.37,3.44,2.09,5.7,28,32,39,7,4
378,motor,motorboat,16.77,4.69,1.54,12.9,28,37,40,3,9
386,sail,sailboat,12.52,4.06,2.01,4.6,28,38,41,3,10
391,small,motorboat,9.33,3.11,1.03,0.0,28,38,39,1,10
398,sail,sailboat,14.24,4.8,2.2,5.0,28,38,40,2,10
576,small,motorboat,7.53,2.52,0.84,3.3,28,49,68,19,21
624,sail,sailboat,13.09,4.25,2.3,3.7,28,52,54,2,24
705,sail,sailboat,9.85,3.04,1.71,3.1,28,56,59,3,28
1289,motor,motorboat,15.69,4.79,1.59,13.7,28,78,81,3,50
2304,sail,sailboat,12.58,4.0,2.0,0.0,28,110,111,1,82
3302,sail,sailboat,11.84,3.84,1.98,0.0,28,140,142,2,112
267,motor,motorboat,21.09,6.43,2.05,30.4,29,30,43,13,1
272,sail,sailboat,17.0,5.62,2.82,0.0,29,30,35,5,1
276,motor,motorboat,17.4,4.9,1.7,8.1,29,30,35,5,1
280,motor,motorboat,16.69,5.05,1.66,11.9,29,31,35,4,2
288,motor,motorboat,12.02,3.54,1.2,6.5,29,31,34,3,2
290,sail,sailboat,14.24,4.32,2.23,0.0,29,31,36,5,2
302,sail,sailboat,12.85,4.31,2.3,7.0,29,32,33,1,3
317,sail,sailboat,15.42,4.89,2.68,0.0,29,33,35,2,4
330,sail,sailboat,11.9,3.69,1.88,4.3,29,34,43,9,5
355,motor,motorboat,16.59,5.18,1.76,11.0,29,36,37,1,7
356,small,motorboat,6.13,2.08,0.66,2.1,29,36,50,14,7
377,super,yacht,28.95,7.92,3.25,14.5,29,37,38,1,8
390,sail,sailboat,9.5,2.96,1.56,0.0,29,38,42,4,9
401,sail,sailboat,11.47,3.64,1.74,4.9,29,38,39,1,9
456,sail,sailboat,10.71,3.35,1.75,3.1,29,42,43,1,13
458,sail,sailboat,12.22,3.91,2.02,4.9,29,42,47,5,13
506,sail,sailboat,9.94,3.04,1.67,0.0,29,45,48,3,16
716,super,yacht,25.72,6.96,3.02,28.6,29,57,59,2,28
727,motor,motorboat,18.17,5.21,1.78,11.2,29,57,58,1,28
3212,sail,sailboat,14.57,4.56,2.49,4.7,29,137,139,2,108
4262,motor,motorboat,11.73,3.54,1.13,3.6,29,174,179,5,145
275,motor,motorboat,20.31,5.9,1.96,0.0,30,30,44,14,0
284,sail,sailboat,14.71,4.66,2.63,0.0,30,31,32,1,1
294,sail,sailboat,11.56,3.83,1.88,3.4,30,31,33,2,1
382,super,yacht,25.2,7.04,3.31,35.3,30,38,42,4,8
395,sail,sailboat,17.0,5.61,2.58,8.2,30,38,50,12,8
430,small,motorboat,6.04,2.14,0.54,2.3,30,40,41,1,10
435,small,motorboat,7.31,2.42,0.8,0.0,30,40,41,1,10
436,sail,sailboat,11.13,3.73,1.66,4.2,30,41,44,3,11
460,sail,sailboat,12.15,3.76,1.84,4.6,30,42,45,3,12
616,small,motorboat,6.44,2.28,0.61,2.9,30,52,57,5,22
619,small,motorboat,7.35,2.53,0.8,3.5,30,52,53,1,22
869,motor,motorboat,10.0,2.92,0.91,6.3,30,64,67,3,34
1108,sail,sailboat,12.37,3.91,2.16,6.4,30,73,79,6,43
1330,super,yacht,27.75,7.54,3.41,34.8,30,80,82,2,50
1518,super,yacht,25.11,6.75,3.31,31.5,30,86,88,2,56
2124,sail,sailboat,16.58,5.4,2.68,12.1,30,105,109,4,75
4248,sail,sailboat,14.36,4.77,2.2,3.6,30,173,174,1,143
285,sail,sailboat,12.54,4.17,2.31,3.3,31,31,33,2,0
299,sail,sailboat,16.44,5.07,2.59,11.1,31,32,37,5,1
300,small,motorboat,6.96,2.31,0.76,3.2,31,32,33,1,1
306,sail,sailboat,14.5,4.4,2.35,3.2,31,32,38,6,1
318,sail,sailboat,17.0,5.63,2.59,11.7,31,33,36,3,2
328,sail,sailboat,15.97,5.25,2.72,0.0,31,34,36,2,3
346,motor,motorboat,18.81,5.42,1.93,13.6,31,35,39,4,4
347,sail,sailboat,10.38,3.51,1.7,0.0,31,35,40,5,4
348,motor,motorboat,16.38,4.67,1.43,8.5,31,35,37,2,4
373,sail,sailboat,15.96,4.97,2.79,12.7,31,37,38,1,6
429,sail,sailboat,14.57,4.71,2.41,0.0,31,40,46,6,9
450,motor,motorboat,16.04,4.51,1.65,13.0,31,42,44,2,11
487,motor,motorboat,11.88,3.7,1.21,6.5,31,44,45,1,13
491,sail,sailboat,16.05,5.37,2.57,12.4,31,45,49,4,14
515,super,yacht,24.12,6.76,2.97,39.5,31,45,48,3,14
562,motor,motorboat,10.72,3.09,0.92,6.6,31,48,49,1,17
1210,super,yacht,26.72,7.48,3.02,18.8,31,76,89,13,45
1218,sail,sailboat,12.04,3.93,2.03,0.0,31,76,77,1,45
1288,motor,motorboat,12.81,3.69,1.13,5.1,31,78,85,7,47
1491,motor,motorboat,16.62,5.11,1.47,13.3,31,85,87,2,54
1622,sail,sailboat,12.21,3.81,2.16,6.9,31,89,90,1,58
2494,sail,sailboat,12.24,3.72,1.86,5.9,31,116,121,5,85
4288,super,yacht,21.12,5.42,2.47,25.7,31,175,180,5,144
307,super,yacht,25.87,7.03,3.08,20.3,32,32,36,4,0
311,sail,sailboat,9.67,3.24,1.5,0.0,32,33,40,7,1
320,sail,sailboat,12.73,3.96,2.17,4.6,32,33,45,12,1
337,motor,motorboat,13.75,4.13,1.19,6.3,32,34,54,20,2
392,small,motorboat,7.55,2.45,0.73,0.0,32,38,41,3,6
397,super,yacht,21.43,6.13,2.32,28.9,32,38,43,5,6
402,motor,motorboat,14.81,4.37,1.38,3.7,32,38,39,1,6
806,motor,motorboat,10.0,2.87,0.96,6.0,32,61,68,7,29
1008,sail,sailboat,14.41,4.62,2.54,4.3,32,70,72,2,38
1009,super,yacht,26.52,6.99,3.01,33.4,32,70,74,4,38
1247,sail,sailboat,15.59,5.2,2.4,6.9,32,77,79,2,45
1566,sail,sailboat,15.84,4.82,2.8,7.3,32,88,94,6,56
326,sail,sailboat,13.09,4.12,1.99,5.4,33,34,38,4,1
340,motor,motorboat,16.82,4.77,1.62,11.0,33,35,41,6,2
349,sail,sailboat,16.33,5.02,2.92,12.2,33,35,36,1,2
366,motor,motorboat,13.91,3.92,1.35,3.8,33,37,40,3,4
404,motor,motorboat,16.72,5.03,1.59,8.7,33,39,40,1,6
509,sail,sailboat,10.54,3.43,1.84,0.0,33,45,50,5,12
518,sail,sailboat,12.53,3.88,2.3,4.2,33,46,49,3,13
588,super,yacht,21.48,5.9,2.32,23.3,33,50,56,6,17
1061,motor,motorboat,17.62,5.18,1.56,13.0,33,72,76,4,39
1294,motor,motorboat,13.99,4.1,1.43,3.6,33,79,86,7,46
1561,super,yacht,28.35,7.91,3.4,33.6,33,87,90,3,54
1609,sail,sailboat,15.35,5.01,2.36,0.0,33,89,91,2,56
1658,sail,sailboat,13.34,4.21,2.32,6.3,33,91,94,3,58
325,motor,motorboat,14.59,4.43,1.39,4.1,34,34,37,3,0
327,sail,sailboat,17.0,5.64,2.84,10.1,34,34,42,8,0
331,sail,sailboat,12.45,3.84,1.96,4.3,34,34,48,14,0
333,sail,sailboat,13.22,4.19,2.21,0.0,34,34,38,4,0
344,sail,sailboat,15.75,5.02,2.86,7.6,34,35,44,9,1
345,sail,sailboat,10.7,3.22,1.89,4.2,34,35,40,5,1
352,small,motorboat,8.01,2.62,0.86,3.0,34,36,37,1,2
357,small,motorboat,7.83,2.66,0.85,3.1,34,36,37,1,2
446,sail,sailboat,11.56,3.51,1.73,6.4,34,41,45,4,7
447,sail,sailboat,10.65,3.43,1.89,3.6,34,41,44,3,7
461,motor,motorboat,10.0,2.87,0.88,5.9,34,42,47,5,8
469,small,motorboat,6.12,2.11,0.64,0.0,34,43,49,6,9
495,sail,sailboat,12.34,4.1,1.97,3.2,34,45,48,3,11
514,super,yacht,20.15,5.7,2.58,23.9,34,45,46,1,11
544,motor,motorboat,12.76,3.93,1.25,3.3,34,47,48,1,13
563,motor,motorboat,10.0,2.84,0.9,5.9,34,48,73,25,14
570,sail,sailboat,11.84,3.71,1.79,0.0,34,48,50,2,14
818,small,motorboat,6.44,2.22,0.67,0.0,34,62,68,6,28
1114,motor,motorboat,15.16,4.74,1.61,8.2,34,73,84,11,39
1479,small,motorboat,7.18,2.35,0.75,0.0,34,85,92,7,51
4483,sail,sailboat,14.17,4.33,2.58,4.0,34,184,186,2,150
338,motor,motorboat,17.59,5.01,1.71,7.4,35,35,42,7,0
343,sail,sailboat,11.05,3.67,1.72,4.2,35,35,46,11,0
361,motor,motorboat,13.8,3.95,1.44,0.0,35,37,41,4,2
365,sail,sailboat,13.44,4.15,2.06,3.6,35,37,41,4,2
403,motor,motorboat,13.85,3.89,1.28,3.6,35,39,40,1,4
406,motor,motorboat,10.0,3.01,1.0,4.5,35,39,41,2,4
441,sail,sailboat,15.11,4.7,2.75,0.0,35,41,44,3,6
448,sail,sailboat,14.28,4.7,2.24,6.8,35,41,42,1,6
451,small,motorboat,7.74,2.55,0.77,0.0,35,42,43,1,7
455,sail,sailboat,15.43,4.78,2.44,13.2,35,42,45,3,7
462,motor,motorboat,10.68,3.05,1.04,4.7,35,43,44,1,8
470,small,motorboat,7.22,2.47,0.69,0.0,35,43,46,3,8
483,sail,sailboat,14.63,4.88,2.64,3.9,35,44,46,2,9
751,super,yacht,22.96,6.19,2.58,19.8,35,59,62,3,24
817,sail,sailboat,10.4,3.39,1.87,3.3,35,62,75,13,27
888,sail,sailboat,16.74,5.31,2.86,7.5,35,65,71,6,30
1086,sail,sailboat,16.22,5.46,2.6,13.9,35,72,76,4,37
1115,motor,motorboat,17.08,4.99,1.49,7.3,35,73,76,3,38
1323,sail,sailboat,10.59,3.28,1.82,5.5,35,79,82,3,44
1554,super,yacht,24.79,6.7,3.24,25.9,35,87,94,7,52
1620,super,yacht,26.38,6.9,2.95,33.5,35,89,115,26,54
2300,super,yacht,23.03,6.41,2.67,31.7,35,110,111,1,75
389,small,motorboat,7.76,2.72,0.71,0.0,36,38,40,2,2
394,small,motorboat,6.35,2.26,0.63,0.0,36,38,43,5,2
400,sail,sailboat,10.95,3.59,1.99,0.0,36,38,42,4,2
425,sail,sailboat,11.5,3.68,2.01,6.4,36,40,41,1,4
434,sail,sailboat,13.38,4.05,2.27,0.0,36,40,44,4,4
444,sail,sailboat,15.27,4.72,2.33,6.4,36,41,44,3,5
445,sail,sailboat,13.84,4.53,2.17,4.2,36,41,45,4,5
484,motor,motorboat,14.54,4.19,1.35,4.6,36,44,58,14,8
535,sail,sailboat,11.25,3.44,1.69,6.9,36,46,48,2,10
552,motor,motorboat,13.86,4.16,1.42,6.0,36,47,48,1,11
1060,motor,motorboat,18.21,5.26,1.7,7.3,36,72,73,1,36
1103,sail,sailboat,14.12,4.54,2.15,3.5,36,73,78,5,37
1236,sail,sailboat,13.58,4.29,2.12,3.0,36,77,83,6,41
1320,sail,sailboat,9.5,2.87,1.5,0.0,36,79,83,4,43
1333,sail,sailboat,10.14,3.35,1.87,6.7,36,80,83,3,44
1409,sail,sailboat,14.46,4.68,2.28,4.7,36,82,88,6,46
1552,sail,sailboat,11.79,3.73,1.98,3.1,36,87,94,7,51
1634,sail,sailboat,16.03,5.39,2.5,9.7,36,90,94,4,54
1760,sail,sailboat,11.24,3.41,1.98,5.6,36,94,101,7,58
1926,super,yacht,21.01,5.57,2.6,20.3,36,99,104,5,63
2232,super,yacht,24.69,6.39,2.89,33.6,36,108,132,24,72
371,sail,sailboat,12.32,3.72,2.13,3.5,37,37,44,7,0
372,sail,sailboat,13.82,4.36,2.25,4.1,37,37,40,3,0
379,sail,sailboat,14.03,4.63,2.51,6.9,37,37,45,8,0
385,sail,sailboat,14.48,4.52,2.5,3.8,37,38,47,9,1
407,sail,sailboat,10.39,3.19,1.57,3.1,37,39,42,3,2
415,sail,sailboat,13.45,4.34,2.32,4.4,37,39,41,2,2
419,small,motorboat,7.35,2.46,0.67,3.4,37,39,46,7,2
440,motor,motorboat,14.35,4.05,1.25,5.4,37,41,44,3,4
466,sail,sailboat,9.5,3.18,1.46,3.2,37,43,49,6,6
472,small,motorboat,8.27,2.67,0.91,2.2,37,43,47,4,6
488,sail,sailboat,14.57,4.61,2.36,6.0,37,44,50,6,7
537,sail,sailboat,9.5,3.06,1.58,2.2,37,46,53,7,9
566,small,motorboat,6.31,2.11,0.69,0.0,37,48,58,10,11
609,motor,motorboat,14.6,4.27,1.37,0.0,37,51,54,3,14
610,small,motorboat,8.62,2.8,0.79,0.0,37,51,52,1,14
742,super,yacht,23.73,6.34,2.64,15.2,37,58,59,1,21
769,motor,motorboat,13.75,3.97,1.21,4.1,37,60,62,2,23
819,sail,sailboat,13.8,4.36,2.55,3.7,37,62,63,1,25
1161,motor,motorboat,11.94,3.36,1.24,3.2,37,74,86,12,37
1703,small,motorboat,8.51,2.9,0.9,3.5,37,92,93,1,55
1811,motor,motorboat,16.57,4.71,1.71,0.0,37,95,99,4,58
2855,sail,sailboat,11.62,3.79,1.84,3.0,37,127,130,3,90
3674,sail,sailboat,12.89,4.02,2.0,6.6,37,150,151,1,113
3999,small,motorboat,8.33,2.9,0.77,3.2,37,162,164,2,125
384,sail,sailboat,16.16,5.35,2.58,0.0,38,38,41,3,0
410,motor,motorboat,16.87,4.7,1.6,7.2,38,39,42,3,1
411,motor,motorboat,20.03,6.02,2.01,19.3,38,39,42,3,1
416,sail,sailboat,14.51,4.37,2.38,5.8,38,39,41,2,1
423,sail,sailboat,13.42,4.53,2.07,3.8,38,40,47,7,2
431,small,motorboat,6.56,2.23,0.63,2.0,38,40,41,1,2
433,motor,motorboat,11.03,3.08,1.1,3.5,38,40,41,1,2
474,sail,sailboat,11.01,3.71,1.87,5.2,38,43,47,4,5
490,motor,motorboat,11.12,3.33,1.16,4.4,38,45,57,12,7
620,small,motorboat,8.07,2.79,0.82,0.0,38,52,54,2,14
702,motor,motorboat,17.9,5.01,1.78,11.2,38,56,82,26,18
1109,super,yacht,21.51,5.56,2.88,12.3,38,73,76,3,35
1341,motor,motorboat,16.0,4.48,1.5,0.0,38,80,82,2,42
1435,motor,motorboat,18.14,5.2,1.81,12.6,38,83,86,3,45
408,sail,sailboat,15.84,5.17,2.56,0.0,39,39,45,6,0
414,motor,motorboat,17.46,4.88,1.78,0.0,39,39,47,8,0
418,motor,motorboat,18.99,5.87,1.82,13.5,39,39,40,1,0
420,sail,sailboat,11.88,3.92,2.04,6.2,39,39,41,2,0
422,sail,sailboat,10.78,3.62,1.75,0.0,39,39,40,1,0
424,sail,sailboat,15.83,5.26,2.49,8.7,39,40,41,1,1
503,motor,motorboat,18.36,5.71,1.65,10.2,39,45,51,6,6
504,sail,sailboat,12.99,3.94,1.96,0.0,39,45,71,26,6
527,small,motorboat,8.69,3.13,0.93,3.1,39,46,48,2,7
623,sail,sailboat,9.5,2.87,1.5,2.1,39,52,54,2,13
627,motor,motorboat,13.86,4.17,1.38,5.7,39,52,54,2,13
1107,sail,sailboat,12.9,4.03,2.3,5.8,39,73,75,2,34
1129,super,yacht,23.88,6.68,3.15,14.0,39,73,74,1,34
1425,sail,sailboat,12.15,3.68,1.93,4.7,39,82,86,4,43
1431,sail,sailboat,17.0,5.54,2.71,9.5,39,83,88,5,44
1598,small,motorboat,7.81,2.67,0.78,3.2,39,88,100,12,49
1669,motor,motorboat,22.0,6.61,2.04,20.0,39,91,98,7,52
3454,super,yacht,24.49,6.91,3.2,37.4,39,144,152,8,105
4162,sail,sailboat,10.59,3.38,1.62,6.4,39,169,172,3,130
4334,super,yacht,26.81,6.91,3.48,0.0,39,177,183,6,138
432,sail,sailboat,14.1,4.75,2.39,5.0,40,40,70,30,0
442,motor,motorboat,18.58,5.4,1.61,0.0,40,41,43,2,1
459,motor,motorboat,18.13,5.46,1.74,13.1,40,42,45,3,2
508,sail,sailboat,14.97,4.7,2.73,0.0,40,45,56,11,5
593,motor,motorboat,15.8,4.84,1.38,0.0,40,50,53,3,10
613,motor,motorboat,16.68,4.96,1.71,12.1,40,51,52,1,11
676,super,yacht,24.41,6.22,2.74,39.3,40,54,55,1,14
1093,super,yacht,20.73,5.83,2.71,32.9,40,73,78,5,33
1157,sail,sailboat,11.53,3.75,1.92,0.0,40,74,78,4,34
1441,sail,sailboat,14.4,4.64,2.38,4.9,40,83,86,3,43
1502,small,motorboat,8.02,2.67,0.79,2.2,40,86,88,2,46
1656,sail,sailboat,14.22,4.78,2.51,5.8,40,91,92,1,51
1698,sail,sailboat,16.5,5.32,2.62,0.0,40,92,103,11,52
1750,motor,motorboat,15.64,4.34,1.51,6.8,40,94,106,12,54
1820,small,motorboat,9.15,2.99,0.96,3.5,40,95,97,2,55
1888,small,motorboat,6.92,2.26,0.68,3.4,40,97,116,19,57
1899,sail,sailboat,12.69,4.16,1.93,0.0,40,97,102,5,57
2644,sail,sailboat,12.79,3.86,1.92,4.2,40,121,123,2,81
534,motor,motorboat,19.39,5.65,1.98,11.0,41,46,51,5,5
546,super,yacht,21.5,6.06,2.39,27.7,41,47,48,1,6
571,motor,motorboat,13.87,3.99,1.26,6.5,41,48,50,2,7
573,sail,sailboat,13.93,4.32,2.53,0.0,41,49,63,14,8
583,motor,motorboat,20.11,5.82,2.14,35.8,41,49,62,13,8
591,motor,motorboat,15.4,4.58,1.43,10.6,41,50,57,7,9
630,sail,sailboat,15.62,4.97,2.87,0.0,41,52,54,2,11
638,small,motorboat,7.48,2.45,0.78,2.3,41,52,57,5,11
1029,sail,sailboat,12.4,3.91,1.86,0.0,41,71,82,11,30
1149,sail,sailboat,14.72,4.75,2.26,6.0,41,74,75,1,33
1268,sail,sailboat,14.69,4.55,2.67,0.0,41,78,108,30,37
1438,small,motorboat,7.98,2.73,0.78,3.3,41,83,85,2,42
1727,small,motorboat,8.26,2.87,0.81,2.6,41,93,96,3,52
2575,sail,sailboat,13.88,4.66,2.32,5.4,41,119,122,3,78
2577,super,yacht,25.75,6.75,3.14,12.3,41,119,125,6,78
3062,motor,motorboat,18.42,5.2,1.64,6.2,41,133,137,4,92
454,motor,motorboat,19.37,5.56,1.87,11.9,42,42,44,2,0
471,super,yacht,28.49,7.27,3.44,12.9,42,43,46,3,1
473,sail,sailboat,9.5,2.97,1.51,3.4,42,43,45,2,1
599,super,yacht,25.33,6.54,3.26,20.6,42,50,52,2,8
606,sail,sailboat,14.27,4.49,2.31,0.0,42,51,52,1,9
626,small,motorboat,7.23,2.31,0.68,0.0,42,52,54,2,10
636,sail,sailboat,13.71,4.53,2.42,5.0,42,52,55,3,10
642,sail,sailboat,10.02,3.08,1.68,3.0,42,53,60,7,11
644,motor,motorboat,14.26,4.18,1.49,5.6,42,53,59,6,11
656,motor,motorboat,18.37,5.1,1.86,11.7,42,53,59,6,11
674,sail,sailboat,13.85,4.35,2.36,0.0,42,54,62,8,12
685,sail,sailboat,13.68,4.2,2.44,5.4,42,54,55,1,12
688,super,yacht,22.69,6.1,3.01,39.9,42,55,58,3,13
691,motor,motorboat,19.7,6.06,1.88,10.8,42,55,58,3,13
816,sail,sailboat,10.94,3.44,1.93,0.0,42,62,67,5,20
1303,small,motorboat,9.4,3.09,0.94,0.0,42,79,82,3,37
1338,sail,sailboat,13.5,4.48,2.33,0.0,42,80,82,2,38
1349,sail,sailboat,17.0,5.2,2.86,0.0,42,80,83,3,38
1481,small,motorboat,7.72,2.65,0.83,0.0,42,85,90,5,43
1862,sail,sailboat,11.09,3.54,1.66,3.2,42,96,99,3,54
1890,motor,motorboat,13.99,4.08,1.2,7.0,42,97,105,8,55
2483,motor,motorboat,12.45,3.7,1.09,6.1,42,116,117,1,74
3818,sail,sailboat,11.8,3.64,2.08,3.9,42,155,161,6,113
477,small,motorboat,7.81,2.59,0.74,2.7,43,44,51,7,1
479,sail,sailboat,14.55,4.49,2.16,5.5,43,44,45,1,1
480,sail,sailboat,12.97,4.11,2.34,0.0,43,44,49,5,1
481,sail,sailboat,10.05,3.05,1.83,5.6,43,44,45,1,1
494,sail,sailboat,9.5,3.1,1.7,2.9,43,45,50,5,2
502,super,yacht,22.12,5.85,2.43,22.9,43,45,53,8,2
511,sail,sailboat,15.25,4.83,2.66,13.1,43,45,47,2,2
513,motor,motorboat,20.24,5.86,1.87,19.7,43,45,49,4,2
548,small,motorboat,8.88,2.9,0.86,0.0,43,47,49,2,4
578,sail,sailboat,9.5,3.16,1.74,2.4,43,49,54,5,6
614,small,motorboat,9.42,3.38,1.02,0.0,43,51,52,1,8
625,motor,motorboat,10.0,3.04,1.0,0.0,43,52,55,3,9
709,sail,sailboat,15.3,4.93,2.39,6.3,43,56,57,1,13
712,sail,sailboat,16.68,5.07,3.03,11.4,43,57,58,1,14
722,small,motorboat,8.78,3.16,0.87,0.0,43,57,58,1,14
740,sail,sailboat,14.09,4.43,2.49,6.5,43,58,61,3,15
839,super,yacht,25.48,6.76,2.79,24.8,43,63,71,8,20
921,motor,motorboat,17.13,4.8,1.52,13.9,43,66,79,13,23
933,motor,motorboat,15.29,4.65,1.59,8.2,43,66,76,10,23
1529,sail,sailboat,11.63,3.88,1.74,3.5,43,87,89,2,44
1545,small,motorboat,7.09,2.41,0.74,2.3,43,87,92,5,44
2005,small,motorboat,7.04,2.49,0.77,2.6,43,101,107,6,58
2208,small,motorboat,8.35,2.74,0.9,0.0,43,107,110,3,64
3713,motor,motorboat,15.19,4.29,1.43,8.5,43,151,156,5,108
475,motor,motorboat,17.83,5.55,1.64,7.5,44,44,47,3,0
476,sail,sailboat,10.99,3.67,1.81,3.2,44,44,48,4,0
489,motor,motorboat,13.93,4.31,1.42,4.3,44,44,57,13,0
492,motor,motorboat,10.0,3.1,1.06,5.8,44,45,47,2,1
500,sail,sailboat,11.9,3.64,1.85,6.5,44,45,49,4,1
524,sail,sailboat,15.31,5.12,2.67,6.6,44,46,52,6,2
556,small,motorboat,9.26,3.09,1.0,0.0,44,48,51,3,4
590,super,yacht,25.0,6.52,3.03,13.1,44,50,51,1,6
592,motor,motorboat,18.54,5.72,1.92,0.0,44,50,56,6,6
598,small,motorboat,6.99,2.28,0.65,0.0,44,50,56,6,6
667,motor,motorboat,17.35,5.16,1.61,7.1,44,54,55,1,10
672,sail,sailboat,13.93,4.3,2.34,4.3,44,54,71,17,10
673,motor,motorboat,15.66,4.57,1.6,12.9,44,54,56,2,10
684,small,motorboat,8.64,2.96,0.8,2.3,44,54,62,8,10
720,motor,motorboat,18.12,5.52,1.87,13.7,44,57,58,1,13
977,small,motorboat,6.38,2.22,0.63,0.0,44,68,76,8,24
1147,sail,sailboat,13.58,4.39,2.33,6.8,44,74,96,22,30
1156,small,motorboat,7.43,2.38,0.78,3.2,44,74,77,3,30
1169,motor,motorboat,20.39,6.35,1.86,33.8,44,74,82,8,30
1400,motor,motorboat,22.0,6.67,2.01,34.1,44,82,85,3,38
1402,motor,motorboat,16.17,4.54,1.65,10.2,44,82,83,1,38
1550,sail,sailboat,15.29,4.89,2.35,0.0,44,87,89,2,43
1556,super,yacht,28.09,7.39,3.43,24.1,44,87,89,2,43
2508,sail,sailboat,10.22,3.08,1.67,4.2,44,116,129,13,72
4133,motor,motorboat,12.56,3.51,1.19,6.4,44,168,169,1,124
493,motor,motorboat,17.69,5.09,1.56,12.2,45,45,50,5,0
496,small,motorboat,6.87,2.27,0.65,0.0,45,45,48,3,0
497,sail,sailboat,14.51,4.84,2.61,4.6,45,45,46,1,0
498,sail,sailboat,16.66,5.43,2.99,10.9,45,45,47,2,0
505,motor,motorboat,20.0,5.83,1.84,0.0,45,45,47,2,0
512,sail,sailboat,11.66,3.8,1.99,5.6,45,45,47,2,0
531,sail,sailboat,13.29,4.3,2.42,0.0,45,46,49,3,1
536,small,motorboat,7.33,2.47,0.75,2.5,45,46,56,10,1
540,motor,motorboat,12.14,3.41,1.12,3.5,45,47,56,9,2
547,sail,sailboat,14.36,4.83,2.47,3.7,45,47,52,5,2
553,small,motorboat,8.92,2.86,0.89,2.5,45,47,52,5,2
555,small,motorboat,9.24,3.32,1.02,0.0,45,47,49,2,2
560,motor,motorboat,16.74,5.07,1.68,0.0,45,48,51,3,3
651,super,yacht,23.84,6.78,2.69,33.1,45,53,54,1,8
662,sail,sailboat,12.37,4.1,1.88,0.0,45,53,55,2,8
682,sail,sailboat,11.15,3.46,1.72,6.1,45,54,68,14,9
838,sail,sailboat,14.89,4.5,2.47,0.0,45,63,66,3,18
842,sail,sailboat,12.7,3.84,2.25,3.2,45,63,92,29,18
895,sail,sailboat,16.3,5.35,2.8,11.7,45,65,82,17,20
1131,motor,motorboat,10.0,3.03,1.06,3.7,45,73,74,1,28
1528,motor,motorboat,14.43,4.19,1.41,0.0,45,87,90,3,42
2152,sail,sailboat,10.95,3.41,1.95,4.5,45,106,107,1,61
517,small,motorboat,6.38,2.23,0.62,2.6,46,46,56,10,0
522,small,motorboat,6.94,2.31,0.68,0.0,46,46,47,1,0
523,motor,motorboat,15.03,4.55,1.42,9.6,46,46,49,3,0
539,motor,motorboat,18.15,5.39,1.89,10.3,46,46,52,6,0
549,small,motorboat,8.11,2.74,0.76,2.6,46,47,54,7,1
559,motor,motorboat,13.86,4.15,1.23,5.5,46,48,51,3,2
601,sail,sailboat,9.5,3.1,1.67,3.2,46,51,53,2,5
640,sail,sailboat,12.12,3.67,2.11,6.4,46,53,55,2,7
837,small,motorboat,7.98,2.65,0.81,0.0,46,63,70,7,17
897,sail,sailboat,14.5,4.8,2.55,6.3,46,65,66,1,19
913,sail,sailboat,14.68,4.69,2.29,3.6,46,66,70,4,20
1117,sail,sailboat,13.48,4.47,2.01,6.4,46,73,83,10,27
1183,sail,sailboat,11.98,3.91,1.95,5.6,46,75,85,10,29
1335,motor,motorboat,18.82,5.35,1.75,13.9,46,80,86,6,34
1504,sail,sailboat,12.22,3.89,2.01,4.1,46,86,89,3,40
1707,super,yacht,23.4,6.14,2.67,32.9,46,92,104,12,46
2118,motor,motorboat,15.88,4.61,1.54,13.4,46,104,106,2,58
2170,sail,sailboat,11.58,3.63,1.92,4.9,46,106,109,3,60
3442,super,yacht,20.53,5.58,2.76,16.2,46,143,155,12,97
3530,super,yacht,26.38,7.06,3.53,13.6,46,146,157,11,100
542,motor,motorboat,12.99,3.73,1.3,6.8,47,47,50,3,0
550,small,motorboat,7.01,2.31,0.64,2.2,47,47,48,1,0
554,small,motorboat,7.16,2.48,0.66,0.0,47,47,51,4,0
558,motor,motorboat,12.15,3.6,1.1,4.9,47,48,50,2,1
561,motor,motorboat,15.32,4.26,1.63,6.1,47,48,51,3,1
564,sail,sailboat,10.93,3.6,2.01,3.3,47,48,71,23,1
575,sail,sailboat,14.94,4.79,2.65,0.0,47,49,51,2,2
584,sail,sailboat,14.85,4.55,2.55,6.8,47,49,54,5,2
585,motor,motorboat,13.48,3.81,1.18,3.2,47,49,50,1,2
586,motor,motorboat,11.38,3.48,1.12,5.2,47,49,50,1,2
652,small,motorboat,7.68,2.62,0.72,3.1,47,53,58,5,6
659,motor,motorboat,16.43,4.76,1.57,8.4,47,53,58,5,6
690,sail,sailboat,9.5,3.19,1.49,3.0,47,55,82,27,8
701,motor,motorboat,10.2,2.83,1.02,4.9,47,56,59,3,9
706,super,yacht,27.67,7.22,3.7,27.6,47,56,57,1,9
724,sail,sailboat,11.75,3.73,2.03,0.0,47,57,60,3,10
793,sail,sailboat,12.94,4.28,1.95,4.1,47,61,68,7,14
1173,sail,sailboat,13.65,4.13,2.11,6.2,47,74,78,4,27
1404,super,yacht,28.95,7.96,3.57,18.0,47,82,89,7,35
1430,sail,sailboat,10.77,3.58,1.9,6.4,47,83,95,12,36
1470,motor,motorboat,12.93,3.75,1.34,6.7,47,85,87,2,38
1629,sail,sailboat,10.78,3.54,1.76,5.0,47,90,91,1,43
1709,sail,sailboat,12.69,3.92,2.29,5.6,47,92,94,2,45
2196,super,yacht,21.6,5.96,2.56,15.1,47,107,109,2,60
2609,sail,sailboat,14.34,4.5,2.48,4.0,47,120,123,3,73
3156,super,yacht,23.61,6.05,2.7,24.3,47,136,139,3,89
3594,sail,sailboat,10.51,3.18,1.7,5.4,47,148,153,5,101
568,motor,motorboat,16.23,4.86,1.45,10.7,48,48,60,12,0
579,sail,sailboat,11.21,3.6,1.69,6.9,48,49,50,1,1
580,sail,sailboat,14.03,4.53,2.44,6.3,48,49,52,3,1
589,motor,motorboat,16.46,5.13,1.57,13.5,48,50,52,2,2
637,motor,motorboat,16.02,4.9,1.39,11.6,48,52,58,6,4
648,sail,sailboat,12.77,4.14,1.96,5.8,48,53,54,1,5
698,small,motorboat,6.14,2.14,0.69,3.5,48,55,68,13,7
768,sail,sailboat,10.1,3.06,1.51,5.6,48,60,63,3,12
814,motor,motorboat,18.0,5.24,1.69,10.8,48,62,64,2,14
829,motor,motorboat,11.91,3.55,1.26,4.5,48,62,66,4,14
890,super,yacht,24.77,6.43,3.18,37.3,48,65,83,18,17
1088,motor,motorboat,16.81,4.8,1.64,8.7,48,72,73,1,24
1134,small,motorboat,7.19,2.53,0.67,2.4,48,73,75,2,25
1252,super,yacht,27.57,7.55,3.16,28.9,48,77,83,6,29
1355,super,yacht,26.3,7.19,3.26,20.5,48,80,82,2,32
1372,sail,sailboat,13.91,4.66,2.24,0.0,48,81,84,3,33
1532,sail,sailboat,12.03,4.01,2.17,0.0,48,87,93,6,39
1640,super,yacht,28.36,7.53,3.72,21.4,48,90,92,2,42
1647,sail,sailboat,13.1,4.41,2.05,4.8,48,90,96,6,42
1691,super,yacht,25.19,6.44,3.22,16.5,48,92,94,2,44
1739,sail,sailboat,12.98,4.08,2.1,5.5,48,93,96,3,45
2064,small,motorboat,8.41,2.9,0.93,0.0,48,103,109,6,55
2239,motor,motorboat,14.38,4.45,1.42,4.1,48,108,111,3,60
2916,super,yacht,24.74,6.96,2.88,16.3,48,129,130,1,81
3833,sail,sailboat,10.99,3.49,1.98,3.3,48,156,160,4,108
4194,small,motorboat,7.4,2.65,0.79,0.0,48,170,173,3,122
4476,super,yacht,22.42,6.4,2.88,39.7,48,183,205,22,135
577,sail,sailboat,13.42,4.04,2.22,5.0,49,49,52,3,0
595,small,motorboat,7.29,2.55,0.76,0.0,49,50,57,7,1
600,sail,sailboat,12.17,4.11,1.9,0.0,49,50,53,3,1
605,motor,motorboat,18.42,5.35,1.82,9.2,49,51,58,7,2
622,motor,motorboat,22.0,6.69,2.29,36.5,49,52,54,2,3
663,sail,sailboat,11.06,3.55,1.74,4.4,49,54,56,2,5
710,super,yacht,28.3,7.64,3.75,37.7,49,56,58,2,7
721,sail,sailboat,16.49,5.17,2.99,12.7,49,57,72,15,8
731,sail,sailboat,10.89,3.28,1.8,6.5,49,57,58,1,8
733,motor,motorboat,10.0,2.91,0.97,5.8,49,58,63,5,9
737,motor,motorboat,13.39,4.1,1.36,4.6,49,58,62,4,9
773,small,motorboat,6.43,2.19,0.62,2.2,49,60,61,1,11
779,super,yacht,20.96,5.56,2.75,14.0,49,61,91,30,12
785,sail,sailboat,10.41,3.45,1.92,3.9,49,61,75,14,12
836,sail,sailboat,15.09,5.06,2.7,10.3,49,63,84,21,14
848,sail,sailboat,13.44,4.08,2.18,5.3,49,63,65,2,14
889,small,motorboat,6.92,2.23,0.72,2.8,49,65,70,5,16
1019,super,yacht,21.67,5.61,2.55,19.4,49,70,71,1,21
1296,small,motorboat,9.18,3.19,0.89,2.2,49,79,80,1,30
2035,sail,sailboat,11.52,3.82,1.81,4.5,49,102,104,2,53
2042,sail,sailboat,14.15,4.69,2.11,6.5,49,102,103,1,53
2188,motor,motorboat,12.39,3.65,1.23,3.5,49,107,127,20,58
2289,small,motorboat,7.66,2.59,0.69,0.0,49,109,127,18,60
4418,super,yacht,22.03,6.07,2.76,33.7,49,180,194,14,131
594,small,motorboat,7.14,2.38,0.65,0.0,50,50,52,2,0
603,small,motorboat,6.55,2.11,0.64,0.0,50,51,62,11,1
631,sail,sailboat,11.32,3.43,1.74,0.0,50,52,59,7,2
632,motor,motorboat,17.82,5.14,1.79,9.7,50,52,59,7,2
633,sail,sailboat,14.72,4.5,2.24,6.1,50,52,59,7,2
689,sail,sailboat,14.64,4.52,2.54,6.3,50,55,60,5,5
693,small,motorboat,7.43,2.43,0.72,3.2,50,55,56,1,5
695,sail,sailboat,11.33,3.65,1.96,4.7,50,55,57,2,5
703,sail,sailboat,11.55,3.67,2.05,0.0,50,56,57,1,6
760,motor,motorboat,10.79,3.02,0.94,6.5,50,60,61,1,10
764,motor,motorboat,17.61,4.96,1.8,6.3,50,60,62,2,10
770,sail,sailboat,11.08,3.59,2.03,3.9,50,60,62,2,10
780,small,motorboat,9.02,2.88,0.83,0.0,50,61,62,1,11
822,sail,sailboat,9.94,3.15,1.69,2.8,50,62,65,3,12
856,small,motorboat,8.64,2.95,0.88,0.0,50,64,67,3,14
894,motor,motorboat,21.77,6.7,1.97,34.9,50,65,87,22,15
1398,sail,sailboat,12.76,4.02,2.29,4.4,50,82,88,6,32
1961,motor,motorboat,11.91,3.55,1.05,5.3,50,100,101,1,50
1973,sail,sailboat,9.5,3.13,1.43,0.0,50,100,102,2,50
2109,sail,sailboat,14.96,4.66,2.39,3.3,50,104,110,6,54
2159,super,yacht,22.4,6.25,2.91,34.1,50,106,107,1,56
3786,motor,motorboat,17.42,4.99,1.61,8.9,50,153,157,4,103
604,motor,motorboat,12.53,3.48,1.23,4.8,51,51,53,2,0
612,motor,motorboat,12.64,3.83,1.18,5.0,51,51,53,2,0
621,sail,sailboat,14.67,4.53,2.59,0.0,51,52,53,1,1
628,motor,motorboat,18.55,5.45,1.88,13.8,51,52,57,5,1
634,sail,sailboat,15.99,5.39,2.69,12.3,51,52,55,3,1
641,motor,motorboat,14.78,4.16,1.42,4.9,51,53,72,19,2
646,motor,motorboat,18.59,5.64,1.81,9.3,51,53,55,2,2
661,sail,sailboat,9.5,2.97,1.72,2.4,51,53,54,1,2
666,small,motorboat,7.93,2.64,0.75,0.0,51,54,56,2,3
668,small,motorboat,9.08,3.13,0.84,3.1,51,54,61,7,3
713,sail,sailboat,11.39,3.52,1.81,5.3,51,57,60,3,6
719,motor,motorboat,15.39,4.56,1.44,6.5,51,57,70,13,6
738,sail,sailboat,14.74,4.95,2.68,6.3,51,58,62,4,7
797,small,motorboat,6.19,2.0,0.66,0.0,51,61,67,6,10
813,super,yacht,25.99,6.92,3.36,36.0,51,62,67,5,11
824,sail,sailboat,14.32,4.81,2.5,3.0,51,62,65,3,11
825,motor,motorboat,16.45,5.06,1.61,7.0,51,62,65,3,11
826,sail,sailboat,15.14,4.83,2.26,9.3,51,62,63,1,11
841,motor,motorboat,15.84,4.49,1.45,8.9,51,63,91,28,12
845,sail,sailboat,13.1,4.41,2.23,0.0,51,63,65,2,12
865,motor,motorboat,13.21,3.77,1.14,3.4,51,64,84,20,13
901,sail,sailboat,11.5,3.52,1.97,4.6,51,66,74,8,15
967,motor,motorboat,11.11,3.27,1.09,4.5,51,67,70,3,16
1457,super,yacht,23.89,6.46,3.13,16.2,51,84,86,2,33
1798,small,motorboat,6.35,2.26,0.6,0.0,51,95,101,6,44
1978,super,yacht,27.81,7.61,3.02,29.6,51,101,123,22,50
2048,sail,sailboat,10.17,3.16,1.77,5.7,51,102,105,3,51
2180,sail,sailboat,17.0,5.32,2.92,7.1,51,107,109,2,56
2334,super,yacht,26.27,7.03,2.87,32.9,51,111,113,2,60
3995,super,yacht,22.65,6.26,2.75,38.4,51,162,169,7,111
618,sail,sailboat,11.62,3.91,2.0,0.0,52,52,55,3,0
635,motor,motorboat,16.05,4.63,1.53,7.3,52,52,54,2,0
639,super,yacht,28.44,7.25,3.5,0.0,52,52,56,4,0
643,sail,sailboat,10.31,3.2,1.68,6.8,52,53,56,3,1
657,sail,sailboat,13.35,4.13,2.24,0.0,52,53,60,7,1
671,sail,sailboat,13.7,4.54,2.08,6.3,52,54,55,1,2
680,sail,sailboat,10.68,3.24,1.67,3.5,52,54,55,1,2
683,motor,motorboat,16.47,4.57,1.7,11.1,52,54,56,2,2
686,sail,sailboat,13.67,4.45,2.1,0.0,52,54,63,9,2
699,sail,sailboat,11.5,3.77,1.77,6.2,52,55,57,2,3
832,small,motorboat,6.56,2.17,0.66,2.7,52,63,74,11,11
873,motor,motorboat,10.71,3.25,1.08,5.0,52,64,78,14,12
876,sail,sailboat,15.21,4.61,2.8,7.7,52,65,66,1,13
898,motor,motorboat,19.16,5.58,1.8,11.0,52,66,70,4,14
1204,small,motorboat,9.4,3.29,0.88,3.4,52,75,77,2,23
1469,sail,sailboat,9.99,3.39,1.63,3.1,52,85,87,2,33
1748,sail,sailboat,11.73,3.76,2.02,0.0,52,93,94,1,41
1819,super,yacht,20.8,5.56,2.69,13.7,52,95,100,5,43
1898,motor,motorboat,15.23,4.33,1.39,0.0,52,97,100,3,45
2271,sail,sailboat,14.43,4.56,2.62,4.9,52,109,113,4,57
645,small,motorboat,7.77,2.78,0.72,0.0,53,53,54,1,0
649,sail,sailboat,16.7,5.12,2.88,9.9,53,53,55,2,0
665,sail,sailboat,14.61,4.75,2.22,6.7,53,54,56,2,1
670,motor,motorboat,16.82,5.17,1.67,13.9,53,54,56,2,1
675,motor,motorboat,18.14,5.07,1.7,9.6,53,54,66,12,1
677,sail,sailboat,14.9,5.02,2.7,4.0,53,54,56,2,1
678,sail,sailboat,13.44,4.11,2.34,4.2,53,54,56,2,1
687,sail,sailboat,10.92,3.61,1.7,5.4,53,55,60,5,2
696,sail,sailboat,14.62,4.83,2.55,0.0,53,55,58,3,2
730,small,motorboat,6.17,2.21,0.67,2.6,53,57,61,4,4
736,sail,sailboat,14.77,4.87,2.22,5.5,53,58,68,10,5
772,super,yacht,25.26,6.59,3.01,14.9,53,60,66,6,7
787,sail,sailboat,9.5,2.89,1.54,3.2,53,61,64,3,8
799,motor,motorboat,13.8,4.05,1.43,0.0,53,61,65,4,8
801,sail,sailboat,10.74,3.48,1.67,3.4,53,61,67,6,8
875,sail,sailboat,14.89,4.88,2.36,4.3,53,65,67,2,12
917,motor,motorboat,15.05,4.22,1.3,0.0,53,66,69,3,13
984,motor,motorboat,10.0,2.94,0.94,0.0,53,68,69,1,15
1053,super,yacht,20.85,5.88,2.26,33.9,53,71,79,8,18
1177,sail,sailboat,9.5,2.88,1.42,2.9,53,74,75,1,21
1292,small,motorboat,6.58,2.12,0.65,0.0,53,79,85,6,26
1297,super,yacht,21.82,5.56,2.43,34.2,53,79,80,1,26
1315,super,yacht,28.09,7.47,3.72,37.4,53,79,81,2,26
1467,sail,sailboat,12.03,3.91,1.95,3.2,53,85,89,4,32
1471,small,motorboat,8.17,2.78,0.81,0.0,53,85,86,1,32
1517,super,yacht,20.37,5.73,2.56,24.6,53,86,89,3,33
1628,sail,sailboat,14.94,4.92,2.7,5.2,53,90,93,3,37
2076,motor,motorboat,19.78,5.93,1.81,0.0,53,103,108,5,50
2096,sail,sailboat,16.52,5.48,2.63,0.0,53,104,105,1,51
2184,small,motorboat,9.43,3.22,0.87,0.0,53,107,108,1,54
3931,sail,sailboat,12.95,4.17,2.24,4.5,53,159,165,6,106
679,sail,sailboat,14.87,4.57,2.58,3.2,54,54,55,1,0
697,sail,sailboat,14.81,4.78,2.56,5.3,54,55,77,22,1
711,motor,motorboat,13.09,3.73,1.36,6.4,54,57,58,1,3
790,motor,motorboat,14.02,3.96,1.4,4.9,54,61,68,7,7
810,super,yacht,24.25,6.37,2.83,26.3,54,62,73,11,8
823,sail,sailboat,13.48,4.22,2.28,4.5,54,62,67,5,8
850,sail,sailboat,10.42,3.36,1.88,6.6,54,64,67,3,10
878,motor,motorboat,10.0,2.94,0.97,3.7,54,65,66,1,11
885,motor,motorboat,18.56,5.6,1.92,7.0,54,65,82,17,11
942,small,motorboat,8.96,3.18,0.85,2.4,54,67,73,6,13
949,motor,motorboat,19.48,5.62,1.93,7.7,54,67,70,3,13
976,sail,sailboat,10.1,3.24,1.83,3.7,54,68,70,2,14
985,motor,motorboat,13.87,3.88,1.43,5.0,54,68,74,6,14
1286,sail,sailboat,13.06,4.04,2.08,5.4,54,78,79,1,24
1569,sail,sailboat,12.57,3.87,1.94,3.2,54,88,113,25,34
1693,small,motorboat,9.33,3.21,0.94,0.0,54,92,94,2,38
1699,sail,sailboat,9.5,2.96,1.74,0.0,54,92,94,2,38
3855,motor,motorboat,19.13,5.68,1.84,10.1,54,156,158,2,102
707,small,motorboat,8.52,2.84,0.9,2.5,55,56,62,6,1
714,sail,sailboat,10.46,3.49,1.65,5.6,55,57,64,7,2
726,super,yacht,25.98,7.25,3.06,37.3,55,57,67,10,2
732,motor,motorboat,15.33,4.68,1.47,11.1,55,57,58,1,2
744,small,motorboat,6.28,2.17,0.64,0.0,55,59,60,1,4
749,sail,sailboat,15.61,5.28,2.74,7.7,55,59,68,9,4
786,sail,sailboat,11.4,3.73,2.08,6.3,55,61,65,4,6
789,motor,motorboat,16.91,5.0,1.78,6.6,55,61,64,3,6
849,sail,sailboat,14.15,4.53,2.46,3.3,55,63,64,1,8
870,small,motorboat,7.01,2.25,0.77,0.0,55,64,65,1,9
959,super,yacht,27.68,7.39,3.65,12.8,55,67,70,3,12
981,motor,motorboat,11.27,3.5,1.1,0.0,55,68,74,6,13
982,motor,motorboat,16.37,4.91,1.74,0.0,55,68,75,7,13
988,sail,sailboat,15.95,5.34,2.37,0.0,55,69,70,1,14
1004,sail,sailboat,13.01,3.98,2.33,3.2,55,69,87,18,14
1012,sail,sailboat,14.01,4.66,2.19,3.9,55,70,75,5,15
1176,sail,sailboat,13.52,4.56,2.2,3.2,55,74,80,6,19
1442,sail,sailboat,10.1,3.05,1.78,3.2,55,83,86,3,28
1674,sail,sailboat,13.2,4.02,2.33,4.0,55,91,92,1,36
1913,motor,motorboat,12.34,3.7,1.2,3.1,55,98,103,5,43
704,super,yacht,25.47,7.27,2.87,25.2,56,56,62,6,0
715,motor,motorboat,16.79,5.1,1.57,11.5,56,57,68,11,1
725,sail,sailboat,14.31,4.42,2.38,4.8,56,57,63,6,1
734,motor,motorboat,15.49,4.66,1.39,13.1,56,58,59,1,2
765,small,motorboat,6.98,2.29,0.73,0.0,56,60,61,1,4
802,sail,sailboat,12.21,3.74,1.99,5.1,56,61,73,12,5
828,small,motorboat,8.32,2.71,0.8,0.0,56,62,64,2,6
835,sail,sailboat,11.06,3.58,1.66,0.0,56,63,68,5,7
852,sail,sailboat,11.77,3.94,2.09,3.0,56,64,66,2,8
863,sail,sailboat,14.1,4.49,2.25,6.1,56,64,67,3,8
880,motor,motorboat,17.72,5.36,1.83,10.2,56,65,67,2,9
911,motor,motorboat,17.91,5.59,1.89,11.8,56,66,68,2,10
956,sail,sailboat,15.61,4.9,2.64,0.0,56,67,73,6,11
960,sail,sailboat,11.52,3.6,1.95,0.0,56,67,68,1,11
965,super,yacht,27.56,7.05,3.1,18.0,56,67,68,1,11
1017,sail,sailboat,9.9,3.31,1.8,3.4,56,70,72,2,14
1075,sail,sailboat,12.74,4.18,2.19,6.5,56,72,74,2,16
1194,small,motorboat,7.25,2.48,0.8,2.5,56,75,76,1,19
1383,sail,sailboat,15.59,4.87,2.47,6.3,56,81,84,3,25
1494,sail,sailboat,13.34,4.44,2.22,6.1,56,85,90,5,29
1583,super,yacht,26.34,7.52,3.53,14.7,56,88,89,1,32
1832,motor,motorboat,16.44,4.88,1.54,10.8,56,95,112,17,39
1957,sail,sailboat,9.5,3.1,1.6,2.1,56,100,103,3,44
2050,motor,motorboat,16.18,4.73,1.57,13.0,56,102,103,1,46
2424,super,yacht,24.28,6.27,3.17,34.8,56,114,116,2,58
3206,motor,motorboat,16.73,5.02,1.5,7.1,56,137,143,6,81
728,motor,motorboat,15.7,4.38,1.61,7.4,57,57,62,5,0
739,motor,motorboat,20.3,6.33,2.01,33.5,57,58,77,19,1
752,sail,sailboat,11.87,3.96,1.78,0.0,57,59,62,3,2
754,sail,sailboat,12.81,4.16,2.14,4.7,57,59,62,3,2
756,motor,motorboat,16.08,4.57,1.69,13.2,57,59,63,4,2
781,sail,sailboat,15.2,4.69,2.29,6.3,57,61,68,7,4
906,super,yacht,27.9,7.48,3.38,23.6,57,66,68,2,9
930,sail,sailboat,13.32,4.42,2.35,5.3,57,66,73,7,9
962,motor,motorboat,16.39,4.96,1.49,13.0,57,67,70,3,10
1005,small,motorboat,8.7,2.98,0.89,0.0,57,69,75,6,12
1032,small,motorboat,7.72,2.73,0.8,0.0,57,71,74,3,14
1325,motor,motorboat,13.8,3.91,1.19,5.0,57,80,83,3,23
1793,super,yacht,25.28,6.66,3.17,33.3,57,94,101,7,37
1906,motor,motorboat,14.84,4.14,1.51,4.6,57,98,99,1,41
2185,motor,motorboat,11.01,3.13,1.07,6.0,57,107,109,2,50
2269,sail,sailboat,9.5,2.9,1.6,0.0,57,109,111,2,52
2296,sail,sailboat,12.68,3.88,2.27,3.7,57,110,113,3,53
2518,sail,sailboat,15.6,5.09,2.54,0.0,57,117,124,7,60
3130,sail,sailboat,15.14,4.75,2.45,0.0,57,135,137,2,78
4667,sail,sailboat,11.21,3.68,1.98,4.4,57,202,204,2,145
741,motor,motorboat,10.0,2.97,0.99,5.4,58,58,63,5,0
745,sail,sailboat,11.49,3.79,1.9,5.6,58,59,64,5,1
748,sail,sailboat,12.66,3.88,2.29,0.0,58,59,78,19,1
753,sail,sailboat,13.09,4.13,2.05,6.4,58,59,65,6,1
761,motor,motorboat,16.85,5.03,1.68,7.0,58,60,64,4,2
775,motor,motorboat,14.75,4.5,1.44,0.0,58,60,63,3,2
788,sail,sailboat,15.8,4.86,2.69,0.0,58,61,62,1,3
807,motor,motorboat,13.34,3.77,1.28,3.2,58,62,64,2,4
881,sail,sailboat,12.77,3.99,2.1,6.4,58,65,67,2,7
883,motor,motorboat,16.18,4.98,1.6,7.1,58,65,71,6,7
887,small,motorboat,8.85,3.0,0.85,0.0,58,65,66,1,7
932,motor,motorboat,16.6,4.66,1.55,12.6,58,66,68,2,8
983,small,motorboat,6.06,1.99,0.58,3.1,58,68,70,2,10
992,small,motorboat,9.39,3.23,1.0,0.0,58,69,73,4,11
997,small,motorboat,8.46,2.77,0.89,2.7,58,69,73,4,11
1003,motor,motorboat,17.51,5.38,1.73,6.8,58,69,72,3,11
1007,small,motorboat,6.5,2.18,0.7,2.5,58,70,72,2,12
1052,sail,sailboat,14.99,4.86,2.64,4.8,58,71,75,4,13
1082,sail,sailboat,15.17,4.89,2.52,13.4,58,72,73,1,14
1087,motor,motorboat,11.7,3.42,1.21,3.6,58,72,75,3,14
1113,motor,motorboat,19.46,5.44,2.05,6.3,58,73,76,3,15
1143,super,yacht,26.54,6.83,3.54,29.9,58,74,76,2,16
1306,sail,sailboat,12.65,4.2,2.1,5.3,58,79,82,3,21
1892,super,yacht,27.85,7.22,3.49,12.7,58,97,103,6,39
2191,sail,sailboat,14.19,4.42,2.19,6.6,58,107,109,2,49
4085,super,yacht,21.47,5.77,2.54,22.9,58,165,167,2,107
4306,super,yacht,27.55,7.31,3.44,34.6,58,176,181,5,118
4530,motor,motorboat,14.01,4.3,1.43,3.6,58,189,202,13,131
746,motor,motorboat,18.89,5.89,1.87,0.0,59,59,62,3,0
747,sail,sailboat,14.79,4.75,2.41,0.0,59,59,61,2,0
750,sail,sailboat,11.92,4.03,1.8,4.5,59,59,61,2,0
757,motor,motorboat,13.41,3.85,1.41,3.8,59,59,66,7,0
758,sail,sailboat,14.45,4.39,2.28,5.7,59,59,67,8,0
759,sail,sailboat,13.17,4.37,2.26,5.3,59,60,63,3,1
762,sail,sailboat,11.66,3.69,1.97,6.8,59,60,62,2,1
763,motor,motorboat,15.72,4.67,1.45,13.8,59,60,67,7,1
777,sail,sailboat,11.99,4.02,2.2,6.8,59,60,61,1,1
784,sail,sailboat,13.92,4.68,2.44,6.4,59,61,66,5,2
792,motor,motorboat,12.9,3.85,1.29,4.1,59,61,62,1,2
800,sail,sailboat,15.61,4.98,2.63,9.6,59,61,65,4,2
808,sail,sailboat,9.73,3.13,1.65,2.9,59,62,64,2,3
812,motor,motorboat,15.04,4.28,1.6,0.0,59,62,69,7,3
840,small,motorboat,7.47,2.39,0.8,0.0,59,63,68,5,4
864,motor,motorboat,10.49,3.04,0.98,5.7,59,64,70,6,5
955,motor,motorboat,16.59,4.97,1.62,8.8,59,67,70,3,8
1055,motor,motorboat,10.33,2.93,1.07,4.5,59,71,74,3,12
1104,sail,sailboat,14.01,4.32,2.5,5.4,59,73,77,4,14
1128,motor,motorboat,15.52,4.81,1.38,8.7,59,73,76,3,14
1244,super,yacht,26.21,6.71,2.96,26.0,59,77,91,14,18
1570,super,yacht,22.88,6.5,2.88,31.0,59,88,94,6,29
1723,motor,motorboat,10.0,2.83,1.03,6.9,59,93,114,21,34
1731,small,motorboat,7.56,2.53,0.71,3.4,59,93,100,7,34
1826,sail,sailboat,15.75,5.04,2.87,8.7,59,95,98,3,36
2093,sail,sailboat,16.89,5.59,2.84,0.0,59,103,109,6,44
766,motor,motorboat,11.44,3.29,1.12,6.1,60,60,88,28,0
778,sail,sailboat,10.07,3.29,1.65,4.1,60,60,67,7,0
820,sail,sailboat,12.51,3.79,2.03,4.1,60,62,67,5,2
874,sail,sailboat,12.0,3.74,1.92,0.0,60,65,66,1,5
884,motor,motorboat,18.32,5.1,1.63,10.7,60,65,66,1,5
905,small,motorboat,7.43,2.6,0.76,0.0,60,66,72,6,6
909,sail,sailboat,15.1,4.94,2.71,12.2,60,66,71,5,6
910,small,motorboat,8.97,3.12,0.84,3.5,60,66,69,3,6
951,small,motorboat,6.46,2.29,0.64,0.0,60,67,70,3,7
1073,motor,motorboat,19.47,5.87,1.94,8.1,60,72,79,7,12
1130,super,yacht,25.87,6.64,3.2,0.0,60,73,75,2,13
1151,sail,sailboat,16.09,5.06,2.73,12.0,60,74,76,2,14
1155,small,motorboat,7.19,2.52,0.66,0.0,60,74,78,4,14
1165,motor,motorboat,13.39,4.12,1.18,5.4,60,74,82,8,14
1168,sail,sailboat,13.25,4.45,2.15,4.8,60,74,76,2,14
1381,motor,motorboat,19.49,5.58,1.71,10.7,60,81,84,3,21
1768,small,motorboat,8.26,2.86,0.76,2.8,60,94,99,5,34
1886,sail,sailboat,14.89,4.75,2.62,3.6,60,97,98,1,37
2014,super,yacht,28.41,7.68,3.74,30.9,60,101,108,7,41
2111,sail,sailboat,12.59,4.06,1.89,4.4,60,104,131,27,44
2479,super,yacht,23.78,6.41,2.74,16.0,60,116,123,7,56
2675,small,motorboat,8.18,2.68,0.77,2.3,60,122,128,6,62
3095,motor,motorboat,14.46,4.51,1.47,4.5,60,134,137,3,74
4516,motor,motorboat,16.3,4.95,1.63,6.1,60,187,196,9,127
782,motor,motorboat,15.06,4.34,1.34,7.9,61,61,78,17,0
783,sail,sailboat,14.11,4.29,2.52,5.2,61,61,63,2,0
795,small,motorboat,8.69,2.81,0.84,0.0,61,61,65,4,0
796,small,motorboat,8.0,2.6,0.89,3.1,61,61,64,3,0
798,sail,sailboat,11.71,3.88,2.07,6.8,61,61,65,4,0
804,sail,sailboat,15.85,4.8,2.85,6.0,61,61,64,3,0
809,motor,motorboat,13.44,3.93,1.41,6.6,61,62,63,1,1
811,sail,sailboat,13.49,4.44,2.01,4.7,61,62,87,25,1
827,sail,sailboat,11.5,3.56,1.73,3.9,61,62,64,2,1
830,motor,motorboat,15.23,4.58,1.4,10.3,61,62,75,13,1
859,sail,sailboat,10.64,3.42,1.94,0.0,61,64,94,30,3
886,motor,motorboat,18.25,5.53,1.7,13.6,61,65,66,1,4
899,motor,motorboat,14.19,4.26,1.41,6.5,61,66,70,4,5
931,motor,motorboat,17.14,5.02,1.62,9.1,61,66,76,10,5
939,motor,motorboat,10.2,2.91,0.91,6.9,61,66,67,1,5
941,super,yacht,26.49,7.43,2.99,21.8,61,67,95,28,6
952,sail,sailboat,13.72,4.6,2.37,4.4,61,67,78,11,6
986,motor,motorboat,14.83,4.54,1.56,4.5,61,69,72,3,8
991,super,yacht,25.19,6.84,3.17,26.0,61,69,72,3,8
1006,motor,motorboat,19.3,5.71,1.86,13.1,61,70,72,2,9
1033,sail,sailboat,12.25,3.87,2.04,4.0,61,71,72,1,10
1081,sail,sailboat,10.46,3.17,1.9,0.0,61,72,74,2,11
1119,motor,motorboat,19.7,5.9,1.7,10.5,61,73,80,7,12
1163,small,motorboat,6.29,2.24,0.66,0.0,61,74,80,6,13
1343,sail,sailboat,17.0,5.42,2.61,11.9,61,80,87,7,19
1685,sail,sailboat,14.2,4.34,2.55,0.0,61,92,96,4,31
1970,motor,motorboat,14.19,4.07,1.24,3.5,61,100,101,1,39
2105,motor,motorboat,15.03,4.49,1.48,9.6,61,104,128,24,43
2195,super,yacht,24.08,6.67,2.65,25.3,61,107,109,2,46
2225,sail,sailboat,13.76,4.49,2.16,3.9,61,108,113,5,47
2316,sail,sailboat,14.56,4.84,2.19,4.6,61,110,120,10,49
2421,small,motorboat,7.32,2.6,0.66,3.0,61,114,117,3,53
2530,sail,sailboat,9.58,3.23,1.63,2.3,61,117,125,8,56
846,small,motorboat,9.37,3.03,1.0,0.0,62,63,65,2,1
853,sail,sailboat,15.8,4.84,2.88,0.0,62,64,66,2,2
858,super,yacht,26.69,7.41,3.47,15.4,62,64,75,11,2
861,sail,sailboat,11.81,4.0,1.89,5.9,62,64,73,9,2
914,sail,sailboat,12.86,4.09,2.23,0.0,62,66,69,3,4
938,small,motorboat,8.16,2.77,0.86,0.0,62,66,68,2,4
958,motor,motorboat,17.07,4.77,1.64,13.4,62,67,68,1,5
972,small,motorboat,8.89,3.14,0.96,0.0,62,68,75,7,6
974,sail,sailboat,13.04,4.17,2.2,4.1,62,68,69,1,6
980,motor,motorboat,10.0,2.83,1.02,0.0,62,68,72,4,6
999,sail,sailboat,11.79,3.76,1.9,0.0,62,69,75,6,7
1015,small,motorboat,8.28,2.76,0.86,2.4,62,70,72,2,8
1100,motor,motorboat,12.31,3.77,1.1,6.6,62,73,74,1,11
1101,sail,sailboat,16.17,5.09,2.59,13.0,62,73,76,3,11
1120,sail,sailboat,14.17,4.33,2.4,3.7,62,73,74,1,11
1132,sail,sailboat,11.77,3.86,2.08,4.1,62,73,80,7,11
1191,motor,motorboat,15.82,4.68,1.66,0.0,62,75,82,7,13
1195,sail,sailboat,10.8,3.52,1.94,4.0,62,75,77,2,13
1196,small,motorboat,6.7,2.21,0.67,2.4,62,75,77,2,13
1208,sail,sailboat,10.5,3.43,1.64,4.7,62,76,79,3,14
1408,motor,motorboat,15.85,4.86,1.47,13.4,62,82,86,4,20
1580,sail,sailboat,13.9,4.27,2.5,6.4,62,88,93,5,26
1595,super,yacht,22.98,5.96,2.56,24.0,62,88,104,16,26
1852,sail,sailboat,9.83,3.02,1.68,3.3,62,96,99,3,34
2164,small,motorboat,6.31,2.08,0.67,2.3,62,106,109,3,44
2623,sail,sailboat,13.49,4.16,2.07,4.4,62,121,123,2,59
3082,sail,sailboat,13.53,4.08,2.13,5.6,62,134,139,5,72
3435,sail,sailboat,13.61,4.3,2.47,4.4,62,143,148,5,81
3449,super,yacht,28.1,7.56,3.69,12.7,62,143,149,6,81
3809,super,yacht,22.84,6.02,2.98,22.7,62,154,156,2,92
843,sail,sailboat,13.17,4.15,2.14,5.6,63,63,64,1,0
844,motor,motorboat,14.99,4.49,1.56,5.2,63,63,67,4,0
860,motor,motorboat,13.66,3.84,1.26,6.8,63,64,65,1,1
867,motor,motorboat,14.08,3.99,1.44,5.5,63,64,66,2,1
868,sail,sailboat,9.5,3.15,1.52,3.0,63,64,66,2,1
872,motor,motorboat,11.4,3.46,1.08,4.1,63,64,87,23,1
879,super,yacht,20.7,5.73,2.6,21.5,63,65,68,3,2
882,sail,sailboat,15.1,4.79,2.74,7.6,63,65,72,7,2
891,small,motorboat,8.82,2.89,0.92,0.0,63,65,72,7,2
896,motor,motorboat,13.93,4.12,1.47,5.8,63,65,68,3,2
928,super,yacht,20.89,5.92,2.48,38.2,63,66,69,3,3
971,sail,sailboat,12.18,3.87,1.82,6.0,63,68,70,2,5
1021,motor,motorboat,12.5,3.82,1.17,0.0,63,70,82,12,7
1028,motor,motorboat,15.27,4.58,1.5,8.8,63,71,74,3,8
1037,super,yacht,21.74,6.2,2.87,17.3,63,71,72,1,8
1066,sail,sailboat,13.3,4.49,2.39,0.0,63,72,83,11,9
1072,small,motorboat,9.3,3.32,0.97,2.8,63,72,73,1,9
1085,small,motorboat,7.04,2.26,0.65,0.0,63,72,75,3,9
1139,super,yacht,20.4,5.4,2.53,16.5,63,74,77,3,11
1160,sail,sailboat,14.24,4.63,2.27,6.2,63,74,78,4,11
1178,sail,sailboat,12.18,3.96,1.84,5.1,63,74,76,2,11
1201,sail,sailboat,11.0,3.47,1.79,0.0,63,75,81,6,12
1216,motor,motorboat,14.38,4.17,1.48,4.0,63,76,78,2,13
1225,sail,sailboat,14.52,4.88,2.3,0.0,63,76,78,2,13
1243,sail,sailboat,14.78,4.95,2.5,3.5,63,77,80,3,14
1741,sail,sailboat,13.5,4.5,2.22,4.8,63,93,95,2,30
1817,sail,sailboat,10.45,3.43,1.61,4.1,63,95,98,3,32
2077,motor,motorboat,18.33,5.44,1.85,12.5,63,103,107,4,40
2162,small,motorboat,9.15,3.16,0.96,3.4,63,106,107,1,43
2219,motor,motorboat,16.86,4.85,1.58,13.4,63,108,110,2,45
2396,sail,sailboat,9.5,2.99,1.5,3.0,63,113,125,12,50
2406,sail,sailboat,9.76,3.15,1.56,0.0,63,114,117,3,51
2462,super,yacht,27.83,7.21,3.57,29.1,63,115,116,1,52
2558,sail,sailboat,14.45,4.47,2.44,6.5,63,118,121,3,55
2618,sail,sailboat,11.34,3.58,1.87,0.0,63,121,124,3,58
3098,super,yacht,26.03,7.44,3.46,19.4,63,134,146,12,71
851,small,motorboat,7.7,2.56,0.86,0.0,64,64,69,5,0
855,small,motorboat,7.34,2.45,0.68,0.0,64,64,70,6,0
892,small,motorboat,6.44,2.1,0.6,0.0,64,65,77,12,1
900,motor,motorboat,16.22,4.96,1.46,11.5,64,66,69,3,2
903,sail,sailboat,16.14,4.9,2.77,13.9,64,66,72,6,2
904,small,motorboat,8.47,2.8,0.93,2.6,64,66,71,5,2
927,sail,sailboat,10.69,3.4,1.86,3.7,64,66,67,1,2
957,sail,sailboat,9.5,2.9,1.61,0.0,64,67,73,6,3
1141,sail,sailboat,12.31,3.84,2.17,4.5,64,74,77,3,10
1153,sail,sailboat,12.54,4.24,2.05,4.0,64,74,75,1,10
1158,motor,motorboat,12.15,3.79,1.13,6.5,64,74,85,11,10
1170,sail,sailboat,11.34,3.44,1.96,0.0,64,74,76,2,10
1217,sail,sailboat,13.72,4.23,2.16,6.9,64,76,77,1,12
1535,sail,sailboat,15.69,5.26,2.64,7.7,64,87,90,3,23
1917,motor,motorboat,13.04,3.89,1.14,6.8,64,98,101,3,34
2088,super,yacht,20.64,5.86,2.66,34.8,64,103,107,4,39
2574,sail,sailboat,11.73,3.65,2.08,4.3,64,119,126,7,55
3969,sail,sailboat,13.3,4.44,2.38,0.0,64,161,175,14,97
4098,small,motorboat,6.96,2.34,0.66,3.3,64,166,168,2,102
4503,super,yacht,28.85,8.23,3.2,31.2,64,186,188,2,122
4551,super,yacht,23.33,6.17,2.87,29.4,64,191,194,3,127
919,sail,sailboat,9.66,2.91,1.76,2.7,65,66,69,3,1
925,small,motorboat,7.5,2.43,0.74,2.7,65,66,67,1,1
943,sail,sailboat,11.22,3.73,1.73,5.8,65,67,69,2,2
944,sail,sailboat,14.41,4.52,2.24,4.8,65,67,70,3,2
950,sail,sailboat,9.5,2.87,1.7,2.9,65,67,72,5,2
953,sail,sailboat,13.64,4.25,2.23,4.3,65,67,68,1,2
968,sail,sailboat,11.05,3.73,1.86,6.7,65,67,73,6,2
995,sail,sailboat,10.56,3.41,1.62,6.7,65,69,71,2,4
996,super,yacht,26.53,7.37,3.16,23.4,65,69,81,12,4
1048,sail,sailboat,13.58,4.39,2.37,0.0,65,71,96,25,6
1058,sail,sailboat,12.44,3.85,2.07,0.0,65,72,77,5,7
1077,sail,sailboat,11.08,3.48,1.86,3.8,65,72,74,2,7
1102,sail,sailboat,12.7,4.22,2.13,5.4,65,73,77,4,8
1111,motor,motorboat,11.4,3.21,1.06,5.3,65,73,78,5,8
1125,small,motorboat,8.96,2.93,0.82,0.0,65,73,74,1,8
1189,motor,motorboat,18.29,5.68,1.64,8.1,65,75,101,26,10
1212,sail,sailboat,13.9,4.35,2.07,4.3,65,76,79,3,11
1223,super,yacht,21.15,5.81,2.75,26.5,65,76,90,14,11
1274,motor,motorboat,13.02,3.98,1.18,4.6,65,78,79,1,13
1362,sail,sailboat,12.06,3.96,1.79,4.4,65,80,86,6,15
1389,sail,sailboat,12.35,4.07,2.15,3.8,65,81,83,2,16
1643,motor,motorboat,20.71,6.33,2.03,17.8,65,90,104,14,25
2218,small,motorboat,7.79,2.75,0.79,2.7,65,108,111,3,43
2450,sail,sailboat,11.49,3.79,2.09,6.5,65,115,120,5,50
2523,sail,sailboat,13.05,4.18,2.38,5.2,65,117,122,5,52
2723,motor,motorboat,13.98,4.16,1.38,5.5,65,123,129,6,58
2876,motor,motorboat,14.78,4.22,1.35,4.1,65,128,131,3,63
3034,motor,motorboat,16.46,4.62,1.61,11.0,65,132,135,3,67
4001,small,motorboat,7.6,2.69,0.7,2.3,65,162,167,5,97
912,small,motorboat,7.08,2.36,0.74,0.0,66,66,67,1,0
935,sail,sailboat,12.06,3.9,2.09,0.0,66,66,81,15,0
937,sail,sailboat,17.0,5.25,2.57,8.7,66,66,68,2,0
946,super,yacht,20.78,5.36,2.25,36.7,66,67,73,6,1
948,motor,motorboat,13.68,4.27,1.18,5.0,66,67,68,1,1
964,motor,motorboat,13.8,3.93,1.39,5.6,66,67,69,2,1
973,small,motorboat,7.89,2.61,0.88,3.2,66,68,75,7,2
1010,motor,motorboat,12.58,3.62,1.33,4.1,66,70,96,26,4
1020,sail,sailboat,13.53,4.23,2.25,0.0,66,70,78,8,4
1023,motor,motorboat,14.33,4.18,1.37,0.0,66,70,73,3,4
1049,motor,motorboat,10.0,2.95,0.96,3.4,66,71,77,6,5
1064,super,yacht,21.91,6.09,2.78,39.9,66,72,77,5,6
1078,motor,motorboat,18.59,5.8,1.68,11.3,66,72,73,1,6
1095,sail,sailboat,13.68,4.25,2.48,6.9,66,73,87,14,7
1144,motor,motorboat,15.47,4.34,1.52,6.8,66,74,80,6,8
1197,sail,sailboat,10.34,3.47,1.67,0.0,66,75,82,7,9
1240,small,motorboat,7.86,2.66,0.86,0.0,66,77,80,3,11
1324,super,yacht,27.35,7.08,3.07,40.0,66,80,82,2,14
1568,motor,motorboat,14.54,4.3,1.51,3.1,66,88,99,11,22
1637,super,yacht,20.39,5.76,2.23,34.8,66,90,96,6,24
2347,super,yacht,21.06,5.42,2.31,18.8,66,111,112,1,45
2509,super,yacht,22.82,5.9,3.02,35.8,66,116,127,11,50
2522,sail,sailboat,10.38,3.45,1.61,4.8,66,117,124,7,51
2643,motor,motorboat,18.9,5.71,1.81,0.0,66,121,123,2,55
2731,super,yacht,24.76,6.45,2.72,23.4,66,123,129,6,57
2749,sail,sailboat,11.11,3.36,1.79,5.1,66,124,132,8,58
2768,super,yacht,27.99,7.68,3.28,25.6,66,124,131,7,58
947,small,motorboat,8.24,2.69,0.83,2.7,67,67,70,3,0
954,motor,motorboat,15.56,4.33,1.5,0.0,67,67,69,2,0
970,sail,sailboat,14.78,4.76,2.24,4.8,67,67,68,1,0
975,motor,motorboat,16.77,5.06,1.55,13.9,67,68,70,2,1
998,sail,sailboat,13.0,4.16,1.97,0.0,67,69,92,23,2
1001,sail,sailboat,10.32,3.45,1.68,0.0,67,69,72,3,2
1016,motor,motorboat,10.0,3.05,0.9,5.3,67,70,73,3,3
1068,small,motorboat,6.79,2.39,0.71,0.0,67,72,74,2,5
1083,super,yacht,21.65,6.12,2.63,37.3,67,72,77,5,5
1089,small,motorboat,6.56,2.16,0.66,3.3,67,72,75,3,5
1112,small,motorboat,7.33,2.62,0.66,0.0,67,73,80,7,6
1118,motor,motorboat,14.09,3.93,1.33,5.7,67,73,80,7,6
1239,motor,motorboat,11.11,3.32,1.07,3.5,67,77,83,6,10
1256,motor,motorboat,15.28,4.48,1.33,10.2,67,77,79,2,10
1266,motor,motorboat,15.11,4.68,1.32,6.9,67,78,82,4,11
1284,motor,motorboat,15.82,4.64,1.38,8.9,67,78,88,10,11
1300,small,motorboat,7.34,2.63,0.76,0.0,67,79,85,6,12
1309,motor,motorboat,12.19,3.52,1.29,5.5,67,79,83,4,12
1326,motor,motorboat,18.46,5.28,1.86,0.0,67,80,86,6,13
1352,motor,motorboat,14.43,4.31,1.48,5.4,67,80,107,27,13
1363,sail,sailboat,9.87,3.31,1.52,2.6,67,81,82,1,14
1390,sail,sailboat,13.98,4.36,2.12,0.0,67,81,84,3,14
1680,super,yacht,20.32,5.66,2.59,16.3,67,91,93,2,24
1818,sail,sailboat,11.58,3.61,2.01,5.3,67,95,96,1,28
1997,motor,motorboat,15.57,4.58,1.6,12.3,67,101,107,6,34
2099,small,motorboat,8.02,2.73,0.82,2.2,67,104,109,5,37
2322,sail,sailboat,12.42,4.15,1.92,0.0,67,111,112,1,44
2420,motor,motorboat,17.15,5.28,1.76,11.8,67,114,121,7,47
2721,super,yacht,24.47,7.0,3.17,23.0,67,123,124,1,56
2727,sail,sailboat,12.83,3.9,2.23,3.9,67,123,133,10,56
3081,motor,motorboat,16.84,4.83,1.63,9.6,67,134,138,4,67
978,sail,sailboat,9.5,2.95,1.55,0.0,68,68,75,7,0
979,motor,motorboat,16.58,4.9,1.72,6.8,68,68,69,1,0
1002,sail,sailboat,9.52,3.07,1.68,2.4,68,69,77,8,1
1014,small,motorboat,7.92,2.74,0.82,2.7,68,70,76,6,2
1022,sail,sailboat,11.43,3.83,1.94,6.3,68,70,75,5,2
1024,sail,sailboat,11.38,3.76,1.99,4.7,68,70,75,5,2
1027,sail,sailboat,12.74,4.29,2.1,5.4,68,70,72,2,2
1057,sail,sailboat,13.71,4.58,2.18,6.0,68,71,77,6,3
1067,sail,sailboat,16.62,5.34,2.73,0.0,68,72,74,2,4
1092,motor,motorboat,14.31,4.4,1.47,5.8,68,73,86,13,5
1099,motor,motorboat,16.22,5.05,1.66,8.9,68,73,75,2,5
1184,sail,sailboat,10.6,3.28,1.64,6.4,68,75,76,1,7
1245,motor,motorboat,10.0,2.99,1.04,4.3,68,77,84,7,9
1251,sail,sailboat,11.01,3.62,1.85,0.0,68,77,79,2,9
1298,small,motorboat,8.62,2.8,0.84,2.6,68,79,91,12,11
1376,small,motorboat,8.8,2.85,0.93,2.4,68,81,84,3,13
1379,motor,motorboat,15.42,4.81,1.38,0.0,68,81,93,12,13
1546,motor,motorboat,12.34,3.42,1.26,0.0,68,87,99,12,19
1661,super,yacht,23.93,6.26,2.85,12.4,68,91,94,3,23
1743,sail,sailboat,11.89,3.99,1.86,0.0,68,93,97,4,25
1749,small,motorboat,9.04,3.0,0.98,2.0,68,94,107,13,26
2198,motor,motorboat,17.17,5.04,1.5,6.4,68,107,108,1,39
2581,small,motorboat,6.8,2.24,0.61,3.4,68,119,127,8,51
2886,motor,motorboat,12.2,3.71,1.28,4.7,68,128,135,7,60
3148,sail,sailboat,9.9,3.2,1.67,2.7,68,136,139,3,68
989,super,yacht,20.8,5.64,2.46,14.8,69,69,71,2,0
1011,sail,sailboat,11.25,3.54,1.8,0.0,69,70,79,9,1
1030,motor,motorboat,10.19,3.06,1.04,6.4,69,71,73,2,2
1041,motor,motorboat,13.01,3.62,1.32,4.6,69,71,73,2,2
1042,motor,motorboat,10.45,3.2,0.89,4.2,69,71,72,1,2
1050,small,motorboat,6.84,2.31,0.7,2.6,69,71,75,4,2
1051,motor,motorboat,12.18,3.69,1.22,3.9,69,71,74,3,2
1054,sail,sailboat,15.14,5.06,2.57,0.0,69,71,77,6,2
1105,motor,motorboat,12.49,3.62,1.13,6.4,69,73,79,6,4
1172,motor,motorboat,10.0,2.87,1.01,7.0,69,74,87,13,5
1369,sail,sailboat,16.64,5.37,2.54,0.0,69,81,82,1,12
1392,sail,sailboat,11.73,3.54,2.09,5.8,69,81,87,6,12
1395,motor,motorboat,21.02,6.23,2.1,28.4,69,81,87,6,12
1426,motor,motorboat,14.9,4.26,1.58,6.3,69,82,84,2,13
1480,motor,motorboat,17.83,5.26,1.72,12.0,69,85,89,4,16
1484,super,yacht,23.8,6.73,2.99,27.8,69,85,96,11,16
1785,motor,motorboat,16.75,4.8,1.72,7.2,69,94,98,4,25
1794,small,motorboat,6.22,2.15,0.68,0.0,69,94,106,12,25
1905,sail,sailboat,15.21,5.1,2.42,0.0,69,98,101,3,29
1985,sail,sailboat,12.87,4.23,2.08,0.0,69,101,106,5,32
2023,super,yacht,20.29,5.8,2.52,20.4,69,102,105,3,33
2275,super,yacht,23.48,6.69,2.9,15.8,69,109,110,1,40
2283,sail,sailboat,11.36,3.82,1.76,0.0,69,109,116,7,40
2309,small,motorboat,8.69,3.03,0.86,0.0,69,110,111,1,41
2311,motor,motorboat,17.26,5.32,1.66,12.4,69,110,112,2,41
2676,sail,sailboat,9.92,3.01,1.77,3.1,69,122,125,3,53
1013,sail,sailboat,11.46,3.53,1.99,5.8,70,70,72,2,0
1034,small,motorboat,8.48,2.84,0.87,0.0,70,71,72,1,1
1035,motor,motorboat,11.63,3.35,1.11,4.8,70,71,76,5,1
1036,super,yacht,25.22,6.44,3.15,16.8,70,71,72,1,1
1038,sail,sailboat,14.16,4.49,2.2,3.7,70,71,79,8,1
1040,motor,motorboat,16.85,5.24,1.54,11.8,70,71,75,4,1
1043,motor,motorboat,13.35,4.13,1.17,5.1,70,71,74,3,1
1045,motor,motorboat,16.65,4.78,1.56,7.4,70,71,73,2,1
1056,sail,sailboat,14.19,4.54,2.19,0.0,70,71,72,1,1
1065,sail,sailboat,14.95,4.79,2.32,5.6,70,72,74,2,2
1080,motor,motorboat,18.57,5.46,1.87,13.3,70,72,74,2,2
1123,sail,sailboat,12.99,3.96,2.4,3.7,70,73,80,7,3
1200,sail,sailboat,12.7,4.05,1.95,6.9,70,75,78,3,5
1261,small,motorboat,6.43,2.25,0.59,2.2,70,77,84,7,7
1358,super,yacht,23.38,6.45,2.56,20.6,70,80,84,4,10
1371,motor,motorboat,16.64,5.13,1.55,7.0,70,81,87,6,11
1407,motor,motorboat,17.36,5.08,1.55,12.8,70,82,94,12,12
1418,sail,sailboat,14.72,4.93,2.68,4.3,70,82,83,1,12
1807,small,motorboat,9.31,3.1,0.9,0.0,70,95,97,2,25
1865,super,yacht,25.09,7.05,2.76,27.6,70,96,97,1,26
1951,sail,sailboat,12.35,3.86,2.04,0.0,70,100,104,4,30
2292,motor,motorboat,14.12,4.02,1.25,6.7,70,110,117,7,40
2357,sail,sailboat,12.34,4.07,2.22,3.4,70,112,124,12,42
2455,sail,sailboat,10.85,3.62,1.67,4.4,70,115,118,3,45
2812,small,motorboat,7.97,2.68,0.88,0.0,70,126,130,4,56
2844,sail,sailboat,13.04,4.18,2.22,6.0,70,127,129,2,57
2858,sail,sailboat,11.02,3.38,1.92,5.4,70,127,130,3,57
3464,motor,motorboat,14.4,4.02,1.34,0.0,70,144,146,2,74
1031,sail,sailboat,14.87,4.96,2.44,6.2,71,71,74,3,0
1044,motor,motorboat,13.15,4.02,1.32,0.0,71,71,73,2,0
1062,small,motorboat,8.28,2.85,0.89,2.1,71,72,73,1,1
1063,sail,sailboat,15.39,5.07,2.43,0.0,71,72,75,3,1
1070,small,motorboat,7.97,2.64,0.79,0.0,71,72,81,9,1
1079,small,motorboat,7.44,2.55,0.83,0.0,71,72,82,10,1
1096,motor,motorboat,17.28,4.82,1.71,10.7,71,73,77,4,2
1097,sail,sailboat,15.22,4.6,2.65,12.3,71,73,75,2,2
1116,sail,sailboat,10.71,3.31,1.73,6.0,71,73,80,7,2
1122,motor,motorboat,15.27,4.26,1.5,0.0,71,73,79,6,2
1221,sail,sailboat,12.54,4.15,1.93,0.0,71,76,78,2,5
1279,small,motorboat,8.37,2.82,0.9,2.2,71,78,82,4,7
1321,sail,sailboat,9.5,3.11,1.45,2.6,71,79,92,13,8
1384,motor,motorboat,10.89,3.23,1.0,6.1,71,81,95,14,10
1411,motor,motorboat,13.0,3.81,1.14,6.3,71,82,84,2,11
1415,sail,sailboat,10.93,3.4,2.01,4.4,71,82,87,5,11
1417,sail,sailboat,13.67,4.58,2.4,5.9,71,82,88,6,11
1423,motor,motorboat,12.26,3.73,1.14,3.2,71,82,89,7,11
1427,sail,sailboat,14.75,4.81,2.37,6.4,71,82,85,3,11
1449,motor,motorboat,10.0,2.85,0.92,4.3,71,84,89,5,13
1482,sail,sailboat,12.73,4.05,2.16,3.1,71,85,87,2,14
1860,motor,motorboat,16.21,4.67,1.68,7.2,71,96,98,2,25
2201,small,motorboat,8.55,2.93,0.9,2.4,71,107,112,5,36
2468,sail,sailboat,14.98,4.81,2.53,3.8,71,115,116,1,44
2583,sail,sailboat,12.89,4.0,2.08,3.9,71,119,120,1,48
2679,sail,sailboat,15.1,4.82,2.6,7.0,71,122,124,2,51
2695,super,yacht,22.16,6.18,2.86,24.2,71,123,149,26,52
2846,sail,sailboat,10.27,3.25,1.85,5.3,71,127,128,1,56
3011,small,motorboat,8.3,2.75,0.87,0.0,71,131,132,1,60
4213,sail,sailboat,16.91,5.5,2.78,10.9,71,171,176,5,100
4255,sail,sailboat,12.46,3.83,1.88,0.0,71,173,178,5,102
1069,sail,sailboat,15.28,4.65,2.59,13.2,72,72,74,2,0
1084,sail,sailboat,11.1,3.64,1.66,6.8,72,72,81,9,0
1121,sail,sailboat,12.55,3.99,2.19,4.6,72,73,76,3,1
1127,motor,motorboat,14.14,4.1,1.43,5.6,72,73,78,5,1
1133,sail,sailboat,15.89,5.32,2.74,8.0,72,73,77,4,1
1142,sail,sailboat,9.91,3.25,1.63,3.2,72,74,76,2,2
1154,sail,sailboat,16.76,5.44,2.87,13.5,72,74,82,8,2
1159,small,motorboat,9.47,3.24,0.97,3.1,72,74,76,2,2
1166,motor,motorboat,18.06,5.55,1.68,0.0,72,74,77,3,2
1241,small,motorboat,7.46,2.45,0.7,2.7,72,77,78,1,5
1273,sail,sailboat,12.26,3.99,1.87,0.0,72,78,80,2,6
1334,motor,motorboat,19.94,5.81,1.95,7.2,72,80,82,2,8
1388,sail,sailboat,12.11,4.02,2.1,4.2,72,81,82,1,9
1460,super,yacht,25.31,6.55,2.93,24.1,72,84,86,2,12
1490,motor,motorboat,11.98,3.51,1.12,0.0,72,85,88,3,13
1516,sail,sailboat,13.66,4.49,2.38,5.1,72,86,87,1,14
1675,motor,motorboat,17.99,5.59,1.88,12.3,72,91,92,1,19
1677,sail,sailboat,13.15,4.25,2.26,5.5,72,91,93,2,19
2228,motor,motorboat,15.44,4.31,1.32,0.0,72,108,123,15,36
2274,super,yacht,25.95,6.87,3.4,21.6,72,109,110,1,37
2428,motor,motorboat,14.4,4.42,1.5,6.6,72,114,121,7,42
2551,super,yacht,27.68,7.12,3.64,17.9,72,118,119,1,46
3699,super,yacht,22.18,5.88,2.77,29.8,72,150,155,5,78
4767,motor,motorboat,13.05,4.04,1.28,4.3,72,212,213,1,140
1091,sail,sailboat,11.84,3.61,1.81,5.8,73,73,76,3,0
1094,sail,sailboat,13.7,4.49,2.08,3.5,73,73,75,2,0
1098,sail,sailboat,17.0,5.48,3.1,9.8,73,73,76,3,0
1106,motor,motorboat,14.65,4.57,1.39,0.0,73,73,76,3,0
1110,sail,sailboat,14.94,4.55,2.46,5.2,73,73,87,14,0
1124,motor,motorboat,13.74,4.11,1.25,4.4,73,73,74,1,0
1145,motor,motorboat,19.18,5.46,1.69,9.6,73,74,76,2,1
1150,sail,sailboat,13.26,4.07,2.16,6.6,73,74,81,7,1
1175,motor,motorboat,15.18,4.68,1.55,9.1,73,74,79,5,1
1186,sail,sailboat,15.68,4.89,2.5,8.0,73,75,77,2,2
1187,sail,sailboat,11.76,3.91,2.16,6.3,73,75,76,1,2
1188,small,motorboat,9.5,3.19,0.96,0.0,73,75,85,10,2
1190,sail,sailboat,17.0,5.64,2.73,9.6,73,75,78,3,2
1199,motor,motorboat,13.89,4.25,1.2,6.6,73,75,81,6,2
1207,sail,sailboat,16.18,5.36,2.65,13.4,73,76,82,6,3
1233,motor,motorboat,11.51,3.48,1.2,5.1,73,77,80,3,4
1254,sail,sailboat,16.76,5.09,2.82,13.9,73,77,102,25,4
1262,motor,motorboat,17.44,4.98,1.82,7.5,73,78,91,13,5
1267,sail,sailboat,17.0,5.47,3.1,8.9,73,78,81,3,5
1285,sail,sailboat,13.53,4.28,2.45,0.0,73,78,81,3,5
1313,motor,motorboat,10.31,3.22,1.04,6.5,73,79,84,5,6
1386,motor,motorboat,11.41,3.33,1.21,5.4,73,81,92,11,8
1405,sail,sailboat,14.61,4.46,2.39,5.0,73,82,87,5,9
1475,small,motorboat,8.94,3.06,0.92,0.0,73,85,88,3,12
1483,sail,sailboat,17.0,5.22,3.01,7.0,73,85,94,9,12
1553,super,yacht,27.94,7.99,3.6,27.7,73,87,100,13,14
1588,sail,sailboat,15.33,4.9,2.75,6.3,73,88,91,3,15
1681,sail,sailboat,10.14,3.15,1.81,0.0,73,91,92,1,18
1780,sail,sailboat,13.36,4.16,2.22,0.0,73,94,95,1,21
1808,small,motorboat,8.94,3.12,0.84,2.1,73,95,98,3,22
2104,motor,motorboat,13.97,4.22,1.3,0.0,73,104,113,9,31
2121,sail,sailboat,11.72,3.66,1.92,6.9,73,105,125,20,32
2654,super,yacht,24.58,6.27,2.9,20.6,73,122,125,3,49
2668,motor,motorboat,14.03,3.91,1.35,5.5,73,122,125,3,49
2879,sail,sailboat,14.62,4.59,2.45,5.0,73,128,132,4,55
2910,motor,motorboat,13.92,4.18,1.29,5.5,73,129,130,1,56
2955,super,yacht,27.95,7.71,3.64,39.7,73,130,132,2,57
3151,sail,sailboat,12.95,4.18,2.06,4.9,73,136,141,5,63
1137,motor,motorboat,13.74,3.85,1.42,0.0,74,74,78,4,0
1138,sail,sailboat,12.64,3.9,1.99,6.4,74,74,80,6,0
1148,motor,motorboat,10.0,3.13,0.94,5.9,74,74,79,5,0
1152,sail,sailboat,14.52,4.62,2.22,0.0,74,74,76,2,0
1167,motor,motorboat,20.7,5.91,2.07,24.6,74,74,77,3,0
1171,small,motorboat,6.47,2.24,0.69,3.3,74,74,85,11,0
1174,sail,sailboat,13.14,4.17,2.05,6.7,74,74,75,1,0
1181,small,motorboat,6.54,2.18,0.73,0.0,74,75,81,6,1
1192,sail,sailboat,12.52,4.02,2.29,3.7,74,75,82,7,1
1198,motor,motorboat,17.55,4.95,1.54,12.6,74,75,77,2,1
1202,sail,sailboat,13.04,4.31,2.35,4.2,74,75,78,3,1
1206,motor,motorboat,15.81,4.9,1.55,13.2,74,75,82,7,1
1209,small,motorboat,7.67,2.65,0.74,0.0,74,76,104,28,2
1213,sail,sailboat,14.14,4.34,2.42,3.5,74,76,89,13,2
1214,small,motorboat,6.22,2.13,0.64,3.0,74,76,79,3,2
1224,sail,sailboat,13.42,4.04,2.34,4.0,74,76,80,4,2
1226,sail,sailboat,13.22,4.34,2.11,0.0,74,76,79,3,2
1229,motor,motorboat,12.75,3.83,1.3,4.6,74,76,77,1,2
1259,sail,sailboat,14.96,4.83,2.32,6.8,74,77,79,2,3
1263,motor,motorboat,13.24,3.7,1.32,0.0,74,78,80,2,4
1264,sail,sailboat,15.38,4.78,2.67,0.0,74,78,80,2,4
1357,small,motorboat,6.08,2.14,0.6,3.4,74,80,89,9,6
1366,super,yacht,20.07,5.45,2.17,22.1,74,81,83,2,7
1434,sail,sailboat,12.58,4.08,2.23,3.3,74,83,86,3,9
1466,motor,motorboat,17.15,5.0,1.79,10.2,74,84,85,1,10
1472,sail,sailboat,14.36,4.77,2.34,3.1,74,85,86,1,11
1508,motor,motorboat,14.87,4.36,1.49,0.0,74,86,88,2,12
1510,sail,sailboat,11.77,3.98,1.83,3.9,74,86,110,24,12
1542,motor,motorboat,21.14,6.17,1.82,38.3,74,87,90,3,13
1593,super,yacht,25.74,7.06,3.3,12.6,74,88,89,1,14
1928,super,yacht,22.77,5.84,2.93,31.0,74,99,100,1,25
2090,small,motorboat,7.24,2.61,0.69,2.1,74,103,106,3,29
2217,motor,motorboat,13.17,3.8,1.38,5.2,74,108,109,1,34
2545,sail,sailboat,17.0,5.19,3.04,0.0,74,118,125,7,44
2839,sail,sailboat,13.98,4.42,2.12,4.8,74,127,129,2,53
1185,sail,sailboat,13.33,4.26,2.0,0.0,75,75,82,7,0
1193,sail,sailboat,11.67,3.93,1.9,4.8,75,75,89,14,0
1205,motor,motorboat,14.42,4.47,1.35,4.2,75,75,79,4,0
1215,small,motorboat,6.95,2.37,0.73,0.0,75,76,80,4,1
1227,sail,sailboat,10.16,3.11,1.65,6.8,75,76,78,2,1
1230,sail,sailboat,13.07,4.38,1.97,0.0,75,76,77,1,1
1237,sail,sailboat,14.89,4.61,2.63,6.4,75,77,99,22,2
1250,motor,motorboat,16.14,4.81,1.5,8.8,75,77,83,6,2
1258,sail,sailboat,14.34,4.44,2.46,0.0,75,77,79,2,2
1271,small,motorboat,7.83,2.66,0.82,2.7,75,78,108,30,3
1277,sail,sailboat,11.85,3.73,1.87,4.7,75,78,81,3,3
1317,sail,sailboat,11.14,3.72,1.71,6.3,75,79,81,2,4
1319,sail,sailboat,11.16,3.53,2.02,6.6,75,79,83,4,4
1328,motor,motorboat,15.22,4.28,1.54,10.9,75,80,94,14,5
1368,motor,motorboat,12.74,3.57,1.3,5.8,75,81,87,6,6
1393,sail,sailboat,14.73,4.59,2.68,5.8,75,81,84,3,6
1436,motor,motorboat,14.87,4.64,1.38,6.8,75,83,84,1,8
1512,motor,motorboat,21.65,6.01,2.02,38.8,75,86,115,29,11
1571,super,yacht,28.15,7.66,3.74,16.2,75,88,95,7,13
1577,sail,sailboat,13.0,4.05,2.13,0.0,75,88,90,2,13
1627,super,yacht,26.03,7.36,2.98,19.7,75,90,91,1,15
1882,small,motorboat,6.34,2.11,0.61,3.2,75,97,104,7,22
1939,motor,motorboat,14.77,4.28,1.36,4.1,75,99,100,1,24
2045,super,yacht,22.62,5.8,2.68,15.9,75,102,104,2,27
2247,motor,motorboat,17.69,4.92,1.63,13.7,75,108,121,13,33
2714,sail,sailboat,14.37,4.52,2.15,0.0,75,123,126,3,48
2752,sail,sailboat,13.96,4.62,2.18,5.6,75,124,125,1,49
2788,sail,sailboat,10.27,3.11,1.59,4.3,75,125,128,3,50
2850,sail,sailboat,13.03,4.08,2.12,6.6,75,127,144,17,52
3058,motor,motorboat,16.33,4.53,1.59,12.7,75,133,153,20,58
3378,sail,sailboat,12.99,4.3,2.14,5.1,75,142,143,1,67
1220,sail,sailboat,9.5,3.02,1.54,3.2,76,76,84,8,0
1222,sail,sailboat,16.26,5.5,2.64,0.0,76,76,79,3,0
1232,motor,motorboat,12.56,3.54,1.24,3.2,76,76,77,1,0
1253,sail,sailboat,12.13,3.92,2.15,6.8,76,77,80,3,1
1255,sail,sailboat,14.78,4.78,2.62,6.2,76,77,90,13,1
1302,motor,motorboat,17.43,5.23,1.52,7.2,76,79,86,7,3
1305,motor,motorboat,10.0,2.85,1.05,3.6,76,79,82,3,3
1373,small,motorboat,9.5,3.25,1.0,0.0,76,81,84,3,5
1374,sail,sailboat,10.35,3.48,1.69,3.5,76,81,85,4,5
1387,motor,motorboat,15.28,4.39,1.58,0.0,76,81,84,3,5
1416,sail,sailboat,14.58,4.82,2.6,5.8,76,82,84,2,6
1549,sail,sailboat,13.72,4.41,2.32,0.0,76,87,91,4,11
1551,motor,motorboat,17.56,5.26,1.79,8.1,76,87,89,2,11
1572,small,motorboat,8.29,2.98,0.86,0.0,76,88,106,18,12
1641,sail,sailboat,12.2,4.12,1.93,6.7,76,90,97,7,14
1702,motor,motorboat,10.0,2.95,0.94,5.9,76,92,97,5,16
1822,motor,motorboat,10.73,3.0,1.14,4.5,76,95,98,3,19
1967,motor,motorboat,15.95,4.46,1.58,11.9,76,100,102,2,24
1990,sail,sailboat,9.5,3.13,1.51,2.2,76,101,106,5,25
2458,motor,motorboat,11.51,3.45,1.22,6.3,76,115,122,7,39
2533,sail,sailboat,11.04,3.39,1.74,0.0,76,117,120,3,41
2548,sail,sailboat,12.11,3.75,2.24,5.3,76,118,120,2,42
2557,sail,sailboat,9.5,2.89,1.57,2.8,76,118,124,6,42
4041,motor,motorboat,13.11,3.92,1.18,4.5,76,164,169,5,88
4424,small,motorboat,8.38,2.69,0.91,3.1,76,180,187,7,104
4674,small,motorboat,7.97,2.57,0.86,0.0,76,203,204,1,127
1234,sail,sailboat,16.28,5.27,2.78,7.1,77,77,79,2,0
1235,sail,sailboat,17.0,5.52,2.99,10.2,77,77,80,3,0
1238,motor,motorboat,13.94,4.0,1.36,5.9,77,77,78,1,0
1242,sail,sailboat,9.5,3.07,1.71,2.9,77,77,82,5,0
1246,motor,motorboat,18.86,5.31,1.95,11.8,77,77,80,3,0
1270,sail,sailboat,12.34,4.08,2.04,4.8,77,78,85,7,1
1272,sail,sailboat,15.61,5.02,2.55,13.2,77,78,82,4,1
1275,motor,motorboat,15.09,4.59,1.6,13.6,77,78,85,7,1
1276,super,yacht,21.1,5.82,2.29,26.0,77,78,81,3,1
1278,motor,motorboat,11.34,3.23,0.98,3.2,77,78,80,2,1
1281,sail,sailboat,10.53,3.19,1.73,0.0,77,78,81,3,1
1291,sail,sailboat,16.28,5.45,2.75,10.8,77,79,86,7,2
1295,sail,sailboat,9.86,3.02,1.71,0.0,77,79,82,3,2
1316,super,yacht,21.1,5.66,2.52,30.1,77,79,104,25,2
1318,small,motorboat,6.87,2.39,0.64,2.9,77,79,82,3,2
1339,small,motorboat,6.33,2.28,0.6,2.7,77,80,97,17,3
1365,sail,sailboat,14.59,4.57,2.46,5.8,77,81,86,5,4
1406,small,motorboat,8.42,2.96,0.84,0.0,77,82,89,7,5
1410,sail,sailboat,14.8,4.75,2.35,5.1,77,82,89,7,5
1421,small,motorboat,8.57,2.93,0.93,0.0,77,82,87,5,5
1437,sail,sailboat,15.25,4.9,2.39,11.4,77,83,89,6,6
1446,sail,sailboat,15.97,5.27,2.61,0.0,77,83,90,7,6
1455,sail,sailboat,12.38,3.76,2.1,5.7,77,84,93,9,7
1500,motor,motorboat,18.95,5.32,1.64,0.0,77,86,88,2,9
1511,small,motorboat,7.73,2.49,0.73,2.4,77,86,87,1,9
1562,super,yacht,24.92,6.53,2.7,15.7,77,87,90,3,10
1573,sail,sailboat,14.84,5.0,2.69,5.3,77,88,89,1,11
1599,motor,motorboat,15.55,4.73,1.39,8.6,77,88,90,2,11
1607,sail,sailboat,15.73,5.15,2.51,7.2,77,89,91,2,12
2131,sail,sailboat,13.36,4.16,2.01,5.5,77,105,110,5,28
2136,super,yacht,23.87,6.62,2.92,38.0,77,105,118,13,28
2384,super,yacht,20.99,5.43,2.75,30.6,77,113,115,2,36
3802,sail,sailboat,12.87,4.07,2.25,5.9,77,154,156,2,77
1269,motor,motorboat,14.26,4.13,1.41,4.0,78,78,83,5,0
1282,sail,sailboat,11.15,3.37,1.96,4.0,78,78,81,3,0
1283,motor,motorboat,14.52,4.23,1.52,0.0,78,78,83,5,0
1287,sail,sailboat,15.9,5.2,2.78,9.4,78,78,82,4,0
1293,sail,sailboat,15.55,5.25,2.4,7.0,78,79,93,14,1
1301,sail,sailboat,17.0,5.64,2.56,13.5,78,79,101,22,1
1310,motor,motorboat,15.33,4.48,1.34,0.0,78,79,80,1,1
1311,sail,sailboat,12.73,4.01,2.25,0.0,78,79,82,3,1
1312,motor,motorboat,14.22,4.34,1.45,4.9,78,79,86,7,1
1336,sail,sailboat,17.0,5.36,2.78,10.0,78,80,82,2,2
1340,small,motorboat,7.99,2.75,0.87,2.8,78,80,87,7,2
1346,super,yacht,20.21,5.66,2.21,15.1,78,80,85,5,2
1348,small,motorboat,8.57,2.98,0.78,0.0,78,80,87,7,2
1351,sail,sailboat,16.83,5.28,2.62,12.0,78,80,83,3,2
1375,sail,sailboat,10.89,3.53,1.84,4.4,78,81,89,8,3
1414,super,yacht,27.1,7.23,3.61,33.2,78,82,85,3,4
1453,sail,sailboat,14.72,4.64,2.24,6.5,78,84,87,3,6
1492,small,motorboat,6.53,2.34,0.72,0.0,78,85,92,7,7
1501,small,motorboat,6.07,2.08,0.65,0.0,78,86,98,12,8
1519,sail,sailboat,9.5,3.05,1.75,2.2,78,86,93,7,8
1536,motor,motorboat,10.0,2.8,0.92,6.9,78,87,93,6,9
1547,super,yacht,24.17,6.52,3.19,27.0,78,87,90,3,9
1564,sail,sailboat,15.46,5.03,2.32,0.0,78,87,90,3,9
1582,sail,sailboat,15.5,4.93,2.39,13.0,78,88,95,7,10
1633,sail,sailboat,9.5,3.13,1.6,3.5,78,90,93,3,12
1651,small,motorboat,8.24,2.9,0.9,2.5,78,91,108,17,13
1664,sail,sailboat,16.32,4.91,2.77,6.8,78,91,96,5,13
1672,sail,sailboat,10.93,3.68,1.78,6.2,78,91,94,3,13
1678,super,yacht,20.98,5.68,2.29,32.7,78,91,104,13,13
1827,sail,sailboat,10.74,3.51,1.92,4.5,78,95,99,4,17
2049,small,motorboat,7.2,2.42,0.79,0.0,78,102,114,12,24
2183,small,motorboat,8.79,3.09,0.91,0.0,78,107,109,2,29
2194,sail,sailboat,10.77,3.47,1.77,6.1,78,107,109,2,29
2595,motor,motorboat,17.31,4.84,1.81,0.0,78,120,121,1,42
3210,sail,sailboat,11.49,3.73,1.93,3.1,78,137,139,2,59
3589,sail,sailboat,10.14,3.12,1.58,3.2,78,148,149,1,70
4190,motor,motorboat,10.0,2.88,0.86,4.9,78,170,171,1,92
4448,super,yacht,23.55,6.38,3.13,31.5,78,182,183,1,104
1307,motor,motorboat,14.26,4.12,1.41,3.1,79,79,84,5,0
1308,motor,motorboat,22.0,6.83,2.06,37.4,79,79,93,14,0
1314,sail,sailboat,11.9,3.68,1.86,0.0,79,79,83,4,0
1322,motor,motorboat,15.39,4.48,1.58,9.5,79,79,80,1,0
1356,sail,sailboat,13.84,4.4,2.24,3.2,79,80,87,7,1
1361,sail,sailboat,12.9,3.89,2.2,4.5,79,80,110,30,1
1367,sail,sailboat,13.0,4.1,2.03,3.6,79,81,83,2,2
1370,sail,sailboat,13.79,4.54,2.26,4.1,79,81,84,3,2
1378,motor,motorboat,14.22,4.05,1.3,6.3,79,81,88,7,2
1382,sail,sailboat,13.51,4.37,2.45,5.1,79,81,92,11,2
1396,motor,motorboat,12.18,3.79,1.2,0.0,79,81,111,30,2
1454,motor,motorboat,12.84,4.01,1.21,6.3,79,84,85,1,5
1523,motor,motorboat,18.22,5.54,1.86,8.9,79,86,87,1,7
1559,motor,motorboat,14.83,4.18,1.42,3.2,79,87,88,1,8
1576,sail,sailboat,16.87,5.63,2.9,9.3,79,88,89,1,9
1618,motor,motorboat,18.34,5.39,1.88,8.7,79,89,103,14,10
1659,motor,motorboat,12.57,3.67,1.17,5.5,79,91,93,2,12
1688,sail,sailboat,12.86,4.33,2.07,0.0,79,92,101,9,13
1694,super,yacht,21.83,5.63,2.8,29.3,79,92,94,2,13
1767,super,yacht,21.23,5.94,2.34,0.0,79,94,97,3,15
1810,motor,motorboat,17.81,5.46,1.76,0.0,79,95,96,1,16
1942,small,motorboat,6.66,2.39,0.69,2.4,79,100,101,1,21
2026,sail,sailboat,15.51,4.74,2.8,9.8,79,102,107,5,23
2639,small,motorboat,8.68,3.1,0.87,0.0,79,121,123,2,42
2861,super,yacht,20.09,5.72,2.24,38.9,79,128,129,1,49
3032,sail,sailboat,13.83,4.54,2.16,5.9,79,132,135,3,53
3092,super,yacht,25.73,6.93,3.35,35.0,79,134,137,3,55
3119,small,motorboat,9.17,3.17,0.83,0.0,79,135,138,3,56
3123,super,yacht,22.2,6.28,2.47,29.8,79,135,138,3,56
4649,sail,sailboat,11.35,3.69,1.94,0.0,79,201,204,3,122
1331,sail,sailboat,13.41,4.41,2.23,0.0,80,80,84,4,0
1332,motor,motorboat,10.0,3.12,0.97,4.2,80,80,84,4,0
1344,motor,motorboat,17.66,5.39,1.8,8.5,80,80,83,3,0
1347,sail,sailboat,14.25,4.59,2.51,3.3,80,80,81,1,0
1354,sail,sailboat,12.63,4.26,2.04,5.7,80,80,84,4,0
1360,motor,motorboat,14.72,4.49,1.5,5.9,80,80,88,8,0
1364,motor,motorboat,20.18,6.13,1.93,0.0,80,81,84,3,1
1377,super,yacht,21.88,6.15,2.76,18.4,80,81,83,2,1
1394,small,motorboat,6.97,2.42,0.77,0.0,80,81,84,3,1
1401,small,motorboat,8.94,2.9,0.88,3.5,80,82,84,2,2
1403,sail,sailboat,10.31,3.15,1.55,5.5,80,82,84,2,2
1413,motor,motorboat,14.27,4.15,1.37,4.7,80,82,86,4,2
1420,small,motorboat,6.62,2.34,0.67,0.0,80,82,86,4,2
1464,motor,motorboat,10.0,2.84,1.02,3.2,80,84,87,3,4
1488,sail,sailboat,12.56,3.9,2.02,0.0,80,85,86,1,5
1534,super,yacht,26.84,7.55,3.56,22.7,80,87,116,29,7
1558,sail,sailboat,16.46,5.28,2.5,13.9,80,87,93,6,7
1578,small,motorboat,8.7,3.11,0.83,3.2,80,88,95,7,8
1636,small,motorboat,6.81,2.22,0.62,0.0,80,90,91,1,10
1649,sail,sailboat,13.44,4.22,2.13,3.8,80,90,92,2,10
1650,sail,sailboat,12.09,3.97,2.03,0.0,80,91,101,10,11
1666,super,yacht,23.69,6.27,2.99,24.0,80,91,98,7,11
1689,motor,motorboat,18.39,5.14,1.58,6.6,80,92,99,7,12
1722,motor,motorboat,15.27,4.27,1.37,0.0,80,93,94,1,13
1736,sail,sailboat,11.77,3.99,1.96,0.0,80,93,94,1,13
1744,small,motorboat,9.32,3.11,0.88,0.0,80,93,95,2,13
1757,sail,sailboat,12.08,3.95,1.87,5.7,80,94,98,4,14
1777,motor,motorboat,16.27,4.65,1.6,10.8,80,94,100,6,14
1781,sail,sailboat,14.51,4.59,2.49,4.7,80,94,96,2,14
1846,motor,motorboat,17.33,4.87,1.79,10.0,80,96,99,3,16
1975,motor,motorboat,17.07,4.84,1.68,8.8,80,100,101,1,20
2008,sail,sailboat,14.2,4.72,2.21,4.9,80,101,115,14,21
2138,sail,sailboat,11.13,3.57,2.01,3.1,80,105,108,3,25
2358,super,yacht,23.01,5.85,2.65,20.9,80,112,116,4,32
2680,sail,sailboat,9.5,2.88,1.63,3.1,80,122,128,6,42
3113,sail,sailboat,9.5,3.17,1.64,3.4,80,135,140,5,55
3827,sail,sailboat,9.69,3.18,1.57,2.7,80,155,162,7,75
4784,sail,sailboat,11.41,3.54,1.86,0.0,80,213,214,1,133
1385,motor,motorboat,13.07,3.78,1.33,0.0,81,81,93,12,0
1391,small,motorboat,8.26,2.92,0.79,2.1,81,81,87,6,0
1399,small,motorboat,8.39,2.76,0.85,0.0,81,82,85,3,1
1412,sail,sailboat,10.2,3.31,1.76,6.4,81,82,86,4,1
1428,sail,sailboat,14.46,4.43,2.57,0.0,81,83,90,7,2
1432,small,motorboat,6.85,2.33,0.76,3.4,81,83,86,3,2
1443,small,motorboat,9.35,3.14,0.92,0.0,81,83,94,11,2
1447,small,motorboat,6.76,2.38,0.63,0.0,81,83,86,3,2
1478,motor,motorboat,15.76,4.77,1.47,9.6,81,85,99,14,4
1579,motor,motorboat,17.7,5.28,1.57,6.4,81,88,89,1,7
1596,sail,sailboat,17.0,5.53,2.79,7.2,81,88,91,3,7
1657,motor,motorboat,13.3,3.72,1.3,3.7,81,91,93,2,10
1697,sail,sailboat,15.51,4.68,2.53,0.0,81,92,96,4,11
1713,sail,sailboat,13.8,4.56,2.33,0.0,81,92,95,3,11
1720,small,motorboat,8.92,3.11,0.89,2.2,81,93,96,3,12
1770,small,motorboat,6.07,2.17,0.57,0.0,81,94,96,2,13
1782,motor,motorboat,15.4,4.42,1.64,8.3,81,94,96,2,13
1809,sail,sailboat,11.37,3.69,2.03,6.6,81,95,103,8,14
1816,motor,motorboat,14.28,4.37,1.32,5.3,81,95,101,6,14
1833,motor,motorboat,16.79,4.77,1.7,9.3,81,95,100,5,14
1884,sail,sailboat,10.27,3.29,1.65,4.1,81,97,100,3,16
2106,super,yacht,26.81,7.41,3.54,16.4,81,104,105,1,23
2376,motor,motorboat,17.18,4.92,1.78,13.4,81,113,114,1,32
2578,sail,sailboat,13.99,4.51,2.22,5.8,81,119,122,3,38
2671,sail,sailboat,10.74,3.57,1.8,6.9,81,122,129,7,41
2801,motor,motorboat,17.73,5.44,1.75,8.9,81,126,128,2,45
2907,super,yacht,21.36,5.63,2.85,13.3,81,129,134,5,48
3364,sail,sailboat,17.0,5.23,2.84,0.0,81,142,170,28,61
1419,small,motorboat,7.56,2.48,0.79,2.2,82,82,92,10,0
1422,small,motorboat,6.49,2.26,0.68,0.0,82,82,84,2,0
1433,sail,sailboat,16.78,5.25,2.95,12.7,82,83,90,7,1
1450,motor,motorboat,16.97,4.91,1.8,8.3,82,84,87,3,2
1456,sail,sailboat,12.58,3.81,2.06,0.0,82,84,85,1,2
1525,motor,motorboat,15.55,4.56,1.62,10.3,82,87,90,3,5
1560,motor,motorboat,14.36,4.18,1.51,6.8,82,87,88,1,5
1603,sail,sailboat,9.5,3.22,1.56,2.6,82,89,90,1,7
1630,sail,sailboat,12.44,3.77,2.02,0.0,82,90,91,1,8
1638,sail,sailboat,14.08,4.65,2.44,3.5,82,90,93,3,8
1660,small,motorboat,6.7,2.15,0.65,0.0,82,91,98,7,9
1701,sail,sailboat,11.49,3.82,1.74,4.6,82,92,94,2,10
1829,small,motorboat,9.03,3.25,0.82,0.0,82,95,98,3,13
1831,small,motorboat,8.86,2.96,0.8,0.0,82,95,97,2,13
1861,super,yacht,21.51,5.94,2.6,36.2,82,96,107,11,14
1863,motor,motorboat,15.96,4.8,1.48,10.1,82,96,98,2,14
1977,motor,motorboat,13.25,3.92,1.23,6.1,82,101,103,2,19
2065,super,yacht,22.37,5.75,2.95,21.1,82,103,106,3,21
2168,super,yacht,28.58,7.33,3.13,24.9,82,106,111,5,24
2175,small,motorboat,9.48,3.35,0.92,2.7,82,107,113,6,25
2242,sail,sailboat,11.96,3.76,2.08,6.2,82,108,113,5,26
2547,super,yacht,26.99,7.3,3.45,39.5,82,118,119,1,36
2754,sail,sailboat,13.38,4.36,2.36,0.0,82,124,125,1,42
3090,small,motorboat,8.77,2.83,0.97,2.5,82,134,148,14,52
3143,motor,motorboat,18.8,5.24,1.85,9.0,82,136,137,1,54
1429,motor,motorboat,15.08,4.36,1.33,7.1,83,83,86,3,0
1439,sail,sailboat,12.88,4.24,1.99,4.6,83,83,86,3,0
1445,small,motorboat,7.77,2.73,0.74,2.5,83,83,89,6,0
1462,sail,sailboat,15.22,5.01,2.58,7.3,83,84,86,2,1
1463,motor,motorboat,16.76,4.84,1.64,0.0,83,84,91,7,1
1465,motor,motorboat,17.31,5.36,1.5,9.9,83,84,87,3,1
1485,sail,sailboat,11.92,4.01,1.94,0.0,83,85,92,7,2
1493,sail,sailboat,17.0,5.26,2.6,13.3,83,85,88,3,2
1585,sail,sailboat,10.55,3.56,1.76,3.4,83,88,118,30,5
1602,motor,motorboat,15.52,4.51,1.39,8.1,83,89,97,8,6
1679,motor,motorboat,12.14,3.48,1.22,5.4,83,91,95,4,8
1687,sail,sailboat,11.26,3.76,1.83,5.1,83,92,95,3,9
1725,sail,sailboat,13.69,4.44,2.19,5.2,83,93,96,3,10
1876,sail,sailboat,11.32,3.81,2.05,6.4,83,97,100,3,14
2476,small,motorboat,7.19,2.42,0.76,0.0,83,115,118,3,32
2878,super,yacht,20.89,5.56,2.67,39.3,83,128,129,1,45
2935,sail,sailboat,14.17,4.37,2.5,0.0,83,129,131,2,46
3117,small,motorboat,8.4,2.81,0.89,2.3,83,135,138,3,52
3318,super,yacht,27.62,7.17,3.31,22.0,83,140,143,3,57
3381,small,motorboat,8.74,2.93,0.87,0.0,83,142,144,2,59
3383,motor,motorboat,10.0,2.94,0.99,6.5,83,142,145,3,59
3578,motor,motorboat,13.1,4.06,1.25,4.0,83,147,151,4,64
3766,sail,sailboat,14.72,4.6,2.5,4.4,83,152,159,7,69
4694,super,yacht,21.27,5.49,2.53,23.8,83,205,210,5,122
1452,sail,sailboat,15.18,4.73,2.42,13.1,84,84,85,1,0
1458,motor,motorboat,10.0,3.13,0.97,6.3,84,84,95,11,0
1459,sail,sailboat,14.51,4.57,2.34,4.2,84,84,85,1,0
1461,sail,sailboat,9.5,3.04,1.52,3.1,84,84,85,1,0
1468,motor,motorboat,10.0,2.79,1.01,3.9,84,85,91,6,1
1473,small,motorboat,9.38,3.21,0.9,0.0,84,85,86,1,1
1474,motor,motorboat,12.4,3.85,1.12,5.0,84,85,93,8,1
1477,motor,motorboat,13.79,4.03,1.3,5.0,84,85,86,1,1
1487,sail,sailboat,12.75,3.85,2.13,4.2,84,85,86,1,1
1495,motor,motorboat,16.18,4.78,1.66,9.6,84,85,92,7,1
1496,motor,motorboat,14.38,4.49,1.35,3.4,84,85,108,23,1
1497,sail,sailboat,13.94,4.53,2.5,5.3,84,85,87,2,1
1503,sail,sailboat,14.75,5.0,2.4,0.0,84,86,89,3,2
1507,small,motorboat,7.02,2.43,0.65,3.2,84,86,87,1,2
1514,small,motorboat,8.84,2.98,0.94,3.0,84,86,88,2,2
1521,small,motorboat,9.48,3.32,1.0,2.6,84,86,92,6,2
1526,sail,sailboat,16.17,4.88,2.88,0.0,84,87,88,1,3
1530,sail,sailboat,12.45,4.15,2.07,0.0,84,87,89,2,3
1590,small,motorboat,6.84,2.27,0.65,0.0,84,88,89,1,4
1591,sail,sailboat,12.85,4.29,2.28,0.0,84,88,91,3,4
1611,motor,motorboat,17.63,5.31,1.81,10.0,84,89,91,2,5
1612,sail,sailboat,9.97,3.32,1.77,2.1,84,89,103,14,5
1615,sail,sailboat,16.14,5.36,2.97,7.8,84,89,95,6,5
1625,small,motorboat,8.91,3.03,0.91,0.0,84,90,95,5,6
1705,sail,sailboat,12.26,3.96,1.91,0.0,84,92,96,4,8
1737,sail,sailboat,12.45,3.8,2.09,5.1,84,93,116,23,9
1738,motor,motorboat,15.48,4.76,1.38,12.4,84,93,94,1,9
1762,sail,sailboat,14.39,4.82,2.26,4.8,84,94,98,4,10
1773,sail,sailboat,16.86,5.18,3.09,0.0,84,94,106,12,10
1797,sail,sailboat,12.42,4.02,2.29,4.6,84,95,96,1,11
1821,motor,motorboat,14.63,4.57,1.28,5.7,84,95,97,2,11
1840,sail,sailboat,9.5,2.92,1.6,2.5,84,95,105,10,11
1864,sail,sailboat,15.85,5.31,2.84,8.6,84,96,98,2,12
1996,small,motorboat,8.84,3.07,0.82,2.7,84,101,114,13,17
2199,sail,sailboat,14.05,4.72,2.14,6.2,84,107,118,11,23
2206,sail,sailboat,10.19,3.43,1.64,0.0,84,107,109,2,23
2521,sail,sailboat,12.52,3.95,1.95,6.6,84,117,119,2,33
2747,small,motorboat,8.74,3.06,0.97,0.0,84,124,125,1,40
2800,sail,sailboat,12.09,3.83,1.99,5.0,84,126,133,7,42
2827,super,yacht,27.19,7.74,3.5,29.3,84,127,129,2,43
3042,super,yacht,25.83,7.39,3.4,13.3,84,132,138,6,48
3603,super,yacht,23.09,5.91,2.73,22.6,84,148,151,3,64
4592,small,motorboat,9.28,3.23,0.9,0.0,84,195,200,5,111
1476,motor,motorboat,13.95,4.0,1.2,3.9,85,85,87,2,0
1486,small,motorboat,7.51,2.65,0.81,0.0,85,85,90,5,0
1498,sail,sailboat,14.32,4.58,2.53,5.3,85,86,88,2,1
1505,motor,motorboat,16.7,4.78,1.76,11.3,85,86,89,3,1
1509,small,motorboat,8.32,2.82,0.86,2.4,85,86,92,6,1
1515,sail,sailboat,11.8,3.65,1.97,4.7,85,86,100,14,1
1531,sail,sailboat,14.47,4.63,2.45,3.6,85,87,88,1,2
1533,small,motorboat,9.09,3.17,0.9,0.0,85,87,89,2,2
1555,motor,motorboat,17.21,4.83,1.71,8.5,85,87,90,3,2
1574,small,motorboat,6.97,2.3,0.68,2.9,85,88,90,2,3
1646,sail,sailboat,15.28,5.13,2.67,10.7,85,90,112,22,5
1682,small,motorboat,6.53,2.12,0.68,3.3,85,92,97,5,7
1696,motor,motorboat,15.18,4.5,1.33,7.9,85,92,95,3,7
1700,motor,motorboat,20.82,5.9,1.85,0.0,85,92,94,2,7
1735,small,motorboat,6.06,2.06,0.6,2.2,85,93,97,4,8
1776,super,yacht,24.36,6.51,3.12,18.9,85,94,100,6,9
1786,sail,sailboat,12.94,4.16,2.37,0.0,85,94,96,2,9
1799,sail,sailboat,11.53,3.74,2.13,0.0,85,95,99,4,10
1907,motor,motorboat,10.88,3.26,0.97,5.8,85,98,99,1,13
1933,small,motorboat,8.87,2.9,0.89,3.1,85,99,102,3,14
1965,super,yacht,27.48,7.46,3.68,38.4,85,100,102,2,15
2512,motor,motorboat,11.9,3.38,1.16,6.2,85,117,118,1,32
2972,sail,sailboat,15.92,5.23,2.53,7.0,85,130,137,7,45
3128,sail,sailboat,12.86,4.0,2.11,5.8,85,135,142,7,50
3485,sail,sailboat,16.07,5.35,2.93,7.5,85,144,147,3,59
4168,super,yacht,28.46,7.97,3.61,19.7,85,169,176,7,84
4733,sail,sailboat,14.0,4.48,2.08,4.9,85,208,211,3,123
1520,sail,sailboat,12.74,3.89,2.05,4.7,86,86,88,2,0
1524,motor,motorboat,16.54,4.91,1.52,12.1,86,86,95,9,0
1527,sail,sailboat,13.21,4.01,2.42,6.8,86,87,89,2,1
1537,motor,motorboat,17.32,5.14,1.48,6.0,86,87,88,1,1
1539,sail,sailboat,13.74,4.27,2.28,0.0,86,87,93,6,1
1565,sail,sailboat,13.54,4.39,2.46,3.3,86,88,96,8,2
1567,small,motorboat,6.28,2.09,0.61,0.0,86,88,109,21,2
1575,sail,sailboat,14.38,4.81,2.6,4.5,86,88,91,3,2
1586,sail,sailboat,15.13,4.78,2.49,0.0,86,88,94,6,2
1594,sail,sailboat,17.0,5.61,2.64,10.6,86,88,89,1,2
1597,motor,motorboat,16.47,4.79,1.57,6.2,86,88,90,2,2
1600,sail,sailboat,12.58,3.96,1.88,3.8,86,88,89,1,2
1668,sail,sailboat,11.19,3.42,1.85,5.2,86,91,98,7,5
1715,motor,motorboat,17.15,4.99,1.79,12.9,86,92,94,2,6
1717,motor,motorboat,15.75,4.67,1.42,6.8,86,92,94,2,6
1754,motor,motorboat,12.55,3.76,1.2,3.1,86,94,99,5,8
1763,sail,sailboat,14.03,4.74,2.11,6.2,86,94,98,4,8
1764,sail,sailboat,13.26,4.27,2.44,3.6,86,94,97,3,8
1792,small,motorboat,7.86,2.58,0.74,0.0,86,94,108,14,8
1795,sail,sailboat,15.27,4.93,2.56,7.5,86,94,105,11,8
1828,sail,sailboat,17.0,5.2,3.01,12.2,86,95,97,2,9
1851,sail,sailboat,10.96,3.36,1.93,5.0,86,96,99,3,10
1858,sail,sailboat,13.28,4.4,2.11,0.0,86,96,97,1,10
1869,sail,sailboat,14.86,4.65,2.62,0.0,86,96,100,4,10
1877,sail,sailboat,15.02,4.71,2.57,11.0,86,97,100,3,11
1896,sail,sailboat,11.91,3.6,1.93,4.1,86,97,110,13,11
1931,sail,sailboat,15.7,5.03,2.88,11.0,86,99,104,5,13
1947,small,motorboat,6.24,2.22,0.57,2.0,86,100,126,26,14
2393,sail,sailboat,15.81,4.91,2.6,8.1,86,113,126,13,27
2664,super,yacht,27.59,7.38,3.41,29.3,86,122,129,7,36
2756,motor,motorboat,22.0,6.68,2.23,12.5,86,124,129,5,38
2790,sail,sailboat,14.09,4.55,2.4,5.2,86,125,152,27,39
2799,sail,sailboat,16.59,5.05,2.88,11.8,86,126,127,1,40
2897,sail,sailboat,11.15,3.63,1.88,5.5,86,129,132,3,43
3003,super,yacht,20.98,5.9,2.65,37.6,86,131,134,3,45
3366,small,motorboat,8.08,2.66,0.76,3.0,86,142,145,3,56
1541,motor,motorboat,20.17,6.08,1.97,36.8,87,87,88,1,0
1543,sail,sailboat,11.82,3.73,1.91,4.9,87,87,88,1,0
1544,sail,sailboat,13.29,4.2,2.37,5.5,87,87,91,4,0
1548,motor,motorboat,17.21,4.78,1.55,12.7,87,87,89,2,0
1563,small,motorboat,8.0,2.77,0.89,2.4,87,87,94,7,0
1584,sail,sailboat,12.18,3.9,2.1,6.0,87,88,92,4,1
1589,motor,motorboat,16.8,4.74,1.58,0.0,87,88,93,5,1
1604,motor,motorboat,17.13,5.19,1.7,13.2,87,89,92,3,2
1606,motor,motorboat,12.38,3.86,1.29,0.0,87,89,91,2,2
1619,sail,sailboat,12.94,4.2,2.08,5.8,87,89,95,6,2
1645,sail,sailboat,13.57,4.35,2.17,4.9,87,90,97,7,3
1716,small,motorboat,6.06,2.13,0.57,2.7,87,92,93,1,5
1779,motor,motorboat,12.01,3.75,1.07,3.3,87,94,100,6,7
1788,sail,sailboat,13.2,4.35,2.19,4.6,87,94,122,28,7
1871,sail,sailboat,13.29,4.28,2.29,3.1,87,97,98,1,10
1893,super,yacht,25.49,6.86,2.94,14.4,87,97,98,1,10
1936,motor,motorboat,10.0,2.99,0.9,6.9,87,99,100,1,12
1953,super,yacht,21.79,5.56,2.46,20.1,87,100,102,2,13
1988,sail,sailboat,10.94,3.38,1.72,6.0,87,101,103,2,14
2000,sail,sailboat,15.82,5.07,2.7,6.1,87,101,112,11,14
2006,sail,sailboat,11.21,3.46,1.79,3.6,87,101,103,2,14
2238,small,motorboat,6.19,1.99,0.69,0.0,87,108,109,1,21
2898,motor,motorboat,12.94,3.76,1.13,5.2,87,129,131,2,42
3209,small,motorboat,6.19,2.2,0.59,2.8,87,137,140,3,50
1587,motor,motorboat,12.04,3.65,1.24,3.2,88,88,93,5,0
1592,motor,motorboat,10.46,3.26,0.97,6.8,88,88,91,3,0
1605,sail,sailboat,15.51,5.04,2.72,13.8,88,89,93,4,1
1613,sail,sailboat,11.22,3.49,2.04,4.6,88,89,90,1,1
1614,sail,sailboat,14.51,4.46,2.56,5.1,88,89,92,3,1
1616,sail,sailboat,13.06,4.15,2.2,5.8,88,89,91,2,1
1617,motor,motorboat,13.06,3.7,1.38,6.1,88,89,90,1,1
1631,motor,motorboat,15.61,4.44,1.44,0.0,88,90,102,12,2
1654,sail,sailboat,17.0,5.62,3.07,12.1,88,91,98,7,3
1662,sail,sailboat,12.6,3.82,2.04,0.0,88,91,94,3,3
1663,motor,motorboat,13.1,3.9,1.35,4.4,88,91,92,1,3
1673,super,yacht,20.47,5.57,2.35,14.2,88,91,104,13,3
1686,super,yacht,27.19,7.31,3.61,20.4,88,92,95,3,4
1692,motor,motorboat,17.12,5.27,1.79,8.3,88,92,98,6,4
1742,sail,sailboat,16.23,5.06,2.64,0.0,88,93,96,3,5
1751,sail,sailboat,15.51,5.04,2.45,12.5,88,94,99,5,6
1756,motor,motorboat,14.46,4.43,1.34,0.0,88,94,100,6,6
1761,sail,sailboat,12.06,3.78,1.8,6.2,88,94,101,7,6
1765,sail,sailboat,15.01,5.03,2.42,0.0,88,94,101,7,6
1802,motor,motorboat,17.59,5.46,1.86,8.2,88,95,100,5,7
1812,sail,sailboat,9.63,3.09,1.48,0.0,88,95,96,1,7
1848,small,motorboat,6.75,2.19,0.61,0.0,88,96,97,1,8
1895,motor,motorboat,14.73,4.44,1.35,4.7,88,97,98,1,9
1949,sail,sailboat,12.76,4.21,2.3,5.2,88,100,106,6,12
1954,small,motorboat,6.95,2.39,0.77,3.3,88,100,106,6,12
1958,sail,sailboat,13.96,4.42,2.16,3.4,88,100,114,14,12
2009,motor,motorboat,15.41,4.35,1.55,9.4,88,101,107,6,13
2282,super,yacht,20.44,5.36,2.46,23.1,88,109,115,6,21
2355,small,motorboat,9.33,2.99,0.85,2.5,88,112,113,1,24
2582,sail,sailboat,10.24,3.23,1.66,0.0,88,119,125,6,31
2585,super,yacht,27.14,7.55,3.23,15.0,88,119,120,1,31
2596,sail,sailboat,17.0,5.23,3.08,12.9,88,120,125,5,32
2736,sail,sailboat,9.5,2.98,1.55,0.0,88,124,125,1,36
2761,super,yacht,22.61,6.46,3.0,17.8,88,124,126,2,36
2779,motor,motorboat,17.51,4.91,1.69,8.1,88,125,128,3,37
3046,motor,motorboat,11.55,3.27,1.1,6.2,88,132,135,3,44
3175,motor,motorboat,10.91,3.22,0.97,0.0,88,136,141,5,48
3183,sail,sailboat,12.12,3.88,2.15,6.4,88,137,150,13,49
3247,super,yacht,27.86,7.91,3.12,20.1,88,138,142,4,50
3355,sail,sailboat,13.65,4.15,2.3,6.5,88,141,144,3,53
3498,sail,sailboat,12.63,3.87,1.91,4.1,88,145,148,3,57
3502,motor,motorboat,16.71,4.82,1.67,8.8,88,145,147,2,57
4340,motor,motorboat,14.99,4.52,1.48,4.3,88,178,181,3,90
1610,motor,motorboat,13.76,4.11,1.39,4.2,89,89,98,9,0
1621,motor,motorboat,14.61,4.3,1.55,5.6,89,89,90,1,0
1623,sail,sailboat,16.0,5.03,2.39,0.0,89,89,90,1,0
1624,sail,sailboat,10.95,3.53,1.88,3.6,89,89,91,2,0
1626,motor,motorboat,14.78,4.54,1.53,4.3,89,90,93,3,1
1632,small,motorboat,7.58,2.43,0.8,2.6,89,90,94,4,1
1644,sail,sailboat,9.5,3.11,1.7,2.2,89,90,92,2,1
1653,motor,motorboat,14.63,4.12,1.48,4.3,89,91,92,1,2
1667,motor,motorboat,14.22,4.41,1.34,7.0,89,91,94,3,2
1670,small,motorboat,6.1,1.99,0.65,2.6,89,91,93,2,2
1676,sail,sailboat,15.29,4.81,2.7,0.0,89,91,93,2,2
1684,motor,motorboat,18.03,5.34,1.8,0.0,89,92,95,3,3
1718,sail,sailboat,15.89,5.0,2.37,13.5,89,92,102,10,3
1753,motor,motorboat,19.8,5.98,1.7,0.0,89,94,101,7,5
1755,sail,sailboat,14.0,4.56,2.12,4.0,89,94,95,1,5
1783,sail,sailboat,16.59,5.29,2.55,9.6,89,94,101,7,5
1823,motor,motorboat,10.89,3.29,1.15,4.7,89,95,99,4,6
1841,sail,sailboat,11.75,3.98,1.98,4.4,89,95,98,3,6
1859,motor,motorboat,18.77,5.85,1.98,0.0,89,96,99,3,7
1868,sail,sailboat,16.43,5.33,2.54,10.5,89,96,99,3,7
1966,sail,sailboat,14.1,4.56,2.3,6.7,89,100,102,2,11
1986,sail,sailboat,9.87,3.2,1.49,2.7,89,101,102,1,12
2019,sail,sailboat,13.58,4.23,2.16,3.0,89,102,106,4,13
2071,sail,sailboat,15.2,4.87,2.48,10.5,89,103,105,2,14
2352,super,yacht,27.84,7.19,3.09,28.7,89,112,114,2,23
2628,sail,sailboat,13.46,4.24,2.19,5.4,89,121,122,1,32
2875,sail,sailboat,14.37,4.84,2.3,6.3,89,128,137,9,39
2992,motor,motorboat,17.77,5.48,1.8,0.0,89,130,132,2,41
3073,small,motorboat,9.1,3.12,0.84,0.0,89,133,136,3,44
4393,motor,motorboat,21.11,6.55,1.87,15.5,89,179,182,3,90
1635,motor,motorboat,18.41,5.3,1.74,0.0,90,90,95,5,0
1639,sail,sailboat,9.76,2.97,1.71,3.5,90,90,97,7,0
1642,sail,sailboat,10.16,3.3,1.75,4.3,90,90,93,3,0
1648,sail,sailboat,13.64,4.5,2.16,0.0,90,90,92,2,0
1655,sail,sailboat,9.89,3.22,1.57,0.0,90,91,94,3,1
1683,sail,sailboat,12.99,4.11,2.32,4.8,90,92,93,1,2
1695,small,motorboat,6.38,2.19,0.68,2.7,90,92,93,1,2
1708,sail,sailboat,12.17,3.97,2.14,0.0,90,92,94,2,2
1740,sail,sailboat,15.39,4.87,2.8,8.6,90,93,97,4,3
1747,sail,sailboat,11.49,3.47,1.84,3.1,90,93,98,5,3
1796,sail,sailboat,15.58,5.12,2.52,11.8,90,95,101,6,5
1987,small,motorboat,6.88,2.46,0.64,2.2,90,101,106,5,11
2002,sail,sailboat,12.14,3.72,1.81,5.8,90,101,104,3,11
2028,sail,sailboat,13.27,3.99,2.21,6.1,90,102,116,14,12
2054,small,motorboat,8.58,2.89,0.93,3.0,90,102,112,10,12
2075,small,motorboat,6.27,2.24,0.57,2.0,90,103,108,5,13
2080,sail,sailboat,14.68,4.59,2.57,5.0,90,103,105,2,13
2094,super,yacht,26.3,7.38,2.97,29.8,90,104,106,2,14
2103,motor,motorboat,13.77,4.02,1.35,6.1,90,104,106,2,14
2302,motor,motorboat,14.03,4.02,1.26,4.9,90,110,112,2,20
2833,small,motorboat,6.92,2.44,0.68,0.0,90,127,132,5,37
2974,sail,sailboat,11.95,3.7,1.9,3.0,90,130,135,5,40
3020,motor,motorboat,12.77,3.84,1.29,4.3,90,131,135,4,41
3029,motor,motorboat,14.04,4.16,1.21,6.1,90,132,137,5,42
3189,sail,sailboat,14.06,4.63,2.45,6.2,90,137,147,10,47
3682,motor,motorboat,10.35,3.03,1.04,6.7,90,150,151,1,60
1665,sail,sailboat,10.55,3.3,1.6,0.0,91,91,92,1,0
1690,motor,motorboat,19.67,5.96,1.89,12.2,91,92,93,1,1
1710,sail,sailboat,11.38,3.67,1.93,5.7,91,92,98,6,1
1712,motor,motorboat,13.74,4.22,1.33,4.1,91,92,96,4,1
1721,motor,motorboat,17.42,5.4,1.85,0.0,91,93,95,2,2
1728,sail,sailboat,13.67,4.16,2.37,4.0,91,93,99,6,2
1733,sail,sailboat,12.48,4.09,2.13,3.8,91,93,106,13,2
1734,motor,motorboat,11.07,3.18,1.04,3.6,91,93,96,3,2
1771,sail,sailboat,14.19,4.35,2.24,0.0,91,94,97,3,3
1791,small,motorboat,7.86,2.56,0.75,0.0,91,94,96,2,3
1834,motor,motorboat,15.99,4.61,1.53,13.0,91,95,102,7,4
1878,sail,sailboat,10.35,3.27,1.78,0.0,91,97,100,3,6
1903,sail,sailboat,9.5,3.02,1.6,3.4,91,98,101,3,7
1943,sail,sailboat,15.03,5.08,2.75,0.0,91,100,107,7,9
1956,motor,motorboat,14.61,4.51,1.36,4.3,91,100,103,3,9
1982,motor,motorboat,15.83,4.73,1.4,12.5,91,101,103,2,10
2034,sail,sailboat,10.09,3.17,1.75,5.2,91,102,105,3,11
2039,motor,motorboat,18.56,5.41,1.61,6.9,91,102,103,1,11
2040,motor,motorboat,15.33,4.27,1.62,8.8,91,102,104,2,11
2043,sail,sailboat,14.58,4.52,2.46,0.0,91,102,106,4,11
2052,motor,motorboat,18.98,5.73,1.64,12.0,91,102,104,2,11
2127,sail,sailboat,9.58,3.13,1.47,0.0,91,105,115,10,14
2187,sail,sailboat,13.84,4.25,2.5,3.7,91,107,110,3,16
2413,sail,sailboat,13.7,4.13,2.3,0.0,91,114,142,28,23
2529,small,motorboat,7.71,2.68,0.85,0.0,91,117,120,3,26
2722,motor,motorboat,20.39,5.84,1.77,37.7,91,123,125,2,32
2782,small,motorboat,7.98,2.78,0.78,0.0,91,125,132,7,34
3224,sail,sailboat,13.16,4.22,1.95,5.1,91,137,138,1,46
3315,sail,sailboat,11.42,3.75,1.84,0.0,91,140,144,4,49
3527,motor,motorboat,13.84,4.1,1.47,3.7,91,146,160,14,55
3679,motor,motorboat,11.27,3.32,1.16,0.0,91,150,153,3,59
3719,sail,sailboat,13.64,4.44,2.43,3.4,91,151,154,3,60
3773,super,yacht,20.41,5.24,2.25,34.0,91,152,153,1,61
4320,sail,sailboat,13.54,4.41,2.26,4.1,91,177,184,7,86
1706,small,motorboat,9.17,3.18,1.02,3.2,92,92,94,2,0
1711,motor,motorboat,13.0,3.85,1.26,6.5,92,92,94,2,0
1714,motor,motorboat,17.78,5.28,1.76,8.3,92,92,98,6,0
1719,motor,motorboat,15.1,4.63,1.33,13.0,92,93,95,2,1
1730,sail,sailboat,13.81,4.37,2.27,4.6,92,93,94,1,1
1732,sail,sailboat,14.58,4.49,2.57,4.5,92,93,96,3,1
1746,small,motorboat,8.08,2.81,0.75,2.6,92,93,97,4,1
1752,small,motorboat,7.58,2.52,0.79,0.0,92,94,101,7,2
1774,sail,sailboat,12.65,4.09,1.88,5.2,92,94,97,3,2
1775,sail,sailboat,12.93,4.09,2.08,0.0,92,94,99,5,2
1790,sail,sailboat,11.23,3.61,1.86,6.8,92,94,102,8,2
1804,super,yacht,22.81,6.22,2.91,16.9,92,95,101,6,3
1853,motor,motorboat,12.36,3.86,1.16,6.5,92,96,101,5,4
1867,sail,sailboat,13.02,4.1,2.29,0.0,92,96,97,1,4
1932,motor,motorboat,18.91,5.72,1.9,10.7,92,99,116,17,7
1938,motor,motorboat,13.96,4.01,1.41,4.3,92,99,103,4,7
1968,motor,motorboat,14.85,4.12,1.57,7.0,92,100,101,1,8
1983,sail,sailboat,12.17,3.69,2.22,0.0,92,101,104,3,9
2056,motor,motorboat,10.0,3.08,0.97,3.1,92,102,103,1,10
2057,super,yacht,27.43,7.17,3.4,31.8,92,102,103,1,10
2059,sail,sailboat,10.74,3.31,1.81,0.0,92,103,117,14,11
2072,motor,motorboat,10.0,2.93,1.03,0.0,92,103,106,3,11
2081,sail,sailboat,12.1,3.97,1.94,3.1,92,103,104,1,11
2095,sail,sailboat,16.73,5.19,2.59,8.1,92,104,105,1,12
2102,sail,sailboat,16.93,5.63,3.01,0.0,92,104,133,29,12
2114,sail,sailboat,12.49,3.93,2.17,5.0,92,104,110,6,12
2281,sail,sailboat,9.5,3.11,1.68,3.5,92,109,115,6,17
2663,sail,sailboat,9.53,3.06,1.56,3.3,92,122,150,28,30
2970,motor,motorboat,19.44,6.01,1.8,0.0,92,130,135,5,38
3140,sail,sailboat,14.69,4.66,2.65,6.1,92,136,142,6,44
3358,sail,sailboat,17.0,5.31,2.67,12.6,92,141,144,3,49
3465,super,yacht,20.25,5.15,2.31,27.8,92,144,145,1,52
3690,motor,motorboat,12.84,3.91,1.26,3.5,92,150,152,2,58
3765,super,yacht,22.43,5.89,2.77,0.0,92,152,174,22,60
3854,sail,sailboat,10.15,3.07,1.73,5.4,92,156,159,3,64
1724,motor,motorboat,16.26,4.92,1.5,11.3,93,93,95,2,0
1772,sail,sailboat,16.18,5.34,2.45,0.0,93,94,115,21,1
1778,sail,sailboat,14.53,4.7,2.19,6.2,93,94,95,1,1
1784,small,motorboat,8.56,3.06,0.9,0.0,93,94,107,13,1
1800,motor,motorboat,10.54,2.95,1.06,4.4,93,95,112,17,2
1806,small,motorboat,8.82,3.01,0.91,0.0,93,95,98,3,2
1815,motor,motorboat,14.52,4.46,1.3,5.1,93,95,98,3,2
1842,sail,sailboat,10.32,3.38,1.8,6.3,93,95,98,3,2
1844,motor,motorboat,16.36,4.84,1.72,0.0,93,96,98,2,3
1875,small,motorboat,7.86,2.61,0.82,0.0,93,97,100,3,4
1879,motor,motorboat,16.7,4.96,1.52,6.9,93,97,100,3,4
1897,sail,sailboat,14.43,4.57,2.22,6.6,93,97,103,6,4
1922,sail,sailboat,12.6,3.83,2.14,6.1,93,99,126,27,6
1934,motor,motorboat,14.53,4.07,1.26,6.4,93,99,105,6,6
1972,sail,sailboat,16.18,5.02,2.82,7.5,93,100,107,7,7
1999,small,motorboat,7.32,2.57,0.72,0.0,93,101,104,3,8
2025,motor,motorboat,16.73,4.74,1.73,8.2,93,102,109,7,9
2031,sail,sailboat,12.6,4.16,1.96,0.0,93,102,105,3,9
2037,small,motorboat,6.77,2.24,0.68,0.0,93,102,106,4,9
2038,sail,sailboat,13.62,4.57,2.48,0.0,93,102,116,14,9
2097,sail,sailboat,12.71,4.17,2.06,3.8,93,104,108,4,11
2176,sail,sailboat,10.1,3.33,1.79,3.2,93,107,108,1,14
2197,motor,motorboat,18.04,5.18,1.75,12.7,93,107,113,6,14
2328,motor,motorboat,10.92,3.15,1.01,5.2,93,111,136,25,18
2374,motor,motorboat,19.37,5.99,2.05,13.1,93,112,114,2,19
2705,sail,sailboat,16.54,5.52,2.88,6.7,93,123,124,1,30
2948,sail,sailboat,10.89,3.49,1.63,3.9,93,130,133,3,37
3276,motor,motorboat,11.83,3.44,1.11,6.1,93,139,140,1,46
3593,motor,motorboat,18.0,5.07,1.75,6.8,93,148,151,3,55
3695,motor,motorboat,17.05,5.13,1.77,0.0,93,150,164,14,57
3918,sail,sailboat,14.32,4.78,2.25,0.0,93,159,161,2,66
4259,motor,motorboat,13.15,4.0,1.14,5.9,93,174,190,16,81
1758,sail,sailboat,14.11,4.7,2.57,6.9,94,94,96,2,0
1759,motor,motorboat,17.42,5.02,1.54,0.0,94,94,95,1,0
1766,sail,sailboat,12.51,3.91,2.05,5.5,94,94,95,1,0
1769,super,yacht,22.49,6.04,2.89,39.2,94,94,101,7,0
1787,motor,motorboat,10.0,3.09,1.03,5.1,94,94,97,3,0
1789,motor,motorboat,13.73,3.86,1.43,3.4,94,94,107,13,0
1803,sail,sailboat,12.69,4.26,2.25,4.8,94,95,98,3,1
1824,super,yacht,27.05,7.24,3.42,16.9,94,95,96,1,1
1825,sail,sailboat,10.26,3.11,1.58,6.8,94,95,98,3,1
1830,motor,motorboat,17.32,4.89,1.79,14.0,94,95,99,4,1
1835,motor,motorboat,14.57,4.06,1.41,3.9,94,95,96,1,1
1836,sail,sailboat,13.06,4.32,2.3,0.0,94,95,99,4,1
1837,sail,sailboat,15.9,5.09,2.63,6.0,94,95,105,10,1
1838,sail,sailboat,14.17,4.4,2.59,4.7,94,95,102,7,1
1843,motor,motorboat,17.68,4.99,1.76,12.6,94,95,99,4,1
1856,sail,sailboat,14.87,4.71,2.55,0.0,94,96,98,2,2
1872,sail,sailboat,12.9,4.23,2.09,5.1,94,97,100,3,3
1909,sail,sailboat,11.5,3.77,1.91,0.0,94,98,115,17,4
1911,motor,motorboat,17.32,5.31,1.7,11.1,94,98,105,7,4
1948,motor,motorboat,16.4,4.9,1.75,13.4,94,100,101,1,6
1989,motor,motorboat,18.81,5.55,1.68,10.6,94,101,112,11,7
1994,motor,motorboat,13.3,4.0,1.23,4.6,94,101,103,2,7
2033,motor,motorboat,14.95,4.62,1.31,6.4,94,102,103,1,8
2137,sail,sailboat,12.36,3.95,2.15,0.0,94,105,107,2,11
2177,motor,motorboat,18.39,5.16,1.57,8.4,94,107,109,2,13
2202,sail,sailboat,11.51,3.88,1.98,4.8,94,107,110,3,13
2237,sail,sailboat,14.73,4.88,2.55,4.1,94,108,109,1,14
2469,motor,motorboat,14.46,4.18,1.5,4.3,94,115,118,3,21
2534,small,motorboat,8.91,3.07,0.88,2.0,94,117,120,3,23
2809,motor,motorboat,13.12,3.74,1.21,5.8,94,126,130,4,32
3344,sail,sailboat,17.0,5.71,2.93,12.1,94,141,143,2,47
3406,motor,motorboat,19.97,5.61,1.72,6.9,94,143,169,26,49
3705,small,motorboat,9.05,2.92,1.0,0.0,94,151,154,3,57
3754,sail,sailboat,16.4,5.5,2.75,12.7,94,152,159,7,58
4300,motor,motorboat,10.0,3.06,1.01,6.8,94,176,178,2,82
1801,sail,sailboat,15.6,5.12,2.47,12.4,95,95,98,3,0
1805,sail,sailboat,12.22,3.77,2.03,0.0,95,95,117,22,0
1839,small,motorboat,7.92,2.56,0.86,0.0,95,95,96,1,0
1847,sail,sailboat,16.52,5.59,2.75,12.3,95,96,108,12,1
1854,small,motorboat,6.57,2.27,0.67,2.7,95,96,103,7,1
1857,motor,motorboat,17.29,4.98,1.75,10.2,95,96,97,1,1
1866,small,motorboat,7.56,2.52,0.79,2.1,95,96,98,2,1
1873,motor,motorboat,16.28,4.66,1.49,7.7,95,97,104,7,2
1919,sail,sailboat,17.0,5.35,2.75,0.0,95,98,102,4,3
2130,motor,motorboat,12.86,3.69,1.16,4.5,95,105,106,1,10
2163,motor,motorboat,10.0,2.9,0.91,3.8,95,106,108,2,11
2172,sail,sailboat,11.1,3.49,1.69,6.4,95,106,110,4,11
2210,sail,sailboat,15.31,4.74,2.6,0.0,95,108,109,1,13
2255,sail,sailboat,9.5,3.14,1.61,0.0,95,109,123,14,14
2319,motor,motorboat,10.0,2.82,1.0,5.0,95,110,116,6,15
2321,small,motorboat,7.66,2.48,0.77,0.0,95,111,113,2,16
3228,motor,motorboat,10.33,3.11,0.91,5.4,95,138,152,14,43
3266,sail,sailboat,12.29,4.05,1.84,6.0,95,139,142,3,44
3387,motor,motorboat,14.03,4.2,1.48,4.6,95,142,149,7,47
3390,super,yacht,22.39,6.21,2.42,33.2,95,142,154,12,47
3444,motor,motorboat,11.44,3.42,0.99,5.0,95,143,145,2,48
3560,small,motorboat,7.52,2.54,0.77,2.3,95,147,168,21,52
3568,super,yacht,22.57,6.12,2.47,23.0,95,147,149,2,52
3656,sail,sailboat,13.61,4.5,2.3,6.5,95,150,157,7,55
3793,sail,sailboat,16.05,5.03,2.56,10.5,95,153,155,2,58
4387,sail,sailboat,10.46,3.43,1.86,5.7,95,179,180,1,84
1845,sail,sailboat,12.76,4.3,2.13,3.7,96,96,99,3,0
1849,motor,motorboat,11.5,3.58,1.17,5.3,96,96,98,2,0
1850,sail,sailboat,12.3,3.86,2.18,3.3,96,96,100,4,0
1855,sail,sailboat,15.01,4.94,2.59,9.8,96,96,97,1,0
1880,small,motorboat,7.52,2.7,0.71,0.0,96,97,100,3,1
1883,small,motorboat,8.86,2.98,0.86,0.0,96,97,106,9,1
1885,motor,motorboat,14.57,4.22,1.33,4.7,96,97,99,2,1
1891,sail,sailboat,13.02,4.33,2.32,0.0,96,97,98,1,1
1894,sail,sailboat,12.6,3.79,2.19,3.5,96,97,106,9,1
1900,motor,motorboat,18.85,5.78,1.77,12.8,96,98,99,1,2
1901,sail,sailboat,17.0,5.15,2.58,10.8,96,98,100,2,2
1904,sail,sailboat,15.76,4.87,2.73,13.4,96,98,105,7,2
1908,sail,sailboat,13.3,4.18,2.11,3.8,96,98,99,1,2
1925,motor,motorboat,17.12,4.76,1.51,9.2,96,99,101,2,3
1946,sail,sailboat,14.28,4.32,2.22,0.0,96,100,103,3,4
1950,sail,sailboat,13.55,4.36,2.17,6.9,96,100,103,3,4
1962,small,motorboat,8.07,2.77,0.77,0.0,96,100,105,5,4
2051,sail,sailboat,15.25,4.94,2.44,0.0,96,102,109,7,6
2068,motor,motorboat,13.01,3.77,1.13,3.4,96,103,107,4,7
2091,sail,sailboat,13.84,4.26,2.13,5.5,96,103,106,3,7
2135,small,motorboat,9.14,3.23,0.84,0.0,96,105,107,2,9
2190,sail,sailboat,9.5,3.02,1.5,0.0,96,107,114,7,11
2230,sail,sailboat,14.52,4.91,2.2,6.1,96,108,119,11,12
2236,sail,sailboat,16.01,4.89,2.49,12.2,96,108,109,1,12
2306,motor,motorboat,17.74,5.42,1.74,9.5,96,110,116,6,14
2440,super,yacht,24.05,6.69,3.08,23.4,96,114,116,2,18
2589,motor,motorboat,12.66,3.72,1.22,4.4,96,119,122,3,23
3021,motor,motorboat,10.0,2.93,1.04,6.0,96,131,156,25,35
3443,sail,sailboat,13.71,4.22,2.24,3.5,96,143,145,2,47
3620,motor,motorboat,13.02,3.89,1.14,4.1,96,149,150,1,53
3633,super,yacht,28.14,7.72,3.1,26.1,96,149,152,3,53
3654,super,yacht,28.45,7.48,3.34,34.9,96,150,163,13,54
1874,small,motorboat,8.43,2.83,0.83,0.0,97,97,103,6,0
1881,sail,sailboat,14.57,4.43,2.42,0.0,97,97,105,8,0
1887,sail,sailboat,15.08,4.73,2.6,8.3,97,97,100,3,0
1889,sail,sailboat,9.74,3.22,1.78,0.0,97,97,102,5,0
1914,motor,motorboat,15.88,4.85,1.47,10.4,97,98,101,3,1
1916,sail,sailboat,12.97,4.34,2.33,6.5,97,98,104,6,1
1935,sail,sailboat,15.34,5.11,2.44,6.2,97,99,100,1,2
1952,sail,sailboat,12.85,4.34,2.13,6.4,97,100,101,1,3
1960,sail,sailboat,11.98,3.89,2.14,0.0,97,100,101,1,3
1979,motor,motorboat,17.19,4.98,1.5,12.4,97,101,102,1,4
2016,motor,motorboat,17.63,5.24,1.68,10.9,97,101,106,5,4
2029,motor,motorboat,17.63,5.34,1.81,9.0,97,102,106,4,5
2086,sail,sailboat,12.7,4.15,1.98,5.5,97,103,105,2,6
2108,sail,sailboat,11.76,3.61,1.96,4.0,97,104,113,9,7
2120,small,motorboat,8.76,2.98,0.89,0.0,97,105,106,1,8
2126,motor,motorboat,10.52,3.03,1.08,0.0,97,105,106,1,8
2143,motor,motorboat,16.27,4.78,1.62,0.0,97,105,107,2,8
2144,sail,sailboat,15.2,4.61,2.78,0.0,97,106,111,5,9
2220,motor,motorboat,19.8,6.0,2.09,13.8,97,108,110,2,11
2260,motor,motorboat,15.09,4.72,1.43,7.2,97,109,114,5,12
2268,sail,sailboat,14.95,4.9,2.7,0.0,97,109,120,11,12
2272,motor,motorboat,16.22,5.05,1.68,0.0,97,109,111,2,12
2349,super,yacht,20.12,5.31,2.26,29.5,97,111,113,2,14
2591,sail,sailboat,13.4,4.29,2.34,3.4,97,120,122,2,23
2760,super,yacht,28.01,7.21,3.58,34.1,97,124,125,1,27
3056,motor,motorboat,18.18,5.15,1.71,9.5,97,133,134,1,36
3385,sail,sailboat,12.22,4.08,1.84,6.9,97,142,143,1,45
3420,super,yacht,24.73,7.06,2.98,23.4,97,143,145,2,46
3708,sail,sailboat,11.54,3.54,2.09,3.1,97,151,152,1,54
3749,super,yacht,26.08,6.89,3.17,25.6,97,152,155,3,55
3763,small,motorboat,6.22,2.18,0.64,2.4,97,152,153,1,55
1902,small,motorboat,6.82,2.42,0.63,0.0,98,98,99,1,0
1910,sail,sailboat,12.84,3.89,2.33,0.0,98,98,102,4,0
1912,sail,sailboat,11.9,3.95,1.8,6.5,98,98,99,1,0
1920,motor,motorboat,12.56,3.52,1.08,5.5,98,99,113,14,1
1921,motor,motorboat,18.03,5.37,1.83,8.1,98,99,100,1,1
1927,sail,sailboat,12.75,4.04,2.13,6.5,98,99,110,11,1
1944,sail,sailboat,14.31,4.5,2.47,0.0,98,100,121,21,2
1955,super,yacht,27.6,7.63,3.59,39.1,98,100,111,11,2
1976,sail,sailboat,15.5,5.03,2.63,13.5,98,100,101,1,2
1998,sail,sailboat,16.78,5.22,2.81,0.0,98,101,104,3,3
2003,motor,motorboat,11.36,3.49,0.99,5.1,98,101,104,3,3
2032,sail,sailboat,10.01,3.2,1.8,6.3,98,102,107,5,4
2046,sail,sailboat,14.99,4.78,2.34,0.0,98,102,105,3,4
2066,motor,motorboat,20.44,6.06,1.85,20.2,98,103,104,1,5
2087,sail,sailboat,14.45,4.45,2.25,0.0,98,103,105,2,5
2092,sail,sailboat,13.96,4.26,2.14,0.0,98,103,107,4,5
2133,motor,motorboat,14.13,4.03,1.48,4.2,98,105,106,1,7
2167,sail,sailboat,13.22,4.11,2.1,5.9,98,106,116,10,8
2222,sail,sailboat,14.97,4.84,2.7,0.0,98,108,109,1,10
2224,motor,motorboat,14.15,4.1,1.35,6.0,98,108,109,1,10
2350,small,motorboat,8.32,2.74,0.75,3.4,98,112,118,6,14
2538,sail,sailboat,13.77,4.51,2.45,6.3,98,117,124,7,19
2638,motor,motorboat,14.7,4.19,1.27,6.5,98,121,127,6,23
2670,super,yacht,27.2,7.35,3.29,30.6,98,122,127,5,24
2718,motor,motorboat,20.3,5.93,2.16,24.4,98,123,124,1,25
3024,sail,sailboat,11.81,3.72,2.0,0.0,98,132,139,7,34
3093,sail,sailboat,13.29,4.23,2.0,5.0,98,134,137,3,36
4049,sail,sailboat,12.66,3.93,2.32,4.0,98,164,171,7,66
1923,sail,sailboat,13.39,4.05,2.0,0.0,99,99,102,3,0
1924,motor,motorboat,16.3,4.89,1.6,9.9,99,99,104,5,0
1929,motor,motorboat,19.32,5.82,1.71,8.9,99,99,100,1,0
1930,small,motorboat,8.25,2.85,0.79,3.4,99,99,102,3,0
1940,sail,sailboat,11.48,3.89,2.02,5.1,99,100,105,5,1
1963,motor,motorboat,16.13,5.02,1.53,10.7,99,100,105,5,1
1964,motor,motorboat,13.0,3.84,1.32,4.1,99,100,102,2,1
1974,sail,sailboat,11.88,3.81,2.1,4.3,99,100,103,3,1
1980,sail,sailboat,14.72,4.67,2.49,4.5,99,101,109,8,2
1992,small,motorboat,9.45,3.13,0.94,2.7,99,101,106,5,2
2004,motor,motorboat,10.0,2.79,0.87,5.8,99,101,108,7,2
2010,sail,sailboat,12.52,4.24,2.01,0.0,99,101,104,3,2
2013,sail,sailboat,10.52,3.18,1.86,0.0,99,101,106,5,2
2015,motor,motorboat,16.16,4.91,1.54,7.6,99,101,104,3,2
2017,motor,motorboat,15.07,4.69,1.4,0.0,99,102,109,7,3
2024,motor,motorboat,10.0,3.06,0.93,6.1,99,102,108,6,3
2036,small,motorboat,7.91,2.84,0.81,0.0,99,102,109,7,3
2062,small,motorboat,8.41,3.0,0.91,0.0,99,103,106,3,4
2129,small,motorboat,8.97,2.95,0.82,0.0,99,105,117,12,6
2173,small,motorboat,8.27,2.85,0.83,3.1,99,106,109,3,7
2280,sail,sailboat,13.25,4.05,2.1,7.0,99,109,112,3,10
2341,motor,motorboat,13.5,3.99,1.32,3.7,99,111,121,10,12
3216,super,yacht,24.0,6.54,2.65,36.2,99,137,139,2,38
3325,small,motorboat,8.61,2.9,0.92,3.5,99,141,144,3,42
3494,sail,sailboat,9.5,3.15,1.55,0.0,99,145,147,2,46
3575,small,motorboat,8.67,3.03,0.82,2.1,99,147,149,2,48
3653,small,motorboat,7.33,2.45,0.68,0.0,99,150,153,3,51
3841,motor,motorboat,11.11,3.33,0.95,6.3,99,156,157,1,57
1941,sail,sailboat,14.89,4.9,2.42,0.0,100,100,104,4,0
1969,sail,sailboat,11.96,4.0,1.84,0.0,100,100,102,2,0
1981,sail,sailboat,11.92,3.66,1.87,6.1,100,101,109,8,1
1984,motor,motorboat,11.48,3.28,1.04,6.4,100,101,111,10,1
1995,sail,sailboat,12.91,4.32,2.33,5.0,100,101,102,1,1
2007,motor,motorboat,17.49,5.42,1.5,8.3,100,101,107,6,1
2022,sail,sailboat,13.61,4.29,2.03,4.5,100,102,111,9,2
2030,sail,sailboat,14.54,4.79,2.25,3.4,100,102,109,7,2
2041,small,motorboat,8.65,2.77,0.96,3.2,100,102,130,28,2
2044,motor,motorboat,14.19,4.31,1.21,4.9,100,102,115,13,2
2200,super,yacht,28.89,7.41,3.79,31.5,100,107,111,4,7
2267,motor,motorboat,15.04,4.65,1.55,6.9,100,109,135,26,9
2295,sail,sailboat,11.88,3.98,2.17,6.0,100,110,111,1,10
2330,sail,sailboat,12.19,4.07,1.91,4.5,100,111,114,3,11
2372,super,yacht,25.14,6.95,3.05,35.2,100,112,126,14,12
2564,sail,sailboat,10.73,3.39,1.75,6.6,100,118,125,7,18
2587,super,yacht,26.09,6.81,3.08,13.0,100,119,127,8,19
2599,super,yacht,20.91,5.31,2.32,32.6,100,120,121,1,20
2619,sail,sailboat,11.6,3.83,1.86,4.3,100,121,124,3,21
2805,sail,sailboat,9.54,3.05,1.51,3.2,100,126,133,7,26
2882,sail,sailboat,11.71,3.57,1.98,4.0,100,128,135,7,28
3124,motor,motorboat,15.3,4.73,1.6,12.1,100,135,138,3,35
3154,sail,sailboat,14.29,4.67,2.6,0.0,100,136,137,1,36
3642,motor,motorboat,16.2,5.0,1.56,9.0,100,149,150,1,49
4740,super,yacht,23.65,6.62,2.71,39.3,100,209,212,3,109
1991,motor,motorboat,16.05,4.51,1.66,13.8,101,101,102,1,0
1993,small,motorboat,9.49,3.19,1.0,0.0,101,101,107,6,0
2001,sail,sailboat,12.41,4.03,1.94,0.0,101,101,106,5,0
2011,sail,sailboat,11.48,3.5,1.96,3.6,101,101,103,2,0
2012,motor,motorboat,17.17,5.02,1.58,13.7,101,101,115,14,0
2020,super,yacht,20.93,5.33,2.32,24.2,101,102,103,1,1
2021,super,yacht,26.4,6.92,2.99,15.5,101,102,107,5,1
2058,sail,sailboat,14.83,4.67,2.49,4.7,101,102,107,5,1
2061,motor,motorboat,15.21,4.41,1.56,12.8,101,103,104,1,2
2069,motor,motorboat,10.0,2.8,0.9,6.9,101,103,106,3,2
2073,motor,motorboat,10.07,3.12,0.98,0.0,101,103,104,1,2
2078,sail,sailboat,12.38,4.16,2.09,5.6,101,103,106,3,2
2085,motor,motorboat,15.74,4.55,1.42,13.5,101,103,106,3,2
2246,sail,sailboat,14.54,4.92,2.67,0.0,101,108,131,23,7
2345,sail,sailboat,9.5,2.92,1.53,2.1,101,111,114,3,10
2395,motor,motorboat,18.04,5.29,1.68,9.0,101,113,115,2,12
2414,motor,motorboat,12.59,3.81,1.25,6.1,101,114,116,2,13
2475,sail,sailboat,13.34,4.46,2.44,4.5,101,115,118,3,14
2620,sail,sailboat,11.79,3.86,1.85,5.8,101,121,122,1,20
2633,sail,sailboat,12.7,3.99,2.34,0.0,101,121,123,2,20
2922,motor,motorboat,10.32,3.05,1.09,5.8,101,129,135,6,28
3297,motor,motorboat,15.25,4.37,1.53,13.3,101,140,143,3,39
3612,super,yacht,22.85,5.84,2.53,32.6,101,148,149,1,47
3650,super,yacht,23.76,6.6,3.11,24.0,101,150,156,6,49
3660,sail,sailboat,12.09,4.04,2.0,4.8,101,150,155,5,49
3781,sail,sailboat,14.39,4.81,2.47,6.4,101,153,154,1,52
4100,sail,sailboat,15.57,4.73,2.54,10.9,101,166,167,1,65
4123,sail,sailboat,13.03,4.19,1.99,3.5,101,167,168,1,66
2018,motor,motorboat,15.48,4.68,1.49,13.7,102,102,104,2,0
2047,sail,sailboat,11.56,3.69,2.03,0.0,102,102,103,1,0
2055,sail,sailboat,12.38,4.19,1.84,3.1,102,102,110,8,0
2060,sail,sailboat,11.6,3.66,2.02,4.8,102,103,130,27,1
2070,small,motorboat,8.76,2.88,0.93,2.9,102,103,124,21,1
2074,sail,sailboat,13.6,4.47,2.42,6.3,102,103,110,7,1
2082,motor,motorboat,16.8,5.14,1.55,10.4,102,103,106,3,1
2084,small,motorboat,6.92,2.24,0.75,2.5,102,103,113,10,1
2089,sail,sailboat,15.75,5.05,2.9,6.5,102,103,109,6,1
2098,sail,sailboat,15.72,5.04,2.38,13.1,102,104,105,1,2
2101,sail,sailboat,10.62,3.55,1.6,6.6,102,104,107,3,2
2115,sail,sailboat,14.11,4.7,2.44,6.4,102,104,108,4,2
2145,super,yacht,23.04,6.18,2.53,28.9,102,106,109,3,4
2148,sail,sailboat,10.94,3.41,1.91,5.9,102,106,109,3,4
2149,sail,sailboat,12.18,3.92,2.14,0.0,102,106,107,1,4
2156,sail,sailboat,12.25,4.1,2.15,5.2,102,106,112,6,4
2157,small,motorboat,8.98,3.21,0.96,0.0,102,106,110,4,4
2161,small,motorboat,8.47,3.03,0.91,3.4,102,106,107,1,4
2165,motor,motorboat,12.06,3.57,1.13,5.5,102,106,110,4,4
2166,sail,sailboat,9.5,3.2,1.53,0.0,102,106,110,4,4
2207,sail,sailboat,10.94,3.44,1.64,5.0,102,107,108,1,5
2248,small,motorboat,8.57,3.07,0.92,2.1,102,108,114,6,6
2270,motor,motorboat,18.81,5.43,1.8,10.0,102,109,110,1,7
2277,motor,motorboat,16.75,5.13,1.76,12.2,102,109,123,14,7
2317,motor,motorboat,11.82,3.4,1.18,6.6,102,110,113,3,8
2333,motor,motorboat,12.66,3.62,1.11,0.0,102,111,118,7,9
2430,super,yacht,25.82,7.19,2.9,27.3,102,114,126,12,12
2432,sail,sailboat,13.74,4.43,2.24,4.6,102,114,117,3,12
2477,motor,motorboat,13.02,3.7,1.22,0.0,102,115,119,4,13
2485,sail,sailboat,11.56,3.49,2.03,3.1,102,116,118,2,14
2507,motor,motorboat,14.7,4.09,1.45,0.0,102,116,119,3,14
3078,sail,sailboat,15.12,5.06,2.42,0.0,102,134,136,2,32
3342,sail,sailboat,11.47,3.87,1.94,4.9,102,141,142,1,39
3506,sail,sailboat,9.95,3.18,1.82,2.8,102,145,147,2,43
3822,motor,motorboat,16.06,4.65,1.58,10.7,102,155,159,4,53
3899,motor,motorboat,16.74,5.15,1.5,12.0,102,158,165,7,56
2063,motor,motorboat,13.72,4.14,1.41,3.6,103,103,104,1,0
2067,sail,sailboat,12.68,4.23,2.31,6.9,103,103,104,1,0
2083,motor,motorboat,17.91,5.25,1.76,13.2,103,103,104,1,0
2100,sail,sailboat,12.04,3.74,2.18,3.2,103,104,106,2,1
2110,motor,motorboat,14.91,4.56,1.42,3.2,103,104,106,2,1
2128,sail,sailboat,12.88,3.96,2.2,4.1,103,105,106,1,2
2141,motor,motorboat,14.6,4.31,1.45,6.5,103,105,108,3,2
2179,sail,sailboat,11.43,3.83,2.0,6.8,103,107,108,1,4
2205,sail,sailboat,11.54,3.82,1.88,5.8,103,107,108,1,4
2254,sail,sailboat,14.3,4.31,2.18,5.5,103,109,110,1,6
2293,small,motorboat,8.57,3.02,0.9,0.0,103,110,111,1,7
2310,sail,sailboat,15.62,4.91,2.46,12.7,103,110,112,2,7
2346,sail,sailboat,12.77,4.15,2.3,0.0,103,111,113,2,8
2394,motor,motorboat,14.26,4.15,1.47,5.3,103,113,120,7,10
2443,motor,motorboat,15.87,4.88,1.68,8.5,103,115,121,6,12
2445,sail,sailboat,9.5,3.1,1.42,0.0,103,115,120,5,12
2482,motor,motorboat,15.85,4.65,1.51,11.5,103,116,123,7,13
2487,sail,sailboat,10.1,3.21,1.6,6.6,103,116,119,3,13
2497,small,motorboat,9.36,3.05,0.87,2.6,103,116,118,2,13
2535,sail,sailboat,13.45,4.44,2.04,4.6,103,117,120,3,14
2678,motor,motorboat,22.0,6.67,2.01,18.0,103,122,123,1,19
2917,sail,sailboat,9.5,3.19,1.69,3.1,103,129,130,1,26
3336,motor,motorboat,14.81,4.28,1.49,5.8,103,141,143,2,38
3847,sail,sailboat,14.41,4.37,2.27,0.0,103,156,163,7,53
2107,sail,sailboat,13.15,4.02,1.97,4.7,104,104,108,4,0
2112,sail,sailboat,12.28,4.02,2.06,6.3,104,104,111,7,0
2122,motor,motorboat,17.89,5.05,1.82,0.0,104,105,106,1,1
2123,motor,motorboat,10.0,3.0,0.93,5.9,104,105,111,6,1
2125,motor,motorboat,12.58,3.69,1.14,3.2,104,105,107,2,1
2134,motor,motorboat,13.05,3.93,1.2,6.0,104,105,107,2,1
2140,motor,motorboat,14.4,4.3,1.25,0.0,104,105,106,1,1
2146,small,motorboat,9.04,3.24,0.84,0.0,104,106,107,1,2
2147,sail,sailboat,10.42,3.5,1.8,5.9,104,106,107,1,2
2153,motor,motorboat,11.91,3.54,1.03,5.4,104,106,108,2,2
2155,sail,sailboat,11.3,3.4,1.72,0.0,104,106,107,1,2
2169,sail,sailboat,14.93,4.81,2.29,5.3,104,106,108,2,2
2171,sail,sailboat,15.48,5.03,2.72,7.7,104,106,109,3,2
2174,motor,motorboat,15.88,4.61,1.47,0.0,104,107,108,1,3
2189,small,motorboat,6.39,2.22,0.58,2.3,104,107,108,1,3
2213,sail,sailboat,14.51,4.79,2.47,0.0,104,108,110,2,4
2226,small,motorboat,7.17,2.41,0.76,0.0,104,108,110,2,4
2227,small,motorboat,6.31,2.18,0.65,0.0,104,108,116,8,4
2241,sail,sailboat,13.91,4.66,2.48,6.9,104,108,110,2,4
2288,sail,sailboat,13.24,4.37,2.43,0.0,104,109,112,3,5
2291,motor,motorboat,17.25,4.95,1.8,12.1,104,110,111,1,6
2337,small,motorboat,6.06,2.03,0.62,0.0,104,111,118,7,7
2344,sail,sailboat,15.87,5.09,2.58,0.0,104,111,114,3,7
2354,small,motorboat,8.98,3.18,0.89,0.0,104,112,119,7,8
2380,small,motorboat,6.23,2.04,0.57,2.9,104,113,115,2,9
2398,motor,motorboat,10.0,2.85,0.89,5.7,104,113,124,11,9
2415,small,motorboat,8.66,2.97,0.95,0.0,104,114,119,5,10
2422,sail,sailboat,13.25,4.17,2.09,6.4,104,114,116,2,10
2456,motor,motorboat,12.33,3.51,1.25,6.2,104,115,117,2,11
2461,sail,sailboat,13.66,4.41,2.22,3.5,104,115,116,1,11
2470,sail,sailboat,14.78,4.8,2.66,4.7,104,115,129,14,11
2520,small,motorboat,8.95,3.03,0.95,2.2,104,117,121,4,13
2531,motor,motorboat,16.13,4.66,1.45,6.7,104,117,119,2,13
2536,sail,sailboat,14.7,4.59,2.38,3.7,104,117,118,1,13
2624,sail,sailboat,10.98,3.41,1.7,3.8,104,121,123,2,17
2625,sail,sailboat,9.5,3.11,1.75,2.2,104,121,135,14,17
2892,small,motorboat,8.05,2.82,0.81,0.0,104,128,130,2,24
2951,motor,motorboat,17.13,5.06,1.5,6.6,104,130,137,7,26
3484,sail,sailboat,12.68,4.04,2.14,0.0,104,144,170,26,40
3486,super,yacht,26.06,7.2,3.49,12.1,104,144,155,11,40
3828,sail,sailboat,10.5,3.53,1.91,0.0,104,155,168,13,51
4274,sail,sailboat,13.05,4.17,2.18,6.9,104,174,188,14,70
4749,motor,motorboat,20.15,5.91,1.81,33.0,104,210,214,4,106
2119,small,motorboat,9.46,3.2,1.05,0.0,105,105,106,1,0
2132,motor,motorboat,17.67,5.46,1.81,6.9,105,105,108,3,0
2139,motor,motorboat,13.25,4.06,1.4,6.0,105,105,110,5,0
2142,sail,sailboat,11.24,3.75,1.87,0.0,105,105,122,17,0
2154,sail,sailboat,9.5,3.04,1.44,2.8,105,106,112,6,1
2160,sail,sailboat,11.56,3.62,1.85,6.2,105,106,113,7,1
2178,motor,motorboat,13.92,3.9,1.38,6.1,105,107,110,3,2
2181,sail,sailboat,15.23,4.76,2.7,12.9,105,107,118,11,2
2192,motor,motorboat,12.2,3.75,1.2,6.1,105,107,109,2,2
2193,sail,sailboat,12.25,3.94,2.21,4.3,105,107,108,1,2
2203,motor,motorboat,15.14,4.4,1.36,12.5,105,107,109,2,2
2204,sail,sailboat,10.34,3.44,1.75,4.0,105,107,113,6,2
2324,sail,sailboat,14.44,4.9,2.27,6.8,105,111,112,1,6
2359,sail,sailboat,17.0,5.17,3.1,13.2,105,112,116,4,7
2407,sail,sailboat,13.56,4.11,2.24,5.5,105,114,116,2,9
2480,motor,motorboat,12.52,3.6,1.16,6.1,105,116,117,1,11
2539,motor,motorboat,19.11,5.95,1.95,0.0,105,117,120,3,12
2552,sail,sailboat,14.95,4.94,2.3,3.6,105,118,119,1,13
2560,motor,motorboat,13.01,3.84,1.14,4.8,105,118,120,2,13
2823,sail,sailboat,11.14,3.62,1.83,0.0,105,126,128,2,21
2993,small,motorboat,7.79,2.64,0.8,2.4,105,130,133,3,25
3271,motor,motorboat,12.97,3.84,1.32,4.2,105,139,151,12,34
3295,super,yacht,20.68,5.66,2.29,29.8,105,140,146,6,35
3489,super,yacht,22.33,5.91,2.94,18.3,105,145,148,3,40
3825,motor,motorboat,16.16,4.86,1.62,7.1,105,155,159,4,50
4026,sail,sailboat,12.93,4.37,2.0,0.0,105,163,164,1,58
4082,motor,motorboat,18.44,5.36,1.77,12.8,105,165,171,6,60
4669,super,yacht,28.46,7.23,3.6,12.1,105,203,208,5,98
2150,sail,sailboat,14.08,4.62,2.49,5.8,106,106,124,18,0
2151,motor,motorboat,16.12,5.04,1.48,9.3,106,106,109,3,0
2158,sail,sailboat,11.12,3.41,1.89,4.6,106,106,110,4,0
2209,motor,motorboat,19.96,5.63,2.04,0.0,106,108,136,28,2
2214,motor,motorboat,11.69,3.46,1.12,6.7,106,108,111,3,2
2216,sail,sailboat,14.45,4.51,2.25,0.0,106,108,132,24,2
2233,motor,motorboat,16.61,5.09,1.7,13.9,106,108,113,5,2
2235,sail,sailboat,12.73,4.03,2.28,6.8,106,108,130,22,2
2240,motor,motorboat,13.0,4.02,1.21,4.7,106,108,110,2,2
2249,motor,motorboat,13.22,3.77,1.21,3.7,106,108,120,12,2
2305,motor,motorboat,15.55,4.54,1.65,6.3,106,110,112,2,4
2320,small,motorboat,6.6,2.36,0.72,2.1,106,111,120,9,5
2351,sail,sailboat,12.89,4.12,2.16,3.9,106,112,114,2,6
2360,super,yacht,24.54,6.56,2.69,33.0,106,112,128,16,6
2404,sail,sailboat,12.27,3.88,1.83,6.2,106,114,115,1,8
2437,small,motorboat,7.15,2.36,0.72,3.1,106,114,119,5,8
2442,small,motorboat,7.65,2.63,0.74,0.0,106,115,122,7,9
2453,sail,sailboat,13.07,4.28,2.12,4.8,106,115,119,4,9
2473,motor,motorboat,11.44,3.18,1.17,0.0,106,115,127,12,9
2495,sail,sailboat,12.73,3.83,2.33,3.0,106,116,141,25,10
2613,small,motorboat,6.73,2.42,0.67,0.0,106,120,122,2,14
2742,sail,sailboat,9.5,3.01,1.73,0.0,106,124,149,25,18
2748,sail,sailboat,12.93,4.03,2.09,0.0,106,124,131,7,18
2883,motor,motorboat,17.3,4.84,1.57,7.4,106,128,129,1,22
2904,motor,motorboat,13.64,4.2,1.25,3.8,106,129,136,7,23
2997,sail,sailboat,14.61,4.95,2.43,4.3,106,131,135,4,25
3500,sail,sailboat,15.74,5.27,2.73,8.8,106,145,148,3,39
3524,motor,motorboat,12.52,3.66,1.24,0.0,106,146,158,12,40
3792,small,motorboat,6.69,2.16,0.64,3.4,106,153,158,5,47
4094,small,motorboat,6.78,2.28,0.64,2.9,106,166,167,1,60
2186,sail,sailboat,11.83,3.64,1.96,4.0,107,107,113,6,0
2211,sail,sailboat,13.49,4.16,2.13,0.0,107,108,111,3,1
2215,sail,sailboat,9.62,2.92,1.53,3.2,107,108,111,3,1
2221,sail,sailboat,14.65,4.47,2.59,3.9,107,108,109,1,1
2244,sail,sailboat,14.75,4.9,2.25,4.7,107,108,114,6,1
2245,motor,motorboat,14.69,4.2,1.28,3.6,107,108,122,14,1
2251,sail,sailboat,10.01,3.36,1.57,4.2,107,108,111,3,1
2252,super,yacht,28.15,7.61,3.29,35.9,107,109,111,2,2
2253,motor,motorboat,17.96,5.25,1.86,9.0,107,109,110,1,2
2262,sail,sailboat,15.05,4.72,2.37,0.0,107,109,110,1,2
2263,sail,sailboat,9.5,2.89,1.61,0.0,107,109,134,25,2
2278,motor,motorboat,12.45,3.57,1.15,3.3,107,109,117,8,2
2285,sail,sailboat,13.45,4.38,2.46,4.8,107,109,111,2,2
2287,sail,sailboat,14.17,4.7,2.58,4.6,107,109,120,11,2
2307,sail,sailboat,9.5,2.97,1.71,2.0,107,110,111,1,3
2335,motor,motorboat,15.18,4.66,1.61,9.7,107,111,113,2,4
2348,motor,motorboat,12.54,3.67,1.25,3.8,107,111,112,1,4
2366,motor,motorboat,10.26,2.94,1.04,3.3,107,112,114,2,5
2373,motor,motorboat,17.54,5.29,1.67,12.1,107,112,115,3,5
2382,sail,sailboat,10.78,3.49,1.61,3.1,107,113,115,2,6
2385,small,motorboat,7.92,2.7,0.85,0.0,107,113,114,1,6
2405,sail,sailboat,13.86,4.56,2.23,3.4,107,114,121,7,7
2427,motor,motorboat,15.53,4.82,1.56,0.0,107,114,116,2,7
2436,motor,motorboat,15.81,4.51,1.56,6.2,107,114,116,2,7
2466,sail,sailboat,12.3,3.9,2.0,4.7,107,115,116,1,8
2484,sail,sailboat,12.89,4.05,2.23,3.5,107,116,117,1,9
2489,small,motorboat,6.99,2.37,0.78,0.0,107,116,118,2,9
2491,sail,sailboat,10.09,3.35,1.7,6.6,107,116,119,3,9
2498,small,motorboat,7.29,2.38,0.75,0.0,107,116,122,6,9
2503,motor,motorboat,11.79,3.4,1.15,5.8,107,116,125,9,9
2543,sail,sailboat,10.36,3.25,1.85,0.0,107,118,123,5,11
2559,motor,motorboat,15.21,4.58,1.58,10.3,107,118,120,2,11
2739,super,yacht,25.02,6.91,3.02,21.9,107,124,130,6,17
2845,super,yacht,24.96,6.73,3.11,19.7,107,127,128,1,20
3018,super,yacht,21.48,5.89,2.36,20.5,107,131,143,12,24
3215,sail,sailboat,11.06,3.52,2.01,4.3,107,137,145,8,30
3746,small,motorboat,6.11,2.1,0.59,2.6,107,152,157,5,45
2223,motor,motorboat,15.23,4.68,1.32,11.4,108,108,111,3,0
2229,sail,sailboat,13.9,4.21,2.35,5.1,108,108,126,18,0
2231,small,motorboat,6.07,2.08,0.57,3.3,108,108,109,1,0
2243,sail,sailboat,11.4,3.71,1.97,7.0,108,108,121,13,0
2250,sail,sailboat,16.44,5.52,2.65,0.0,108,108,109,1,0
2256,sail,sailboat,11.13,3.47,1.94,5.1,108,109,111,2,1
2259,sail,sailboat,11.68,3.85,1.94,5.1,108,109,112,3,1
2265,small,motorboat,8.51,3.02,0.85,0.0,108,109,117,8,1
2276,small,motorboat,7.85,2.81,0.73,0.0,108,109,112,3,1
2279,sail,sailboat,12.26,3.95,2.13,3.2,108,109,110,1,1
2286,motor,motorboat,17.37,5.31,1.61,12.2,108,109,110,1,1
2294,motor,motorboat,19.16,5.47,1.9,11.6,108,110,111,1,2
2298,sail,sailboat,10.94,3.39,1.94,0.0,108,110,117,7,2
2299,small,motorboat,9.01,3.07,0.82,2.3,108,110,111,1,2
2314,small,motorboat,8.76,2.93,0.89,0.0,108,110,115,5,2
2339,small,motorboat,6.38,2.08,0.6,2.1,108,111,130,19,3
2342,sail,sailboat,14.18,4.63,2.5,3.8,108,111,112,1,3
2365,sail,sailboat,14.31,4.58,2.18,0.0,108,112,119,7,4
2416,sail,sailboat,13.32,4.41,2.4,4.1,108,114,116,2,6
2429,sail,sailboat,14.2,4.56,2.53,4.3,108,114,127,13,6
2447,motor,motorboat,16.85,4.84,1.7,6.1,108,115,121,6,7
2580,super,yacht,28.54,7.68,3.71,12.9,108,119,124,5,11
2604,sail,sailboat,9.77,3.31,1.56,0.0,108,120,123,3,12
2637,motor,motorboat,14.26,4.12,1.29,6.8,108,121,123,2,13
2656,sail,sailboat,14.63,4.5,2.6,0.0,108,122,123,1,14
2666,motor,motorboat,12.16,3.55,1.08,6.0,108,122,128,6,14
2669,sail,sailboat,15.04,4.58,2.7,11.0,108,122,145,23,14
2673,motor,motorboat,13.03,3.91,1.21,0.0,108,122,123,1,14
2681,motor,motorboat,15.28,4.49,1.5,7.5,108,122,127,5,14
2686,motor,motorboat,17.68,5.24,1.72,13.0,108,122,128,6,14
2690,motor,motorboat,12.53,3.66,1.13,6.0,108,122,125,3,14
3172,sail,sailboat,9.82,3.13,1.69,0.0,108,136,138,2,28
3319,small,motorboat,7.9,2.62,0.88,3.4,108,140,145,5,32
3413,motor,motorboat,19.19,5.98,1.83,12.7,108,143,156,13,35
3434,sail,sailboat,12.64,3.93,2.06,6.8,108,143,145,2,35
3595,sail,sailboat,10.28,3.33,1.73,0.0,108,148,170,22,40
3658,motor,motorboat,14.69,4.26,1.47,5.2,108,150,153,3,42
3976,sail,sailboat,15.41,5.17,2.45,13.3,108,161,172,11,53
4091,sail,sailboat,10.75,3.29,1.95,0.0,108,166,167,1,58
4499,sail,sailboat,10.21,3.43,1.83,4.3,108,186,191,5,78
2264,small,motorboat,8.77,3.09,0.81,3.4,109,109,114,5,0
2266,sail,sailboat,9.5,2.88,1.43,2.5,109,109,111,2,0
2273,sail,sailboat,14.87,4.84,2.67,6.9,109,109,112,3,0
2284,sail,sailboat,13.26,4.5,2.07,4.7,109,109,112,3,0
2290,motor,motorboat,12.64,3.86,1.34,6.9,109,109,114,5,0
2301,sail,sailboat,11.81,3.8,2.08,0.0,109,110,119,9,1
2313,small,motorboat,7.49,2.51,0.78,2.8,109,110,127,17,1
2315,motor,motorboat,16.27,4.93,1.67,11.1,109,110,111,1,1
2323,sail,sailboat,12.32,3.71,2.24,5.9,109,111,115,4,2
2326,motor,motorboat,10.47,3.15,0.96,3.4,109,111,119,8,2
2331,sail,sailboat,14.57,4.41,2.26,6.8,109,111,113,2,2
2332,sail,sailboat,12.33,3.71,2.26,5.2,109,111,113,2,2
2364,sail,sailboat,15.69,4.85,2.87,7.6,109,112,116,4,3
2544,motor,motorboat,14.02,4.08,1.46,6.1,109,118,125,7,9
2571,sail,sailboat,10.1,3.2,1.68,5.2,109,119,121,2,10
2612,motor,motorboat,15.38,4.58,1.36,10.6,109,120,123,3,11
2651,sail,sailboat,17.0,5.67,2.92,10.5,109,121,126,5,12
2696,motor,motorboat,11.29,3.26,1.17,0.0,109,123,124,1,14
2706,motor,motorboat,16.94,4.85,1.7,10.4,109,123,125,2,14
2709,sail,sailboat,10.05,3.16,1.69,0.0,109,123,124,1,14
2995,sail,sailboat,13.84,4.37,2.12,4.5,109,131,133,2,22
3002,motor,motorboat,12.68,3.96,1.24,4.7,109,131,132,1,22
3213,small,motorboat,6.97,2.41,0.7,3.1,109,137,141,4,28
3254,super,yacht,21.31,5.64,2.41,15.4,109,138,146,8,29
3643,sail,sailboat,12.37,4.05,2.29,0.0,109,149,156,7,40
3982,super,yacht,21.85,5.88,2.54,35.2,109,161,163,2,52
3997,sail,sailboat,14.21,4.55,2.27,0.0,109,162,165,3,53
2312,sail,sailboat,12.39,4.0,2.13,0.0,110,110,113,3,0
2318,motor,motorboat,13.22,3.7,1.15,4.6,110,110,111,1,0
2325,motor,motorboat,10.71,3.05,0.99,5.6,110,111,114,3,1
2329,sail,sailboat,12.28,3.78,1.93,4.8,110,111,114,3,1
2338,sail,sailboat,14.34,4.68,2.28,3.7,110,111,124,13,1
2340,sail,sailboat,14.55,4.64,2.52,0.0,110,111,113,2,1
2363,motor,motorboat,22.0,6.4,2.09,29.2,110,112,119,7,2
2370,sail,sailboat,12.68,4.0,2.13,5.8,110,112,116,4,2
2375,motor,motorboat,14.73,4.44,1.43,0.0,110,113,115,2,3
2388,motor,motorboat,13.38,3.98,1.23,3.6,110,113,116,3,3
2390,motor,motorboat,14.63,4.18,1.29,6.6,110,113,120,7,3
2402,motor,motorboat,17.87,5.38,1.82,0.0,110,114,115,1,4
2438,super,yacht,25.86,7.33,2.82,38.6,110,114,118,4,4
2481,motor,motorboat,20.23,6.03,2.09,29.6,110,116,120,4,6
2486,small,motorboat,8.39,2.92,0.82,0.0,110,116,125,9,6
2532,motor,motorboat,15.51,4.41,1.62,11.5,110,117,119,2,7
2563,super,yacht,26.74,7.14,3.03,16.8,110,118,119,1,8
2616,motor,motorboat,10.02,2.8,0.91,3.3,110,120,121,1,10
2631,motor,motorboat,13.7,4.0,1.27,5.6,110,121,122,1,11
2635,sail,sailboat,13.45,4.49,2.37,3.6,110,121,123,2,11
2693,super,yacht,28.64,8.12,3.76,32.8,110,123,125,2,13
2708,super,yacht,25.37,6.81,2.87,35.2,110,123,129,6,13
2728,sail,sailboat,13.4,4.49,2.22,0.0,110,123,135,12,13
2751,motor,motorboat,16.53,5.16,1.61,12.6,110,124,125,1,14
2767,sail,sailboat,12.98,4.02,2.12,5.0,110,124,128,4,14
2796,sail,sailboat,9.5,2.87,1.61,2.9,110,125,130,5,15
2900,sail,sailboat,15.86,5.3,2.9,6.9,110,129,131,2,19
2986,motor,motorboat,11.99,3.61,1.22,5.3,110,130,131,1,20
3230,sail,sailboat,13.43,4.18,2.31,4.1,110,138,139,1,28
3886,small,motorboat,8.19,2.74,0.9,0.0,110,158,160,2,48
4096,motor,motorboat,13.61,3.99,1.19,5.9,110,166,169,3,56
2336,sail,sailboat,14.62,4.86,2.49,5.1,111,111,112,1,0
2353,sail,sailboat,15.62,4.96,2.44,8.8,111,112,115,3,1
2367,sail,sailboat,12.12,3.7,1.97,3.8,111,112,115,3,1
2368,motor,motorboat,11.48,3.3,1.14,7.0,111,112,114,2,1
2379,sail,sailboat,13.76,4.25,2.34,5.3,111,113,114,1,2
2392,small,motorboat,7.89,2.73,0.87,0.0,111,113,122,9,2
2400,motor,motorboat,12.38,3.75,1.15,4.4,111,113,117,4,2
2490,sail,sailboat,14.02,4.65,2.48,0.0,111,116,122,6,5
2506,motor,motorboat,20.39,5.71,1.76,37.3,111,116,118,2,5
2562,sail,sailboat,14.03,4.72,2.53,3.9,111,118,121,3,7
2570,super,yacht,26.45,7.52,2.96,17.2,111,119,122,3,8
2636,sail,sailboat,11.02,3.5,1.79,0.0,111,121,133,12,10
2652,sail,sailboat,10.11,3.38,1.79,4.3,111,122,125,3,11
2746,sail,sailboat,12.02,3.63,1.96,0.0,111,124,126,2,13
2781,sail,sailboat,10.45,3.33,1.75,5.2,111,125,133,8,14
2789,motor,motorboat,12.88,3.88,1.28,0.0,111,125,127,2,14
3039,super,yacht,23.29,6.38,2.76,38.4,111,132,138,6,21
3071,super,yacht,27.56,7.71,3.13,23.8,111,133,136,3,22
3314,sail,sailboat,10.23,3.46,1.62,3.1,111,140,142,2,29
3774,small,motorboat,7.15,2.52,0.72,3.4,111,152,155,3,41
3807,super,yacht,25.53,7.25,2.78,14.3,111,154,157,3,43
3813,motor,motorboat,14.15,4.09,1.33,5.1,111,154,155,1,43
4560,small,motorboat,7.97,2.62,0.83,3.1,111,191,198,7,80
2362,sail,sailboat,13.88,4.48,2.53,3.9,112,112,115,3,0
2369,small,motorboat,6.88,2.29,0.73,3.5,112,112,115,3,0
2371,motor,motorboat,13.03,3.91,1.2,4.1,112,112,113,1,0
2377,motor,motorboat,15.74,4.84,1.63,8.2,112,113,123,10,1
2381,motor,motorboat,10.86,3.02,0.94,4.1,112,113,115,2,1
2389,sail,sailboat,11.38,3.7,2.09,4.3,112,113,118,5,1
2399,sail,sailboat,9.61,3.23,1.49,3.1,112,113,119,6,1
2403,motor,motorboat,13.67,3.84,1.37,0.0,112,114,115,1,2
2410,motor,motorboat,10.0,3.12,1.03,0.0,112,114,118,4,2
2418,sail,sailboat,11.3,3.64,1.89,0.0,112,114,115,1,2
2419,motor,motorboat,11.36,3.19,1.14,3.7,112,114,118,4,2
2441,sail,sailboat,13.08,4.08,2.42,5.7,112,114,122,8,2
2448,super,yacht,26.32,7.34,3.09,26.0,112,115,116,1,3
2460,sail,sailboat,12.81,4.11,1.93,5.3,112,115,118,3,3
2474,sail,sailboat,12.26,4.05,1.87,4.9,112,115,116,1,3
2513,small,motorboat,9.3,3.06,0.94,3.2,112,117,119,2,5
2549,small,motorboat,7.48,2.53,0.79,0.0,112,118,121,3,6
2555,sail,sailboat,12.27,3.72,1.96,4.6,112,118,119,1,6
2640,motor,motorboat,14.26,4.4,1.26,4.6,112,121,128,7,9
2682,sail,sailboat,12.34,3.89,1.96,5.8,112,122,123,1,10
2726,sail,sailboat,9.5,3.16,1.7,2.3,112,123,125,2,11
2815,sail,sailboat,12.54,3.87,1.91,0.0,112,126,131,5,14
3338,motor,motorboat,15.32,4.71,1.42,6.3,112,141,142,1,29
3540,motor,motorboat,19.93,5.87,1.94,9.8,112,146,162,16,34
3712,sail,sailboat,14.03,4.75,2.48,3.7,112,151,152,1,39
3770,small,motorboat,7.79,2.53,0.78,0.0,112,152,155,3,40
4101,motor,motorboat,12.13,3.61,1.26,4.3,112,166,169,3,54
4179,super,yacht,21.62,5.62,2.56,28.6,112,170,174,4,58
2383,sail,sailboat,15.87,5.3,2.63,10.4,113,113,114,1,0
2397,motor,motorboat,13.83,3.89,1.46,5.6,113,113,124,11,0
2411,sail,sailboat,11.64,3.55,1.95,6.1,113,114,117,3,1
2417,small,motorboat,6.29,2.25,0.7,0.0,113,114,117,3,1
2423,sail,sailboat,12.72,3.96,1.94,0.0,113,114,115,1,1
2425,small,motorboat,7.87,2.78,0.71,0.0,113,114,121,7,1
2426,super,yacht,28.12,7.96,3.09,15.2,113,114,121,7,1
2439,sail,sailboat,10.56,3.36,1.63,5.5,113,114,115,1,1
2444,sail,sailboat,15.53,5.07,2.49,9.8,113,115,121,6,2
2446,motor,motorboat,14.58,4.46,1.37,4.0,113,115,117,2,2
2454,sail,sailboat,12.87,3.88,2.0,0.0,113,115,119,4,2
2464,sail,sailboat,12.68,4.3,1.95,0.0,113,115,119,4,2
2493,sail,sailboat,15.08,4.58,2.71,8.8,113,116,120,4,3
2504,motor,motorboat,12.99,4.04,1.37,3.9,113,116,120,4,3
2511,sail,sailboat,16.11,4.88,2.86,6.9,113,117,119,2,4
2554,sail,sailboat,13.52,4.29,2.43,4.9,113,118,119,1,5
2597,super,yacht,25.29,6.97,2.87,17.0,113,120,121,1,7
2601,sail,sailboat,11.7,3.56,2.02,5.9,113,120,123,3,7
2606,motor,motorboat,10.0,2.97,1.03,6.2,113,120,124,4,7
2661,sail,sailboat,15.0,4.68,2.73,0.0,113,122,125,3,9
2692,sail,sailboat,13.02,4.35,1.95,0.0,113,122,123,1,9
2694,motor,motorboat,11.59,3.39,1.14,5.2,113,123,135,12,10
2700,motor,motorboat,14.1,3.97,1.27,6.1,113,123,124,1,10
2743,motor,motorboat,20.89,5.86,1.96,32.0,113,124,125,1,11
2816,small,motorboat,7.21,2.59,0.71,3.0,113,126,138,12,13
2901,sail,sailboat,17.0,5.33,3.06,12.5,113,129,131,2,16
2924,sail,sailboat,12.65,4.06,2.25,6.4,113,129,132,3,16
3051,sail,sailboat,15.0,5.07,2.26,9.2,113,132,162,30,19
3104,sail,sailboat,9.63,3.01,1.49,2.8,113,134,139,5,21
3157,super,yacht,26.89,7.55,3.6,28.8,113,136,157,21,23
3177,super,yacht,22.25,6.12,2.61,37.6,113,136,137,1,23
3243,motor,motorboat,11.73,3.55,1.21,4.2,113,138,140,2,25
3269,sail,sailboat,12.43,4.01,1.91,3.6,113,139,140,1,26
3279,motor,motorboat,13.55,4.1,1.34,3.9,113,139,144,5,26
3411,super,yacht,28.61,7.85,3.12,19.6,113,143,155,12,30
3761,super,yacht,20.48,5.69,2.24,28.9,113,152,155,3,39
3949,sail,sailboat,11.89,3.65,1.85,4.6,113,160,161,1,47
3987,sail,sailboat,9.67,3.04,1.52,0.0,113,162,167,5,49
4140,sail,sailboat,10.76,3.59,1.8,4.4,113,168,171,3,55
4217,motor,motorboat,16.16,4.76,1.5,10.7,113,172,176,4,59
2408,small,motorboat,7.31,2.35,0.81,0.0,114,114,117,3,0
2409,sail,sailboat,10.41,3.42,1.91,0.0,114,114,120,6,0
2412,motor,motorboat,15.76,4.46,1.6,10.9,114,114,117,3,0
2431,motor,motorboat,13.22,4.09,1.36,5.5,114,114,115,1,0
2435,sail,sailboat,13.54,4.13,2.01,3.4,114,114,121,7,0
2451,sail,sailboat,14.27,4.6,2.43,6.0,114,115,119,4,1
2459,sail,sailboat,11.66,3.55,2.08,3.6,114,115,117,2,1
2463,motor,motorboat,20.8,6.15,1.84,30.7,114,115,120,5,1
2478,small,motorboat,9.43,3.25,1.02,0.0,114,115,120,5,1
2492,small,motorboat,6.93,2.46,0.64,2.4,114,116,121,5,2
2499,motor,motorboat,11.51,3.57,1.1,6.6,114,116,118,2,2
2500,sail,sailboat,13.66,4.53,2.05,0.0,114,116,123,7,2
2505,sail,sailboat,11.86,3.64,2.01,4.5,114,116,119,3,2
2514,sail,sailboat,12.13,4.0,2.15,3.3,114,117,118,1,3
2546,small,motorboat,8.1,2.92,0.9,3.2,114,118,122,4,4
2592,sail,sailboat,16.16,5.01,2.69,10.7,114,120,125,5,6
2610,small,motorboat,7.68,2.53,0.78,2.8,114,120,127,7,6
2660,sail,sailboat,12.57,3.86,1.88,0.0,114,122,123,1,8
2770,sail,sailboat,12.09,3.91,1.81,0.0,114,125,127,2,11
2819,sail,sailboat,13.89,4.59,2.3,3.3,114,126,133,7,12
2841,sail,sailboat,13.99,4.5,2.29,0.0,114,127,128,1,13
2890,motor,motorboat,16.11,4.86,1.58,8.7,114,128,142,14,14
3492,sail,sailboat,15.82,4.91,2.43,0.0,114,145,149,4,31
3511,sail,sailboat,15.09,4.95,2.45,7.0,114,145,149,4,31
3542,small,motorboat,7.75,2.73,0.84,3.4,114,146,147,1,32
3570,sail,sailboat,15.26,4.74,2.52,8.4,114,147,149,2,33
3697,motor,motorboat,18.71,5.56,1.99,0.0,114,150,151,1,36
3759,sail,sailboat,9.5,3.08,1.65,2.9,114,152,178,26,38
4257,super,yacht,22.87,5.94,2.77,30.4,114,174,191,17,60
2449,sail,sailboat,15.11,4.76,2.43,8.6,115,115,117,2,0
2457,small,motorboat,7.92,2.82,0.83,3.2,115,115,116,1,0
2465,sail,sailboat,10.29,3.1,1.73,4.2,115,115,117,2,0
2471,small,motorboat,6.57,2.16,0.68,3.3,115,115,120,5,0
2472,motor,motorboat,12.94,3.6,1.24,6.2,115,115,137,22,0
2496,motor,motorboat,14.92,4.14,1.41,6.3,115,116,127,11,1
2517,sail,sailboat,16.27,5.38,2.86,7.0,115,117,119,2,2
2524,sail,sailboat,10.41,3.38,1.56,5.5,115,117,120,3,2
2525,motor,motorboat,13.29,3.95,1.2,4.0,115,117,122,5,2
2542,small,motorboat,8.95,3.06,0.93,0.0,115,118,120,2,3
2608,sail,sailboat,15.4,4.89,2.65,13.3,115,120,123,3,5
2685,super,yacht,22.61,6.39,2.56,25.3,115,122,125,3,7
2704,sail,sailboat,17.0,5.47,2.71,10.0,115,123,125,2,8
2713,super,yacht,21.43,6.06,2.47,24.4,115,123,130,7,8
2755,sail,sailboat,17.0,5.46,3.0,9.0,115,124,129,5,9
2814,small,motorboat,6.98,2.41,0.7,0.0,115,126,129,3,11
2834,sail,sailboat,12.7,4.2,2.23,6.5,115,127,128,1,12
2867,motor,motorboat,13.25,4.06,1.3,4.2,115,128,131,3,13
2899,motor,motorboat,11.02,3.35,0.98,0.0,115,129,130,1,14
3188,sail,sailboat,12.16,3.71,2.19,6.0,115,137,142,5,22
3432,motor,motorboat,19.46,5.51,1.76,0.0,115,143,144,1,28
3501,motor,motorboat,18.52,5.34,1.73,9.9,115,145,151,6,30
3960,sail,sailboat,11.16,3.78,1.76,5.7,115,160,165,5,45
4027,motor,motorboat,12.46,3.54,1.07,5.4,115,163,164,1,48
4369,sail,sailboat,9.87,3.29,1.81,3.4,115,178,179,1,63
2488,small,motorboat,8.63,2.92,0.88,3.1,116,116,119,3,0
2502,small,motorboat,8.92,3.09,0.94,2.0,116,116,119,3,0
2510,sail,sailboat,16.82,5.16,2.82,0.0,116,116,121,5,0
2515,sail,sailboat,10.66,3.34,1.89,3.1,116,117,119,2,1
2516,motor,motorboat,16.98,5.13,1.49,7.3,116,117,121,4,1
2540,motor,motorboat,10.0,3.01,1.05,3.6,116,117,120,3,1
2556,motor,motorboat,17.61,5.44,1.63,9.5,116,118,119,1,2
2561,small,motorboat,8.6,2.86,0.89,0.0,116,118,121,3,2
2567,motor,motorboat,17.79,5.2,1.52,12.0,116,118,120,2,2
2568,sail,sailboat,15.33,4.97,2.72,10.8,116,118,129,11,2
2579,small,motorboat,9.05,3.19,0.96,0.0,116,119,126,7,3
2630,sail,sailboat,9.91,3.21,1.75,2.2,116,121,127,6,5
2642,sail,sailboat,11.85,3.6,1.95,6.2,116,121,130,9,5
2830,small,motorboat,7.59,2.61,0.85,2.5,116,127,138,11,11
2847,motor,motorboat,16.09,4.55,1.5,11.8,116,127,130,3,11
2869,sail,sailboat,14.0,4.39,2.28,3.4,116,128,130,2,12
2926,small,motorboat,8.38,2.88,0.8,2.9,116,129,130,1,13
2942,sail,sailboat,9.5,2.86,1.57,2.4,116,130,135,5,14
2960,super,yacht,22.4,6.07,2.69,27.8,116,130,143,13,14
3075,motor,motorboat,21.21,6.28,1.87,14.0,116,133,134,1,17
3341,sail,sailboat,13.54,4.44,2.27,0.0,116,141,167,26,25
3757,sail,sailboat,15.1,4.81,2.46,13.3,116,152,170,18,36
4036,sail,sailboat,14.22,4.32,2.3,6.2,116,164,165,1,48
4038,sail,sailboat,11.63,3.9,1.88,6.9,116,164,193,29,48
4040,super,yacht,25.26,7.07,3.2,21.7,116,164,166,2,48
4132,sail,sailboat,13.0,4.26,2.4,5.5,116,168,172,4,52
2519,sail,sailboat,15.29,4.8,2.3,0.0,117,117,118,1,0
2537,sail,sailboat,10.81,3.32,1.65,0.0,117,117,119,2,0
2541,small,motorboat,7.87,2.65,0.75,3.5,117,117,128,11,0
2550,motor,motorboat,16.22,4.76,1.63,12.9,117,118,120,2,1
2553,small,motorboat,8.34,2.72,0.91,0.0,117,118,119,1,1
2566,sail,sailboat,15.31,4.61,2.29,9.0,117,118,124,6,1
2569,sail,sailboat,13.4,4.34,2.2,3.5,117,118,123,5,1
2572,sail,sailboat,10.22,3.14,1.52,5.3,117,119,133,14,2
2573,motor,motorboat,11.95,3.53,1.11,7.0,117,119,120,1,2
2586,motor,motorboat,18.28,5.43,1.81,10.9,117,119,123,4,2
2593,motor,motorboat,17.86,5.37,1.82,9.6,117,120,121,1,3
2622,sail,sailboat,15.74,5.32,2.84,11.1,117,121,124,3,4
2665,sail,sailboat,14.73,4.92,2.38,5.7,117,122,128,6,5
2717,sail,sailboat,13.79,4.62,2.5,6.3,117,123,125,2,6
2798,small,motorboat,8.79,3.16,0.81,0.0,117,126,131,5,9
2811,sail,sailboat,9.85,3.28,1.53,3.3,117,126,129,3,9
2870,motor,motorboat,18.78,5.4,1.87,7.0,117,128,133,5,11
2943,sail,sailboat,12.3,3.93,1.86,6.9,117,130,134,4,13
2949,motor,motorboat,19.7,5.52,1.97,8.8,117,130,137,7,13
2965,sail,sailboat,10.94,3.6,1.95,5.2,117,130,152,22,13
2967,motor,motorboat,12.9,3.89,1.15,4.4,117,130,137,7,13
2971,small,motorboat,8.33,2.72,0.87,0.0,117,130,131,1,13
2983,motor,motorboat,15.25,4.62,1.62,6.9,117,130,132,2,13
3334,sail,sailboat,12.03,3.69,2.02,6.0,117,141,144,3,24
3647,small,motorboat,7.94,2.68,0.84,0.0,117,149,153,4,32
3743,motor,motorboat,14.74,4.38,1.26,5.9,117,152,153,1,35
4237,sail,sailboat,12.17,3.75,2.0,0.0,117,172,176,4,55
4286,sail,sailboat,13.18,3.98,2.36,4.6,117,175,177,2,58
4297,sail,sailboat,15.29,4.65,2.28,0.0,117,176,181,5,59
2565,motor,motorboat,14.09,4.06,1.23,5.4,118,118,120,2,0
2584,motor,motorboat,11.82,3.31,1.02,0.0,118,119,123,4,1
2594,motor,motorboat,17.04,5.11,1.76,9.4,118,120,124,4,2
2605,sail,sailboat,12.69,4.0,2.15,5.5,118,120,123,3,2
2611,small,motorboat,7.15,2.32,0.78,0.0,118,120,123,3,2
2641,sail,sailboat,13.37,4.26,2.44,5.6,118,121,122,1,3
2657,small,motorboat,6.83,2.44,0.67,0.0,118,122,124,2,4
2715,sail,sailboat,12.63,3.95,1.95,4.6,118,123,127,4,5
2720,small,motorboat,7.9,2.79,0.82,2.6,118,123,126,3,5
2735,motor,motorboat,20.91,6.25,2.07,31.8,118,123,130,7,5
2810,sail,sailboat,9.5,3.04,1.75,2.9,118,126,131,5,8
2842,motor,motorboat,15.08,4.21,1.33,8.4,118,127,130,3,9
2868,motor,motorboat,13.69,3.98,1.41,3.2,118,128,144,16,10
2880,super,yacht,24.9,6.93,3.23,39.2,118,128,130,2,10
2895,small,motorboat,9.46,3.27,0.98,0.0,118,128,131,3,10
2905,sail,sailboat,12.87,4.16,1.93,5.5,118,129,136,7,11
2925,sail,sailboat,9.81,3.05,1.74,3.3,118,129,132,3,11
2933,motor,motorboat,16.45,4.61,1.57,6.0,118,129,131,2,11
3004,small,motorboat,9.46,3.08,1.02,0.0,118,131,132,1,13
3026,sail,sailboat,13.21,4.13,2.06,3.7,118,132,133,1,14
3033,motor,motorboat,16.73,5.12,1.47,0.0,118,132,133,1,14
3037,sail,sailboat,14.03,4.3,2.21,0.0,118,132,138,6,14
3048,small,motorboat,8.32,2.95,0.84,2.7,118,132,142,10,14
3136,small,motorboat,9.02,3.13,0.83,3.2,118,135,138,3,17
3324,sail,sailboat,13.68,4.56,2.15,3.9,118,141,142,1,23
3373,motor,motorboat,13.61,3.99,1.33,5.5,118,142,143,1,24
3632,small,motorboat,8.3,2.82,0.89,3.4,118,149,151,2,31
3669,super,yacht,22.81,6.31,2.57,21.3,118,150,152,2,32
3864,small,motorboat,9.48,3.15,0.95,0.0,118,157,162,5,39
3890,sail,sailboat,12.95,4.08,2.25,3.6,118,158,165,7,40
3946,super,yacht,23.93,6.61,2.95,18.3,118,160,177,17,42
4216,sail,sailboat,12.97,4.34,2.2,0.0,118,172,173,1,54
4273,motor,motorboat,15.76,4.61,1.66,6.9,118,174,179,5,56
2576,sail,sailboat,13.64,4.32,2.47,6.0,119,119,124,5,0
2590,sail,sailboat,17.0,5.42,2.73,8.2,119,119,130,11,0
2600,sail,sailboat,10.69,3.48,1.83,5.0,119,120,127,7,1
2615,motor,motorboat,20.52,6.2,2.0,0.0,119,120,123,3,1
2632,motor,motorboat,18.31,5.7,1.79,10.9,119,121,124,3,2
2634,sail,sailboat,14.31,4.39,2.22,6.4,119,121,132,11,2
2655,motor,motorboat,13.87,4.13,1.47,3.8,119,122,124,2,3
2711,sail,sailboat,12.58,4.12,2.03,0.0,119,123,125,2,4
2744,small,motorboat,6.81,2.21,0.64,3.4,119,124,125,1,5
2757,motor,motorboat,15.2,4.34,1.39,13.4,119,124,127,3,5
2773,sail,sailboat,9.5,3.18,1.52,2.7,119,125,126,1,6
2776,motor,motorboat,16.9,4.77,1.5,7.7,119,125,133,8,6
2808,super,yacht,28.71,7.47,3.14,22.0,119,126,128,2,7
2849,sail,sailboat,10.18,3.41,1.8,6.4,119,127,133,6,8
2881,sail,sailboat,12.7,4.14,1.89,4.6,119,128,131,3,9
2958,sail,sailboat,16.88,5.72,2.59,0.0,119,130,133,3,11
2985,sail,sailboat,13.6,4.43,2.14,5.5,119,130,132,2,11
3059,motor,motorboat,13.79,4.3,1.46,4.5,119,133,146,13,14
3536,sail,sailboat,10.66,3.34,1.64,4.8,119,146,148,2,27
3734,super,yacht,26.14,7.22,3.49,29.8,119,151,158,7,32
3850,motor,motorboat,16.33,4.95,1.68,9.9,119,156,161,5,37
4010,super,yacht,23.23,6.51,2.92,18.0,119,163,169,6,44
4325,sail,sailboat,11.45,3.84,2.06,3.7,119,177,180,3,58
4361,motor,motorboat,16.47,5.12,1.49,6.5,119,178,179,1,59
2602,motor,motorboat,10.37,3.04,1.01,4.6,120,120,127,7,0
2607,sail,sailboat,13.75,4.31,2.41,0.0,120,120,121,1,0
2617,sail,sailboat,13.4,4.25,2.13,3.5,120,121,124,3,1
2621,motor,motorboat,17.75,5.05,1.67,0.0,120,121,126,5,1
2626,sail,sailboat,13.29,4.19,2.26,5.4,120,121,123,2,1
2627,small,motorboat,9.44,3.1,0.97,0.0,120,121,123,2,1
2646,sail,sailboat,13.52,4.08,2.26,0.0,120,121,151,30,1
2647,sail,sailboat,12.63,4.11,2.2,0.0,120,121,148,27,1
2650,motor,motorboat,15.75,4.59,1.36,11.2,120,121,122,1,1
2662,motor,motorboat,15.99,4.63,1.54,8.0,120,122,136,14,2
2698,small,motorboat,6.22,2.2,0.57,0.0,120,123,124,1,3
2753,small,motorboat,8.96,3.22,0.98,3.0,120,124,127,3,4
2763,sail,sailboat,12.05,3.94,2.09,4.7,120,124,127,3,4
2831,sail,sailboat,11.29,3.44,1.81,0.0,120,127,129,2,7
2832,sail,sailboat,11.37,3.84,1.71,3.8,120,127,128,1,7
2857,sail,sailboat,16.16,5.2,2.46,7.6,120,127,134,7,7
2946,motor,motorboat,12.67,3.89,1.28,0.0,120,130,152,22,10
2952,sail,sailboat,11.14,3.73,1.93,0.0,120,130,132,2,10
3005,super,yacht,22.97,6.36,3.02,39.6,120,131,133,2,11
3016,motor,motorboat,15.36,4.38,1.61,13.2,120,131,134,3,11
3019,motor,motorboat,13.74,3.93,1.42,0.0,120,131,134,3,11
3049,small,motorboat,8.66,3.1,0.89,0.0,120,132,133,1,12
3122,sail,sailboat,15.24,4.99,2.62,7.7,120,135,139,4,15
3184,super,yacht,23.51,6.35,2.97,12.9,120,137,147,10,17
3462,sail,sailboat,10.5,3.39,1.63,6.8,120,144,149,5,24
3547,super,yacht,20.9,5.9,2.59,29.2,120,146,147,1,26
4000,small,motorboat,9.19,3.12,0.92,0.0,120,162,167,5,42
4193,sail,sailboat,14.15,4.68,2.58,5.3,120,170,173,3,50
4232,sail,sailboat,14.66,4.76,2.29,0.0,120,172,175,3,52
2645,small,motorboat,8.43,3.04,0.9,0.0,121,121,130,9,0
2648,sail,sailboat,13.52,4.1,2.4,3.2,121,121,123,2,0
2667,sail,sailboat,12.67,3.99,2.21,3.8,121,122,127,5,1
2684,small,motorboat,7.44,2.58,0.82,0.0,121,122,125,3,1
2707,motor,motorboat,13.44,4.14,1.4,5.3,121,123,124,1,2
2710,motor,motorboat,17.47,4.94,1.63,7.6,121,123,125,2,2
2716,sail,sailboat,13.25,4.18,2.39,0.0,121,123,128,5,2
2719,motor,motorboat,14.08,4.18,1.21,4.3,121,123,124,1,2
2724,sail,sailboat,11.22,3.74,1.67,0.0,121,123,127,4,2
2778,sail,sailboat,11.54,3.73,1.85,4.2,121,125,133,8,4
2787,small,motorboat,7.21,2.41,0.77,0.0,121,125,148,23,4
2794,motor,motorboat,16.64,4.84,1.55,13.9,121,125,133,8,4
2797,motor,motorboat,20.63,6.38,1.82,23.3,121,126,128,2,5
2825,sail,sailboat,11.81,3.72,1.94,6.8,121,127,132,5,6
2837,sail,sailboat,14.17,4.77,2.51,3.2,121,127,134,7,6
2840,sail,sailboat,11.07,3.67,1.7,0.0,121,127,134,7,6
2860,sail,sailboat,17.0,5.72,3.05,13.5,121,128,130,2,7
2862,sail,sailboat,17.0,5.22,3.06,0.0,121,128,133,5,7
2896,motor,motorboat,13.39,4.15,1.18,0.0,121,128,131,3,7
2903,motor,motorboat,12.09,3.71,1.26,4.5,121,129,135,6,8
2934,sail,sailboat,12.4,3.76,2.24,4.9,121,129,136,7,8
2968,sail,sailboat,13.16,4.24,2.4,0.0,121,130,132,2,9
2975,sail,sailboat,13.2,4.34,2.27,3.9,121,130,148,18,9
3006,sail,sailboat,10.46,3.53,1.7,3.0,121,131,133,2,10
3107,motor,motorboat,13.16,4.02,1.29,0.0,121,134,135,1,13
3112,motor,motorboat,21.57,6.42,1.86,37.4,121,135,147,12,14
3132,small,motorboat,6.79,2.37,0.7,0.0,121,135,142,7,14
3258,sail,sailboat,12.36,3.79,2.2,5.7,121,139,141,2,18
3424,small,motorboat,6.51,2.27,0.6,0.0,121,143,150,7,22
3457,motor,motorboat,11.96,3.67,1.02,5.6,121,144,173,29,23
3467,sail,sailboat,14.51,4.73,2.64,4.7,121,144,161,17,23
3622,motor,motorboat,11.73,3.4,1.08,3.9,121,149,155,6,28
3728,super,yacht,23.03,5.88,2.68,20.8,121,151,166,15,30
3879,small,motorboat,9.49,3.14,1.01,0.0,121,157,162,5,36
4068,sail,sailboat,13.5,4.08,2.36,4.0,121,165,166,1,44
4073,super,yacht,28.87,8.02,3.62,27.5,121,165,171,6,44
2653,sail,sailboat,15.94,5.34,2.83,7.0,122,122,123,1,0
2672,motor,motorboat,16.54,5.1,1.64,11.9,122,122,149,27,0
2674,sail,sailboat,16.07,5.1,2.95,9.4,122,122,123,1,0
2687,sail,sailboat,11.21,3.41,1.79,0.0,122,122,126,4,0
2688,motor,motorboat,12.82,3.67,1.33,6.9,122,122,129,7,0
2689,sail,sailboat,12.89,4.33,2.23,0.0,122,122,123,1,0
2691,sail,sailboat,9.5,3.15,1.72,2.3,122,122,123,1,0
2697,sail,sailboat,11.07,3.6,1.81,4.1,122,123,148,25,1
2699,sail,sailboat,13.91,4.44,2.28,3.1,122,123,127,4,1
2702,sail,sailboat,13.54,4.49,2.27,4.7,122,123,126,3,1
2725,motor,motorboat,16.75,5.08,1.78,11.6,122,123,129,6,1
2729,motor,motorboat,16.01,4.95,1.54,10.4,122,123,130,7,1
2732,small,motorboat,9.16,3.09,0.9,0.0,122,123,139,16,1
2733,sail,sailboat,10.82,3.6,1.77,0.0,122,123,135,12,1
2734,small,motorboat,6.7,2.19,0.63,0.0,122,123,124,1,1
2741,sail,sailboat,11.74,3.67,1.79,5.4,122,124,151,27,2
2765,motor,motorboat,16.5,5.02,1.62,12.2,122,124,130,6,2
2771,super,yacht,24.69,6.41,3.28,28.7,122,125,128,3,3
2806,super,yacht,24.3,6.72,2.68,31.4,122,126,131,5,4
2894,sail,sailboat,12.37,4.05,2.18,4.6,122,128,132,4,6
2913,motor,motorboat,14.89,4.27,1.4,6.0,122,129,130,1,7
2921,sail,sailboat,13.81,4.17,2.52,0.0,122,129,158,29,7
2927,sail,sailboat,13.09,4.42,2.04,3.5,122,129,148,19,7
2930,sail,sailboat,16.15,5.44,2.86,0.0,122,129,131,2,7
2977,motor,motorboat,18.52,5.44,1.84,8.0,122,130,131,1,8
2979,motor,motorboat,15.87,4.8,1.46,9.4,122,130,149,19,8
3030,sail,sailboat,11.79,3.65,1.94,4.3,122,132,134,2,10
3067,super,yacht,24.74,6.64,2.85,32.2,122,133,134,1,11
3162,sail,sailboat,11.71,3.89,1.75,6.4,122,136,138,2,14
3644,motor,motorboat,13.53,3.92,1.25,0.0,122,149,162,13,27
3799,sail,sailboat,12.73,3.85,1.92,5.3,122,153,154,1,31
3915,sail,sailboat,14.25,4.66,2.59,4.9,122,158,182,24,36
2701,small,motorboat,7.43,2.6,0.83,3.2,123,123,126,3,0
2712,sail,sailboat,14.38,4.74,2.17,3.7,123,123,126,3,0
2730,small,motorboat,8.1,2.77,0.89,2.7,123,123,124,1,0
2738,sail,sailboat,14.94,4.69,2.38,5.3,123,124,127,3,1
2745,motor,motorboat,17.71,5.0,1.54,0.0,123,124,130,6,1
2758,small,motorboat,7.02,2.3,0.71,2.6,123,124,125,1,1
2762,sail,sailboat,9.5,3.04,1.47,0.0,123,124,139,15,1
2764,sail,sailboat,12.27,4.09,2.09,6.5,123,124,126,2,1
2777,sail,sailboat,14.9,4.78,2.55,3.3,123,125,128,3,2
2784,sail,sailboat,14.09,4.67,2.35,3.4,123,125,133,8,2
2785,motor,motorboat,16.68,4.77,1.63,0.0,123,125,126,1,2
2792,sail,sailboat,14.66,4.5,2.65,4.9,123,125,141,16,2
2793,sail,sailboat,9.5,2.86,1.67,0.0,123,125,128,3,2
2822,motor,motorboat,17.46,4.98,1.66,0.0,123,126,131,5,3
2864,motor,motorboat,14.32,4.18,1.3,3.8,123,128,130,2,5
2871,sail,sailboat,9.54,3.07,1.67,2.8,123,128,132,4,5
2887,motor,motorboat,18.41,5.68,1.88,11.4,123,128,135,7,5
2976,sail,sailboat,11.08,3.51,1.86,6.1,123,130,133,3,7
2980,sail,sailboat,16.7,5.44,2.96,8.9,123,130,135,5,7
2991,sail,sailboat,9.5,2.87,1.63,2.4,123,130,133,3,7
3017,sail,sailboat,9.5,2.98,1.52,3.2,123,131,134,3,8
3028,motor,motorboat,21.35,6.38,2.12,13.9,123,132,133,1,9
3044,sail,sailboat,15.48,4.73,2.38,7.8,123,132,135,3,9
3057,super,yacht,27.9,7.34,3.27,35.6,123,133,134,1,10
3181,super,yacht,28.68,7.62,3.46,28.1,123,136,142,6,13
3194,motor,motorboat,15.03,4.45,1.51,8.1,123,137,139,2,14
3260,sail,sailboat,12.53,3.85,1.91,3.5,123,139,146,7,16
3340,sail,sailboat,11.79,3.66,1.79,6.1,123,141,146,5,18
3928,small,motorboat,7.45,2.43,0.73,2.0,123,159,161,2,36
2740,sail,sailboat,10.17,3.3,1.75,4.0,124,124,126,2,0
2750,motor,motorboat,15.01,4.38,1.45,6.6,124,124,128,4,0
2766,motor,motorboat,13.75,3.9,1.18,0.0,124,124,126,2,0
2769,motor,motorboat,20.76,6.18,1.82,24.5,124,125,130,5,1
2774,motor,motorboat,13.64,4.07,1.37,0.0,124,125,126,1,1
2775,sail,sailboat,9.5,2.89,1.42,2.8,124,125,131,6,1
2780,sail,sailboat,15.26,4.73,2.37,13.6,124,125,130,5,1
2783,sail,sailboat,11.78,3.87,1.95,4.1,124,125,126,1,1
2803,sail,sailboat,12.57,4.25,2.09,0.0,124,126,128,2,2
2813,sail,sailboat,14.7,4.48,2.63,6.4,124,126,130,4,2
2820,sail,sailboat,13.1,4.4,2.26,6.8,124,126,129,3,2
2824,sail,sailboat,12.17,3.7,1.97,4.7,124,126,134,8,2
2828,small,motorboat,7.82,2.67,0.82,2.8,124,127,129,2,3
2838,motor,motorboat,16.87,4.86,1.75,9.5,124,127,129,2,3
2874,small,motorboat,6.92,2.44,0.73,2.9,124,128,142,14,4
2902,motor,motorboat,18.0,5.31,1.73,13.9,124,129,146,17,5
2966,sail,sailboat,10.09,3.08,1.77,6.8,124,130,131,1,6
3053,sail,sailboat,11.95,3.96,1.85,5.0,124,133,136,3,9
3072,sail,sailboat,11.28,3.77,1.84,3.5,124,133,134,1,9
3085,small,motorboat,9.17,3.11,0.97,0.0,124,134,137,3,10
3126,motor,motorboat,12.83,3.6,1.34,4.2,124,135,138,3,11
3159,sail,sailboat,12.29,3.86,1.92,4.8,124,136,138,2,12
3185,motor,motorboat,22.0,6.6,1.92,17.4,124,137,138,1,13
3191,small,motorboat,8.9,2.88,0.99,0.0,124,137,138,1,13
3222,motor,motorboat,17.06,4.98,1.55,13.8,124,137,139,2,13
3345,motor,motorboat,18.25,5.22,1.58,13.4,124,141,162,21,17
3631,super,yacht,24.51,6.26,2.76,16.7,124,149,157,8,25
3756,sail,sailboat,11.16,3.4,2.01,7.0,124,152,157,5,28
3798,small,motorboat,6.89,2.3,0.63,0.0,124,153,154,1,29
3968,small,motorboat,9.32,3.06,0.92,2.2,124,161,164,3,37
3971,small,motorboat,7.79,2.74,0.77,0.0,124,161,162,1,37
2786,small,motorboat,7.44,2.53,0.77,0.0,125,125,128,3,0
2804,motor,motorboat,15.14,4.62,1.38,11.1,125,126,128,2,1
2818,sail,sailboat,11.62,3.73,1.98,0.0,125,126,127,1,1
2821,motor,motorboat,19.79,5.98,1.7,12.8,125,126,131,5,1
2836,sail,sailboat,14.54,4.39,2.16,0.0,125,127,129,2,2
2843,sail,sailboat,11.88,3.66,2.03,0.0,125,127,128,1,2
2851,sail,sailboat,9.5,3.15,1.73,0.0,125,127,129,2,2
2853,motor,motorboat,16.85,5.23,1.79,7.6,125,127,130,3,2
2854,motor,motorboat,18.14,5.44,1.82,9.8,125,127,130,3,2
2945,small,motorboat,6.9,2.23,0.73,0.0,125,130,134,4,5
2962,small,motorboat,9.17,3.29,0.96,0.0,125,130,137,7,5
2964,sail,sailboat,13.18,3.97,2.24,3.6,125,130,132,2,5
3012,sail,sailboat,14.32,4.72,2.38,3.7,125,131,133,2,6
3052,sail,sailboat,11.5,3.5,2.09,3.1,125,132,134,2,7
3054,sail,sailboat,13.27,4.26,2.08,5.7,125,133,137,4,8
3070,sail,sailboat,13.07,4.27,2.24,3.9,125,133,134,1,8
3097,motor,motorboat,19.63,5.76,1.77,8.1,125,134,136,2,9
3121,motor,motorboat,16.07,4.48,1.68,8.1,125,135,138,3,10
3149,motor,motorboat,11.25,3.41,0.99,4.5,125,136,141,5,11
3160,sail,sailboat,13.77,4.62,2.26,5.8,125,136,138,2,11
3164,sail,sailboat,14.49,4.76,2.63,6.7,125,136,138,2,11
3195,small,motorboat,6.46,2.22,0.67,0.0,125,137,141,4,12
3205,sail,sailboat,11.32,3.65,1.83,5.1,125,137,138,1,12
3207,motor,motorboat,16.78,5.01,1.65,11.5,125,137,140,3,12
3208,sail,sailboat,13.6,4.18,2.36,4.3,125,137,151,14,12
3239,motor,motorboat,15.57,4.6,1.46,11.2,125,138,141,3,13
3252,motor,motorboat,14.93,4.34,1.3,5.3,125,138,143,5,13
3253,motor,motorboat,11.24,3.39,1.03,3.4,125,138,141,3,13
3332,motor,motorboat,19.03,5.44,2.02,7.2,125,141,142,1,16
4002,super,yacht,28.26,7.33,3.61,28.4,125,162,163,1,37
4009,sail,sailboat,12.17,3.74,2.11,0.0,125,163,164,1,38
4138,sail,sailboat,12.98,3.99,2.39,3.4,125,168,170,2,43
4197,motor,motorboat,12.43,3.53,1.21,6.2,125,171,180,9,46
4428,super,yacht,20.21,5.49,2.43,18.0,125,181,183,2,56
4461,sail,sailboat,15.33,4.99,2.42,6.1,125,182,189,7,57
4488,sail,sailboat,10.14,3.43,1.84,3.6,125,185,190,5,60
2802,sail,sailboat,10.48,3.43,1.87,5.4,126,126,128,2,0
2807,sail,sailboat,15.29,4.67,2.71,11.7,126,126,128,2,0
2817,sail,sailboat,13.68,4.52,2.37,0.0,126,126,128,2,0
2848,motor,motorboat,15.47,4.54,1.6,0.0,126,127,130,3,1
2859,small,motorboat,8.76,3.02,0.85,0.0,126,128,135,7,2
2863,motor,motorboat,15.48,4.74,1.37,9.6,126,128,130,2,2
2877,sail,sailboat,15.59,5.26,2.84,8.1,126,128,131,3,2
2888,sail,sailboat,17.0,5.45,3.04,0.0,126,128,135,7,2
2889,motor,motorboat,16.9,4.88,1.55,9.1,126,128,130,2,2
2923,sail,sailboat,9.5,2.91,1.48,3.3,126,129,136,7,3
2953,sail,sailboat,15.23,4.66,2.32,7.1,126,130,134,4,4
2984,motor,motorboat,18.21,5.24,1.8,7.2,126,130,135,5,4
2989,super,yacht,26.23,7.15,3.49,18.8,126,130,133,3,4
2990,motor,motorboat,17.28,4.87,1.8,10.2,126,130,131,1,4
3025,sail,sailboat,13.29,4.13,2.02,0.0,126,132,146,14,6
3035,small,motorboat,7.55,2.7,0.73,0.0,126,132,133,1,6
3089,motor,motorboat,14.57,4.18,1.5,0.0,126,134,144,10,8
3176,sail,sailboat,15.54,5.13,2.48,0.0,126,136,139,3,10
3182,sail,sailboat,14.67,4.86,2.45,4.4,126,137,142,5,11
3219,sail,sailboat,9.5,3.06,1.48,3.2,126,137,141,4,11
3241,sail,sailboat,10.92,3.46,1.96,5.6,126,138,139,1,12
3259,sail,sailboat,14.45,4.83,2.38,3.2,126,139,145,6,13
3277,motor,motorboat,12.24,3.54,1.15,4.6,126,139,144,5,13
3290,sail,sailboat,12.27,4.03,2.17,5.0,126,140,146,6,14
3913,sail,sailboat,14.46,4.85,2.48,6.8,126,158,171,13,32
4413,super,yacht,25.58,6.77,2.88,18.8,126,180,186,6,54
2826,motor,motorboat,13.32,4.13,1.21,3.9,127,127,128,1,0
2835,sail,sailboat,11.97,4.05,1.87,6.9,127,127,131,4,0
2856,small,motorboat,7.06,2.46,0.79,2.7,127,127,138,11,0
2865,sail,sailboat,13.75,4.64,2.3,3.8,127,128,156,28,1
2866,motor,motorboat,15.25,4.43,1.31,13.5,127,128,142,14,1
2873,super,yacht,25.03,6.48,3.03,39.7,127,128,142,14,1
2908,motor,motorboat,16.74,4.93,1.68,12.2,127,129,131,2,2
2911,motor,motorboat,17.16,5.11,1.56,0.0,127,129,130,1,2
2912,sail,sailboat,14.55,4.63,2.33,6.3,127,129,132,3,2
2928,sail,sailboat,9.76,3.05,1.46,0.0,127,129,133,4,2
2929,motor,motorboat,12.43,3.5,1.29,5.5,127,129,135,6,2
2931,motor,motorboat,11.61,3.25,1.18,3.9,127,129,134,5,2
2936,motor,motorboat,19.5,5.85,2.04,13.8,127,129,135,6,2
2937,super,yacht,27.2,7.64,3.34,15.2,127,129,142,13,2
2940,small,motorboat,7.92,2.75,0.86,2.8,127,130,132,2,3
2956,motor,motorboat,19.73,5.58,1.75,8.8,127,130,144,14,3
3108,motor,motorboat,16.16,4.8,1.48,9.3,127,134,135,1,7
3129,sail,sailboat,10.09,3.14,1.65,4.4,127,135,148,13,8
3223,sail,sailboat,16.2,5.37,2.59,13.4,127,137,151,14,10
3320,sail,sailboat,13.09,4.22,2.1,3.1,127,140,142,2,13
3322,sail,sailboat,13.3,4.23,1.99,3.3,127,141,143,2,14
3483,sail,sailboat,11.25,3.47,1.7,3.6,127,144,150,6,17
3551,motor,motorboat,15.18,4.69,1.53,6.7,127,146,150,4,19
3641,super,yacht,28.78,8.21,3.46,39.4,127,149,150,1,22
3823,super,yacht,25.76,7.09,3.02,19.2,127,155,159,4,28
4441,sail,sailboat,9.53,2.9,1.56,2.2,127,181,184,3,54
2872,sail,sailboat,13.69,4.27,2.49,6.8,128,128,134,6,0
2884,motor,motorboat,20.9,5.96,2.11,25.2,128,128,131,3,0
2885,motor,motorboat,18.79,5.47,1.99,11.0,128,128,129,1,0
2891,sail,sailboat,15.67,4.82,2.46,10.0,128,128,132,4,0
2906,sail,sailboat,13.49,4.27,2.47,4.6,128,129,130,1,1
2909,sail,sailboat,13.55,4.09,2.16,6.3,128,129,132,3,1
2914,motor,motorboat,14.75,4.56,1.39,3.5,128,129,132,3,1
2915,motor,motorboat,11.43,3.53,1.2,6.2,128,129,150,21,1
2939,motor,motorboat,11.1,3.24,0.95,5.5,128,130,134,4,2
2941,motor,motorboat,14.72,4.51,1.37,4.3,128,130,132,2,2
2959,sail,sailboat,11.99,4.05,1.83,5.3,128,130,140,10,2
2973,sail,sailboat,12.23,3.91,2.07,6.0,128,130,131,1,2
2981,small,motorboat,9.04,3.01,1.0,3.1,128,130,139,9,2
2982,small,motorboat,8.2,2.91,0.88,2.6,128,130,148,18,2
2987,sail,sailboat,12.06,3.73,2.17,3.8,128,130,133,3,2
3008,motor,motorboat,15.36,4.62,1.35,10.7,128,131,136,5,3
3010,motor,motorboat,14.19,4.03,1.36,6.3,128,131,143,12,3
3036,small,motorboat,7.33,2.51,0.69,0.0,128,132,135,3,4
3065,sail,sailboat,11.4,3.82,1.78,5.6,128,133,135,2,5
3079,sail,sailboat,14.36,4.49,2.21,3.8,128,134,135,1,6
3080,small,motorboat,8.04,2.6,0.81,3.4,128,134,135,1,6
3171,sail,sailboat,9.5,3.13,1.43,3.2,128,136,138,2,8
3193,small,motorboat,7.95,2.8,0.88,0.0,128,137,140,3,9
3246,sail,sailboat,15.74,4.9,2.39,12.3,128,138,142,4,10
3294,motor,motorboat,18.27,5.15,1.78,12.0,128,140,142,2,12
3305,sail,sailboat,17.0,5.55,2.69,9.7,128,140,146,6,12
3316,sail,sailboat,11.54,3.52,2.13,3.9,128,140,148,8,12
3337,small,motorboat,8.87,2.97,0.99,3.2,128,141,143,2,13
3343,motor,motorboat,11.29,3.3,1.04,4.1,128,141,143,2,13
3361,sail,sailboat,9.5,3.12,1.71,3.1,128,141,148,7,13
3362,motor,motorboat,16.46,4.92,1.51,13.7,128,141,143,2,13
3368,motor,motorboat,16.45,4.7,1.71,9.0,128,142,143,1,14
3556,motor,motorboat,15.69,4.57,1.54,6.5,128,147,160,13,19
3865,small,motorboat,6.51,2.16,0.6,0.0,128,157,158,1,29
4104,small,motorboat,7.37,2.56,0.71,3.1,128,166,168,2,38
2918,sail,sailboat,11.77,3.62,1.76,4.9,129,129,140,11,0
2919,super,yacht,24.25,6.65,2.91,25.2,129,129,131,2,0
2920,motor,motorboat,12.02,3.45,1.05,5.3,129,129,130,1,0
2932,sail,sailboat,13.06,4.28,2.13,4.5,129,129,141,12,0
2938,sail,sailboat,15.46,4.9,2.81,11.0,129,130,132,2,1
2950,motor,motorboat,13.55,4.1,1.16,3.9,129,130,135,5,1
2957,sail,sailboat,9.86,3.33,1.65,3.1,129,130,137,7,1
2988,small,motorboat,6.67,2.34,0.71,2.9,129,130,132,2,1
3001,sail,sailboat,11.52,3.6,2.01,3.2,129,131,134,3,2
3013,motor,motorboat,15.36,4.72,1.34,13.4,129,131,134,3,2
3015,motor,motorboat,16.11,4.96,1.43,6.8,129,131,149,18,2
3088,super,yacht,27.79,7.81,3.02,21.8,129,134,138,4,5
3099,small,motorboat,7.45,2.62,0.72,0.0,129,134,135,1,5
3100,super,yacht,22.51,5.84,2.68,28.7,129,134,143,9,5
3289,motor,motorboat,17.47,5.16,1.7,13.1,129,140,145,5,11
3298,sail,sailboat,12.38,3.79,1.9,0.0,129,140,141,1,11
3313,motor,motorboat,11.59,3.51,1.21,6.6,129,140,144,4,11
3370,small,motorboat,8.32,2.9,0.93,3.3,129,142,148,6,13
3397,small,motorboat,9.32,3.16,0.86,2.5,129,143,144,1,14
3795,sail,sailboat,9.5,3.17,1.48,3.1,129,153,154,1,24
3936,super,yacht,24.26,6.17,2.7,27.9,129,159,161,2,30
3963,sail,sailboat,12.69,4.0,2.33,3.7,129,160,161,1,31
4056,motor,motorboat,14.09,4.06,1.32,5.5,129,164,165,1,35
4136,small,motorboat,8.86,2.93,0.84,0.0,129,168,186,18,39
4242,motor,motorboat,10.0,3.02,0.86,5.1,129,173,180,7,44
4400,sail,sailboat,10.06,3.13,1.76,6.9,129,179,181,2,50
4460,sail,sailboat,11.58,3.71,2.07,6.1,129,182,184,2,53
2944,motor,motorboat,19.69,5.52,1.85,11.8,130,130,133,3,0
2947,sail,sailboat,10.23,3.41,1.57,0.0,130,130,152,22,0
2954,sail,sailboat,13.83,4.64,2.55,5.3,130,130,134,4,0
2961,small,motorboat,7.7,2.51,0.74,0.0,130,130,132,2,0
2963,sail,sailboat,11.03,3.66,1.99,4.1,130,130,132,2,0
2969,motor,motorboat,13.95,4.26,1.4,5.7,130,130,131,1,0
2978,small,motorboat,6.1,2.02,0.56,3.3,130,130,136,6,0
2994,sail,sailboat,10.57,3.42,1.79,4.6,130,130,144,14,0
2996,sail,sailboat,12.82,4.15,2.05,0.0,130,131,136,5,1
3000,super,yacht,24.59,6.7,2.92,26.9,130,131,136,5,1
3007,sail,sailboat,11.93,3.76,2.09,4.8,130,131,134,3,1
3022,small,motorboat,8.83,2.89,0.97,0.0,130,131,134,3,1
3031,motor,motorboat,19.81,5.88,1.78,9.9,130,132,133,1,2
3045,small,motorboat,6.51,2.26,0.65,0.0,130,132,140,8,2
3050,motor,motorboat,12.3,3.74,1.25,3.5,130,132,135,3,2
3076,sail,sailboat,14.71,4.94,2.68,5.2,130,133,139,6,3
3110,sail,sailboat,16.95,5.11,3.11,0.0,130,135,142,7,5
3200,motor,motorboat,14.92,4.24,1.51,4.9,130,137,138,1,7
3245,super,yacht,20.9,5.55,2.51,18.9,130,138,139,1,8
3263,motor,motorboat,15.77,4.51,1.58,10.2,130,139,140,1,9
3287,motor,motorboat,16.32,4.82,1.55,9.4,130,139,145,6,9
3351,small,motorboat,7.7,2.49,0.76,2.6,130,141,145,4,11
3352,sail,sailboat,12.79,4.12,2.13,0.0,130,141,142,1,11
3357,super,yacht,23.52,6.09,2.67,39.3,130,141,147,6,11
3388,sail,sailboat,12.18,3.71,2.14,0.0,130,142,145,3,12
3412,sail,sailboat,13.29,4.25,2.16,6.0,130,143,145,2,13
3427,motor,motorboat,17.05,4.95,1.57,6.5,130,143,146,3,13
3439,motor,motorboat,13.06,3.86,1.12,4.4,130,143,146,3,13
3533,super,yacht,21.0,5.97,2.59,31.4,130,146,148,2,16
3659,sail,sailboat,11.34,3.6,1.94,5.7,130,150,151,1,20
3832,sail,sailboat,14.79,4.92,2.44,0.0,130,156,169,13,26
4008,small,motorboat,9.27,3.11,1.03,0.0,130,163,165,2,33
4103,super,yacht,26.88,7.29,2.95,34.8,130,166,167,1,36
4210,sail,sailboat,12.42,4.08,2.1,3.8,130,171,173,2,41
4212,super,yacht,27.47,7.69,3.47,35.7,130,171,174,3,41
4252,motor,motorboat,15.04,4.34,1.56,12.8,130,173,175,2,43
4261,super,yacht,22.7,5.76,2.54,28.9,130,174,176,2,44
4333,sail,sailboat,13.24,4.24,2.14,6.9,130,177,206,29,47
4521,sail,sailboat,13.54,4.35,2.29,6.2,130,188,191,3,58
2998,motor,motorboat,17.54,5.13,1.7,11.0,131,131,149,18,0
2999,sail,sailboat,9.5,3.0,1.51,2.9,131,131,134,3,0
3014,motor,motorboat,14.34,4.31,1.51,0.0,131,131,141,10,0
3023,super,yacht,25.82,7.04,3.4,25.1,131,132,134,2,1
3040,sail,sailboat,13.85,4.38,2.5,4.2,131,132,133,1,1
3041,motor,motorboat,12.37,3.44,1.28,4.5,131,132,135,3,1
3047,small,motorboat,6.97,2.25,0.69,0.0,131,132,135,3,1
3060,motor,motorboat,18.89,5.65,1.89,7.7,131,133,144,11,2
3068,sail,sailboat,12.87,4.34,2.29,6.3,131,133,148,15,2
3077,sail,sailboat,12.59,4.14,2.09,6.8,131,133,139,6,2
3102,motor,motorboat,15.57,4.54,1.44,13.5,131,134,144,10,3
3103,sail,sailboat,12.95,4.15,2.15,4.2,131,134,148,14,3
3109,sail,sailboat,12.21,3.84,2.16,5.8,131,135,136,1,4
3116,sail,sailboat,12.35,3.9,1.87,4.0,131,135,138,3,4
3199,sail,sailboat,14.8,4.97,2.73,0.0,131,137,146,9,6
3220,small,motorboat,6.98,2.41,0.69,0.0,131,137,139,2,6
3226,motor,motorboat,15.07,4.28,1.31,11.2,131,137,143,6,6
3227,sail,sailboat,11.77,3.99,1.93,6.5,131,137,140,3,6
3233,sail,sailboat,11.97,3.98,2.01,0.0,131,138,139,1,7
3235,sail,sailboat,9.5,3.16,1.51,0.0,131,138,142,4,7
3274,sail,sailboat,12.43,3.96,1.99,0.0,131,139,142,3,8
3375,sail,sailboat,13.54,4.52,2.46,6.8,131,142,144,2,11
3377,motor,motorboat,19.06,5.54,1.97,7.9,131,142,144,2,11
3392,sail,sailboat,14.95,4.52,2.55,4.2,131,142,144,2,11
3401,motor,motorboat,17.63,5.5,1.85,7.4,131,143,145,2,12
3405,small,motorboat,7.99,2.73,0.83,0.0,131,143,144,1,12
3422,motor,motorboat,15.99,4.86,1.64,12.5,131,143,146,3,12
3429,sail,sailboat,9.58,3.09,1.66,3.0,131,143,149,6,12
3440,super,yacht,23.5,6.34,2.88,35.7,131,143,150,7,12
3459,motor,motorboat,14.75,4.33,1.28,6.6,131,144,145,1,13
4175,motor,motorboat,20.82,5.88,2.0,34.3,131,170,171,1,39
4247,sail,sailboat,14.85,4.91,2.22,3.6,131,173,174,1,42
4368,sail,sailboat,14.14,4.75,2.56,6.7,131,178,184,6,47
3027,sail,sailboat,15.99,5.29,2.38,11.5,132,132,135,3,0
3055,motor,motorboat,16.77,4.82,1.45,12.7,132,133,139,6,1
3061,sail,sailboat,14.82,4.62,2.42,4.4,132,133,138,5,1
3084,sail,sailboat,13.3,4.04,2.08,7.0,132,134,137,3,2
3096,motor,motorboat,15.91,4.54,1.43,13.3,132,134,140,6,2
3101,sail,sailboat,10.72,3.5,1.66,0.0,132,134,137,3,2
3111,sail,sailboat,12.29,4.06,2.13,4.2,132,135,163,28,3
3146,sail,sailboat,13.9,4.33,2.46,6.8,132,136,138,2,4
3166,sail,sailboat,16.5,5.46,2.67,6.7,132,136,139,3,4
3174,super,yacht,26.94,7.42,3.62,35.3,132,136,140,4,4
3178,sail,sailboat,10.91,3.38,1.63,5.8,132,136,150,14,4
3203,sail,sailboat,14.5,4.8,2.24,0.0,132,137,140,3,5
3234,small,motorboat,8.76,2.91,0.9,0.0,132,138,141,3,6
3286,motor,motorboat,11.5,3.49,1.01,6.2,132,139,149,10,7
3301,sail,sailboat,13.11,4.26,1.99,3.8,132,140,151,11,8
3328,sail,sailboat,15.03,4.73,2.46,10.9,132,141,145,4,9
3353,motor,motorboat,14.05,3.93,1.31,5.6,132,141,142,1,9
3363,small,motorboat,8.64,2.98,0.81,0.0,132,142,144,2,10
3382,small,motorboat,9.24,3.14,1.0,0.0,132,142,143,1,10
3389,sail,sailboat,14.39,4.44,2.55,5.4,132,142,143,1,10
3596,sail,sailboat,12.72,4.17,2.29,5.5,132,148,152,4,16
3819,small,motorboat,6.51,2.14,0.63,2.8,132,155,158,3,23
3856,sail,sailboat,14.64,4.92,2.26,3.2,132,156,157,1,24
3884,super,yacht,21.23,5.47,2.54,38.2,132,158,159,1,26
3951,small,motorboat,9.29,3.2,0.84,0.0,132,160,162,2,28
3980,super,yacht,21.51,5.92,2.7,34.0,132,161,165,4,29
4164,sail,sailboat,11.71,3.6,2.02,5.7,132,169,172,3,37
4180,super,yacht,21.56,5.69,2.45,25.8,132,170,171,1,38
4350,super,yacht,28.39,7.93,3.42,27.2,132,178,184,6,46
4480,sail,sailboat,14.93,4.54,2.25,4.5,132,184,185,1,52
4562,super,yacht,28.54,7.98,3.54,22.8,132,192,214,22,60
4566,small,motorboat,6.35,2.18,0.66,3.3,132,192,195,3,60
4752,super,yacht,24.71,6.67,2.74,25.0,132,210,214,4,78
3063,sail,sailboat,13.94,4.53,2.2,0.0,133,133,135,2,0
3064,sail,sailboat,14.4,4.41,2.27,0.0,133,133,139,6,0
3066,sail,sailboat,9.7,3.19,1.68,2.7,133,133,135,2,0
3069,sail,sailboat,11.46,3.6,1.97,4.9,133,133,140,7,0
3091,small,motorboat,8.63,2.76,0.96,3.4,133,134,136,2,1
3094,sail,sailboat,11.99,3.61,2.15,3.3,133,134,137,3,1
3118,small,motorboat,7.81,2.69,0.85,3.5,133,135,136,1,2
3125,super,yacht,25.11,6.94,2.96,23.5,133,135,141,6,2
3133,sail,sailboat,11.41,3.68,1.9,4.4,133,135,138,3,2
3144,sail,sailboat,14.73,4.5,2.58,6.5,133,136,139,3,3
3158,motor,motorboat,17.28,4.91,1.75,10.1,133,136,139,3,3
3163,motor,motorboat,18.41,5.52,1.74,0.0,133,136,141,5,3
3192,sail,sailboat,12.07,3.98,2.23,0.0,133,137,138,1,4
3236,sail,sailboat,9.5,3.11,1.58,2.4,133,138,140,2,5
3306,small,motorboat,8.24,2.65,0.79,2.8,133,140,145,5,7
3307,motor,motorboat,16.85,4.87,1.51,12.1,133,140,141,1,7
3308,sail,sailboat,13.39,4.17,2.38,6.6,133,140,141,1,7
3321,super,yacht,21.5,5.76,2.87,27.3,133,140,142,2,7
3367,sail,sailboat,11.38,3.75,1.94,3.1,133,142,155,13,9
3416,small,motorboat,7.47,2.57,0.69,0.0,133,143,145,2,10
3417,motor,motorboat,17.5,5.29,1.66,8.2,133,143,145,2,10
3518,sail,sailboat,9.5,3.12,1.7,2.2,133,145,159,14,12
3535,small,motorboat,8.32,2.83,0.77,0.0,133,146,149,3,13
3537,small,motorboat,8.62,2.85,0.92,2.6,133,146,150,4,13
3702,motor,motorboat,20.59,6.03,1.87,0.0,133,151,153,2,18
3753,sail,sailboat,10.09,3.08,1.52,4.8,133,152,154,2,19
3811,sail,sailboat,14.08,4.61,2.34,3.3,133,154,157,3,21
3853,sail,sailboat,10.9,3.32,1.71,6.6,133,156,158,2,23
3861,small,motorboat,7.63,2.72,0.82,3.1,133,156,160,4,23
4003,super,yacht,28.18,7.48,3.34,14.2,133,162,168,6,29
4158,sail,sailboat,13.57,4.24,2.24,4.8,133,169,174,5,36
4345,small,motorboat,6.86,2.22,0.77,2.9,133,178,184,6,45
3083,sail,sailboat,14.09,4.37,2.34,5.9,134,134,145,11,0
3086,motor,motorboat,12.15,3.43,1.18,3.4,134,134,137,3,0
3087,sail,sailboat,13.75,4.43,2.51,3.3,134,134,138,4,0
3120,super,yacht,28.57,8.04,3.55,39.9,134,135,141,6,1
3135,sail,sailboat,12.43,4.16,2.11,4.4,134,135,138,3,1
3147,sail,sailboat,11.68,3.85,2.13,0.0,134,136,139,3,2
3150,small,motorboat,8.81,3.14,0.89,0.0,134,136,137,1,2
3180,sail,sailboat,13.5,4.16,2.3,0.0,134,136,137,1,2
3204,small,motorboat,9.12,2.92,0.84,0.0,134,137,139,2,3
3257,small,motorboat,8.78,2.97,0.85,2.7,134,138,144,6,4
3282,motor,motorboat,19.04,5.29,1.97,13.8,134,139,145,6,5
3299,motor,motorboat,19.75,6.13,1.74,12.9,134,140,142,2,6
3309,small,motorboat,7.96,2.85,0.72,2.9,134,140,142,2,6
3312,sail,sailboat,15.89,4.79,2.52,12.9,134,140,163,23,6
3349,sail,sailboat,11.0,3.33,2.01,4.2,134,141,146,5,7
3354,super,yacht,28.66,7.63,3.75,15.9,134,141,148,7,7
3360,super,yacht,25.21,7.08,2.95,27.4,134,141,144,3,7
3365,sail,sailboat,9.79,3.01,1.75,2.2,134,142,145,3,8
3391,sail,sailboat,11.46,3.55,1.72,3.6,134,142,144,2,8
3395,motor,motorboat,10.0,3.01,1.04,5.8,134,142,144,2,8
3396,small,motorboat,8.8,3.09,0.95,0.0,134,143,150,7,9
3423,sail,sailboat,9.5,3.0,1.48,2.9,134,143,146,3,9
3474,sail,sailboat,14.79,5.01,2.26,5.8,134,144,145,1,10
3514,small,motorboat,8.5,3.02,0.88,0.0,134,145,154,9,11
3519,small,motorboat,7.37,2.6,0.73,3.3,134,145,150,5,11
3525,sail,sailboat,11.65,3.83,2.06,5.4,134,146,158,12,12
3559,motor,motorboat,10.0,3.13,0.99,4.3,134,147,149,2,13
3610,sail,sailboat,11.81,3.73,1.99,5.5,134,148,149,1,14
3905,sail,sailboat,15.67,5.18,2.8,11.2,134,158,161,3,24
4019,sail,sailboat,13.25,4.02,2.26,5.3,134,163,165,2,29
3114,motor,motorboat,19.0,5.83,1.64,0.0,135,135,149,14,0
3115,sail,sailboat,12.74,4.06,1.94,0.0,135,135,142,7,0
3127,motor,motorboat,16.83,5.16,1.63,13.5,135,135,137,2,0
3137,motor,motorboat,20.92,6.35,2.03,27.2,135,135,152,17,0
3138,sail,sailboat,13.8,4.22,2.5,4.3,135,135,136,1,0
3142,motor,motorboat,19.81,5.54,1.93,13.4,135,136,139,3,1
3145,motor,motorboat,18.79,5.67,1.72,6.2,135,136,144,8,1
3155,sail,sailboat,15.27,4.8,2.3,11.1,135,136,138,2,1
3169,sail,sailboat,10.44,3.52,1.66,0.0,135,136,137,1,1
3173,small,motorboat,6.27,2.16,0.63,0.0,135,136,142,6,1
3201,sail,sailboat,15.8,4.78,2.57,0.0,135,137,144,7,2
3211,motor,motorboat,15.01,4.32,1.59,0.0,135,137,142,5,2
3218,motor,motorboat,12.66,3.79,1.12,6.7,135,137,140,3,2
3221,sail,sailboat,14.09,4.41,2.5,5.2,135,137,140,3,2
3270,small,motorboat,8.84,3.03,0.82,3.4,135,139,141,2,4
3292,motor,motorboat,19.62,5.68,1.8,9.7,135,140,150,10,5
3300,sail,sailboat,10.93,3.69,2.0,3.7,135,140,141,1,5
3350,super,yacht,27.47,7.44,2.98,12.2,135,141,168,27,6
3461,motor,motorboat,10.0,2.97,0.97,6.6,135,144,145,1,9
3497,sail,sailboat,14.69,4.52,2.67,0.0,135,145,147,2,10
3505,motor,motorboat,14.19,4.14,1.24,4.3,135,145,146,1,10
3510,sail,sailboat,15.5,4.68,2.82,6.5,135,145,149,4,10
3531,motor,motorboat,15.55,4.47,1.62,0.0,135,146,148,2,11
3532,motor,motorboat,10.0,3.12,0.89,3.6,135,146,147,1,11
3550,sail,sailboat,17.0,5.59,2.54,13.3,135,146,150,4,11
3555,motor,motorboat,13.75,4.22,1.37,3.5,135,147,152,5,12
3577,sail,sailboat,12.0,3.9,2.15,5.4,135,147,149,2,12
3581,sail,sailboat,12.11,3.95,2.13,3.5,135,147,150,3,12
3606,sail,sailboat,12.04,3.99,2.21,6.8,135,148,153,5,13
3624,motor,motorboat,11.35,3.15,1.1,4.6,135,149,151,2,14
4021,motor,motorboat,12.62,3.8,1.2,5.0,135,163,169,6,28
4034,motor,motorboat,16.07,4.9,1.41,0.0,135,164,170,6,29
4256,motor,motorboat,14.92,4.56,1.33,5.0,135,174,177,3,39
3139,sail,sailboat,11.15,3.5,1.68,0.0,136,136,139,3,0
3152,sail,sailboat,11.55,3.67,1.79,5.9,136,136,138,2,0
3153,sail,sailboat,13.96,4.52,2.34,6.2,136,136,137,1,0
3165,motor,motorboat,17.27,5.32,1.51,7.0,136,136,140,4,0
3168,small,motorboat,7.84,2.77,0.83,0.0,136,136,141,5,0
3170,sail,sailboat,15.81,5.12,2.49,10.6,136,136,138,2,0
3187,super,yacht,28.28,7.6,3.33,24.3,136,137,142,5,1
3198,sail,sailboat,14.39,4.39,2.44,0.0,136,137,139,2,1
3202,sail,sailboat,9.87,3.27,1.58,0.0,136,137,143,6,1
3214,motor,motorboat,15.81,4.7,1.43,9.8,136,137,158,21,1
3225,sail,sailboat,13.22,4.12,2.11,6.1,136,137,139,2,1
3229,sail,sailboat,10.99,3.37,1.8,4.7,136,138,142,4,2
3231,sail,sailboat,12.68,3.92,2.23,0.0,136,138,140,2,2
3238,motor,motorboat,14.48,4.29,1.31,5.8,136,138,139,1,2
3240,sail,sailboat,14.47,4.37,2.65,0.0,136,138,140,2,2
3244,motor,motorboat,11.07,3.33,1.15,4.5,136,138,140,2,2
3248,super,yacht,20.14,5.15,2.51,34.1,136,138,139,1,2
3251,small,motorboat,6.92,2.39,0.68,2.0,136,138,145,7,2
3268,sail,sailboat,15.99,5.18,2.76,0.0,136,139,142,3,3
3273,sail,sailboat,10.46,3.21,1.64,0.0,136,139,144,5,3
3285,sail,sailboat,13.94,4.58,2.5,5.0,136,139,146,7,3
3329,sail,sailboat,13.6,4.44,2.07,3.1,136,141,145,4,5
3393,motor,motorboat,14.77,4.55,1.44,0.0,136,142,147,5,6
3426,motor,motorboat,19.01,5.94,1.81,6.3,136,143,145,2,7
3433,motor,motorboat,17.08,4.85,1.6,12.6,136,143,155,12,7
3468,sail,sailboat,16.92,5.32,2.66,9.4,136,144,146,2,8
3495,sail,sailboat,13.42,4.36,2.2,4.2,136,145,148,3,9
3515,sail,sailboat,10.8,3.5,1.79,6.2,136,145,146,1,9
3534,small,motorboat,7.06,2.29,0.76,2.5,136,146,153,7,10
3546,sail,sailboat,13.26,4.03,2.18,3.8,136,146,166,20,10
3576,small,motorboat,7.14,2.36,0.75,3.4,136,147,148,1,11
3579,motor,motorboat,14.9,4.16,1.43,5.0,136,147,150,3,11
3583,sail,sailboat,12.6,3.79,2.26,3.1,136,147,150,3,11
3675,super,yacht,20.47,5.58,2.52,16.1,136,150,156,6,14
4308,motor,motorboat,17.76,5.01,1.83,13.0,136,176,179,3,40
4379,motor,motorboat,11.86,3.36,1.14,4.0,136,179,182,3,43
3186,sail,sailboat,13.52,4.4,2.09,6.4,137,137,142,5,0
3190,motor,motorboat,12.8,3.97,1.2,3.7,137,137,142,5,0
3196,sail,sailboat,13.99,4.21,2.35,5.2,137,137,167,30,0
3197,sail,sailboat,13.84,4.41,2.17,6.2,137,137,140,3,0
3217,small,motorboat,6.21,2.08,0.67,2.7,137,137,140,3,0
3237,sail,sailboat,12.85,3.89,2.12,4.9,137,138,140,2,1
3242,motor,motorboat,13.58,3.83,1.19,5.9,137,138,151,13,1
3249,motor,motorboat,14.46,4.22,1.33,6.1,137,138,145,7,1
3250,sail,sailboat,15.68,5.22,2.89,13.1,137,138,141,3,1
3256,small,motorboat,6.44,2.15,0.7,3.3,137,138,144,6,1
3261,sail,sailboat,10.25,3.42,1.75,3.8,137,139,144,5,2
3272,motor,motorboat,19.07,5.88,1.98,10.8,137,139,144,5,2
3281,sail,sailboat,13.85,4.32,2.32,6.6,137,139,141,2,2
3303,sail,sailboat,14.16,4.34,2.29,5.2,137,140,141,1,3
3409,super,yacht,25.69,6.64,3.16,29.1,137,143,145,2,6
3425,motor,motorboat,16.42,4.92,1.57,12.0,137,143,149,6,6
3456,small,motorboat,8.34,2.84,0.77,0.0,137,144,147,3,7
3503,sail,sailboat,15.3,4.62,2.5,7.4,137,145,146,1,8
3508,motor,motorboat,15.11,4.47,1.45,8.8,137,145,150,5,8
3564,small,motorboat,9.06,3.11,0.83,0.0,137,147,152,5,10
3585,super,yacht,20.33,5.43,2.51,14.1,137,148,158,10,11
3591,small,motorboat,6.07,1.96,0.61,3.0,137,148,151,3,11
3599,small,motorboat,8.66,2.82,0.95,0.0,137,148,150,2,11
3607,sail,sailboat,10.12,3.11,1.63,4.5,137,148,152,4,11
3628,sail,sailboat,10.52,3.18,1.86,4.8,137,149,150,1,12
3634,sail,sailboat,13.42,4.2,2.33,6.8,137,149,151,2,12
3670,sail,sailboat,12.05,3.84,1.99,0.0,137,150,152,2,13
3703,motor,motorboat,11.69,3.61,1.12,6.4,137,151,152,1,14
3706,sail,sailboat,9.5,2.99,1.56,0.0,137,151,154,3,14
3722,motor,motorboat,16.46,4.59,1.48,11.0,137,151,159,8,14
3723,sail,sailboat,10.87,3.52,1.8,0.0,137,151,153,2,14
4053,sail,sailboat,14.05,4.35,2.52,0.0,137,164,168,4,27
4141,sail,sailboat,15.15,4.73,2.4,0.0,137,168,169,1,31
4246,motor,motorboat,13.72,3.83,1.29,3.7,137,173,175,2,36
4292,super,yacht,20.7,5.38,2.28,22.3,137,176,202,26,39
3232,sail,sailboat,12.84,3.93,2.1,0.0,138,138,140,2,0
3255,sail,sailboat,11.4,3.8,2.06,3.1,138,138,141,3,0
3262,sail,sailboat,12.8,4.05,2.15,6.7,138,139,140,1,1
3264,small,motorboat,7.55,2.61,0.83,0.0,138,139,142,3,1
3280,motor,motorboat,13.66,4.17,1.45,5.6,138,139,142,3,1
3311,motor,motorboat,14.41,4.33,1.26,4.3,138,140,141,1,2
3335,small,motorboat,7.96,2.56,0.74,0.0,138,141,142,1,3
3359,motor,motorboat,16.58,4.94,1.56,13.9,138,141,155,14,3
3394,small,motorboat,6.4,2.14,0.68,2.1,138,142,143,1,4
3418,motor,motorboat,16.24,4.93,1.58,0.0,138,143,161,18,5
3428,motor,motorboat,17.28,5.29,1.75,13.4,138,143,148,5,5
3481,motor,motorboat,20.03,6.24,2.08,31.7,138,144,146,2,6
3521,sail,sailboat,17.0,5.27,3.11,0.0,138,145,161,16,7
3528,sail,sailboat,10.59,3.39,1.71,3.6,138,146,153,7,8
3538,sail,sailboat,15.01,4.63,2.32,0.0,138,146,148,2,8
3563,super,yacht,28.04,7.46,3.31,20.9,138,147,149,2,9
3683,motor,motorboat,13.52,4.12,1.3,4.3,138,150,173,23,12
3689,sail,sailboat,12.85,4.03,2.18,5.2,138,150,178,28,12
3726,sail,sailboat,11.93,3.89,2.06,6.8,138,151,152,1,13
3727,sail,sailboat,13.2,4.47,2.01,3.9,138,151,155,4,13
3748,sail,sailboat,15.84,5.23,2.7,8.1,138,152,154,2,14
3814,sail,sailboat,12.47,3.81,2.18,4.4,138,154,159,5,16
4039,small,motorboat,8.61,2.94,0.85,3.3,138,164,174,10,26
4089,motor,motorboat,10.38,3.2,1.02,4.4,138,165,170,5,27
4128,motor,motorboat,17.48,5.24,1.78,6.9,138,167,170,3,29
4406,super,yacht,20.93,5.57,2.68,0.0,138,180,181,1,42
3267,motor,motorboat,13.02,3.8,1.21,6.8,139,139,161,22,0
3275,motor,motorboat,12.73,3.86,1.19,0.0,139,139,141,2,0
3278,motor,motorboat,16.5,4.68,1.66,12.0,139,139,141,2,0
3283,sail,sailboat,15.95,4.86,2.65,0.0,139,139,140,1,0
3284,motor,motorboat,11.62,3.48,1.03,5.4,139,139,146,7,0
3288,sail,sailboat,9.5,2.99,1.49,2.9,139,140,142,2,1
3291,sail,sailboat,15.86,5.34,2.42,0.0,139,140,150,10,1
3296,small,motorboat,6.28,2.11,0.63,2.6,139,140,142,2,1
3323,small,motorboat,9.03,2.96,0.86,0.0,139,141,143,2,2
3333,sail,sailboat,11.25,3.5,2.0,6.4,139,141,143,2,2
3369,small,motorboat,7.84,2.59,0.83,2.3,139,142,144,2,3
3402,motor,motorboat,14.23,4.33,1.4,4.1,139,143,152,9,4
3431,sail,sailboat,16.91,5.66,2.61,9.5,139,143,149,6,4
3446,small,motorboat,9.07,3.11,0.98,3.4,139,143,149,6,4
3470,sail,sailboat,12.96,3.95,2.2,0.0,139,144,146,2,5
3478,sail,sailboat,12.66,4.29,1.92,5.5,139,144,151,7,5
3496,small,motorboat,9.36,3.02,1.01,0.0,139,145,146,1,6
3539,sail,sailboat,11.75,3.78,2.01,5.8,139,146,147,1,7
3635,motor,motorboat,15.93,4.77,1.49,7.7,139,149,156,7,10
3637,sail,sailboat,13.52,4.27,2.21,0.0,139,149,152,3,10
3651,motor,motorboat,11.08,3.43,1.08,4.0,139,150,159,9,11
3715,motor,motorboat,12.18,3.72,1.16,5.2,139,151,153,2,12
3738,motor,motorboat,16.88,5.12,1.78,13.2,139,151,154,3,12
3747,sail,sailboat,12.84,4.14,1.91,4.8,139,152,154,2,13
3777,motor,motorboat,13.23,3.9,1.18,4.7,139,153,156,3,14
3782,small,motorboat,6.44,2.2,0.61,0.0,139,153,156,3,14
3909,super,yacht,28.21,7.76,3.56,16.9,139,158,161,3,19
3944,super,yacht,22.39,5.82,2.86,31.7,139,160,183,23,21
4033,sail,sailboat,14.46,4.57,2.66,0.0,139,164,167,3,25
4163,motor,motorboat,17.11,5.35,1.67,9.8,139,169,172,3,30
4209,super,yacht,25.67,7.32,3.29,17.4,139,171,172,1,32
4454,super,yacht,26.58,7.28,2.93,22.5,139,182,185,3,43
4466,super,yacht,28.9,8.1,3.13,29.5,139,182,190,8,43
4482,sail,sailboat,12.51,4.01,2.23,4.5,139,184,186,2,45
3293,sail,sailboat,11.83,3.83,1.95,4.6,140,140,148,8,0
3304,super,yacht,23.65,6.31,3.18,18.8,140,140,143,3,0
3310,motor,motorboat,14.71,4.38,1.26,5.6,140,140,152,12,0
3317,small,motorboat,7.18,2.44,0.68,0.0,140,140,144,4,0
3330,sail,sailboat,9.99,3.1,1.55,3.2,140,141,143,2,1
3331,sail,sailboat,9.5,2.88,1.48,3.4,140,141,145,4,1
3339,motor,motorboat,13.79,4.2,1.18,0.0,140,141,142,1,1
3348,small,motorboat,6.96,2.28,0.64,0.0,140,141,145,4,1
3374,small,motorboat,9.1,3.1,0.9,2.4,140,142,144,2,2
3379,motor,motorboat,16.04,4.87,1.39,11.7,140,142,148,6,2
3380,sail,sailboat,12.82,4.26,2.07,4.7,140,142,145,3,2
3407,super,yacht,27.9,7.2,3.49,14.8,140,143,148,5,3
3469,sail,sailboat,13.0,4.39,2.04,3.1,140,144,147,3,4
3472,small,motorboat,6.74,2.34,0.69,0.0,140,144,155,11,4
3477,super,yacht,22.98,6.53,2.84,19.7,140,144,147,3,4
3480,motor,motorboat,14.53,4.24,1.26,5.0,140,144,145,1,4
3554,motor,motorboat,12.15,3.54,1.25,0.0,140,147,148,1,7
3598,small,motorboat,6.26,2.13,0.59,2.5,140,148,151,3,8
3623,sail,sailboat,12.99,4.29,1.93,5.1,140,149,152,3,9
3652,motor,motorboat,15.33,4.69,1.39,13.8,140,150,153,3,10
3704,sail,sailboat,12.28,3.94,1.94,6.2,140,151,158,7,11
3735,sail,sailboat,9.5,3.15,1.54,2.4,140,151,157,6,11
3788,sail,sailboat,14.29,4.6,2.14,3.6,140,153,156,3,13
3801,motor,motorboat,16.28,4.7,1.64,0.0,140,154,156,2,14
3815,motor,motorboat,15.1,4.7,1.29,10.5,140,154,156,2,14
3991,super,yacht,25.17,6.87,3.35,28.7,140,162,174,12,22
4065,motor,motorboat,19.41,5.59,1.86,11.9,140,164,169,5,24
4540,small,motorboat,6.35,2.15,0.61,3.1,140,190,193,3,50
4608,motor,motorboat,19.33,5.6,2.01,0.0,140,197,199,2,57
3326,small,motorboat,8.23,2.73,0.91,3.3,141,141,144,3,0
3327,sail,sailboat,16.09,5.42,2.75,0.0,141,141,144,3,0
3346,sail,sailboat,11.43,3.5,1.75,5.4,141,141,144,3,0
3347,sail,sailboat,16.27,4.9,2.91,11.5,141,141,142,1,0
3371,motor,motorboat,16.6,5.03,1.65,12.5,141,142,152,10,1
3399,super,yacht,22.47,5.99,2.88,14.8,141,143,154,11,2
3400,motor,motorboat,14.64,4.45,1.38,3.6,141,143,149,6,2
3404,motor,motorboat,18.05,5.15,1.58,7.8,141,143,144,1,2
3410,sail,sailboat,17.0,5.35,2.69,9.4,141,143,144,1,2
3415,sail,sailboat,13.15,4.15,1.99,0.0,141,143,146,3,2
3419,sail,sailboat,15.09,4.92,2.39,6.1,141,143,148,5,2
3437,motor,motorboat,17.47,5.04,1.57,13.3,141,143,145,2,2
3445,motor,motorboat,12.81,3.89,1.28,5.5,141,143,146,3,2
3447,sail,sailboat,15.56,5.01,2.67,13.1,141,143,152,9,2
3448,small,motorboat,6.42,2.25,0.6,2.3,141,143,146,3,2
3516,motor,motorboat,15.83,4.68,1.64,9.0,141,145,148,3,4
3566,sail,sailboat,13.29,4.32,2.3,0.0,141,147,153,6,6
3582,sail,sailboat,14.32,4.67,2.54,3.7,141,147,150,3,6
3588,small,motorboat,9.3,3.11,0.9,0.0,141,148,155,7,7
3597,sail,sailboat,14.95,4.61,2.57,0.0,141,148,160,12,7
3613,sail,sailboat,16.37,5.24,3.02,7.3,141,148,154,6,7
3680,sail,sailboat,13.03,4.21,2.26,4.7,141,150,154,4,9
3758,sail,sailboat,15.53,4.87,2.47,12.3,141,152,157,5,11
4298,sail,sailboat,10.8,3.57,1.77,3.5,141,176,180,4,35
4641,sail,sailboat,14.41,4.58,2.38,0.0,141,200,203,3,59
3376,small,motorboat,8.52,2.96,0.84,3.0,142,142,172,30,0
3384,motor,motorboat,18.43,5.37,1.61,9.9,142,142,144,2,0
3386,sail,sailboat,11.04,3.73,1.9,3.9,142,142,151,9,0
3398,sail,sailboat,11.0,3.57,1.73,4.5,142,143,147,4,1
3430,sail,sailboat,13.57,4.15,2.44,6.8,142,143,155,12,1
3452,motor,motorboat,11.77,3.55,1.09,4.2,142,144,147,3,2
3455,sail,sailboat,12.15,3.95,1.92,0.0,142,144,145,1,2
3458,motor,motorboat,10.0,3.12,1.03,6.8,142,144,151,7,2
3463,sail,sailboat,14.92,4.66,2.4,3.6,142,144,170,26,2
3475,sail,sailboat,11.12,3.56,1.72,3.1,142,144,146,2,2
3509,motor,motorboat,19.21,5.9,1.74,11.5,142,145,170,25,3
3512,sail,sailboat,9.5,3.19,1.71,2.2,142,145,147,2,3
3520,motor,motorboat,16.36,5.08,1.56,10.9,142,145,147,2,3
3523,small,motorboat,8.52,2.78,0.86,0.0,142,146,148,2,4
3549,small,motorboat,6.8,2.43,0.71,0.0,142,146,168,22,4
3571,motor,motorboat,20.49,6.16,1.86,28.9,142,147,149,2,5
3600,motor,motorboat,10.0,3.08,1.04,6.1,142,148,157,9,6
3678,motor,motorboat,14.97,4.42,1.36,4.2,142,150,155,5,8
3685,sail,sailboat,17.0,5.38,2.61,8.0,142,150,152,2,8
3691,super,yacht,26.72,7.56,3.27,13.4,142,150,154,4,8
3701,sail,sailboat,12.84,4.04,1.92,3.5,142,151,152,1,9
3724,sail,sailboat,13.35,4.51,2.05,0.0,142,151,152,1,9
3837,small,motorboat,8.55,2.76,0.83,0.0,142,156,162,6,14
3839,sail,sailboat,11.5,3.49,1.93,0.0,142,156,160,4,14
4102,super,yacht,24.1,6.85,2.7,15.3,142,166,169,3,24
4486,sail,sailboat,12.61,3.88,2.27,6.5,142,184,189,5,42
3403,small,motorboat,7.21,2.35,0.75,2.6,143,143,145,2,0
3408,sail,sailboat,13.28,4.05,2.01,0.0,143,143,145,2,0
3414,sail,sailboat,14.72,4.58,2.43,6.7,143,143,146,3,0
3421,motor,motorboat,18.98,5.34,1.63,6.2,143,143,147,4,0
3436,sail,sailboat,11.33,3.76,1.85,4.9,143,143,145,2,0
3438,sail,sailboat,11.72,3.84,1.78,3.3,143,143,148,5,0
3441,sail,sailboat,12.85,3.88,1.92,4.7,143,143,146,3,0
3451,motor,motorboat,15.59,4.34,1.45,11.4,143,144,146,2,1
3453,sail,sailboat,11.42,3.78,1.71,6.9,143,144,147,3,1
3460,small,motorboat,6.46,2.26,0.69,0.0,143,144,147,3,1
3466,sail,sailboat,12.35,3.79,2.04,5.4,143,144,153,9,1
3471,small,motorboat,6.22,2.22,0.59,0.0,143,144,145,1,1
3473,sail,sailboat,11.9,3.97,2.19,0.0,143,144,150,6,1
3476,motor,motorboat,19.06,5.83,1.94,13.4,143,144,150,6,1
3487,small,motorboat,6.3,2.18,0.7,2.4,143,144,149,5,1
3488,motor,motorboat,14.05,4.26,1.28,5.4,143,144,154,10,1
3491,sail,sailboat,11.4,3.61,2.05,3.4,143,145,146,1,2
3493,motor,motorboat,16.48,4.63,1.53,0.0,143,145,156,11,2
3499,sail,sailboat,9.5,3.15,1.53,0.0,143,145,155,10,2
3517,sail,sailboat,9.5,2.99,1.47,3.5,143,145,146,1,2
3662,small,motorboat,8.85,2.99,0.85,0.0,143,150,151,1,7
3751,sail,sailboat,10.29,3.24,1.85,0.0,143,152,155,3,9
3779,motor,motorboat,13.3,3.84,1.27,6.3,143,153,164,11,10
3780,motor,motorboat,13.17,3.69,1.3,6.2,143,153,155,2,10
3797,motor,motorboat,14.4,4.17,1.53,3.4,143,153,160,7,10
3805,sail,sailboat,12.0,3.63,2.0,5.2,143,154,155,1,11
3849,motor,motorboat,16.01,4.82,1.48,6.7,143,156,157,1,13
3871,motor,motorboat,12.74,3.89,1.09,5.7,143,157,160,3,14
3883,motor,motorboat,10.0,2.96,0.91,4.8,143,157,162,5,14
4264,motor,motorboat,14.12,4.14,1.42,0.0,143,174,181,7,31
4312,super,yacht,24.25,6.26,3.18,13.0,143,177,181,4,34
4458,motor,motorboat,19.55,5.6,1.98,7.2,143,182,189,7,39
4621,motor,motorboat,10.0,3.05,0.96,0.0,143,199,207,8,56
3482,sail,sailboat,13.05,4.3,2.24,0.0,144,144,153,9,0
3504,motor,motorboat,15.59,4.62,1.34,6.2,144,145,147,2,1
3507,sail,sailboat,9.5,2.96,1.59,2.1,144,145,151,6,1
3544,sail,sailboat,13.28,4.07,2.29,0.0,144,146,148,2,2
3567,small,motorboat,6.73,2.2,0.66,0.0,144,147,149,2,3
3584,sail,sailboat,13.36,4.26,2.24,5.0,144,147,148,1,3
3625,sail,sailboat,14.72,4.84,2.52,0.0,144,149,151,2,5
3636,sail,sailboat,9.92,3.25,1.72,2.1,144,149,152,3,5
3663,sail,sailboat,14.09,4.31,2.46,6.5,144,150,152,2,6
3729,sail,sailboat,11.96,3.91,2.11,3.1,144,151,155,4,7
3742,sail,sailboat,10.53,3.43,1.76,3.7,144,152,158,6,8
3764,small,motorboat,6.21,2.01,0.6,0.0,144,152,158,6,8
3817,sail,sailboat,15.27,4.74,2.28,13.3,144,155,158,3,11
3844,super,yacht,21.21,5.51,2.7,18.0,144,156,162,6,12
3863,sail,sailboat,14.34,4.71,2.19,5.5,144,157,160,3,13
3868,motor,motorboat,11.63,3.34,1.06,4.4,144,157,162,5,13
4250,sail,sailboat,9.5,3.14,1.68,2.6,144,173,174,1,29
4438,motor,motorboat,17.03,4.93,1.78,7.0,144,181,184,3,37
3490,sail,sailboat,10.02,3.19,1.72,5.5,145,145,148,3,0
3513,motor,motorboat,11.3,3.17,1.15,4.1,145,145,147,2,0
3522,super,yacht,26.24,7.48,2.95,26.9,145,146,152,6,1
3529,motor,motorboat,16.13,4.64,1.61,13.8,145,146,147,1,1
3541,small,motorboat,9.23,3.12,0.83,3.2,145,146,154,8,1
3543,motor,motorboat,13.18,4.1,1.3,0.0,145,146,151,5,1
3552,small,motorboat,7.44,2.67,0.78,2.4,145,146,147,1,1
3558,motor,motorboat,16.67,4.96,1.56,10.7,145,147,149,2,2
3565,motor,motorboat,14.84,4.45,1.55,4.9,145,147,155,8,2
3572,sail,sailboat,16.12,5.38,2.86,11.7,145,147,148,1,2
3602,motor,motorboat,18.76,5.83,1.62,12.5,145,148,156,8,3
3617,sail,sailboat,12.4,4.13,1.84,0.0,145,149,152,3,4
3638,small,motorboat,6.76,2.32,0.72,0.0,145,149,152,3,4
3646,sail,sailboat,11.36,3.47,1.89,5.1,145,149,154,5,4
3686,motor,motorboat,15.3,4.71,1.37,0.0,145,150,152,2,5
3688,sail,sailboat,13.1,4.37,1.98,3.7,145,150,152,2,5
3710,motor,motorboat,14.48,4.16,1.31,4.8,145,151,168,17,6
3731,motor,motorboat,17.64,5.08,1.6,0.0,145,151,154,3,6
3737,motor,motorboat,11.52,3.39,1.2,4.6,145,151,158,7,6
3829,sail,sailboat,14.19,4.69,2.17,4.5,145,155,156,1,10
3872,sail,sailboat,11.64,3.78,1.79,5.6,145,157,160,3,12
3891,motor,motorboat,19.89,6.18,1.79,9.6,145,158,159,1,13
4070,sail,sailboat,10.49,3.31,1.9,0.0,145,165,168,3,20
4326,sail,sailboat,11.25,3.79,1.67,3.0,145,177,181,4,32
4328,motor,motorboat,15.02,4.57,1.51,8.5,145,177,184,7,32
4352,sail,sailboat,9.83,3.07,1.63,2.9,145,178,188,10,33
4411,super,yacht,26.06,6.87,3.32,33.8,145,180,182,2,35
4464,sail,sailboat,16.59,5.27,2.92,11.6,145,182,188,6,37
4578,super,yacht,28.81,8.19,3.26,15.7,145,193,195,2,48
3526,super,yacht,24.09,6.43,2.85,34.6,146,146,147,1,0
3545,small,motorboat,6.08,2.05,0.58,2.2,146,146,148,2,0
3548,motor,motorboat,12.77,3.89,1.12,5.3,146,146,148,2,0
3553,sail,sailboat,15.07,5.04,2.47,8.5,146,147,151,4,1
3557,small,motorboat,6.86,2.21,0.64,0.0,146,147,152,5,1
3562,sail,sailboat,13.67,4.49,2.29,4.8,146,147,150,3,1
3569,sail,sailboat,13.63,4.13,2.36,4.5,146,147,149,2,1
3580,small,motorboat,6.44,2.3,0.67,0.0,146,147,153,6,1
3601,sail,sailboat,11.46,3.66,2.01,5.0,146,148,154,6,2
3608,super,yacht,22.95,6.37,2.88,28.8,146,148,149,1,2
3611,sail,sailboat,11.99,3.8,1.97,0.0,146,148,156,8,2
3640,motor,motorboat,20.25,5.87,1.74,33.3,146,149,151,2,3
3664,sail,sailboat,13.25,4.49,2.21,3.5,146,150,153,3,4
3687,motor,motorboat,11.63,3.36,1.23,5.7,146,150,153,3,4
3711,super,yacht,26.19,6.75,3.36,15.3,146,151,156,5,5
3718,small,motorboat,6.91,2.49,0.7,3.3,146,151,156,5,5
3745,motor,motorboat,14.53,4.24,1.39,6.8,146,152,155,3,6
3784,sail,sailboat,10.96,3.63,1.92,6.6,146,153,156,3,7
3794,sail,sailboat,12.88,4.08,2.28,6.1,146,153,158,5,7
3851,motor,motorboat,11.85,3.47,1.03,3.8,146,156,162,6,10
3859,motor,motorboat,13.46,4.11,1.31,3.7,146,156,163,7,10
3888,super,yacht,27.05,7.47,3.04,39.0,146,158,171,13,12
3924,sail,sailboat,13.34,4.34,2.11,3.4,146,159,181,22,13
3927,motor,motorboat,14.72,4.53,1.36,5.5,146,159,183,24,13
3934,small,motorboat,7.53,2.61,0.8,0.0,146,159,161,2,13
3977,sail,sailboat,11.73,3.58,1.93,5.8,146,161,166,5,15
4145,sail,sailboat,14.56,4.53,2.24,5.8,146,169,176,7,23
4198,small,motorboat,6.54,2.14,0.62,2.3,146,171,177,6,25
3561,sail,sailboat,15.22,4.78,2.62,0.0,147,147,148,1,0
3573,small,motorboat,7.28,2.53,0.67,2.6,147,147,148,1,0
3574,motor,motorboat,12.98,3.9,1.21,6.5,147,147,176,29,0
3586,sail,sailboat,14.36,4.72,2.46,0.0,147,148,150,2,1
3587,small,motorboat,6.21,2.19,0.6,0.0,147,148,155,7,1
3605,motor,motorboat,17.94,5.08,1.77,13.4,147,148,151,3,1
3609,sail,sailboat,12.0,3.98,1.79,3.5,147,148,152,4,1
3615,small,motorboat,7.79,2.66,0.72,0.0,147,149,152,3,2
3616,sail,sailboat,15.28,4.91,2.33,11.1,147,149,150,1,2
3619,small,motorboat,7.54,2.58,0.73,0.0,147,149,157,8,2
3672,motor,motorboat,19.94,5.86,2.05,9.6,147,150,152,2,3
3778,super,yacht,27.95,7.54,3.52,0.0,147,153,178,25,6
3790,super,yacht,24.85,6.4,3.21,30.0,147,153,160,7,6
3877,motor,motorboat,10.0,2.81,0.93,3.1,147,157,162,5,10
3917,sail,sailboat,12.76,4.12,1.91,5.8,147,159,161,2,12
3920,sail,sailboat,10.64,3.55,1.73,4.0,147,159,160,1,12
3945,motor,motorboat,18.95,5.58,1.96,12.4,147,160,164,4,13
3959,sail,sailboat,15.23,4.87,2.41,0.0,147,160,184,24,13
3983,small,motorboat,7.07,2.47,0.69,2.1,147,161,164,3,14
4014,motor,motorboat,11.32,3.52,1.17,4.2,147,163,173,10,16
4229,sail,sailboat,14.4,4.63,2.63,5.8,147,172,173,1,25
4431,super,yacht,27.3,7.7,3.29,19.4,147,181,184,3,34
4479,super,yacht,28.53,7.79,3.24,22.4,147,184,191,7,37
4487,sail,sailboat,13.75,4.46,2.12,0.0,147,184,188,4,37
3590,sail,sailboat,15.15,4.58,2.34,6.9,148,148,150,2,0
3592,motor,motorboat,22.0,6.32,2.22,32.3,148,148,149,1,0
3604,sail,sailboat,10.94,3.51,1.99,4.5,148,148,151,3,0
3627,sail,sailboat,17.0,5.32,2.91,7.5,148,149,176,27,1
3630,sail,sailboat,11.99,4.02,1.85,0.0,148,149,154,5,1
3645,motor,motorboat,10.0,2.78,1.01,4.1,148,149,150,1,1
3649,small,motorboat,9.13,3.12,0.94,3.4,148,150,154,4,2
3657,sail,sailboat,13.57,4.34,2.4,3.9,148,150,152,2,2
3666,sail,sailboat,12.42,4.14,2.2,6.6,148,150,152,2,2
3667,small,motorboat,7.9,2.61,0.84,0.0,148,150,156,6,2
3676,motor,motorboat,15.09,4.59,1.55,8.6,148,150,157,7,2
3684,small,motorboat,8.89,3.16,0.92,2.2,148,150,168,18,2
3714,motor,motorboat,16.5,4.75,1.53,6.3,148,151,160,9,3
3720,small,motorboat,7.03,2.49,0.67,0.0,148,151,152,1,3
3736,sail,sailboat,13.74,4.17,2.39,5.8,148,151,154,3,3
3750,super,yacht,24.0,6.37,2.87,18.6,148,152,167,15,4
3771,sail,sailboat,10.16,3.26,1.72,5.4,148,152,153,1,4
3831,motor,motorboat,14.0,4.19,1.48,5.8,148,156,157,1,8
3942,sail,sailboat,11.9,3.61,1.89,6.8,148,160,172,12,12
3943,motor,motorboat,15.97,4.74,1.63,13.9,148,160,161,1,12
3962,motor,motorboat,14.05,4.22,1.31,4.6,148,160,161,1,12
4444,motor,motorboat,16.67,4.65,1.73,6.2,148,181,183,2,33
4569,sail,sailboat,13.56,4.25,2.42,6.8,148,192,193,1,44
4717,super,yacht,27.77,7.71,3.45,0.0,148,207,214,7,59
3614,sail,sailboat,9.5,3.17,1.48,2.3,149,149,155,6,0
3618,sail,sailboat,14.38,4.6,2.45,5.6,149,149,151,2,0
3626,sail,sailboat,14.45,4.39,2.61,4.1,149,149,152,3,0
3629,sail,sailboat,12.37,3.97,2.02,3.9,149,149,151,2,0
3639,sail,sailboat,11.18,3.64,1.96,3.8,149,149,153,4,0
3648,sail,sailboat,10.97,3.5,1.75,7.0,149,150,155,5,1
3665,motor,motorboat,13.53,4.07,1.24,5.0,149,150,164,14,1
3668,sail,sailboat,13.18,4.32,2.26,0.0,149,150,154,4,1
3673,small,motorboat,9.34,3.04,0.94,2.5,149,150,151,1,1
3677,sail,sailboat,13.04,4.35,2.01,5.4,149,150,151,1,1
3681,small,motorboat,8.48,2.85,0.93,0.0,149,150,164,14,1
3693,motor,motorboat,10.69,3.05,1.13,6.6,149,150,151,1,1
3696,motor,motorboat,19.56,5.56,1.97,13.1,149,150,151,1,1
3698,small,motorboat,9.32,3.35,1.04,0.0,149,150,152,2,1
3700,motor,motorboat,18.53,5.23,1.64,7.5,149,151,156,5,2
3716,sail,sailboat,10.31,3.48,1.62,4.5,149,151,153,2,2
3721,small,motorboat,8.27,2.79,0.85,2.3,149,151,180,29,2
3732,small,motorboat,6.82,2.18,0.68,0.0,149,151,154,3,2
3740,small,motorboat,8.61,2.92,0.92,0.0,149,152,161,9,3
3768,super,yacht,20.2,5.48,2.49,39.5,149,152,166,14,3
3812,motor,motorboat,17.15,5.26,1.59,0.0,149,154,156,2,5
3857,motor,motorboat,16.5,5.02,1.48,11.5,149,156,162,6,7
3860,sail,sailboat,13.61,4.58,2.44,5.3,149,156,160,4,7
3952,sail,sailboat,14.44,4.56,2.31,6.9,149,160,165,5,11
3986,sail,sailboat,13.34,4.08,2.02,4.5,149,162,163,1,13
4025,sail,sailboat,14.98,4.89,2.67,4.7,149,163,165,2,14
4030,motor,motorboat,14.43,4.41,1.24,5.0,149,163,172,9,14
4188,sail,sailboat,13.93,4.21,2.3,0.0,149,170,172,2,21
4513,motor,motorboat,13.69,4.05,1.38,3.6,149,187,189,2,38
4731,sail,sailboat,12.8,4.04,2.24,6.0,149,208,209,1,59
3661,small,motorboat,6.34,2.25,0.63,3.4,150,150,152,2,0
3671,motor,motorboat,22.0,6.62,1.97,20.0,150,150,151,1,0
3692,sail,sailboat,10.99,3.7,1.89,0.0,150,150,153,3,0
3707,small,motorboat,6.08,2.0,0.68,2.7,150,151,154,3,1
3709,motor,motorboat,18.21,5.58,1.63,8.9,150,151,163,12,1
3725,sail,sailboat,14.21,4.28,2.47,6.4,150,151,154,3,1
3730,sail,sailboat,15.78,5.34,2.68,10.6,150,151,152,1,1
3755,motor,motorboat,15.39,4.75,1.4,12.8,150,152,159,7,2
3760,sail,sailboat,14.97,4.51,2.3,7.0,150,152,158,6,2
3772,sail,sailboat,13.55,4.13,2.49,6.2,150,152,159,7,2
3783,motor,motorboat,13.72,4.23,1.17,5.6,150,153,154,1,3
3804,motor,motorboat,18.66,5.81,1.75,10.8,150,154,160,6,4
3848,super,yacht,27.03,7.01,3.27,26.1,150,156,158,2,6
3873,sail,sailboat,12.44,4.01,1.97,6.0,150,157,158,1,7
3889,motor,motorboat,15.26,4.43,1.42,12.7,150,158,160,2,8
3906,sail,sailboat,17.0,5.57,2.74,6.5,150,158,164,6,8
3911,motor,motorboat,16.65,4.82,1.62,13.8,150,158,159,1,8
3961,motor,motorboat,14.37,4.26,1.43,4.6,150,160,162,2,10
3990,motor,motorboat,16.53,4.72,1.44,6.6,150,162,175,13,12
4751,small,motorboat,8.7,3.03,0.88,0.0,150,210,213,3,60
3717,sail,sailboat,11.3,3.62,1.7,5.5,151,151,161,10,0
3767,small,motorboat,7.64,2.49,0.81,3.4,151,152,159,7,1
3789,sail,sailboat,13.62,4.56,2.07,6.7,151,153,156,3,2
3791,sail,sailboat,11.67,3.85,1.74,5.2,151,153,158,5,2
3796,motor,motorboat,14.17,4.18,1.25,6.8,151,153,162,9,2
3820,motor,motorboat,10.9,3.3,0.95,4.4,151,155,161,6,4
3842,motor,motorboat,16.78,4.65,1.73,9.2,151,156,158,2,5
3953,sail,sailboat,13.02,4.06,2.29,6.0,151,160,165,5,9
3957,small,motorboat,7.63,2.62,0.73,0.0,151,160,162,2,9
4064,motor,motorboat,12.0,3.75,1.2,4.8,151,164,168,4,13
4570,sail,sailboat,12.54,4.04,2.17,0.0,151,192,195,3,41
3741,sail,sailboat,15.59,4.74,2.37,0.0,152,152,155,3,0
3744,motor,motorboat,13.85,4.2,1.24,6.1,152,152,153,1,0
3752,sail,sailboat,15.77,5.3,2.35,0.0,152,152,158,6,0
3762,small,motorboat,7.27,2.51,0.81,2.9,152,152,158,6,0
3769,motor,motorboat,12.81,3.87,1.22,3.5,152,152,155,3,0
3776,sail,sailboat,11.67,3.62,2.01,6.7,152,152,153,1,0
3785,sail,sailboat,15.06,5.08,2.66,6.1,152,153,159,6,1
3787,sail,sailboat,15.86,5.35,2.74,9.4,152,153,156,3,1
3800,motor,motorboat,16.42,4.73,1.68,14.0,152,154,155,1,2
3803,sail,sailboat,12.39,3.9,1.85,4.7,152,154,156,2,2
3816,sail,sailboat,10.44,3.22,1.9,3.7,152,154,158,4,2
3866,sail,sailboat,11.85,4.0,2.1,3.6,152,157,163,6,5
3874,sail,sailboat,12.46,4.08,1.89,4.4,152,157,159,2,5
3880,motor,motorboat,13.87,3.99,1.37,3.7,152,157,158,1,5
3916,sail,sailboat,12.11,4.02,2.07,0.0,152,158,161,3,6
3925,small,motorboat,6.87,2.45,0.75,3.4,152,159,177,18,7
3933,sail,sailboat,13.76,4.66,2.31,0.0,152,159,170,11,7
3955,motor,motorboat,16.63,4.99,1.69,9.2,152,160,161,1,8
3981,sail,sailboat,11.7,3.8,2.09,4.0,152,161,168,7,9
3984,sail,sailboat,13.39,4.2,2.3,4.8,152,162,165,3,10
4005,sail,sailboat,12.1,4.1,2.18,5.5,152,162,164,2,10
4045,super,yacht,24.01,6.71,3.09,17.9,152,164,167,3,12
4062,super,yacht,27.38,7.82,3.27,15.3,152,164,167,3,12
4079,motor,motorboat,10.67,2.99,1.0,3.7,152,165,169,4,13
4088,sail,sailboat,9.97,3.2,1.49,0.0,152,165,181,16,13
4106,sail,sailboat,12.47,4.01,2.13,6.5,152,166,168,2,14
4185,motor,motorboat,10.0,2.88,0.94,4.4,152,170,172,2,18
4481,motor,motorboat,15.36,4.57,1.49,0.0,152,184,185,1,32
3806,motor,motorboat,14.61,4.21,1.51,5.0,153,154,156,2,1
3826,small,motorboat,8.28,2.95,0.81,0.0,153,155,165,10,2
3835,motor,motorboat,22.0,6.67,2.15,37.9,153,156,176,20,3
3840,sail,sailboat,14.27,4.67,2.33,3.9,153,156,158,2,3
3878,motor,motorboat,15.68,4.53,1.44,11.6,153,157,164,7,4
4047,sail,sailboat,13.43,4.53,2.08,3.6,153,164,167,3,11
4071,super,yacht,26.66,6.92,3.11,27.9,153,165,166,1,12
4074,small,motorboat,6.86,2.44,0.64,0.0,153,165,168,3,12
4118,motor,motorboat,18.56,5.51,1.96,12.7,153,167,168,1,14
4126,sail,sailboat,17.0,5.25,3.08,0.0,153,167,170,3,14
4365,motor,motorboat,15.97,4.46,1.43,8.2,153,178,200,22,25
4536,sail,sailboat,14.89,4.94,2.66,3.2,153,190,197,7,37
3810,sail,sailboat,15.89,5.21,2.53,8.8,154,154,157,3,0
3830,sail,sailboat,11.66,3.67,1.73,0.0,154,156,162,6,2
3834,motor,motorboat,17.08,5.23,1.57,9.4,154,156,170,14,2
3838,motor,motorboat,18.16,5.43,1.89,9.8,154,156,158,2,2
3843,sail,sailboat,13.21,4.25,1.99,0.0,154,156,160,4,2
3858,small,motorboat,8.44,2.91,0.77,0.0,154,156,157,1,2
3887,small,motorboat,9.38,3.22,0.98,2.5,154,158,161,3,4
3893,motor,motorboat,16.35,4.83,1.58,8.7,154,158,159,1,4
3900,small,motorboat,6.39,2.28,0.59,2.3,154,158,174,16,4
3908,sail,sailboat,11.84,3.71,1.89,3.1,154,158,163,5,4
3970,sail,sailboat,12.41,3.97,2.25,6.3,154,161,176,15,7
4012,sail,sailboat,11.24,3.68,1.91,3.9,154,163,165,2,9
4023,small,motorboat,8.55,2.77,0.86,0.0,154,163,181,18,9
4042,sail,sailboat,12.57,3.89,2.21,3.8,154,164,165,1,10
4057,sail,sailboat,12.86,4.2,2.18,5.5,154,164,167,3,10
4078,sail,sailboat,9.5,2.97,1.43,2.2,154,165,168,3,11
4107,sail,sailboat,14.56,4.56,2.59,0.0,154,166,170,4,12
4294,motor,motorboat,15.0,4.41,1.57,5.5,154,176,177,1,22
4432,sail,sailboat,17.0,5.6,2.67,0.0,154,181,184,3,27
4491,motor,motorboat,13.6,4.12,1.27,4.9,154,185,187,2,31
3821,sail,sailboat,14.96,4.52,2.6,5.9,155,155,162,7,0
3824,motor,motorboat,14.37,4.02,1.52,4.3,155,155,159,4,0
3836,sail,sailboat,12.51,4.0,2.23,0.0,155,156,158,2,1
3845,sail,sailboat,10.45,3.53,1.88,0.0,155,156,160,4,1
3846,motor,motorboat,13.46,3.92,1.16,3.5,155,156,158,2,1
3862,sail,sailboat,14.8,5.01,2.67,5.6,155,157,158,1,2
3867,sail,sailboat,13.59,4.36,2.05,4.8,155,157,164,7,2
3876,motor,motorboat,18.1,5.06,1.74,10.5,155,157,158,1,2
3932,sail,sailboat,9.5,3.03,1.56,3.5,155,159,164,5,4
3979,sail,sailboat,12.36,4.15,2.08,5.8,155,161,164,3,6
3985,sail,sailboat,11.87,3.78,1.77,0.0,155,162,163,1,7
4092,motor,motorboat,16.69,5.17,1.71,9.3,155,166,168,2,11
4170,super,yacht,24.41,6.34,2.67,37.8,155,169,172,3,14
4512,sail,sailboat,13.04,4.13,2.1,5.0,155,187,189,2,32
3875,sail,sailboat,11.69,3.55,1.86,6.9,156,157,169,12,1
3881,motor,motorboat,16.38,4.62,1.43,9.3,156,157,171,14,1
3892,sail,sailboat,12.13,3.91,2.03,0.0,156,158,163,5,2
3894,sail,sailboat,10.46,3.15,1.69,5.6,156,158,165,7,2
3901,sail,sailboat,15.71,5.03,2.39,11.8,156,158,160,2,2
3912,sail,sailboat,12.88,4.13,2.12,3.6,156,158,159,1,2
3914,sail,sailboat,10.11,3.17,1.64,0.0,156,158,162,4,2
4004,motor,motorboat,19.29,5.7,1.76,13.2,156,162,163,1,6
4017,sail,sailboat,12.33,4.17,2.23,5.8,156,163,165,2,7
4028,sail,sailboat,14.01,4.27,2.15,4.9,156,163,181,18,7
4084,motor,motorboat,16.42,4.6,1.74,0.0,156,165,167,2,9
4157,motor,motorboat,16.75,5.04,1.69,13.1,156,169,191,22,13
4182,small,motorboat,6.84,2.45,0.65,0.0,156,170,175,5,14
4602,small,motorboat,6.08,2.13,0.63,2.5,156,196,199,3,40
4606,sail,sailboat,9.5,3.05,1.6,3.1,156,197,214,17,41
3869,motor,motorboat,10.0,2.87,1.06,6.4,157,157,158,1,0
3870,sail,sailboat,9.8,3.23,1.64,0.0,157,157,162,5,0
3882,sail,sailboat,14.49,4.48,2.45,5.6,157,157,164,7,0
3885,motor,motorboat,13.81,4.2,1.22,3.7,157,158,159,1,1
3896,small,motorboat,6.74,2.17,0.69,0.0,157,158,161,3,1
3897,motor,motorboat,12.95,3.63,1.19,4.9,157,158,161,3,1
3907,motor,motorboat,10.0,2.88,1.06,3.8,157,158,160,2,1
3910,motor,motorboat,16.73,4.9,1.43,10.6,157,158,171,13,1
3929,sail,sailboat,14.59,4.46,2.31,0.0,157,159,160,1,2
3935,sail,sailboat,11.93,3.61,1.85,0.0,157,159,186,27,2
3938,sail,sailboat,14.21,4.32,2.55,0.0,157,159,160,1,2
3939,sail,sailboat,11.82,4.01,2.1,0.0,157,160,163,3,3
3954,sail,sailboat,17.0,5.56,2.93,12.5,157,160,164,4,3
4111,small,motorboat,6.91,2.42,0.69,2.4,157,166,171,5,9
4146,sail,sailboat,12.16,4.09,1.83,4.3,157,169,172,3,12
4150,motor,motorboat,10.0,2.89,1.05,3.3,157,169,199,30,12
4155,motor,motorboat,14.52,4.47,1.28,4.3,157,169,172,3,12
4176,motor,motorboat,15.27,4.47,1.39,13.7,157,170,176,6,13
4215,small,motorboat,7.67,2.54,0.85,0.0,157,171,178,7,14
4362,motor,motorboat,13.5,4.14,1.29,6.7,157,178,179,1,21
4539,super,yacht,24.97,7.07,2.71,19.9,157,190,206,16,33
4624,sail,sailboat,14.39,4.63,2.56,0.0,157,199,201,2,42
3898,small,motorboat,9.42,3.12,1.03,0.0,158,158,164,6,0
3902,motor,motorboat,10.0,2.95,1.04,4.6,158,158,159,1,0
3903,sail,sailboat,12.1,3.68,2.21,0.0,158,158,160,2,0
3904,motor,motorboat,19.66,5.7,1.84,0.0,158,158,161,3,0
3921,super,yacht,23.72,6.23,2.8,13.6,158,159,161,2,1
3923,motor,motorboat,14.62,4.09,1.45,6.1,158,159,163,4,1
3930,small,motorboat,7.01,2.27,0.64,0.0,158,159,162,3,1
3948,motor,motorboat,11.91,3.61,1.08,5.0,158,160,163,3,2
3956,motor,motorboat,10.0,2.8,1.06,6.9,158,160,180,20,2
3974,sail,sailboat,15.07,4.67,2.74,6.7,158,161,171,10,3
3996,sail,sailboat,11.83,3.56,1.99,5.8,158,162,164,2,4
4035,sail,sailboat,11.55,3.64,2.13,6.5,158,164,168,4,6
4055,sail,sailboat,11.52,3.86,1.76,3.9,158,164,165,1,6
4063,sail,sailboat,16.19,5.3,2.56,9.9,158,164,165,1,6
4110,small,motorboat,8.3,2.69,0.87,3.2,158,166,172,6,8
4120,motor,motorboat,16.02,4.77,1.38,0.0,158,167,170,3,9
4171,sail,sailboat,11.51,3.62,1.87,6.0,158,169,194,25,11
4219,sail,sailboat,10.62,3.36,1.86,0.0,158,172,174,2,14
4220,sail,sailboat,13.61,4.23,2.28,5.1,158,172,175,3,14
4224,small,motorboat,7.89,2.69,0.73,2.3,158,172,174,2,14
4455,small,motorboat,8.71,2.86,0.82,3.0,158,182,185,3,24
4644,sail,sailboat,12.26,4.08,2.05,6.4,158,200,201,1,42
4780,super,yacht,28.6,8.12,3.76,27.5,158,213,214,1,55
3919,sail,sailboat,17.0,5.51,2.65,7.8,159,159,166,7,0
3922,sail,sailboat,10.16,3.32,1.58,6.2,159,159,160,1,0
3937,sail,sailboat,12.08,3.87,2.05,3.6,159,159,163,4,0
3941,motor,motorboat,15.02,4.34,1.36,0.0,159,160,165,5,1
3947,sail,sailboat,11.51,3.62,2.1,6.9,159,160,178,18,1
3950,sail,sailboat,11.41,3.59,2.0,3.3,159,160,162,2,1
4013,sail,sailboat,14.51,4.43,2.21,6.9,159,163,164,1,4
4024,motor,motorboat,19.67,5.64,1.87,13.1,159,163,170,7,4
4029,sail,sailboat,10.06,3.33,1.69,5.0,159,163,166,3,4
4044,sail,sailboat,15.01,4.54,2.32,8.9,159,164,165,1,5
4048,motor,motorboat,17.11,5.34,1.48,10.6,159,164,167,3,5
4067,small,motorboat,8.92,3.19,0.99,2.9,159,165,173,8,6
4087,motor,motorboat,17.38,5.05,1.57,12.4,159,165,169,4,6
4129,small,motorboat,6.25,2.1,0.61,2.9,159,168,182,14,9
4144,sail,sailboat,16.95,5.28,2.73,0.0,159,169,172,3,10
4153,motor,motorboat,13.07,3.84,1.32,5.4,159,169,171,2,10
4718,super,yacht,20.25,5.42,2.46,17.1,159,207,211,4,48
4781,super,yacht,24.26,6.34,2.85,23.2,159,213,214,1,54
3940,sail,sailboat,11.21,3.41,1.92,4.6,160,160,165,5,0
3958,super,yacht,25.75,6.75,3.41,21.4,160,160,161,1,0
3964,motor,motorboat,12.93,3.91,1.2,3.5,160,161,165,4,1
3965,super,yacht,23.87,6.66,2.6,31.8,160,161,174,13,1
3967,motor,motorboat,16.71,4.67,1.46,8.9,160,161,164,3,1
3973,sail,sailboat,11.89,3.78,1.8,5.7,160,161,168,7,1
3975,sail,sailboat,12.28,4.15,1.83,3.3,160,161,163,2,1
3988,sail,sailboat,11.56,3.49,2.08,5.6,160,162,164,2,2
3989,sail,sailboat,9.5,3.12,1.6,3.2,160,162,174,12,2
3992,sail,sailboat,9.5,3.08,1.69,0.0,160,162,163,1,2
3994,small,motorboat,7.54,2.5,0.76,0.0,160,162,164,2,2
4006,sail,sailboat,14.08,4.34,2.32,5.8,160,162,166,4,2
4037,motor,motorboat,14.05,4.26,1.22,0.0,160,164,166,2,4
4066,small,motorboat,8.27,2.82,0.86,0.0,160,165,168,3,5
4072,motor,motorboat,15.71,4.48,1.58,7.4,160,165,189,24,5
4095,motor,motorboat,17.73,5.13,1.7,0.0,160,166,176,10,6
4108,sail,sailboat,15.41,4.71,2.58,0.0,160,166,172,6,6
4125,sail,sailboat,10.21,3.15,1.78,4.9,160,167,168,1,7
4131,super,yacht,24.56,6.43,2.74,22.1,160,168,170,2,8
4135,small,motorboat,6.63,2.37,0.65,0.0,160,168,174,6,8
4160,sail,sailboat,9.5,3.03,1.42,3.3,160,169,174,5,9
4174,sail,sailboat,11.09,3.38,1.94,0.0,160,170,183,13,10
4303,small,motorboat,7.22,2.55,0.75,2.3,160,176,178,2,16
4440,small,motorboat,8.37,3.01,0.85,0.0,160,181,187,6,21
3978,motor,motorboat,16.22,4.54,1.51,12.8,161,161,162,1,0
3993,motor,motorboat,15.32,4.75,1.51,13.4,161,162,163,1,1
4011,motor,motorboat,16.12,4.56,1.45,6.9,161,163,165,2,2
4015,motor,motorboat,17.79,5.39,1.87,0.0,161,163,164,1,2
4018,motor,motorboat,17.14,5.02,1.51,6.8,161,163,165,2,2
4022,sail,sailboat,9.5,3.03,1.42,2.5,161,163,168,5,2
4061,small,motorboat,8.58,2.76,0.94,2.3,161,164,171,7,3
4134,motor,motorboat,16.6,4.89,1.63,12.7,161,168,173,5,7
4249,sail,sailboat,15.4,4.64,2.37,13.3,161,173,175,2,12
4277,motor,motorboat,10.23,3.15,0.88,0.0,161,174,176,2,13
4316,super,yacht,25.05,7.08,3.12,16.6,161,177,184,7,16
4384,super,yacht,23.27,6.54,2.74,38.3,161,179,182,3,18
4408,motor,motorboat,10.04,3.11,0.98,5.4,161,180,181,1,19
4633,sail,sailboat,9.5,2.95,1.6,3.0,161,200,202,2,39
4007,motor,motorboat,18.11,5.17,1.82,8.3,162,163,165,2,1
4016,sail,sailboat,14.05,4.23,2.54,5.8,162,163,168,5,1
4020,motor,motorboat,14.84,4.13,1.43,3.6,162,163,164,1,1
4032,sail,sailboat,11.07,3.47,1.74,0.0,162,164,166,2,2
4043,motor,motorboat,20.38,6.24,2.08,30.5,162,164,167,3,2
4050,motor,motorboat,15.75,4.4,1.58,8.7,162,164,175,11,2
4052,motor,motorboat,11.06,3.13,1.04,4.8,162,164,165,1,2
4090,small,motorboat,8.34,2.96,0.86,2.7,162,166,170,4,4
4105,small,motorboat,8.73,3.02,0.89,3.3,162,166,172,6,4
4137,sail,sailboat,11.59,3.62,2.09,5.0,162,168,171,3,6
4142,motor,motorboat,13.08,4.06,1.15,3.2,162,168,173,5,6
4203,sail,sailboat,12.72,4.14,2.1,5.8,162,171,173,2,9
4227,sail,sailboat,9.5,3.02,1.55,0.0,162,172,174,2,10
4236,sail,sailboat,16.53,5.24,2.59,10.8,162,172,178,6,10
4243,sail,sailboat,10.22,3.26,1.58,6.1,162,173,174,1,11
4289,motor,motorboat,16.15,4.97,1.57,13.9,162,176,177,1,14
4724,sail,sailboat,11.49,3.79,1.88,0.0,162,207,214,7,45
4786,super,yacht,25.99,6.73,3.33,21.7,162,213,214,1,51
4054,motor,motorboat,14.66,4.16,1.27,6.7,163,164,180,16,1
4058,sail,sailboat,9.82,3.3,1.7,2.0,163,164,175,11,1
4059,motor,motorboat,17.64,4.92,1.73,9.3,163,164,167,3,1
4060,small,motorboat,6.06,1.98,0.62,0.0,163,164,166,2,1
4076,sail,sailboat,17.0,5.62,2.76,0.0,163,165,190,25,2
4156,small,motorboat,6.85,2.3,0.67,0.0,163,169,170,1,6
4218,sail,sailboat,15.48,4.81,2.43,0.0,163,172,175,3,9
4228,sail,sailboat,10.95,3.52,1.78,0.0,163,172,174,2,9
4241,small,motorboat,7.4,2.39,0.69,0.0,163,173,177,4,10
4280,super,yacht,27.66,7.74,3.38,32.9,163,175,182,7,12
4331,sail,sailboat,15.16,4.7,2.35,10.7,163,177,179,2,14
4496,super,yacht,27.38,7.26,3.38,32.4,163,185,195,10,22
4558,super,yacht,28.41,8.04,3.28,27.5,163,191,193,2,28
4595,super,yacht,25.57,6.8,3.43,20.8,163,195,204,9,32
4627,motor,motorboat,11.66,3.47,1.09,6.9,163,200,202,2,37
4046,motor,motorboat,16.81,5.03,1.77,10.6,164,164,167,3,0
4051,motor,motorboat,12.34,3.62,1.3,3.5,164,164,166,2,0
4075,sail,sailboat,9.5,2.9,1.73,2.0,164,165,167,2,1
4083,small,motorboat,7.61,2.74,0.75,2.4,164,165,166,1,1
4109,motor,motorboat,13.55,4.04,1.22,5.2,164,166,171,5,2
4114,sail,sailboat,11.13,3.67,1.94,4.7,164,166,171,5,2
4239,small,motorboat,6.47,2.27,0.66,2.0,164,172,175,3,8
4275,sail,sailboat,13.39,4.36,2.22,0.0,164,174,178,4,10
4330,small,motorboat,6.36,2.06,0.68,2.7,164,177,184,7,13
4357,sail,sailboat,12.36,3.84,2.15,4.3,164,178,179,1,14
4372,sail,sailboat,13.53,4.55,2.09,0.0,164,178,182,4,14
4433,motor,motorboat,14.01,4.06,1.25,3.7,164,181,186,5,17
4069,sail,sailboat,11.6,3.54,1.84,4.6,165,165,167,2,0
4077,motor,motorboat,18.28,5.32,1.69,10.6,165,165,166,1,0
4080,sail,sailboat,11.52,3.69,1.71,7.0,165,165,168,3,0
4081,small,motorboat,6.66,2.36,0.71,2.1,165,165,172,7,0
4086,motor,motorboat,10.53,3.23,1.0,0.0,165,165,166,1,0
4093,sail,sailboat,12.58,4.04,2.28,5.4,165,166,171,5,1
4097,sail,sailboat,10.12,3.37,1.57,3.3,165,166,169,3,1
4112,motor,motorboat,12.62,3.84,1.26,6.0,165,166,167,1,1
4113,sail,sailboat,15.19,5.04,2.67,0.0,165,166,168,2,1
4121,motor,motorboat,12.95,3.91,1.18,5.6,165,167,170,3,2
4124,sail,sailboat,13.91,4.46,2.5,0.0,165,167,169,2,2
4127,motor,motorboat,15.27,4.47,1.51,7.8,165,167,172,5,2
4149,super,yacht,21.16,5.82,2.76,32.6,165,169,173,4,4
4173,sail,sailboat,14.59,4.72,2.64,6.3,165,170,172,2,5
4177,sail,sailboat,11.12,3.51,1.68,3.4,165,170,175,5,5
4240,sail,sailboat,15.08,5.1,2.71,11.2,165,173,174,1,8
4302,small,motorboat,8.47,2.72,0.79,3.0,165,176,177,1,11
4309,sail,sailboat,13.98,4.38,2.19,5.0,165,176,177,1,11
4314,motor,motorboat,12.03,3.72,1.15,4.7,165,177,180,3,12
4388,motor,motorboat,15.4,4.38,1.5,0.0,165,179,180,1,14
4447,super,yacht,26.96,7.15,2.91,22.2,165,181,182,1,16
4485,super,yacht,25.3,6.78,3.2,17.5,165,184,191,7,19
4099,motor,motorboat,14.23,4.16,1.45,5.9,166,166,170,4,0
4115,small,motorboat,6.5,2.34,0.72,0.0,166,166,169,3,0
4122,sail,sailboat,10.97,3.46,1.74,5.6,166,167,173,6,1
4130,motor,motorboat,18.78,5.86,1.68,0.0,166,168,169,1,2
4152,sail,sailboat,16.16,5.27,2.83,8.7,166,169,171,2,3
4169,motor,motorboat,19.2,5.37,1.82,6.4,166,169,175,6,3
4196,sail,sailboat,13.48,4.31,2.45,0.0,166,171,174,3,5
4201,motor,motorboat,10.0,2.99,0.96,5.7,166,171,173,2,5
4207,sail,sailboat,11.94,3.85,1.91,6.5,166,171,174,3,5
4223,motor,motorboat,10.0,2.97,0.89,4.1,166,172,179,7,6
4251,super,yacht,24.83,7.03,2.98,39.2,166,173,180,7,7
4276,sail,sailboat,12.61,3.82,2.06,4.8,166,174,176,2,8
4285,sail,sailboat,14.32,4.83,2.27,3.8,166,175,176,1,9
4304,super,yacht,23.75,6.08,2.83,33.9,166,176,178,2,10
4374,super,yacht,23.75,6.53,2.84,16.0,166,178,201,23,12
4532,motor,motorboat,17.31,5.38,1.53,11.1,166,189,190,1,23
4583,sail,sailboat,13.07,4.28,1.97,5.7,166,193,198,5,27
4773,sail,sailboat,12.06,4.0,1.9,6.9,166,212,213,1,46
4116,small,motorboat,8.85,3.01,0.95,0.0,167,167,170,3,0
4117,motor,motorboat,13.4,4.01,1.36,6.1,167,167,172,5,0
4119,sail,sailboat,14.63,4.83,2.38,3.7,167,167,171,4,0
4143,sail,sailboat,13.31,4.07,2.28,0.0,167,168,169,1,1
4154,sail,sailboat,9.5,3.13,1.5,2.7,167,169,173,4,2
4161,motor,motorboat,14.22,4.16,1.43,4.2,167,169,171,2,2
4166,sail,sailboat,12.21,3.82,1.87,0.0,167,169,170,1,2
4178,sail,sailboat,11.9,3.97,1.88,5.9,167,170,183,13,3
4186,sail,sailboat,14.29,4.57,2.6,5.0,167,170,173,3,3
4192,motor,motorboat,22.0,6.38,2.32,36.5,167,170,199,29,3
4195,small,motorboat,8.24,2.83,0.83,3.2,167,170,172,2,3
4199,sail,sailboat,9.72,3.18,1.68,2.1,167,171,178,7,4
4222,sail,sailboat,12.71,3.9,2.03,5.6,167,172,173,1,5
4258,sail,sailboat,14.97,5.04,2.25,4.7,167,174,178,4,7
4291,sail,sailboat,14.29,4.3,2.34,0.0,167,176,178,2,9
4317,sail,sailboat,13.27,3.99,2.27,5.8,167,177,179,2,10
4348,motor,motorboat,18.98,5.65,1.97,7.7,167,178,180,2,11
4381,sail,sailboat,13.78,4.51,2.21,3.1,167,179,182,3,12
4394,sail,sailboat,11.51,3.71,1.79,0.0,167,179,180,1,12
4421,sail,sailboat,11.37,3.65,1.86,5.3,167,180,187,7,13
4437,sail,sailboat,13.95,4.28,2.14,5.9,167,181,182,1,14
4139,small,motorboat,9.42,3.11,0.99,2.6,168,168,175,7,0
4148,sail,sailboat,12.22,3.98,1.85,6.4,168,169,170,1,1
4167,motor,motorboat,13.81,4.01,1.27,4.7,168,169,186,17,1
4183,motor,motorboat,14.96,4.46,1.46,0.0,168,170,190,20,2
4184,motor,motorboat,19.34,5.45,1.67,9.5,168,170,187,17,2
4191,small,motorboat,6.92,2.36,0.75,0.0,168,170,176,6,2
4214,small,motorboat,7.94,2.62,0.81,0.0,168,171,173,2,3
4245,sail,sailboat,13.97,4.72,2.5,5.7,168,173,175,2,5
4267,sail,sailboat,11.24,3.79,1.69,3.9,168,174,180,6,6
4311,motor,motorboat,10.86,3.04,1.05,4.8,168,177,178,1,9
4344,motor,motorboat,14.35,4.06,1.36,0.0,168,178,181,3,10
4351,sail,sailboat,17.0,5.23,3.08,8.1,168,178,179,1,10
4354,sail,sailboat,17.0,5.41,3.01,10.2,168,178,180,2,10
4375,small,motorboat,7.23,2.52,0.71,2.1,168,179,185,6,11
4386,sail,sailboat,10.8,3.46,1.83,0.0,168,179,182,3,11
4396,small,motorboat,6.72,2.4,0.7,2.6,168,179,180,1,11
4407,sail,sailboat,14.18,4.52,2.27,6.8,168,180,193,13,12
4412,sail,sailboat,14.5,4.83,2.63,6.6,168,180,182,2,12
4416,sail,sailboat,11.85,3.7,1.91,3.3,168,180,181,1,12
4463,motor,motorboat,19.79,5.5,1.9,7.6,168,182,201,19,14
4547,super,yacht,27.02,6.89,3.22,19.3,168,191,194,3,23
4589,sail,sailboat,11.09,3.66,1.76,0.0,168,195,197,2,27
4658,sail,sailboat,10.56,3.2,1.72,0.0,168,201,204,3,33
4702,sail,sailboat,10.31,3.31,1.77,0.0,168,206,212,6,38
4147,super,yacht,22.46,5.92,2.49,40.0,169,169,171,2,0
4151,motor,motorboat,11.7,3.29,1.13,5.0,169,169,172,3,0
4159,motor,motorboat,10.0,3.08,1.0,3.1,169,169,194,25,0
4165,sail,sailboat,10.01,3.28,1.81,4.3,169,169,170,1,0
4187,motor,motorboat,13.3,3.69,1.3,0.0,169,170,171,1,1
4189,sail,sailboat,17.0,5.18,2.79,0.0,169,170,176,6,1
4202,motor,motorboat,16.83,4.99,1.72,11.1,169,171,178,7,2
4204,sail,sailboat,15.79,4.79,2.78,9.1,169,171,172,1,2
4206,motor,motorboat,13.42,3.76,1.42,5.7,169,171,172,1,2
4208,small,motorboat,9.29,3.04,0.9,3.5,169,171,175,4,2
4281,sail,sailboat,13.72,4.54,2.12,3.3,169,175,197,22,6
4315,motor,motorboat,14.6,4.51,1.38,4.1,169,177,180,3,8
4380,motor,motorboat,10.0,2.9,0.98,3.5,169,179,180,1,10
4395,super,yacht,21.67,5.71,2.78,27.6,169,179,182,3,10
4402,small,motorboat,6.7,2.22,0.69,0.0,169,179,181,2,10
4425,small,motorboat,6.79,2.43,0.73,3.1,169,181,187,6,12
4181,small,motorboat,7.66,2.7,0.82,2.3,170,170,172,2,0
4211,sail,sailboat,12.16,4.1,2.09,4.5,170,171,178,7,1
4221,small,motorboat,7.75,2.55,0.7,2.5,170,172,174,2,2
4226,sail,sailboat,9.5,2.86,1.48,2.1,170,172,177,5,2
4230,sail,sailboat,12.67,4.09,2.02,0.0,170,172,197,25,2
4233,motor,motorboat,18.16,5.16,1.76,0.0,170,172,173,1,2
4235,motor,motorboat,15.23,4.27,1.54,10.0,170,172,174,2,2
4253,motor,motorboat,13.06,3.69,1.17,4.0,170,173,199,26,3
4283,super,yacht,20.77,5.92,2.31,36.1,170,175,178,3,5
4310,sail,sailboat,11.88,3.82,2.16,3.3,170,176,177,1,6
4323,small,motorboat,7.83,2.73,0.83,0.0,170,177,184,7,7
4376,sail,sailboat,13.55,4.1,2.5,6.7,170,179,180,1,9
4472,motor,motorboat,15.9,4.71,1.51,9.2,170,183,189,6,13
4200,sail,sailboat,13.89,4.44,2.34,5.0,171,171,172,1,0
4205,small,motorboat,6.57,2.28,0.62,0.0,171,171,174,3,0
4234,motor,motorboat,10.78,3.28,1.03,3.8,171,172,174,2,1
4271,sail,sailboat,12.37,4.15,1.84,4.5,171,174,176,2,3
4279,sail,sailboat,14.03,4.54,2.58,0.0,171,174,177,3,3
4318,sail,sailboat,11.55,3.87,1.89,3.7,171,177,199,22,6
4415,motor,motorboat,10.0,2.77,0.93,5.4,171,180,181,1,9
4443,sail,sailboat,12.1,3.98,2.1,4.3,171,181,186,5,10
4700,sail,sailboat,15.81,4.93,2.61,9.1,171,206,210,4,35
4225,motor,motorboat,13.88,4.25,1.23,6.0,172,172,174,2,0
4231,motor,motorboat,18.37,5.71,1.75,0.0,172,172,173,1,0
4238,sail,sailboat,13.79,4.23,2.06,6.8,172,172,179,7,0
4244,motor,motorboat,10.65,3.15,0.98,3.1,172,173,174,1,1
4254,sail,sailboat,16.34,5.3,2.94,12.3,172,173,177,4,1
4260,sail,sailboat,13.21,4.32,2.33,6.4,172,174,176,2,2
4272,sail,sailboat,12.23,4.02,2.13,0.0,172,174,177,3,2
4278,sail,sailboat,9.65,2.97,1.58,0.0,172,174,176,2,2
4319,small,motorboat,7.85,2.57,0.85,2.8,172,177,183,6,5
4335,motor,motorboat,19.35,5.43,1.86,7.5,172,177,180,3,5
4377,sail,sailboat,12.25,4.03,2.24,5.8,172,179,180,1,7
4399,sail,sailboat,14.59,4.76,2.62,6.2,172,179,182,3,7
4729,sail,sailboat,12.04,3.7,1.89,4.1,172,207,211,4,35
4265,motor,motorboat,18.11,5.36,1.85,13.6,173,174,179,5,1
4268,motor,motorboat,14.01,4.0,1.46,4.9,173,174,177,3,1
4270,sail,sailboat,15.24,4.71,2.67,12.9,173,174,175,1,1
4282,motor,motorboat,13.84,3.88,1.36,4.4,173,175,181,6,2
4324,sail,sailboat,11.73,3.59,2.17,6.5,173,177,179,2,4
4347,motor,motorboat,16.13,4.87,1.54,12.6,173,178,184,6,5
4355,sail,sailboat,12.35,3.83,2.2,3.8,173,178,185,7,5
4468,sail,sailboat,9.93,3.02,1.49,2.4,173,182,188,6,9
4494,super,yacht,20.69,5.72,2.77,13.2,173,185,186,1,12
4263,sail,sailboat,11.03,3.44,1.64,4.9,174,174,180,6,0
4266,small,motorboat,9.06,3.24,0.85,0.0,174,174,191,17,0
4269,sail,sailboat,11.79,3.69,1.87,0.0,174,174,180,6,0
4296,sail,sailboat,15.17,5.07,2.71,7.6,174,176,179,3,2
4305,small,motorboat,7.72,2.55,0.75,2.4,174,176,177,1,2
4341,small,motorboat,6.63,2.21,0.64,2.0,174,178,181,3,4
4346,sail,sailboat,14.17,4.67,2.19,5.2,174,178,180,2,4
4366,super,yacht,21.68,6.03,2.64,25.7,174,178,179,1,4
4492,super,yacht,26.92,7.44,3.22,31.1,174,185,188,3,11
4510,sail,sailboat,13.22,4.08,2.29,5.8,174,187,189,2,13
4514,motor,motorboat,14.52,4.18,1.43,4.9,174,187,190,3,13
4542,super,yacht,26.26,7.28,3.47,33.1,174,190,192,2,16
4619,motor,motorboat,18.09,5.42,1.64,0.0,174,199,201,2,25
4637,sail,sailboat,15.62,5.29,2.4,13.3,174,200,207,7,26
4284,sail,sailboat,15.85,4.79,2.36,0.0,175,175,176,1,0
4287,small,motorboat,8.59,2.86,0.93,0.0,175,175,178,3,0
4290,sail,sailboat,14.2,4.28,2.43,0.0,175,176,197,21,1
4295,motor,motorboat,15.94,4.66,1.4,9.1,175,176,178,2,1
4299,small,motorboat,6.02,1.99,0.64,0.0,175,176,178,2,1
4301,small,motorboat,6.94,2.4,0.66,0.0,175,176,179,3,1
4307,motor,motorboat,16.64,4.74,1.71,13.7,175,176,178,2,1
4321,sail,sailboat,14.17,4.62,2.18,0.0,175,177,182,5,2
4327,small,motorboat,6.25,2.13,0.61,3.2,175,177,184,7,2
4329,motor,motorboat,10.2,3.01,0.94,6.3,175,177,182,5,2
4332,super,yacht,25.4,6.56,3.33,30.7,175,177,180,3,2
4337,sail,sailboat,12.55,4.1,2.07,0.0,175,177,182,5,2
4338,small,motorboat,6.19,2.1,0.69,2.1,175,177,184,7,2
4373,sail,sailboat,10.47,3.34,1.74,0.0,175,178,185,7,3
4403,motor,motorboat,16.75,4.83,1.74,0.0,175,180,181,1,5
4404,small,motorboat,7.06,2.47,0.75,0.0,175,180,185,5,5
4449,motor,motorboat,19.85,5.57,2.04,12.3,175,182,203,21,7
4453,motor,motorboat,13.58,4.09,1.19,4.4,175,182,184,2,7
4531,motor,motorboat,10.89,3.39,1.01,6.4,175,189,191,2,14
4688,sail,sailboat,16.22,5.37,2.81,10.2,175,204,206,2,29
4293,motor,motorboat,14.19,4.03,1.43,6.5,176,176,178,2,0
4339,sail,sailboat,13.9,4.31,2.21,5.4,176,178,180,2,2
4343,motor,motorboat,18.25,5.56,1.76,0.0,176,178,180,2,2
4359,sail,sailboat,15.01,4.61,2.47,11.8,176,178,182,4,2
4364,sail,sailboat,15.14,4.7,2.32,8.2,176,178,183,5,2
4370,motor,motorboat,15.61,4.43,1.55,0.0,176,178,179,1,2
4429,super,yacht,25.1,7.02,3.36,25.5,176,181,187,6,5
4462,small,motorboat,6.28,2.21,0.67,0.0,176,182,189,7,6
4469,sail,sailboat,9.5,2.95,1.75,3.0,176,183,185,2,7
4518,super,yacht,24.26,6.47,2.76,36.7,176,188,191,3,12
4527,small,motorboat,8.9,2.99,0.86,0.0,176,188,191,3,12
4313,small,motorboat,8.11,2.71,0.73,0.0,177,177,179,2,0
4322,sail,sailboat,12.14,4.11,2.0,6.8,177,177,199,22,0
4336,motor,motorboat,10.0,2.78,0.93,0.0,177,177,180,3,0
4349,motor,motorboat,18.63,5.26,1.97,8.3,177,178,180,2,1
4353,motor,motorboat,14.51,4.48,1.5,4.9,177,178,180,2,1
4382,motor,motorboat,20.11,5.95,2.13,39.3,177,179,192,13,2
4385,sail,sailboat,11.96,3.96,1.96,5.0,177,179,184,5,2
4389,sail,sailboat,14.11,4.49,2.36,3.3,177,179,183,4,2
4391,motor,motorboat,16.58,4.86,1.72,10.1,177,179,186,7,2
4401,sail,sailboat,11.8,3.86,2.03,0.0,177,179,183,4,2
4420,sail,sailboat,12.33,3.96,2.22,3.5,177,180,185,5,3
4422,sail,sailboat,12.51,4.19,2.04,4.3,177,180,181,1,3
4423,sail,sailboat,16.73,5.58,2.52,9.4,177,180,182,2,3
4500,sail,sailboat,14.67,4.54,2.3,6.3,177,186,189,3,9
4508,sail,sailboat,9.5,2.89,1.59,2.3,177,186,191,5,9
4709,sail,sailboat,12.32,4.05,2.04,5.0,177,206,207,1,29
4342,sail,sailboat,9.5,2.88,1.48,3.0,178,178,183,5,0
4356,motor,motorboat,11.78,3.56,1.07,4.0,178,178,182,4,0
4358,sail,sailboat,13.26,4.23,2.29,6.1,178,178,181,3,0
4360,motor,motorboat,13.63,4.25,1.17,3.8,178,178,184,6,0
4363,motor,motorboat,13.48,4.19,1.22,4.0,178,178,197,19,0
4367,motor,motorboat,10.0,3.06,0.93,5.7,178,178,189,11,0
4371,motor,motorboat,16.76,5.11,1.53,10.3,178,178,185,7,0
4378,motor,motorboat,10.86,3.13,1.06,3.5,178,179,182,3,1
4383,sail,sailboat,13.06,4.11,2.14,4.0,178,179,182,3,1
4390,sail,sailboat,12.24,3.71,2.15,0.0,178,179,184,5,1
4398,motor,motorboat,13.26,3.95,1.14,3.8,178,179,180,1,1
4409,super,yacht,23.2,6.53,2.93,36.2,178,180,183,3,2
4419,small,motorboat,7.89,2.52,0.85,2.2,178,180,181,1,2
4426,sail,sailboat,9.5,2.92,1.73,2.4,178,181,183,2,3
4475,sail,sailboat,13.87,4.18,2.55,6.4,178,183,186,3,5
4489,sail,sailboat,13.06,4.06,2.23,6.8,178,185,187,2,7
4505,sail,sailboat,14.32,4.79,2.38,6.4,178,186,193,7,8
4523,sail,sailboat,12.02,3.89,1.8,6.8,178,188,190,2,10
4537,sail,sailboat,15.17,5.12,2.32,0.0,178,190,191,1,12
4543,sail,sailboat,10.07,3.19,1.74,0.0,178,190,192,2,12
4552,motor,motorboat,14.58,4.06,1.34,6.6,178,191,192,1,13
4754,motor,motorboat,16.38,4.81,1.72,0.0,178,210,212,2,32
4392,motor,motorboat,10.0,2.79,0.94,3.1,179,179,184,5,0
4397,motor,motorboat,14.06,4.22,1.21,4.1,179,179,182,3,0
4410,sail,sailboat,9.5,2.94,1.67,2.1,179,180,182,2,1
4414,motor,motorboat,18.61,5.19,1.8,9.4,179,180,182,2,1
4427,sail,sailboat,13.38,4.21,2.37,4.1,179,181,182,1,2
4436,sail,sailboat,13.98,4.58,2.15,6.3,179,181,188,7,2
4439,sail,sailboat,16.5,5.54,2.85,0.0,179,181,187,6,2
4478,motor,motorboat,17.09,5.24,1.57,0.0,179,183,184,1,4
4529,super,yacht,22.22,5.84,2.94,32.9,179,189,194,5,10
4622,super,yacht,23.59,6.07,2.58,30.3,179,199,202,3,20
4405,small,motorboat,6.23,2.05,0.68,0.0,180,180,181,1,0
4417,motor,motorboat,15.82,4.74,1.67,11.0,180,180,183,3,0
4434,motor,motorboat,17.11,4.85,1.58,0.0,180,181,182,1,1
4442,motor,motorboat,14.78,4.33,1.28,6.0,180,181,188,7,1
4445,sail,sailboat,15.87,4.97,2.67,12.2,180,181,184,3,1
4446,motor,motorboat,15.09,4.26,1.34,7.9,180,181,184,3,1
4451,sail,sailboat,14.58,4.56,2.24,5.7,180,182,193,11,2
4459,sail,sailboat,12.8,4.26,2.09,3.4,180,182,185,3,2
4465,sail,sailboat,13.25,4.48,2.37,0.0,180,182,183,1,2
4515,small,motorboat,7.57,2.66,0.68,2.5,180,187,194,7,7
4538,motor,motorboat,15.63,4.59,1.57,11.3,180,190,192,2,10
4548,motor,motorboat,10.0,2.94,0.87,4.6,180,191,192,1,11
4585,motor,motorboat,12.6,3.74,1.1,6.7,180,193,195,2,13
4430,super,yacht,24.73,6.39,2.85,19.1,181,181,185,4,0
4435,sail,sailboat,12.6,3.99,2.05,0.0,181,181,185,4,0
4452,sail,sailboat,11.14,3.42,1.77,4.5,181,182,192,10,1
4457,sail,sailboat,11.08,3.49,1.95,4.2,181,182,185,3,1
4470,small,motorboat,9.35,3.18,0.98,0.0,181,183,184,1,2
4474,small,motorboat,7.28,2.57,0.73,0.0,181,183,185,2,2
4477,sail,sailboat,10.77,3.34,1.71,0.0,181,183,186,3,2
4497,sail,sailboat,14.74,4.72,2.55,6.5,181,185,192,7,4
4507,sail,sailboat,10.53,3.28,1.82,5.7,181,186,192,6,5
4554,motor,motorboat,12.29,3.67,1.24,0.0,181,191,195,4,10
4555,small,motorboat,7.28,2.53,0.68,2.0,181,191,195,4,10
4450,motor,motorboat,14.93,4.39,1.57,3.8,182,182,184,2,0
4456,motor,motorboat,14.92,4.15,1.57,0.0,182,182,185,3,0
4467,motor,motorboat,14.71,4.55,1.32,3.6,182,182,191,9,0
4473,motor,motorboat,12.08,3.36,1.09,0.0,182,183,188,5,1
4533,small,motorboat,6.03,2.06,0.65,2.2,182,190,192,2,8
4535,small,motorboat,6.23,2.02,0.65,3.0,182,190,192,2,8
4556,super,yacht,24.49,6.38,2.88,25.3,182,191,192,1,9
4604,small,motorboat,6.76,2.38,0.66,2.0,182,196,214,18,14
4638,sail,sailboat,10.7,3.47,1.6,5.9,182,200,207,7,18
4471,super,yacht,22.17,5.99,2.85,26.9,183,183,184,1,0
4484,motor,motorboat,17.16,5.13,1.7,8.4,183,184,189,5,1
4498,small,motorboat,8.59,3.01,0.95,0.0,183,185,192,7,2
4541,small,motorboat,7.18,2.34,0.69,0.0,183,190,191,1,7
4579,sail,sailboat,12.91,4.03,2.19,0.0,183,193,195,2,10
4593,motor,motorboat,14.4,4.1,1.44,5.2,183,195,198,3,12
4738,motor,motorboat,13.58,3.81,1.32,0.0,183,209,210,1,26
4490,sail,sailboat,17.0,5.73,2.59,10.5,184,185,195,10,1
4493,motor,motorboat,15.09,4.26,1.55,8.1,184,185,192,7,1
4501,sail,sailboat,9.5,2.91,1.58,0.0,184,186,189,3,2
4528,sail,sailboat,11.72,3.67,1.92,3.6,184,189,192,3,5
4584,small,motorboat,6.55,2.21,0.68,3.1,184,193,204,11,9
4703,motor,motorboat,17.17,5.15,1.67,7.6,184,206,207,1,22
4495,small,motorboat,6.56,2.28,0.6,2.0,185,185,187,2,0
4502,motor,motorboat,11.45,3.38,1.12,3.8,185,186,193,7,1
4504,motor,motorboat,18.57,5.42,1.72,6.2,185,186,190,4,1
4506,small,motorboat,7.5,2.5,0.73,3.0,185,186,188,2,1
4511,sail,sailboat,12.95,4.05,2.1,0.0,185,187,190,3,2
4517,sail,sailboat,13.32,4.35,2.29,0.0,185,188,190,2,3
4549,sail,sailboat,13.0,4.41,2.36,3.2,185,191,193,2,6
4509,motor,motorboat,15.74,4.59,1.64,6.7,186,186,193,7,0
4519,sail,sailboat,11.25,3.51,1.79,3.7,186,188,193,5,2
4520,motor,motorboat,14.9,4.24,1.4,4.9,186,188,191,3,2
4522,motor,motorboat,19.51,5.58,1.98,12.8,186,188,189,1,2
4524,sail,sailboat,14.42,4.55,2.6,4.1,186,188,193,5,2
4525,small,motorboat,9.18,3.3,0.94,0.0,186,188,190,2,2
4526,sail,sailboat,12.95,4.35,2.36,4.5,186,188,192,4,2
4642,sail,sailboat,14.21,4.74,2.56,0.0,186,200,204,4,14
4545,motor,motorboat,14.14,4.12,1.46,4.8,187,190,201,11,3
4546,motor,motorboat,11.51,3.36,1.06,3.1,187,190,193,3,3
4565,small,motorboat,8.75,3.03,0.92,0.0,187,192,195,3,5
4576,small,motorboat,7.63,2.75,0.78,3.4,187,193,196,3,6
4620,super,yacht,24.82,6.75,3.0,22.8,187,199,202,3,12
4721,sail,sailboat,17.0,5.42,2.74,0.0,187,207,210,3,20
4771,sail,sailboat,9.5,3.2,1.46,2.6,187,212,214,2,25
4534,sail,sailboat,12.83,3.98,2.01,3.9,188,190,191,1,2
4544,motor,motorboat,17.76,5.24,1.74,9.1,188,190,193,3,2
4561,motor,motorboat,17.7,5.38,1.87,13.1,188,192,193,1,4
4598,sail,sailboat,9.66,3.27,1.78,2.6,188,196,197,1,8
4630,sail,sailboat,14.06,4.48,2.3,0.0,188,200,207,7,12
4636,motor,motorboat,13.56,3.78,1.23,3.1,188,200,204,4,12
4653,small,motorboat,7.98,2.6,0.81,2.9,188,201,202,1,13
4715,sail,sailboat,13.43,4.42,2.17,4.6,188,207,210,3,19
4553,sail,sailboat,9.5,2.87,1.51,2.7,189,191,192,1,2
4573,motor,motorboat,14.48,4.5,1.38,3.8,189,193,196,3,4
4575,motor,motorboat,16.44,4.82,1.58,10.1,189,193,194,1,4
4588,motor,motorboat,19.1,5.77,1.99,10.2,189,194,198,4,5
4609,motor,motorboat,18.95,5.71,1.84,12.9,189,197,207,10,8
4614,sail,sailboat,9.5,2.91,1.53,2.5,189,198,199,1,9
4744,sail,sailboat,15.07,4.96,2.57,0.0,189,210,214,4,21
4747,motor,motorboat,13.43,3.78,1.42,0.0,189,210,211,1,21
4550,sail,sailboat,13.24,4.42,1.97,4.1,190,191,194,3,1
4557,sail,sailboat,13.13,4.08,2.34,6.1,190,191,192,1,1
4563,sail,sailboat,12.29,3.98,2.08,4.9,190,192,199,7,2
4572,small,motorboat,8.77,2.86,0.8,3.3,190,193,195,2,3
4591,motor,motorboat,17.52,4.98,1.69,13.9,190,195,197,2,5
4618,motor,motorboat,11.56,3.26,1.09,6.7,190,198,203,5,8
4681,sail,sailboat,13.68,4.19,2.17,0.0,190,204,205,1,14
4684,motor,motorboat,17.3,4.94,1.55,11.1,190,204,209,5,14
4559,sail,sailboat,11.18,3.53,1.72,3.1,191,191,193,2,0
4564,small,motorboat,7.28,2.43,0.67,0.0,191,192,194,2,1
4567,motor,motorboat,10.58,3.14,0.99,4.8,191,192,194,2,1
4568,sail,sailboat,16.43,5.55,2.69,10.0,191,192,193,1,1
4571,motor,motorboat,15.5,4.65,1.57,9.0,191,192,195,3,1
4577,motor,motorboat,17.08,5.18,1.5,7.4,191,193,195,2,2
4587,motor,motorboat,18.37,5.62,1.88,11.4,191,194,195,1,3
4623,sail,sailboat,13.17,4.34,2.17,6.3,191,199,200,1,8
4650,small,motorboat,7.1,2.49,0.68,3.2,191,201,213,12,10
4582,sail,sailboat,14.07,4.6,2.49,5.3,192,193,195,2,1
4643,sail,sailboat,16.17,5.48,2.85,13.9,192,200,203,3,8
4687,sail,sailboat,15.6,4.75,2.62,0.0,192,204,213,9,12
4710,motor,motorboat,11.8,3.49,1.16,5.9,192,206,209,3,14
4711,motor,motorboat,11.61,3.54,1.1,6.4,192,206,212,6,14
4574,sail,sailboat,12.34,3.85,1.94,0.0,193,193,210,17,0
4580,motor,motorboat,10.0,3.01,0.93,3.2,193,193,196,3,0
4581,sail,sailboat,9.5,3.12,1.44,2.3,193,193,200,7,0
4590,sail,sailboat,10.78,3.51,1.94,4.3,193,195,196,1,2
4646,small,motorboat,7.04,2.38,0.67,0.0,193,201,206,5,8
4663,sail,sailboat,10.8,3.28,1.7,4.6,193,202,207,5,9
4693,super,yacht,21.39,6.12,2.85,34.5,193,205,206,1,12
4707,motor,motorboat,20.02,5.76,2.02,16.3,193,206,212,6,13
4714,motor,motorboat,16.15,4.72,1.57,7.2,193,207,214,7,14
4586,small,motorboat,9.01,2.94,0.99,0.0,194,194,197,3,0
4594,small,motorboat,8.61,2.76,0.85,0.0,194,195,202,7,1
4596,sail,sailboat,10.64,3.52,1.6,4.6,194,195,202,7,1
4597,motor,motorboat,14.68,4.53,1.42,6.3,194,196,198,2,2
4599,sail,sailboat,15.52,5.15,2.61,8.6,194,196,206,10,2
4603,sail,sailboat,10.95,3.52,2.01,4.6,194,196,201,5,2
4654,sail,sailboat,13.13,4.19,2.07,3.6,194,201,206,5,7
4655,small,motorboat,6.45,2.08,0.59,0.0,194,201,202,1,7
4683,motor,motorboat,17.68,5.39,1.68,12.7,194,204,214,10,10
4692,sail,sailboat,11.98,4.03,2.19,0.0,194,205,207,2,11
4716,sail,sailboat,9.5,2.89,1.58,2.1,194,207,214,7,13
4600,small,motorboat,6.29,2.13,0.68,2.3,195,196,202,6,1
4601,sail,sailboat,9.76,3.2,1.63,2.7,195,196,198,2,1
4610,sail,sailboat,14.43,4.78,2.34,6.1,195,197,200,3,2
4612,sail,sailboat,15.68,5.28,2.75,0.0,195,198,202,4,3
4640,sail,sailboat,12.51,4.11,1.91,5.1,195,200,205,5,5
4660,sail,sailboat,13.32,4.11,2.26,3.0,195,201,204,3,6
4661,sail,sailboat,13.01,3.93,2.09,0.0,195,201,202,1,6
4677,small,motorboat,6.59,2.19,0.71,2.0,195,203,206,3,8
4679,small,motorboat,9.42,3.22,1.02,2.9,195,204,205,1,9
4689,sail,sailboat,10.66,3.61,1.78,3.5,195,204,210,6,9
4712,motor,motorboat,17.2,5.25,1.56,12.6,195,206,207,1,11
4605,sail,sailboat,10.61,3.45,1.76,3.9,196,197,214,17,1
4611,motor,motorboat,10.0,3.12,0.98,3.1,196,197,204,7,1
4666,sail,sailboat,14.35,4.82,2.58,3.4,196,202,206,4,6
4680,small,motorboat,6.94,2.48,0.63,2.3,196,204,211,7,8
4685,motor,motorboat,14.96,4.37,1.48,0.0,196,204,209,5,8
4748,motor,motorboat,13.32,3.92,1.22,5.8,196,210,212,2,14
4782,sail,sailboat,15.98,5.08,2.7,0.0,196,213,214,1,17
4607,motor,motorboat,16.6,4.61,1.64,0.0,197,197,200,3,0
4613,motor,motorboat,14.05,4.2,1.23,3.4,197,198,200,2,1
4615,motor,motorboat,19.19,5.98,1.77,12.4,197,198,201,3,1
4617,sail,sailboat,12.89,4.14,2.23,4.2,197,198,212,14,1
4665,sail,sailboat,12.94,3.97,1.94,3.4,197,202,209,7,5
4720,motor,motorboat,10.0,2.85,1.03,0.0,197,207,209,2,10
4728,sail,sailboat,12.16,3.96,2.0,0.0,197,207,208,1,10
4732,sail,sailboat,11.56,3.54,1.83,5.5,197,208,214,6,11
4737,motor,motorboat,14.1,4.24,1.4,3.7,197,208,214,6,11
4739,sail,sailboat,13.26,4.38,2.2,4.9,197,209,211,2,12
4755,small,motorboat,7.91,2.73,0.87,0.0,197,210,213,3,13
4616,sail,sailboat,14.42,4.38,2.24,4.3,198,198,207,9,0
4626,small,motorboat,9.21,3.08,0.89,2.6,198,199,213,14,1
4629,sail,sailboat,13.1,4.12,2.32,6.7,198,200,204,4,2
4639,motor,motorboat,19.1,5.88,1.88,12.3,198,200,203,3,2
4652,small,motorboat,7.02,2.25,0.68,0.0,198,201,208,7,3
4671,sail,sailboat,16.5,5.25,2.65,0.0,198,203,205,2,5
4708,sail,sailboat,10.9,3.54,2.01,0.0,198,206,207,1,8
4757,super,yacht,28.53,7.76,3.25,34.3,198,211,214,3,13
4761,small,motorboat,9.29,3.3,0.96,3.2,198,211,214,3,13
4625,motor,motorboat,14.76,4.44,1.54,0.0,199,199,202,3,0
4631,motor,motorboat,13.07,3.74,1.26,4.7,199,200,206,6,1
4634,motor,motorboat,17.4,5.26,1.6,9.5,199,200,201,1,1
4645,motor,motorboat,15.9,4.53,1.56,8.8,199,200,202,2,1
4647,sail,sailboat,13.43,4.32,2.37,6.4,199,201,205,4,2
4725,sail,sailboat,15.6,4.88,2.37,10.0,199,207,208,1,8
4762,motor,motorboat,10.0,2.94,0.95,5.5,199,211,212,1,12
4778,sail,sailboat,13.61,4.14,2.32,4.0,199,213,214,1,14
4628,sail,sailboat,12.31,3.75,2.02,5.0,200,200,203,3,0
4632,small,motorboat,7.52,2.56,0.79,0.0,200,200,203,3,0
4635,small,motorboat,8.76,2.96,0.9,3.2,200,200,202,2,0
4648,sail,sailboat,12.88,4.21,2.0,6.4,200,201,202,1,1
4651,motor,motorboat,14.14,4.37,1.45,3.6,200,201,202,1,1
4656,sail,sailboat,14.5,4.65,2.41,6.6,200,201,202,1,1
4657,sail,sailboat,11.16,3.69,1.95,5.8,200,201,202,1,1
4659,sail,sailboat,11.33,3.54,2.04,3.2,200,201,202,1,1
4664,motor,motorboat,16.06,5.0,1.47,11.1,200,202,205,3,2
4668,motor,motorboat,17.9,5.29,1.53,6.6,200,202,203,1,2
4673,motor,motorboat,14.71,4.11,1.26,6.3,200,203,214,11,3
4678,super,yacht,28.58,7.71,3.23,34.0,200,203,214,11,3
4682,sail,sailboat,13.77,4.2,2.09,3.7,200,204,206,2,4
4699,motor,motorboat,11.2,3.2,1.06,0.0,200,206,209,3,6
4743,small,motorboat,6.74,2.29,0.74,0.0,200,210,214,4,10
4750,motor,motorboat,16.06,4.95,1.47,9.6,200,210,212,2,10
4662,motor,motorboat,15.21,4.72,1.47,9.4,201,202,206,4,1
4672,small,motorboat,6.51,2.23,0.72,3.0,201,203,204,1,2
4686,super,yacht,21.42,5.69,2.59,21.2,201,204,214,10,3
4698,sail,sailboat,11.18,3.74,1.86,4.4,201,206,211,5,5
4787,sail,sailboat,16.07,5.33,2.96,0.0,201,213,214,1,12
4675,small,motorboat,8.36,2.77,0.9,0.0,202,203,207,4,1
4690,motor,motorboat,11.02,3.28,1.06,4.2,202,204,210,6,2
4701,sail,sailboat,13.25,4.02,2.41,5.9,202,206,208,2,4
4727,sail,sailboat,14.46,4.55,2.59,4.4,202,207,210,3,5
4730,super,yacht,25.88,7.35,2.8,16.4,202,207,214,7,5
4753,motor,motorboat,10.0,2.83,1.03,6.3,202,210,214,4,8
4670,motor,motorboat,12.72,3.79,1.22,3.6,203,203,206,3,0
4676,motor,motorboat,10.0,2.92,0.97,0.0,203,203,204,1,0
4695,motor,motorboat,13.72,3.92,1.32,4.7,203,205,214,9,2
4697,super,yacht,26.33,6.92,3.11,27.2,203,205,210,5,2
4756,sail,sailboat,9.5,3.08,1.49,3.0,203,210,214,4,7
4691,small,motorboat,7.12,2.55,0.72,3.1,204,205,207,2,1
4705,small,motorboat,8.21,2.67,0.88,0.0,204,206,211,5,2
4713,sail,sailboat,17.0,5.7,2.96,7.3,204,206,212,6,2
4719,sail,sailboat,12.62,4.24,2.31,6.6,204,207,208,1,3
4770,sail,sailboat,9.5,2.88,1.7,0.0,204,212,214,2,8
4772,motor,motorboat,13.44,4.16,1.31,5.6,204,212,213,1,8
4785,super,yacht,21.03,5.75,2.35,35.6,204,213,214,1,9
4696,small,motorboat,7.79,2.72,0.73,2.0,205,205,210,5,0
4704,small,motorboat,7.06,2.34,0.67,3.1,205,206,208,2,1
4706,sail,sailboat,16.14,5.21,2.67,9.8,205,206,209,3,1
4722,sail,sailboat,17.0,5.45,2.64,11.0,205,207,209,2,2
4723,sail,sailboat,14.48,4.77,2.22,5.4,205,207,211,4,2
4736,motor,motorboat,16.29,5.06,1.59,8.9,205,208,214,6,3
4769,motor,motorboat,13.99,4.15,1.27,6.8,205,212,213,1,7
4776,motor,motorboat,18.53,5.71,1.67,6.8,205,213,214,1,8
4726,motor,motorboat,16.74,4.72,1.62,9.1,207,207,209,2,0
4742,sail,sailboat,12.55,3.94,2.28,4.5,207,209,213,4,2
4759,sail,sailboat,12.82,4.16,1.93,3.8,207,211,214,3,4
4766,sail,sailboat,17.0,5.55,2.7,10.7,207,212,214,2,5
4774,small,motorboat,7.94,2.66,0.72,0.0,207,212,214,2,5
4783,motor,motorboat,13.38,3.76,1.23,4.8,207,213,214,1,6
4734,sail,sailboat,9.5,2.87,1.66,2.1,208,208,211,3,0
4735,small,motorboat,6.39,2.23,0.66,0.0,208,208,209,1,0
4741,motor,motorboat,12.73,3.75,1.35,6.7,208,209,214,5,1
4745,sail,sailboat,11.54,3.51,2.03,4.6,208,210,213,3,2
4746,sail,sailboat,15.59,5.17,2.66,11.0,208,210,214,4,2
4758,sail,sailboat,12.79,4.14,2.01,6.1,210,211,212,1,1
4760,sail,sailboat,12.77,4.27,2.04,0.0,210,211,212,1,1
4765,small,motorboat,9.15,3.22,0.85,2.3,210,212,213,1,2
4768,sail,sailboat,13.73,4.16,2.22,6.8,210,212,214,2,2
4763,motor,motorboat,13.39,3.72,1.21,6.5,211,212,214,2,1
4764,motor,motorboat,14.79,4.44,1.56,6.8,211,212,214,2,1
4777,sail,sailboat,12.35,3.82,1.95,3.1,211,213,214,1,2
4779,sail,sailboat,11.54,3.86,1.87,4.3,211,213,214,1,2
4788,sail,sailboat,15.64,5.29,2.49,13.4,212,213,214,1,1
4775,sail,sailboat,11.47,3.77,2.07,0.0,213,213,214,1,0
