request_id,segment,boat_type,length_m,beam_m,draft_m,power_kw,booking_day,arrival_day,departure_day,nights,lead_days
133,sail,sailboat,9.5,3.14,1.43,3.3,-134,9,15,6,143
184,super,yacht,22.64,6.14,2.66,23.7,-129,13,16,3,142
151,sail,sailboat,11.32,3.73,1.74,6.5,-124,10,11,1,134
314,sail,sailboat,10.71,3.46,1.85,3.4,-123,23,31,8,146
1,sail,sailboat,12.94,4.17,2.39,0.0,-116,0,6,6,116
547,small,motorboat,7.59,2.67,0.77,2.9,-113,35,42,7,148
152,super,yacht,26.66,7.32,3.04,23.1,-107,10,13,3,117
241,super,yacht,28.27,7.32,3.7,26.2,-107,17,21,4,124
250,motor,motorboat,10.0,2.89,1.03,0.0,-106,18,25,7,124
374,super,yacht,25.67,6.54,2.8,26.5,-104,27,30,3,131
300,sail,sailboat,15.31,4.99,2.52,13.2,-102,21,31,10,123
730,super,yacht,21.64,5.75,2.43,33.5,-101,42,49,7,143
914,small,motorboat,6.76,2.33,0.71,2.7,-101,48,52,4,149
760,sail,sailboat,16.26,5.38,2.54,12.4,-97,43,45,2,140
880,sail,sailboat,9.58,3.05,1.44,0.0,-97,47,53,6,144
311,sail,sailboat,9.5,3.06,1.56,3.3,-96,22,27,5,118
929,sail,sailboat,13.16,4.15,2.38,4.6,-95,49,51,2,144
1031,small,motorboat,8.68,3.08,0.86,0.0,-95,53,55,2,148
1134,motor,motorboat,15.58,4.34,1.55,10.2,-93,57,58,1,150
418,super,yacht,22.23,6.13,2.81,13.0,-90,30,39,9,120
648,sail,sailboat,13.17,4.03,2.23,4.3,-90,39,44,5,129
898,motor,motorboat,13.75,4.02,1.23,5.9,-90,48,50,2,138
805,sail,sailboat,14.7,4.89,2.42,6.1,-88,45,46,1,133
134,motor,motorboat,18.52,5.2,1.87,10.2,-86,9,12,3,95
1248,sail,sailboat,13.37,4.14,2.37,3.8,-85,61,64,3,146
1008,super,yacht,23.3,5.96,2.76,34.8,-83,52,58,6,135
60,sail,sailboat,13.2,4.04,2.03,0.0,-82,4,7,3,86
1604,motor,motorboat,18.27,5.63,1.94,9.1,-80,69,74,5,149
1155,super,yacht,24.3,6.71,3.05,20.4,-78,58,61,3,136
1336,super,yacht,22.06,5.78,2.71,24.5,-78,64,67,3,142
1445,small,motorboat,8.38,2.71,0.79,2.5,-78,66,68,2,144
1534,sail,sailboat,12.93,3.92,2.19,5.4,-77,68,70,2,145
1673,super,yacht,27.89,7.58,3.52,18.5,-77,72,73,1,149
116,sail,sailboat,10.86,3.5,1.91,4.7,-76,8,15,7,84
609,super,yacht,24.24,6.3,3.22,27.6,-76,38,40,2,114
1748,sail,sailboat,10.75,3.54,1.89,4.2,-76,73,78,5,149
239,sail,sailboat,14.68,4.85,2.26,4.9,-75,17,37,20,92
701,sail,sailboat,13.11,4.44,2.14,0.0,-72,41,47,6,113
1069,sail,sailboat,13.29,4.18,2.1,4.5,-72,54,59,5,126
630,motor,motorboat,14.93,4.43,1.59,4.8,-71,38,43,5,109
762,sail,sailboat,14.02,4.28,2.09,0.0,-71,43,46,3,114
109,motor,motorboat,11.9,3.71,1.24,6.5,-70,7,14,7,77
842,super,yacht,21.04,5.7,2.66,18.2,-70,46,56,10,116
796,small,motorboat,6.95,2.36,0.72,3.1,-69,44,47,3,113
1366,super,yacht,22.84,6.32,2.54,34.5,-69,64,66,2,133
412,super,yacht,20.07,5.13,2.22,14.5,-68,30,41,11,98
584,super,yacht,22.76,6.4,2.61,33.4,-68,37,62,25,105
1475,sail,sailboat,10.24,3.37,1.85,3.6,-68,67,72,5,135
660,sail,sailboat,17.0,5.55,2.76,6.5,-67,39,40,1,106
1311,super,yacht,22.31,6.35,2.73,15.4,-67,63,64,1,130
261,sail,sailboat,15.49,5.11,2.55,6.6,-66,19,21,2,85
1296,sail,sailboat,14.89,4.71,2.61,5.3,-66,62,68,6,128
1223,sail,sailboat,9.9,3.04,1.5,2.1,-65,60,65,5,125
2200,motor,motorboat,10.0,2.84,0.88,5.5,-64,85,87,2,149
1758,sail,sailboat,13.26,4.28,2.04,4.2,-62,74,75,1,136
345,motor,motorboat,16.3,4.55,1.51,10.0,-61,25,32,7,86
989,super,yacht,25.03,6.94,3.23,37.8,-61,52,55,3,113
2363,super,yacht,24.24,6.2,3.0,36.6,-61,88,108,20,149
1744,super,yacht,20.56,5.76,2.35,17.8,-59,73,76,3,132
1976,super,yacht,25.73,7.2,3.13,31.5,-59,79,91,12,138
2408,super,yacht,28.39,7.62,3.26,33.1,-59,89,93,4,148
37,sail,sailboat,10.56,3.47,1.74,4.0,-58,2,5,3,60
40,motor,motorboat,20.61,5.85,1.82,39.2,-58,2,4,2,60
86,super,yacht,20.93,5.37,2.44,13.9,-57,6,20,14,63
1251,sail,sailboat,14.49,4.5,2.29,4.6,-57,61,63,2,118
1559,super,yacht,24.34,6.3,3.04,12.0,-56,68,73,5,124
238,motor,motorboat,16.42,5.04,1.59,7.1,-55,17,23,6,72
1325,motor,motorboat,18.46,5.2,1.89,8.6,-55,63,64,1,118
1561,small,motorboat,8.4,2.82,0.86,2.3,-55,68,71,3,123
1624,sail,sailboat,14.01,4.58,2.22,4.4,-55,70,77,7,125
161,super,yacht,26.49,6.85,3.25,17.3,-54,10,13,3,64
602,super,yacht,27.93,7.18,3.63,25.1,-54,37,40,3,91
1851,small,motorboat,7.04,2.5,0.72,0.0,-54,76,79,3,130
2380,super,yacht,27.5,7.29,3.33,23.7,-54,88,92,4,142
62,motor,motorboat,16.38,4.78,1.68,6.4,-53,4,6,2,57
282,motor,motorboat,10.0,3.12,1.04,5.5,-53,20,21,1,73
552,motor,motorboat,16.87,4.72,1.79,7.5,-53,35,38,3,88
88,motor,motorboat,15.94,4.98,1.45,13.5,-52,6,7,1,58
696,small,motorboat,6.57,2.15,0.73,0.0,-52,40,42,2,92
757,sail,sailboat,11.77,3.88,2.0,4.0,-52,43,50,7,95
1119,small,motorboat,6.05,2.15,0.61,2.7,-52,56,63,7,108
1993,motor,motorboat,19.76,5.65,1.77,9.2,-52,79,82,3,131
2681,super,yacht,26.62,7.25,3.33,22.7,-52,95,97,2,147
366,super,yacht,23.84,6.69,2.64,18.1,-51,26,27,1,77
877,small,motorboat,6.09,2.13,0.62,0.0,-51,47,48,1,98
1501,motor,motorboat,14.32,4.37,1.5,5.1,-51,67,70,3,118
1864,sail,sailboat,14.43,4.39,2.45,0.0,-51,76,83,7,127
2123,sail,sailboat,12.67,3.97,1.98,5.4,-51,82,89,7,133
2255,sail,sailboat,15.79,5.26,2.79,0.0,-51,86,93,7,137
2521,super,yacht,24.51,6.65,3.2,16.8,-51,92,95,3,143
118,sail,sailboat,12.11,3.79,2.1,0.0,-50,8,10,2,58
385,sail,sailboat,13.76,4.19,2.31,0.0,-50,28,30,2,78
708,sail,sailboat,13.95,4.27,2.53,4.0,-50,41,43,2,91
1880,small,motorboat,8.06,2.72,0.76,2.4,-50,77,83,6,127
1898,super,yacht,28.03,7.16,3.72,24.8,-50,77,83,6,127
79,motor,motorboat,16.7,4.69,1.51,0.0,-49,5,7,2,54
1182,sail,sailboat,9.5,2.91,1.56,2.7,-48,59,86,27,107
2138,super,yacht,22.33,6.19,2.76,33.9,-48,83,86,3,131
2923,sail,sailboat,13.05,4.4,2.03,5.8,-48,100,103,3,148
101,small,motorboat,7.55,2.47,0.8,0.0,-47,7,9,2,54
132,sail,sailboat,16.56,5.43,2.64,6.0,-47,9,20,11,56
326,motor,motorboat,12.92,3.9,1.3,3.8,-47,24,43,19,71
799,super,yacht,26.27,7.0,3.52,34.2,-47,45,48,3,92
3059,motor,motorboat,12.65,3.58,1.1,3.5,-47,102,103,1,149
740,motor,motorboat,16.31,4.6,1.7,7.7,-46,42,44,2,88
1199,sail,sailboat,14.32,4.38,2.64,5.3,-46,59,64,5,105
1239,sail,sailboat,10.73,3.56,1.72,0.0,-46,61,62,1,107
1780,super,yacht,25.44,6.69,3.21,16.3,-46,74,78,4,120
2100,super,yacht,22.82,6.44,2.65,15.7,-46,82,84,2,128
128,super,yacht,22.54,5.81,2.93,14.4,-45,8,10,2,53
3031,super,yacht,25.81,7.29,3.45,17.2,-45,101,102,1,146
141,sail,sailboat,10.83,3.32,1.78,5.5,-44,9,12,3,53
24,sail,sailboat,12.63,4.1,1.92,4.3,-43,1,5,4,44
2160,super,yacht,26.21,6.76,2.9,28.5,-43,84,95,11,127
1039,super,yacht,24.54,6.82,3.25,37.1,-42,53,54,1,95
1156,super,yacht,26.3,6.98,2.95,26.3,-42,58,59,1,100
1414,motor,motorboat,13.71,4.24,1.3,3.4,-42,66,69,3,108
1835,motor,motorboat,19.44,5.66,1.79,7.7,-42,75,84,9,117
545,small,motorboat,8.35,2.97,0.75,0.0,-41,35,37,2,76
1080,motor,motorboat,13.27,3.8,1.2,6.7,-41,55,62,7,96
2074,sail,sailboat,12.92,4.22,2.13,6.9,-41,81,86,5,122
2137,sail,sailboat,13.02,3.98,2.38,4.1,-41,83,86,3,124
3064,sail,sailboat,10.24,3.27,1.63,0.0,-41,102,103,1,143
248,super,yacht,27.8,7.57,3.5,20.1,-40,18,19,1,58
325,small,motorboat,7.82,2.59,0.77,2.1,-40,24,26,2,64
986,motor,motorboat,15.86,4.49,1.37,13.7,-40,52,57,5,92
1363,motor,motorboat,11.87,3.6,1.04,5.7,-40,64,66,2,104
1478,super,yacht,23.11,6.05,3.05,23.0,-40,67,68,1,107
2914,super,yacht,28.25,7.4,3.26,26.7,-40,99,129,30,139
99,sail,sailboat,13.27,4.44,2.0,4.8,-39,7,9,2,46
127,super,yacht,23.04,6.15,2.86,25.6,-39,8,17,9,47
438,super,yacht,26.74,7.34,3.02,14.4,-39,31,34,3,70
957,small,motorboat,6.71,2.39,0.65,0.0,-39,50,57,7,89
1453,motor,motorboat,16.9,4.95,1.49,12.5,-39,66,67,1,105
2705,sail,sailboat,16.85,5.14,2.54,0.0,-39,95,100,5,134
3429,super,yacht,26.85,7.6,3.42,30.3,-39,109,111,2,148
19,motor,motorboat,19.01,5.89,1.94,0.0,-38,1,15,14,39
155,super,yacht,27.56,7.57,3.11,35.2,-38,10,17,7,48
271,motor,motorboat,14.28,4.3,1.48,4.5,-38,19,22,3,57
296,sail,sailboat,12.1,3.88,2.05,5.3,-38,21,30,9,59
2491,motor,motorboat,16.86,5.19,1.52,10.1,-38,91,93,2,129
2717,sail,sailboat,13.85,4.69,2.18,5.5,-38,95,102,7,133
3188,super,yacht,21.94,5.59,2.55,21.8,-38,105,112,7,143
14,sail,sailboat,9.62,3.06,1.77,2.9,-37,1,4,3,38
309,motor,motorboat,13.42,3.93,1.38,0.0,-37,22,32,10,59
1726,sail,sailboat,15.06,5.03,2.34,0.0,-37,73,79,6,110
1858,motor,motorboat,21.01,6.09,1.81,25.0,-37,76,77,1,113
3042,motor,motorboat,18.0,5.46,1.81,13.6,-37,102,103,1,139
3502,motor,motorboat,13.07,3.89,1.32,3.4,-37,111,113,2,148
2,sail,sailboat,10.21,3.09,1.53,5.1,-36,0,3,3,36
3582,sail,sailboat,16.9,5.54,2.89,9.0,-36,113,117,4,149
350,motor,motorboat,13.97,4.04,1.45,3.9,-35,25,26,1,60
635,super,yacht,26.53,7.33,3.2,31.2,-34,38,39,1,72
2802,sail,sailboat,15.77,5.08,2.57,0.0,-34,96,98,2,130
3095,super,yacht,27.22,7.32,2.98,25.7,-34,103,106,3,137
3663,sail,sailboat,14.1,4.58,2.45,4.8,-34,115,122,7,149
3720,sail,sailboat,13.9,4.21,2.09,0.0,-34,115,128,13,149
2768,motor,motorboat,12.18,3.47,1.07,0.0,-33,96,101,5,129
48,sail,sailboat,10.74,3.31,1.94,5.2,-32,3,6,3,35
832,super,yacht,26.72,6.79,3.57,31.2,-32,45,47,2,77
3152,super,yacht,26.9,7.13,3.02,22.0,-32,104,108,4,136
206,motor,motorboat,13.7,4.06,1.19,6.1,-31,15,22,7,46
3155,motor,motorboat,11.21,3.16,1.04,4.8,-31,104,112,8,135
65,sail,sailboat,12.77,3.85,2.23,4.3,-30,4,10,6,34
117,sail,sailboat,12.23,3.76,2.1,4.9,-30,8,15,7,38
125,small,motorboat,6.68,2.23,0.72,2.4,-30,8,10,2,38
378,motor,motorboat,12.32,3.42,1.29,4.0,-30,27,35,8,57
394,motor,motorboat,13.23,3.77,1.15,4.8,-30,28,32,4,58
1662,motor,motorboat,16.16,4.69,1.42,11.0,-30,71,82,11,101
2671,sail,sailboat,12.15,3.86,2.22,6.6,-30,94,96,2,124
13,motor,motorboat,11.61,3.3,1.08,4.4,-29,1,3,2,30
382,motor,motorboat,14.95,4.24,1.39,0.0,-29,27,30,3,56
2410,motor,motorboat,10.0,2.82,0.98,5.5,-29,89,90,1,118
2647,motor,motorboat,13.06,3.71,1.21,3.2,-29,94,96,2,123
3755,sail,sailboat,15.18,5.01,2.36,13.8,-29,116,121,5,145
84,sail,sailboat,12.88,4.0,2.1,4.2,-28,5,12,7,33
210,super,yacht,20.8,5.63,2.65,28.0,-28,16,28,12,44
270,motor,motorboat,11.83,3.56,1.05,3.9,-28,19,21,2,47
2461,sail,sailboat,10.14,3.19,1.61,6.0,-28,90,95,5,118
50,motor,motorboat,14.86,4.37,1.5,6.4,-27,3,4,1,30
278,sail,sailboat,11.7,3.62,2.04,7.0,-27,20,23,3,47
259,motor,motorboat,13.28,4.07,1.31,3.2,-26,19,26,7,45
2134,sail,sailboat,12.04,3.74,1.89,3.7,-26,83,87,4,109
3378,motor,motorboat,15.21,4.46,1.52,0.0,-26,109,120,11,135
58,sail,sailboat,12.87,4.22,2.0,6.7,-25,4,5,1,29
370,small,motorboat,7.23,2.5,0.71,3.1,-25,26,44,18,51
393,sail,sailboat,13.77,4.39,2.46,3.7,-25,28,30,2,53
2699,super,yacht,22.66,5.94,2.74,21.4,-25,95,96,1,120
3394,super,yacht,21.14,6.01,2.56,39.6,-25,109,110,1,134
3761,sail,sailboat,12.75,3.88,2.21,0.0,-25,116,123,7,141
274,motor,motorboat,15.5,4.33,1.61,10.8,-24,20,28,8,44
407,super,yacht,20.94,5.86,2.49,36.6,-24,29,30,1,53
560,sail,sailboat,11.23,3.41,2.0,0.0,-24,36,37,1,60
1845,motor,motorboat,15.69,4.5,1.47,9.5,-24,76,83,7,100
2561,motor,motorboat,12.71,3.87,1.2,6.7,-24,93,95,2,117
3724,small,motorboat,7.99,2.77,0.86,0.0,-24,115,117,2,139
3948,super,yacht,27.62,7.88,3.27,28.4,-24,121,125,4,145
4138,small,motorboat,8.02,2.7,0.73,0.0,-24,125,126,1,149
4196,sail,sailboat,10.24,3.28,1.67,0.0,-24,126,129,3,150
8,motor,motorboat,17.07,5.28,1.66,7.4,-23,0,2,2,23
265,motor,motorboat,11.48,3.53,1.02,3.8,-23,19,22,3,42
529,small,motorboat,7.54,2.7,0.75,2.9,-23,34,40,6,57
1885,super,yacht,26.21,7.19,3.18,14.8,-23,77,80,3,100
2453,sail,sailboat,13.75,4.26,2.17,4.6,-23,90,96,6,113
90,motor,motorboat,16.18,4.62,1.46,8.6,-22,6,8,2,28
93,super,yacht,21.82,5.72,2.47,38.6,-22,6,30,24,28
218,motor,motorboat,12.76,3.78,1.35,6.3,-22,16,23,7,38
368,sail,sailboat,12.01,3.66,2.11,0.0,-22,26,29,3,48
400,sail,sailboat,11.12,3.58,1.77,4.5,-22,29,30,1,51
480,motor,motorboat,16.38,4.59,1.51,10.5,-22,32,45,13,54
557,motor,motorboat,20.28,6.12,1.9,24.9,-22,35,36,1,57
729,sail,sailboat,13.66,4.56,2.36,5.0,-22,42,46,4,64
887,small,motorboat,7.6,2.61,0.8,2.3,-22,47,50,3,69
966,super,yacht,20.78,5.85,2.78,17.9,-22,51,57,6,73
1124,super,yacht,28.09,7.23,3.23,38.6,-22,57,61,4,79
1334,super,yacht,26.57,7.23,3.07,23.5,-22,64,70,6,86
1622,small,motorboat,9.48,3.13,1.06,0.0,-22,70,73,3,92
3874,motor,motorboat,18.59,5.47,1.92,7.0,-22,119,126,7,141
6,super,yacht,25.31,6.92,3.16,23.3,-21,0,7,7,21
31,sail,sailboat,12.61,4.15,2.28,5.9,-21,2,5,3,23
212,sail,sailboat,9.5,3.16,1.42,3.2,-21,16,17,1,37
269,sail,sailboat,12.36,3.78,2.02,3.5,-21,19,26,7,40
294,small,motorboat,6.13,2.18,0.59,2.2,-21,21,24,3,42
2220,super,yacht,20.91,5.9,2.36,39.6,-21,85,97,12,106
2423,motor,motorboat,13.91,4.13,1.45,0.0,-21,89,94,5,110
3081,super,yacht,23.4,6.57,2.59,19.3,-21,102,106,4,123
3830,sail,sailboat,14.11,4.6,2.54,4.0,-21,118,119,1,139
131,sail,sailboat,10.77,3.4,1.7,0.0,-20,9,15,6,29
168,small,motorboat,8.98,3.1,1.0,2.1,-20,11,13,2,31
485,sail,sailboat,13.96,4.37,2.4,4.1,-20,32,36,4,52
592,motor,motorboat,18.78,5.43,1.75,9.2,-20,37,38,1,57
615,motor,motorboat,20.48,5.81,1.77,29.2,-20,38,39,1,58
23,motor,motorboat,17.52,5.05,1.81,7.6,-19,1,6,5,20
34,motor,motorboat,14.8,4.54,1.55,3.6,-19,2,5,3,21
379,super,yacht,23.78,6.41,3.01,33.5,-19,27,33,6,46
548,sail,sailboat,12.16,3.73,2.09,4.3,-19,35,39,4,54
570,small,motorboat,6.62,2.2,0.62,0.0,-19,36,42,6,55
674,sail,sailboat,13.03,4.07,2.17,6.4,-19,40,52,12,59
1092,super,yacht,27.81,7.44,3.39,18.1,-19,55,56,1,74
4115,super,yacht,28.05,7.21,3.63,0.0,-19,124,125,1,143
406,sail,sailboat,12.18,3.94,2.04,4.4,-18,29,31,2,47
874,small,motorboat,6.63,2.28,0.62,0.0,-18,47,60,13,65
1984,motor,motorboat,14.93,4.42,1.31,6.1,-18,79,85,6,97
2677,motor,motorboat,14.11,4.07,1.47,3.3,-18,94,97,3,112
2793,super,yacht,20.46,5.24,2.28,37.7,-18,96,98,2,114
3199,small,motorboat,9.0,2.92,0.88,0.0,-18,106,113,7,124
67,motor,motorboat,16.74,4.64,1.71,7.7,-17,4,5,1,21
399,motor,motorboat,12.07,3.77,1.08,4.5,-17,29,33,4,46
1129,motor,motorboat,12.46,3.83,1.3,4.8,-17,57,58,1,74
3182,motor,motorboat,17.26,5.0,1.52,9.3,-17,105,108,3,122
4287,motor,motorboat,11.73,3.54,1.13,3.6,-17,128,133,5,145
18,super,yacht,24.19,6.63,3.02,34.8,-16,1,4,3,17
97,sail,sailboat,12.38,3.79,2.12,4.3,-16,6,7,1,22
162,small,motorboat,8.28,2.8,0.75,0.0,-16,10,16,6,26
287,sail,sailboat,14.32,4.34,2.48,6.2,-16,20,22,2,36
288,motor,motorboat,12.7,3.55,1.19,3.2,-16,20,34,14,36
337,motor,motorboat,15.85,4.77,1.68,6.1,-16,24,30,6,40
457,sail,sailboat,10.73,3.39,1.8,7.0,-16,31,37,6,47
606,sail,sailboat,10.38,3.23,1.7,6.5,-16,38,44,6,54
1401,super,yacht,26.69,7.09,3.11,31.5,-16,65,91,26,81
2608,small,motorboat,9.01,3.1,0.92,0.0,-16,94,98,4,110
2680,sail,sailboat,10.27,3.15,1.59,4.9,-16,95,117,22,111
3991,super,yacht,22.0,5.87,2.5,18.4,-16,122,125,3,138
81,sail,sailboat,13.56,4.26,2.5,6.1,-15,5,12,7,20
106,sail,sailboat,13.15,4.21,2.09,5.0,-15,7,14,7,22
588,sail,sailboat,15.72,5.12,2.4,0.0,-15,37,39,2,52
725,sail,sailboat,11.58,3.83,2.01,0.0,-15,42,47,5,57
776,sail,sailboat,12.08,3.96,2.2,4.4,-15,43,45,2,58
791,super,yacht,21.96,6.04,2.42,39.5,-15,44,45,1,59
825,small,motorboat,7.17,2.42,0.65,0.0,-15,45,48,3,60
2354,small,motorboat,9.31,3.24,0.92,2.0,-15,88,89,1,103
2816,super,yacht,26.85,7.29,3.24,22.5,-15,97,98,1,112
2850,motor,motorboat,11.15,3.11,1.18,0.0,-15,98,99,1,113
4395,super,yacht,28.16,7.84,3.57,25.6,-15,130,135,5,145
285,sail,sailboat,15.43,4.98,2.81,12.2,-14,20,25,5,34
305,sail,sailboat,14.65,4.76,2.34,6.4,-14,22,23,1,36
1875,super,yacht,23.62,6.51,2.65,16.5,-14,76,80,4,90
2947,motor,motorboat,18.37,5.26,1.58,9.2,-14,100,111,11,114
4737,motor,motorboat,18.95,5.29,1.98,0.0,-14,136,138,2,150
7,small,motorboat,9.39,3.08,0.98,0.0,-13,0,2,2,13
176,sail,sailboat,13.73,4.58,2.35,5.1,-13,12,18,6,25
237,sail,sailboat,10.68,3.59,1.86,7.0,-13,17,22,5,30
299,sail,sailboat,16.24,5.01,2.73,9.6,-13,21,24,3,34
436,motor,motorboat,15.01,4.33,1.38,0.0,-13,31,34,3,44
872,sail,sailboat,13.31,4.05,2.21,0.0,-13,46,47,1,59
1350,small,motorboat,9.14,3.03,0.95,0.0,-13,64,65,1,77
12,super,yacht,21.36,6.07,2.31,34.8,-12,0,6,6,12
43,motor,motorboat,13.58,3.85,1.38,6.7,-12,2,4,2,14
129,motor,motorboat,13.16,4.1,1.37,3.5,-12,8,9,1,20
253,motor,motorboat,12.85,3.67,1.36,6.8,-12,18,23,5,30
267,sail,sailboat,14.45,4.48,2.6,4.8,-12,19,31,12,31
322,sail,sailboat,12.48,3.96,1.88,0.0,-12,23,24,1,35
476,sail,sailboat,14.16,4.34,2.36,4.3,-12,32,34,2,44
11,sail,sailboat,13.36,4.47,2.15,6.1,-11,0,5,5,11
21,motor,motorboat,14.58,4.2,1.53,3.8,-11,1,3,2,12
29,sail,sailboat,14.12,4.58,2.19,3.4,-11,2,3,1,13
33,motor,motorboat,16.67,4.84,1.57,10.4,-11,2,4,2,13
196,super,yacht,23.13,5.93,3.03,37.7,-11,14,21,7,25
365,sail,sailboat,10.3,3.34,1.58,4.8,-11,26,27,1,37
886,motor,motorboat,12.85,3.87,1.16,5.6,-11,47,48,1,58
936,motor,motorboat,10.0,2.79,1.02,6.5,-11,49,52,3,60
1524,motor,motorboat,15.15,4.6,1.34,7.2,-11,67,70,3,78
2317,motor,motorboat,17.49,5.3,1.56,0.0,-11,87,114,27,98
42,sail,sailboat,10.42,3.49,1.84,5.7,-10,2,9,7,12
51,motor,motorboat,11.76,3.56,1.01,5.7,-10,3,6,3,13
95,sail,sailboat,11.73,3.62,1.88,3.8,-10,6,8,2,16
209,sail,sailboat,15.18,4.62,2.78,11.0,-10,16,19,3,26
538,super,yacht,22.72,6.1,2.83,12.2,-10,35,40,5,45
544,motor,motorboat,11.13,3.35,1.0,3.7,-10,35,38,3,45
755,motor,motorboat,15.71,4.73,1.42,10.1,-10,42,49,7,52
813,motor,motorboat,17.55,5.18,1.6,0.0,-10,45,48,3,55
928,small,motorboat,7.04,2.52,0.68,0.0,-10,49,52,3,59
2304,motor,motorboat,12.37,3.82,1.11,5.0,-10,87,88,1,97
2325,sail,sailboat,15.96,4.94,2.75,6.7,-10,87,88,1,97
3079,sail,sailboat,15.04,4.98,2.38,12.5,-10,102,105,3,112
3134,super,yacht,25.12,6.85,3.28,37.6,-10,104,109,5,114
44,small,motorboat,9.38,3.22,1.01,3.4,-9,3,5,2,12
702,sail,sailboat,13.59,4.35,2.33,3.0,-9,41,48,7,50
875,sail,sailboat,14.41,4.69,2.65,4.4,-9,47,50,3,56
4360,super,yacht,26.81,6.91,3.48,0.0,-9,129,135,6,138
4556,super,yacht,22.57,6.18,2.6,14.7,-9,133,134,1,142
4557,super,yacht,20.81,5.31,2.34,34.5,-9,133,134,1,142
32,super,yacht,28.45,8.0,3.66,33.2,-8,2,3,1,10
266,sail,sailboat,11.08,3.7,2.01,6.4,-8,19,21,2,27
637,sail,sailboat,11.85,3.95,2.15,3.3,-8,38,39,1,46
879,motor,motorboat,19.07,5.79,1.92,0.0,-8,47,51,4,55
1965,super,yacht,25.27,6.85,3.01,30.4,-8,79,82,3,87
2582,sail,sailboat,10.91,3.32,1.64,3.4,-8,93,103,10,101
3320,small,motorboat,7.45,2.6,0.75,2.2,-8,108,111,3,116
15,sail,sailboat,12.89,4.08,2.35,4.0,-7,1,2,1,8
17,sail,sailboat,11.52,3.84,1.76,4.2,-7,1,8,7,8
39,sail,sailboat,13.64,4.24,2.29,4.6,-7,2,5,3,9
49,motor,motorboat,13.45,4.02,1.38,4.6,-7,3,9,6,10
64,motor,motorboat,16.13,5.04,1.59,10.9,-7,4,11,7,11
102,sail,sailboat,14.62,4.68,2.22,0.0,-7,7,9,2,14
562,sail,sailboat,11.12,3.55,1.93,0.0,-7,36,65,29,43
1015,super,yacht,21.26,6.03,2.72,37.7,-7,53,81,28,60
1513,motor,motorboat,15.56,4.59,1.63,11.6,-7,67,68,1,74
100,sail,sailboat,13.4,4.47,2.47,5.0,-6,7,10,3,13
349,motor,motorboat,16.44,4.78,1.66,7.9,-6,25,27,2,31
478,motor,motorboat,10.0,3.1,0.9,6.4,-6,32,34,2,38
586,super,yacht,25.94,7.1,3.38,14.7,-6,37,40,3,43
624,super,yacht,24.11,6.6,2.73,18.9,-6,38,39,1,44
639,super,yacht,28.25,8.07,3.07,37.8,-6,38,42,4,44
868,small,motorboat,7.41,2.6,0.75,0.0,-6,46,49,3,52
1011,sail,sailboat,15.53,5.04,2.49,12.2,-6,52,58,6,58
1836,motor,motorboat,15.63,4.43,1.55,11.7,-6,75,78,3,81
16,motor,motorboat,14.02,4.24,1.38,3.2,-5,1,20,19,6
27,sail,sailboat,9.5,3.05,1.48,0.0,-5,1,2,1,6
47,small,motorboat,7.97,2.73,0.88,2.1,-5,3,6,3,8
123,sail,sailboat,17.0,5.41,3.0,12.3,-5,8,9,1,13
142,super,yacht,23.23,6.31,2.78,30.6,-5,9,16,7,14
192,sail,sailboat,13.75,4.63,2.25,0.0,-5,14,19,5,19
244,small,motorboat,7.03,2.51,0.79,0.0,-5,17,31,14,22
319,small,motorboat,9.02,3.14,0.86,0.0,-5,23,37,14,28
373,motor,motorboat,16.11,4.83,1.62,13.2,-5,26,33,7,31
638,sail,sailboat,13.05,3.98,1.95,3.6,-5,38,41,3,43
750,super,yacht,27.65,7.69,3.06,32.3,-5,42,46,4,47
3467,small,motorboat,8.58,3.01,0.83,3.3,-5,111,114,3,116
4789,sail,sailboat,13.03,4.19,2.33,4.8,-5,137,143,6,142
41,sail,sailboat,12.67,4.05,2.3,0.0,-4,2,5,3,6
46,small,motorboat,8.55,2.74,0.95,3.1,-4,3,5,2,7
78,sail,sailboat,17.0,5.38,2.69,6.9,-4,5,8,3,9
381,sail,sailboat,13.17,3.97,2.14,3.5,-4,27,34,7,31
397,small,motorboat,7.08,2.35,0.72,0.0,-4,29,34,5,33
819,motor,motorboat,19.16,5.46,2.03,13.0,-4,45,57,12,49
4477,motor,motorboat,10.26,3.12,1.08,5.5,-4,131,133,2,135
4675,motor,motorboat,11.72,3.35,1.01,0.0,-4,135,140,5,139
52,motor,motorboat,16.14,4.72,1.44,8.8,-3,3,5,2,6
70,motor,motorboat,14.52,4.42,1.43,4.5,-3,4,8,4,7
169,sail,sailboat,12.57,4.11,2.07,5.1,-3,11,14,3,14
207,sail,sailboat,10.88,3.27,1.71,5.3,-3,16,18,2,19
258,super,yacht,27.44,7.44,3.18,12.4,-3,18,25,7,21
984,motor,motorboat,19.01,5.89,2.0,12.0,-3,52,57,5,55
1014,small,motorboat,8.18,2.65,0.8,0.0,-3,53,66,13,56
3650,super,yacht,22.43,5.95,2.71,18.0,-3,114,116,2,117
5066,sail,sailboat,14.83,4.95,2.26,6.5,-3,143,157,14,146
4,sail,sailboat,13.24,4.24,2.37,5.0,-2,0,4,4,2
54,motor,motorboat,10.33,3.18,0.95,6.3,-2,3,4,1,5
59,motor,motorboat,13.35,4.07,1.35,3.6,-2,4,5,1,6
71,small,motorboat,9.37,3.27,0.89,2.7,-2,4,9,5,6
83,sail,sailboat,11.65,3.6,1.79,3.1,-2,5,6,1,7
111,small,motorboat,6.05,2.0,0.56,0.0,-2,7,10,3,9
115,motor,motorboat,16.95,5.04,1.5,9.1,-2,8,9,1,10
167,super,yacht,25.35,6.72,2.98,12.1,-2,11,16,5,13
211,sail,sailboat,13.78,4.58,2.41,6.0,-2,16,30,14,18
344,sail,sailboat,14.12,4.25,2.4,3.4,-2,25,26,1,27
594,sail,sailboat,13.12,4.42,2.19,0.0,-2,37,44,7,39
747,sail,sailboat,11.36,3.55,2.01,3.4,-2,42,45,3,44
883,sail,sailboat,11.52,3.49,2.07,6.2,-2,47,57,10,49
987,motor,motorboat,15.33,4.58,1.59,11.3,-2,52,54,2,54
1417,super,yacht,25.57,7.3,3.34,37.5,-2,66,69,3,68
3233,sail,sailboat,14.57,4.56,2.49,4.7,-2,106,108,2,108
0,sail,sailboat,10.82,3.26,1.93,4.0,-1,0,4,4,1
3,sail,sailboat,11.95,3.68,2.07,3.6,-1,0,3,3,1
30,motor,motorboat,13.61,4.17,1.36,3.8,-1,2,5,3,3
76,small,motorboat,7.99,2.86,0.82,2.9,-1,5,12,7,6
119,super,yacht,25.44,6.52,3.08,20.5,-1,8,9,1,9
122,motor,motorboat,12.86,3.63,1.24,3.2,-1,8,11,3,9
146,super,yacht,27.99,7.16,3.59,25.7,-1,10,12,2,11
464,small,motorboat,6.07,2.15,0.59,0.0,-1,32,37,5,33
736,motor,motorboat,15.55,4.51,1.47,7.6,-1,42,44,2,43
806,sail,sailboat,10.52,3.25,1.66,4.1,-1,45,48,3,46
918,motor,motorboat,14.77,4.29,1.29,4.1,-1,49,55,6,50
2466,motor,motorboat,16.63,4.79,1.68,6.3,-1,91,93,2,92
3712,super,yacht,26.97,7.22,3.29,28.5,-1,115,119,4,116
5,motor,motorboat,21.0,6.27,1.82,22.6,0,0,2,2,0
9,motor,motorboat,14.41,4.29,1.35,4.9,0,0,1,1,0
10,sail,sailboat,15.31,5.05,2.29,11.3,0,0,3,3,0
20,small,motorboat,6.07,2.0,0.58,2.2,0,1,4,3,1
25,motor,motorboat,12.34,3.81,1.1,6.8,0,1,3,2,1
26,sail,sailboat,12.97,4.13,2.24,6.3,0,1,3,2,1
35,motor,motorboat,17.65,5.47,1.55,10.6,0,2,5,3,2
36,sail,sailboat,13.0,4.0,2.36,3.1,0,2,5,3,2
80,sail,sailboat,12.25,3.91,2.23,6.0,0,5,8,3,5
91,motor,motorboat,11.37,3.19,1.14,0.0,0,6,11,5,6
126,small,motorboat,7.62,2.71,0.79,2.9,0,8,9,1,8
138,sail,sailboat,15.77,5.31,2.44,11.9,0,9,11,2,9
153,small,motorboat,8.44,2.85,0.91,0.0,0,10,11,1,10
165,sail,sailboat,13.49,4.1,2.14,3.4,0,11,13,2,11
178,sail,sailboat,13.05,4.24,2.17,5.9,0,12,13,1,12
195,sail,sailboat,14.52,4.81,2.33,6.6,0,14,21,7,14
245,sail,sailboat,10.51,3.54,1.9,5.0,0,17,19,2,17
295,sail,sailboat,13.89,4.19,2.55,6.3,0,21,23,2,21
417,sail,sailboat,15.09,5.07,2.76,7.4,0,30,34,4,30
700,sail,sailboat,16.04,4.9,2.93,10.1,0,41,42,1,41
741,sail,sailboat,11.88,4.02,1.96,0.0,0,42,44,2,42
1768,super,yacht,20.67,5.25,2.56,21.4,0,74,79,5,74
22,sail,sailboat,14.09,4.67,2.58,3.5,1,1,9,8,0
45,sail,sailboat,14.77,4.84,2.64,6.1,1,3,5,2,2
74,motor,motorboat,13.68,4.08,1.42,6.0,1,4,12,8,3
77,motor,motorboat,14.33,4.08,1.4,3.5,1,5,6,1,4
130,sail,sailboat,12.64,4.25,2.24,3.3,1,9,11,2,8
140,motor,motorboat,19.33,5.83,1.81,9.9,1,9,14,5,8
174,sail,sailboat,12.0,4.05,2.19,4.5,1,12,30,18,11
371,super,yacht,20.32,5.54,2.29,30.2,1,26,33,7,25
442,sail,sailboat,10.86,3.37,1.83,4.3,1,31,35,4,30
540,super,yacht,21.39,5.96,2.46,38.6,1,35,37,2,34
732,sail,sailboat,15.42,5.18,2.3,10.0,1,42,66,24,41
854,motor,motorboat,12.17,3.4,1.22,6.3,1,46,51,5,45
1043,small,motorboat,6.97,2.35,0.76,0.0,1,53,57,4,52
1095,sail,sailboat,16.07,5.13,2.39,12.9,1,55,60,5,54
1202,small,motorboat,6.5,2.12,0.66,2.2,1,60,63,3,59
28,sail,sailboat,15.49,5.11,2.37,8.2,2,2,5,3,0
38,sail,sailboat,11.7,3.57,1.75,4.9,2,2,5,3,0
53,sail,sailboat,9.5,3.07,1.74,2.7,2,3,16,13,1
63,motor,motorboat,10.46,3.19,0.94,3.1,2,4,19,15,2
66,small,motorboat,6.46,2.11,0.62,3.0,2,4,6,2,2
68,sail,sailboat,14.97,4.66,2.61,3.1,2,4,5,1,2
75,small,motorboat,6.93,2.44,0.7,0.0,2,4,7,3,2
124,motor,motorboat,14.36,4.35,1.29,6.7,2,8,11,3,6
158,small,motorboat,8.65,3.07,0.88,2.3,2,10,16,6,8
199,sail,sailboat,10.57,3.3,1.64,5.0,2,15,27,12,13
203,motor,motorboat,15.6,4.73,1.44,12.3,2,15,18,3,13
222,motor,motorboat,16.89,4.71,1.76,12.5,2,16,17,1,14
342,sail,sailboat,13.19,4.43,2.11,0.0,2,25,27,2,23
352,motor,motorboat,13.99,3.97,1.23,3.6,2,25,28,3,23
518,sail,sailboat,14.02,4.47,2.17,5.8,2,34,37,3,32
2655,sail,sailboat,14.98,4.86,2.41,3.5,2,94,95,1,92
4562,motor,motorboat,14.01,4.3,1.43,3.6,2,133,146,13,131
55,sail,sailboat,12.22,3.89,1.98,6.1,3,3,4,1,0
56,small,motorboat,8.39,2.77,0.87,0.0,3,4,5,1,1
69,sail,sailboat,16.74,5.09,2.65,9.6,3,4,11,7,1
85,motor,motorboat,14.79,4.17,1.4,4.9,3,5,12,7,2
135,super,yacht,22.56,6.46,2.98,17.2,3,9,12,3,6
149,small,motorboat,8.17,2.65,0.9,0.0,3,10,11,1,7
160,motor,motorboat,12.31,3.5,1.08,5.1,3,10,12,2,7
217,small,motorboat,7.65,2.66,0.8,2.7,3,16,37,21,13
346,super,yacht,20.31,5.3,2.68,28.9,3,25,26,1,22
455,sail,sailboat,14.04,4.31,2.49,6.8,3,31,34,3,28
1046,motor,motorboat,16.2,5.03,1.5,12.3,3,53,54,1,50
1113,motor,motorboat,13.37,4.04,1.4,4.6,3,56,59,3,53
1120,sail,sailboat,13.24,4.18,2.14,0.0,3,56,62,6,53
1693,sail,sailboat,15.91,5.25,2.4,9.8,3,72,75,3,69
2174,sail,sailboat,14.17,4.33,2.37,3.3,3,84,88,4,81
4909,sail,sailboat,15.29,4.76,2.41,7.5,3,139,142,3,136
57,sail,sailboat,12.91,3.99,2.37,0.0,4,4,7,3,0
61,sail,sailboat,13.2,4.21,1.97,3.7,4,4,5,1,0
72,sail,sailboat,14.08,4.28,2.2,3.9,4,4,5,1,0
73,motor,motorboat,17.03,4.89,1.66,9.8,4,4,6,2,0
82,small,motorboat,9.05,2.95,0.91,0.0,4,5,9,4,1
87,sail,sailboat,12.35,3.98,2.17,4.6,4,6,12,6,2
104,motor,motorboat,18.58,5.53,1.67,9.8,4,7,12,5,3
105,super,yacht,24.85,6.35,2.97,0.0,4,7,12,5,3
240,sail,sailboat,17.0,5.17,2.91,8.4,4,17,23,6,13
467,small,motorboat,9.32,2.99,0.85,3.4,4,32,35,3,28
564,super,yacht,24.62,6.94,2.71,35.1,4,36,43,7,32
923,super,yacht,27.17,7.23,3.64,12.5,4,49,50,1,45
1112,sail,sailboat,14.87,4.86,2.22,0.0,4,56,68,12,52
1157,super,yacht,25.26,7.12,2.77,15.4,4,58,60,2,54
1796,small,motorboat,6.96,2.23,0.72,0.0,4,74,75,1,70
1942,small,motorboat,6.28,2.01,0.69,3.3,4,78,80,2,74
4218,small,motorboat,7.4,2.65,0.79,0.0,4,126,129,3,122
92,sail,sailboat,11.41,3.54,1.84,3.3,5,6,13,7,1
96,motor,motorboat,14.53,4.15,1.53,3.1,5,6,15,9,1
107,sail,sailboat,17.0,5.3,3.02,13.4,5,7,10,3,2
112,sail,sailboat,13.79,4.3,2.25,4.2,5,7,10,3,2
120,motor,motorboat,17.61,5.47,1.63,7.0,5,8,13,5,3
164,sail,sailboat,17.0,5.6,3.05,8.3,5,11,15,4,6
172,motor,motorboat,18.55,5.36,1.6,12.4,5,11,24,13,6
177,sail,sailboat,17.0,5.36,2.73,9.1,5,12,15,3,7
182,motor,motorboat,11.66,3.62,1.14,4.0,5,13,15,2,8
227,sail,sailboat,16.77,5.46,2.54,11.9,5,17,18,1,12
263,motor,motorboat,12.66,3.6,1.18,6.7,5,19,32,13,14
670,super,yacht,28.52,7.63,3.79,25.6,5,40,42,2,35
679,small,motorboat,9.18,2.98,1.03,0.0,5,40,45,5,35
743,motor,motorboat,13.37,4.03,1.25,6.4,5,42,47,5,37
852,super,yacht,24.86,6.91,3.03,20.4,5,46,47,1,41
961,super,yacht,27.03,7.69,3.3,15.0,5,51,53,2,46
1067,sail,sailboat,12.24,3.77,1.83,6.8,5,54,67,13,49
1097,sail,sailboat,12.75,4.16,1.91,6.5,5,55,58,3,50
1469,sail,sailboat,14.09,4.72,2.11,5.7,5,67,68,1,62
3719,sail,sailboat,12.58,4.21,2.23,0.0,5,115,121,6,110
3743,sail,sailboat,11.16,3.4,1.92,4.4,5,116,117,1,111
3857,sail,sailboat,11.03,3.65,1.88,0.0,5,119,124,5,114
4315,motor,motorboat,16.8,4.98,1.56,9.4,5,128,137,9,123
4897,super,yacht,23.01,6.03,2.6,34.0,5,139,163,24,134
89,sail,sailboat,9.5,3.02,1.54,2.8,6,6,9,3,0
94,small,motorboat,7.82,2.69,0.83,0.0,6,6,8,2,0
98,small,motorboat,8.79,3.05,0.9,3.4,6,6,10,4,0
113,sail,sailboat,13.11,4.28,1.99,6.8,6,8,9,1,2
121,motor,motorboat,14.19,4.08,1.44,0.0,6,8,9,1,2
144,motor,motorboat,13.2,3.97,1.22,5.5,6,10,16,6,4
156,sail,sailboat,15.16,4.86,2.44,9.4,6,10,13,3,4
175,small,motorboat,8.92,2.95,0.82,0.0,6,12,14,2,6
198,small,motorboat,9.25,3.27,0.86,0.0,6,15,20,5,9
279,motor,motorboat,14.79,4.11,1.3,3.2,6,20,25,5,14
289,motor,motorboat,14.07,4.16,1.48,3.9,6,20,23,3,14
414,sail,sailboat,16.27,5.15,2.7,9.4,6,30,32,2,24
520,sail,sailboat,10.77,3.48,1.66,0.0,6,34,37,3,28
607,small,motorboat,9.44,3.04,1.04,2.2,6,38,43,5,32
745,sail,sailboat,13.87,4.4,2.08,6.1,6,42,43,1,36
809,small,motorboat,8.25,2.69,0.9,0.0,6,45,50,5,39
955,motor,motorboat,14.31,4.46,1.5,5.1,6,50,53,3,44
1166,small,motorboat,7.72,2.5,0.72,3.2,6,59,62,3,53
1184,motor,motorboat,22.0,6.16,2.26,15.2,6,59,60,1,53
1348,super,yacht,20.14,5.21,2.55,12.9,6,64,77,13,58
4858,super,yacht,28.36,7.55,3.69,12.5,6,138,140,2,132
4935,super,yacht,24.0,6.32,3.2,24.2,6,140,146,6,134
103,sail,sailboat,13.15,4.18,2.41,6.3,7,7,16,9,0
108,small,motorboat,8.83,3.02,0.87,2.1,7,7,10,3,0
110,motor,motorboat,16.49,4.69,1.59,13.4,7,7,9,2,0
114,small,motorboat,6.56,2.16,0.6,0.0,7,8,10,2,1
139,sail,sailboat,16.0,5.25,2.94,10.2,7,9,11,2,2
148,sail,sailboat,13.4,4.29,2.1,4.4,7,10,11,1,3
163,sail,sailboat,10.92,3.57,2.01,0.0,7,10,15,5,3
190,small,motorboat,6.72,2.29,0.65,3.5,7,14,17,3,7
230,super,yacht,28.92,7.66,3.68,36.6,7,17,21,4,10
232,sail,sailboat,11.38,3.57,1.9,0.0,7,17,35,18,10
247,motor,motorboat,12.95,3.78,1.27,5.0,7,18,19,1,11
283,sail,sailboat,9.55,2.95,1.56,2.5,7,20,21,1,13
304,motor,motorboat,17.01,4.84,1.54,7.9,7,22,26,4,15
497,small,motorboat,8.96,3.22,0.87,0.0,7,33,38,5,26
539,motor,motorboat,11.94,3.55,1.14,5.8,7,35,49,14,28
937,small,motorboat,6.09,2.05,0.6,3.4,7,49,51,2,42
950,super,yacht,20.72,5.64,2.26,37.3,7,50,51,1,43
1358,motor,motorboat,17.61,5.47,1.7,10.8,7,64,65,1,57
1371,sail,sailboat,14.34,4.49,2.48,0.0,7,64,67,3,57
2237,motor,motorboat,13.97,4.07,1.26,3.3,7,85,87,2,78
4156,super,yacht,25.45,7.14,3.3,14.0,7,125,127,2,118
143,motor,motorboat,12.87,3.89,1.17,0.0,8,10,11,1,2
147,sail,sailboat,11.0,3.58,1.91,4.8,8,10,11,1,2
150,sail,sailboat,14.19,4.66,2.62,4.7,8,10,13,3,2
159,sail,sailboat,12.26,4.15,1.97,6.4,8,10,13,3,2
179,motor,motorboat,21.56,6.6,2.15,19.2,8,12,19,7,4
208,sail,sailboat,15.47,5.1,2.56,8.1,8,16,23,7,8
229,motor,motorboat,13.57,3.94,1.27,3.2,8,17,19,2,9
233,small,motorboat,8.98,3.14,0.97,2.5,8,17,22,5,9
235,motor,motorboat,17.42,4.89,1.66,7.2,8,17,29,12,9
272,sail,sailboat,10.61,3.5,1.92,0.0,8,19,20,1,11
277,sail,sailboat,13.21,4.46,2.37,4.0,8,20,27,7,12
551,sail,sailboat,14.69,4.8,2.44,3.3,8,35,36,1,27
665,sail,sailboat,13.68,4.43,2.4,0.0,8,39,45,6,31
706,small,motorboat,9.21,3.25,0.87,2.5,8,41,43,2,33
751,small,motorboat,7.65,2.52,0.76,3.1,8,42,46,4,34
845,motor,motorboat,16.66,5.05,1.5,0.0,8,46,53,7,38
853,sail,sailboat,10.97,3.31,1.69,5.1,8,46,47,1,38
1021,sail,sailboat,12.03,4.02,2.0,0.0,8,53,56,3,45
1146,small,motorboat,6.53,2.09,0.64,2.3,8,58,75,17,50
1320,sail,sailboat,12.82,4.07,2.27,3.4,8,63,70,7,55
1543,sail,sailboat,10.89,3.62,1.78,5.3,8,68,78,10,60
2145,sail,sailboat,16.58,5.4,2.68,12.1,8,83,87,4,75
5141,sail,sailboat,12.41,3.88,2.25,5.1,8,144,158,14,136
5153,motor,motorboat,13.3,4.1,1.31,0.0,8,145,146,1,137
136,small,motorboat,9.12,3.14,0.96,0.0,9,9,13,4,0
137,small,motorboat,7.77,2.72,0.81,2.2,9,9,15,6,0
145,sail,sailboat,9.73,3.2,1.61,2.9,9,10,15,5,1
154,sail,sailboat,14.18,4.67,2.2,6.3,9,10,11,1,1
157,motor,motorboat,12.27,3.7,1.3,6.8,9,10,11,1,1
166,sail,sailboat,10.93,3.4,1.92,6.2,9,11,27,16,2
188,motor,motorboat,13.87,4.21,1.43,4.9,9,13,14,1,4
197,sail,sailboat,11.09,3.35,1.78,3.0,9,14,31,17,5
204,sail,sailboat,13.7,4.32,2.41,5.1,9,15,21,6,6
257,super,yacht,25.64,6.85,2.86,38.6,9,18,22,4,9
290,motor,motorboat,16.14,4.5,1.43,11.1,9,21,27,6,12
356,super,yacht,27.92,7.23,3.58,29.3,9,25,31,6,16
486,small,motorboat,6.89,2.24,0.74,3.5,9,32,34,2,23
677,motor,motorboat,10.67,3.26,0.95,3.6,9,40,47,7,31
892,super,yacht,28.83,7.54,3.22,38.8,9,47,51,4,38
2782,sail,sailboat,12.46,3.79,2.21,4.8,9,96,114,18,87
4416,small,motorboat,7.92,2.63,0.79,0.0,9,130,132,2,121
4716,small,motorboat,7.97,2.57,0.86,0.0,9,136,137,1,127
170,small,motorboat,6.83,2.2,0.64,0.0,10,11,13,2,1
171,motor,motorboat,16.25,4.57,1.66,7.8,10,11,13,2,1
173,motor,motorboat,10.0,3.07,0.95,6.3,10,11,13,2,1
180,small,motorboat,7.39,2.37,0.77,3.3,10,12,19,7,2
254,sail,sailboat,16.42,4.98,2.88,0.0,10,18,19,1,8
286,sail,sailboat,13.75,4.39,2.09,4.6,10,20,23,3,10
301,motor,motorboat,10.15,2.98,1.0,4.5,10,22,24,2,12
307,sail,sailboat,14.49,4.88,2.46,6.5,10,22,23,1,12
338,sail,sailboat,9.8,3.3,1.67,0.0,10,24,26,2,14
634,sail,sailboat,15.2,5.09,2.53,11.4,10,38,50,12,28
1597,motor,motorboat,18.06,5.52,1.69,9.8,10,69,71,2,59
181,sail,sailboat,11.84,3.72,2.04,5.9,11,13,16,3,2
185,sail,sailboat,12.1,3.95,2.14,0.0,11,13,19,6,2
187,sail,sailboat,12.15,3.85,2.09,3.6,11,13,15,2,2
236,motor,motorboat,16.78,4.86,1.53,12.0,11,17,21,4,6
264,super,yacht,22.66,6.23,2.68,0.0,11,19,20,1,8
298,small,motorboat,8.3,2.88,0.88,2.1,11,21,26,5,10
316,sail,sailboat,15.18,5.07,2.43,0.0,11,23,26,3,12
321,motor,motorboat,17.22,5.0,1.75,11.7,11,23,24,1,12
477,sail,sailboat,11.07,3.69,1.92,4.6,11,32,33,1,21
526,small,motorboat,8.86,2.92,0.84,0.0,11,34,42,8,23
1276,motor,motorboat,10.0,3.0,0.93,4.8,11,62,67,5,51
1591,super,yacht,22.53,5.76,2.98,21.0,11,69,70,1,58
3309,sail,sailboat,14.7,4.66,2.61,4.0,11,108,109,1,97
5004,super,yacht,25.38,6.93,2.97,34.9,11,142,149,7,131
5586,super,yacht,28.78,8.2,3.84,36.5,11,154,155,1,143
183,sail,sailboat,16.69,5.52,2.74,0.0,12,13,15,2,1
189,motor,motorboat,17.35,5.12,1.66,8.1,12,13,14,1,1
191,motor,motorboat,12.63,3.7,1.19,5.6,12,14,16,2,2
331,sail,sailboat,12.94,4.11,2.37,6.7,12,24,25,1,12
361,sail,sailboat,12.8,4.29,1.98,5.3,12,25,49,24,13
474,motor,motorboat,22.0,6.73,2.02,31.6,12,32,33,1,20
1315,sail,sailboat,12.68,4.11,2.19,6.0,12,63,66,3,51
1461,small,motorboat,6.19,2.08,0.61,2.3,12,66,90,24,54
1539,super,yacht,25.11,6.75,3.31,31.5,12,68,70,2,56
2389,sail,sailboat,11.89,3.61,2.0,0.0,12,89,92,3,77
2445,sail,sailboat,11.29,3.48,1.83,3.5,12,90,93,3,78
4823,super,yacht,24.61,6.25,3.02,16.2,12,138,143,5,126
186,sail,sailboat,16.18,5.11,2.67,13.9,13,13,17,4,0
194,super,yacht,20.07,5.31,2.28,31.3,13,14,17,3,1
200,sail,sailboat,14.97,5.06,2.41,3.5,13,15,22,7,2
201,motor,motorboat,12.83,3.94,1.36,3.9,13,15,19,4,2
202,small,motorboat,7.54,2.63,0.81,0.0,13,15,18,3,2
327,sail,sailboat,17.0,5.7,2.85,6.4,13,24,26,2,11
341,super,yacht,25.03,6.7,3.35,33.0,13,24,26,2,11
358,sail,sailboat,11.94,4.03,1.97,3.0,13,25,32,7,12
390,sail,sailboat,12.0,3.92,2.04,0.0,13,28,29,1,15
549,sail,sailboat,14.38,4.85,2.53,6.1,13,35,36,1,22
709,sail,sailboat,11.89,3.87,1.87,5.5,13,41,44,3,28
890,motor,motorboat,10.0,2.92,0.91,6.3,13,47,50,3,34
1068,motor,motorboat,16.32,4.69,1.67,13.4,13,54,57,3,41
1310,motor,motorboat,15.69,4.79,1.59,13.7,13,63,66,3,50
1643,sail,sailboat,12.21,3.81,2.16,6.9,13,71,72,1,58
2666,sail,sailboat,12.79,3.86,1.92,4.2,13,94,96,2,81
3617,sail,sailboat,10.51,3.18,1.7,5.4,13,114,119,5,101
3658,motor,motorboat,10.79,3.27,1.09,5.7,13,115,116,1,102
4994,sail,sailboat,13.69,4.51,2.45,5.6,13,142,147,5,129
193,sail,sailboat,13.19,4.45,2.39,3.3,14,14,21,7,0
205,small,motorboat,9.47,3.4,0.86,2.6,14,15,27,12,1
213,sail,sailboat,11.85,3.82,2.04,5.5,14,16,26,10,2
231,small,motorboat,7.68,2.46,0.83,2.2,14,17,24,7,3
252,sail,sailboat,11.42,3.76,1.84,0.0,14,18,25,7,4
276,motor,motorboat,12.65,3.78,1.26,6.8,14,20,24,4,6
293,small,motorboat,8.57,2.91,0.9,2.5,14,21,24,3,7
332,sail,sailboat,12.15,3.84,2.1,0.0,14,24,52,28,10
333,sail,sailboat,14.6,4.61,2.37,0.0,14,24,44,20,10
343,small,motorboat,6.34,2.26,0.62,2.7,14,25,30,5,11
387,super,yacht,23.7,6.59,3.09,18.7,14,28,30,2,14
672,motor,motorboat,17.86,5.54,1.71,12.4,14,40,42,2,26
710,super,yacht,22.15,6.3,2.68,28.6,14,41,47,6,27
749,super,yacht,26.44,7.19,3.32,13.3,14,42,46,4,28
1351,super,yacht,27.75,7.54,3.41,34.8,14,64,66,2,50
1451,small,motorboat,9.34,3.04,0.92,2.7,14,66,67,1,52
1596,sail,sailboat,14.7,4.77,2.3,0.0,14,69,85,16,55
2253,super,yacht,24.69,6.39,2.89,33.6,14,86,110,24,72
3808,motor,motorboat,17.42,4.99,1.61,8.9,14,117,121,4,103
216,motor,motorboat,14.94,4.34,1.42,4.5,15,16,18,2,1
221,motor,motorboat,13.09,3.87,1.31,6.1,15,16,22,6,1
224,motor,motorboat,22.0,6.11,2.34,23.3,15,16,18,2,1
226,motor,motorboat,13.87,3.86,1.21,3.8,15,17,21,4,2
243,sail,sailboat,14.24,4.42,2.17,5.4,15,17,18,1,2
273,sail,sailboat,13.74,4.55,2.21,6.2,15,20,22,2,5
280,motor,motorboat,15.05,4.51,1.42,10.3,15,20,26,6,5
310,sail,sailboat,9.58,3.23,1.45,2.4,15,22,23,1,7
313,super,yacht,28.99,7.6,3.24,31.9,15,23,26,3,8
324,sail,sailboat,16.9,5.11,3.08,6.1,15,24,29,5,9
347,small,motorboat,6.13,2.06,0.55,0.0,15,25,28,3,10
383,small,motorboat,9.48,3.24,0.98,2.4,15,27,28,1,12
643,sail,sailboat,13.09,4.25,2.3,3.7,15,39,41,2,24
734,super,yacht,27.65,7.25,3.39,30.7,15,42,64,22,27
1142,motor,motorboat,14.26,4.33,1.44,3.4,15,58,61,3,43
1582,super,yacht,28.35,7.91,3.4,33.6,15,69,72,3,54
1948,super,yacht,21.01,5.57,2.6,20.3,15,78,83,5,63
2635,motor,motorboat,15.88,4.6,1.55,9.5,15,94,96,2,79
3954,sail,sailboat,12.95,4.17,2.24,4.5,15,121,127,6,106
4800,super,yacht,21.73,6.18,2.7,35.8,15,137,139,2,122
5176,small,motorboat,9.2,3.09,1.01,3.5,15,145,148,3,130
5559,super,yacht,28.59,7.45,3.67,36.6,15,153,155,2,138
214,sail,sailboat,12.39,4.15,2.06,4.2,16,16,25,9,0
215,sail,sailboat,15.92,4.88,2.8,13.3,16,16,22,6,0
219,small,motorboat,6.83,2.23,0.65,3.1,16,16,28,12,0
220,motor,motorboat,14.54,4.14,1.5,6.8,16,16,19,3,0
223,motor,motorboat,17.14,4.85,1.68,8.1,16,16,19,3,0
228,motor,motorboat,18.97,5.73,1.67,0.0,16,17,19,2,1
249,super,yacht,20.95,5.68,2.32,17.4,16,18,20,2,2
389,super,yacht,20.84,5.87,2.42,16.5,16,28,49,21,12
413,sail,sailboat,11.06,3.52,1.94,5.8,16,30,33,3,14
812,super,yacht,28.74,8.06,3.78,16.0,16,45,49,4,29
1082,motor,motorboat,17.62,5.18,1.56,13.0,16,55,59,4,39
1309,motor,motorboat,12.81,3.69,1.13,5.1,16,63,70,7,47
1795,sail,sailboat,14.42,4.64,2.19,6.0,16,74,75,1,58
2375,sail,sailboat,11.7,3.74,2.0,0.0,16,88,90,2,72
3177,super,yacht,23.61,6.05,2.7,24.3,16,105,108,3,89
4677,sail,sailboat,11.35,3.83,2.01,5.5,16,135,141,6,119
4796,sail,sailboat,14.02,4.61,2.19,3.9,16,137,143,6,121
225,motor,motorboat,17.36,5.16,1.62,6.0,17,17,18,1,0
234,sail,sailboat,10.95,3.57,1.71,5.9,17,17,18,1,0
242,sail,sailboat,10.16,3.41,1.57,0.0,17,17,24,7,0
251,motor,motorboat,13.24,3.7,1.16,0.0,17,18,25,7,1
256,motor,motorboat,11.76,3.6,1.07,0.0,17,18,21,3,1
334,sail,sailboat,12.96,3.96,2.37,4.9,17,24,25,1,7
348,motor,motorboat,21.22,6.55,2.08,19.2,17,25,31,6,8
360,motor,motorboat,17.21,4.81,1.48,7.4,17,25,31,6,8
395,super,yacht,25.94,7.39,3.27,13.8,17,28,33,5,11
401,motor,motorboat,13.71,4.08,1.4,5.8,17,29,43,14,12
431,motor,motorboat,10.0,2.95,0.92,6.6,17,31,34,3,14
839,small,motorboat,6.44,2.22,0.67,0.0,17,45,51,6,28
1070,small,motorboat,8.92,3.03,0.85,0.0,17,54,57,3,37
1641,super,yacht,26.38,6.9,2.95,33.5,17,71,97,26,54
1833,motor,motorboat,16.57,4.71,1.71,0.0,17,75,79,4,58
2353,super,yacht,25.03,6.89,3.11,27.9,17,88,91,3,71
3877,motor,motorboat,19.13,5.68,1.84,10.1,17,119,121,2,102
4046,sail,sailboat,10.43,3.16,1.83,5.7,17,123,125,2,106
4108,super,yacht,21.47,5.77,2.54,22.9,17,124,126,2,107
4418,sail,sailboat,13.3,4.28,2.19,0.0,17,130,138,8,113
4804,motor,motorboat,12.29,3.75,1.05,6.6,17,137,163,26,120
5373,small,motorboat,7.94,2.67,0.75,0.0,17,150,152,2,133
246,motor,motorboat,10.13,2.93,0.92,3.0,18,18,19,1,0
255,sail,sailboat,9.5,3.13,1.49,2.8,18,18,21,3,0
268,sail,sailboat,10.36,3.22,1.64,3.7,18,19,21,2,1
315,sail,sailboat,13.48,4.21,2.3,0.0,18,23,25,2,5
446,sail,sailboat,13.43,4.44,2.27,3.6,18,31,32,1,13
525,sail,sailboat,9.94,3.04,1.67,0.0,18,34,37,3,16
605,motor,motorboat,14.38,4.21,1.24,3.8,18,37,41,4,19
693,sail,sailboat,12.06,3.72,2.07,0.0,18,40,45,5,22
838,sail,sailboat,10.4,3.39,1.87,3.3,18,45,58,13,27
882,motor,motorboat,19.26,5.66,1.84,6.1,18,47,71,24,29
909,sail,sailboat,16.74,5.31,2.86,7.5,18,48,54,6,30
1038,small,motorboat,8.1,2.69,0.83,2.1,18,53,54,1,35
1496,super,yacht,22.09,6.24,2.59,35.5,18,67,69,2,49
1725,small,motorboat,8.51,2.9,0.9,3.5,18,73,74,1,55
2378,motor,motorboat,16.62,4.95,1.7,6.1,18,88,98,10,70
4596,sail,sailboat,13.22,4.48,2.42,5.3,18,134,139,5,116
260,sail,sailboat,13.39,4.16,2.07,3.9,19,19,32,13,0
262,motor,motorboat,14.95,4.53,1.37,6.6,19,19,22,3,0
275,sail,sailboat,15.6,4.99,2.44,8.3,19,20,23,3,1
284,sail,sailboat,9.5,3.14,1.66,2.4,19,20,38,18,1
405,sail,sailboat,12.52,4.06,2.01,4.6,19,29,32,3,10
422,sail,sailboat,13.68,4.19,2.38,4.2,19,30,31,1,11
424,sail,sailboat,15.51,5.05,2.77,7.2,19,30,32,2,11
503,sail,sailboat,17.0,5.72,2.81,8.3,19,33,40,7,14
505,sail,sailboat,11.8,3.72,1.96,0.0,19,33,37,4,14
1081,motor,motorboat,18.21,5.26,1.7,7.3,19,55,56,1,36
1106,sail,sailboat,16.22,5.46,2.6,13.9,19,56,60,4,37
1772,super,yacht,22.25,6.28,2.94,0.0,19,74,76,2,55
281,sail,sailboat,13.09,4.04,2.34,5.3,20,20,23,3,0
291,small,motorboat,6.86,2.47,0.67,0.0,20,21,31,10,1
292,sail,sailboat,11.36,3.61,1.87,6.8,20,21,24,3,1
306,motor,motorboat,12.02,3.54,1.2,6.5,20,22,25,3,2
308,sail,sailboat,14.24,4.32,2.23,0.0,20,22,27,5,2
320,sail,sailboat,12.85,4.31,2.3,7.0,20,23,24,1,3
335,sail,sailboat,15.32,4.77,2.37,12.3,20,24,27,3,4
396,super,yacht,28.95,7.92,3.25,14.5,20,28,29,1,8
409,sail,sailboat,9.5,2.96,1.56,0.0,20,29,33,4,9
426,small,motorboat,8.25,2.65,0.84,2.4,20,30,32,2,10
443,motor,motorboat,19.47,5.9,1.73,7.9,20,31,34,3,11
493,motor,motorboat,14.71,4.36,1.38,4.2,20,33,36,3,13
502,sail,sailboat,13.74,4.35,2.38,0.0,20,33,34,1,13
506,motor,motorboat,11.88,3.7,1.21,6.5,20,33,34,1,13
510,sail,sailboat,16.05,5.37,2.57,12.4,20,34,38,4,14
534,super,yacht,24.12,6.76,2.97,39.5,20,34,37,3,14
754,motor,motorboat,11.65,3.46,1.16,4.7,20,42,43,1,22
782,motor,motorboat,21.77,6.18,2.15,27.9,20,44,47,3,24
840,sail,sailboat,13.8,4.36,2.55,3.7,20,45,46,1,25
1042,sail,sailboat,14.23,4.7,2.22,5.0,20,53,60,7,33
1354,sail,sailboat,10.14,3.35,1.87,6.7,20,64,67,3,44
1430,sail,sailboat,14.46,4.68,2.28,4.7,20,66,72,6,46
1691,motor,motorboat,22.0,6.61,2.04,20.0,20,72,79,7,52
1842,small,motorboat,9.15,2.99,0.96,3.5,20,75,77,2,55
2877,sail,sailboat,11.95,4.05,2.17,5.4,20,99,101,2,79
4323,small,motorboat,8.09,2.91,0.87,2.6,20,129,130,1,109
4388,super,yacht,27.61,7.2,3.03,22.5,20,130,137,7,110
5867,sail,sailboat,11.93,3.64,2.0,6.3,20,162,164,2,142
297,small,motorboat,7.82,2.52,0.72,2.1,21,21,24,3,0
302,sail,sailboat,14.71,4.66,2.63,0.0,21,22,23,1,1
312,sail,sailboat,11.56,3.83,1.88,3.4,21,22,24,2,1
323,sail,sailboat,9.5,3.03,1.54,2.8,21,24,26,2,3
355,motor,motorboat,18.01,5.51,1.7,0.0,21,25,29,4,4
369,motor,motorboat,13.77,4.09,1.36,3.8,21,26,27,1,5
403,super,yacht,23.25,5.96,2.99,15.7,21,29,32,3,8
419,sail,sailboat,11.47,3.64,1.74,4.9,21,30,31,1,9
427,small,motorboat,6.64,2.2,0.62,2.7,21,30,33,3,9
448,small,motorboat,6.04,2.14,0.54,2.3,21,31,32,1,10
453,small,motorboat,7.31,2.42,0.8,0.0,21,31,32,1,10
479,sail,sailboat,10.75,3.28,1.71,4.0,21,32,35,3,11
688,motor,motorboat,16.32,4.89,1.58,13.9,21,40,46,6,19
831,sail,sailboat,14.37,4.5,2.6,4.7,21,45,46,1,24
946,sail,sailboat,15.03,4.74,2.44,13.3,21,50,51,1,29
1054,super,yacht,23.8,6.28,2.88,28.9,21,54,56,2,33
1580,small,motorboat,6.42,2.18,0.65,0.0,21,69,71,2,48
1619,small,motorboat,7.81,2.67,0.78,3.2,21,70,82,12,49
1720,sail,sailboat,16.5,5.32,2.62,0.0,21,73,84,11,52
1920,sail,sailboat,12.69,4.16,1.93,0.0,21,78,83,5,57
2119,sail,sailboat,13.8,4.21,2.31,0.0,21,82,83,1,61
2229,small,motorboat,8.35,2.74,0.9,0.0,21,85,88,3,64
303,sail,sailboat,12.54,4.17,2.31,3.3,22,22,24,2,0
317,sail,sailboat,16.44,5.07,2.59,11.1,22,23,28,5,1
318,small,motorboat,6.96,2.31,0.76,3.2,22,23,24,1,1
336,small,motorboat,7.39,2.6,0.72,0.0,22,24,28,4,2
339,sail,sailboat,10.54,3.21,1.84,6.2,22,24,28,4,2
340,sail,sailboat,15.05,4.89,2.41,9.5,22,24,26,2,2
392,sail,sailboat,15.96,4.97,2.79,12.7,22,28,29,1,6
433,sail,sailboat,12.04,3.63,2.17,4.6,22,31,34,3,9
447,sail,sailboat,14.57,4.71,2.41,0.0,22,31,37,6,9
528,sail,sailboat,10.54,3.43,1.84,0.0,22,34,39,5,12
535,motor,motorboat,17.06,4.99,1.75,6.7,22,35,40,5,13
537,sail,sailboat,12.53,3.88,2.3,4.2,22,35,38,3,13
985,super,yacht,21.95,6.09,2.47,37.3,22,52,53,1,30
1181,motor,motorboat,11.94,3.36,1.24,3.2,22,59,71,12,37
1273,sail,sailboat,14.36,4.68,2.15,6.1,22,62,67,5,40
1288,sail,sailboat,13.89,4.24,2.22,3.9,22,62,69,7,40
1362,motor,motorboat,16.0,4.48,1.5,0.0,22,64,66,2,42
1649,sail,sailboat,10.33,3.22,1.7,0.0,22,71,75,4,49
1874,sail,sailboat,13.1,3.95,2.14,6.9,22,76,81,5,54
2027,small,motorboat,7.04,2.49,0.77,2.6,22,80,86,6,58
5822,sail,sailboat,11.44,3.55,1.8,3.7,22,161,163,2,139
328,motor,motorboat,13.91,3.86,1.33,3.7,23,24,25,1,1
330,sail,sailboat,10.46,3.38,1.83,0.0,23,24,30,6,1
359,motor,motorboat,16.82,4.77,1.62,11.0,23,25,31,6,2
386,sail,sailboat,10.99,3.48,1.64,6.9,23,28,42,14,5
492,sail,sailboat,9.78,3.07,1.56,0.0,23,33,47,14,10
498,small,motorboat,6.24,2.11,0.57,2.6,23,33,48,15,10
514,sail,sailboat,12.34,4.1,1.97,3.2,23,34,37,3,11
533,super,yacht,20.15,5.7,2.58,23.9,23,34,35,1,11
563,motor,motorboat,12.76,3.93,1.25,3.3,23,36,37,1,13
582,motor,motorboat,10.0,2.84,0.9,5.9,23,37,62,25,14
589,sail,sailboat,11.84,3.71,1.79,0.0,23,37,39,2,14
1229,super,yacht,26.08,7.23,3.1,38.9,23,60,62,2,37
1271,motor,motorboat,13.03,3.64,1.16,5.2,23,62,65,3,39
1446,sail,sailboat,12.15,3.68,1.93,4.7,23,66,70,4,43
3054,motor,motorboat,19.01,5.72,1.95,6.6,23,102,105,3,79
4628,small,motorboat,9.28,3.23,0.9,0.0,23,134,139,5,111
5221,super,yacht,24.93,6.46,2.94,22.8,23,146,153,7,123
329,motor,motorboat,15.23,4.4,1.37,10.7,24,24,36,12,0
353,motor,motorboat,17.16,5.24,1.7,12.4,24,25,26,1,1
384,small,motorboat,8.09,2.86,0.78,2.2,24,28,31,3,4
398,sail,sailboat,12.68,4.22,2.29,5.5,24,29,30,1,5
420,motor,motorboat,14.81,4.37,1.38,3.7,24,30,31,1,6
434,small,motorboat,7.5,2.48,0.73,2.3,24,31,34,3,7
465,sail,sailboat,13.77,4.56,2.06,0.0,24,32,35,3,8
504,small,motorboat,6.36,2.21,0.63,0.0,24,33,40,7,9
575,motor,motorboat,13.47,3.74,1.41,0.0,24,36,39,3,12
628,motor,motorboat,14.6,4.27,1.37,0.0,24,38,41,3,14
629,small,motorboat,8.62,2.8,0.79,0.0,24,38,39,1,14
878,sail,sailboat,11.45,3.85,2.06,4.3,24,47,61,14,23
1149,super,yacht,23.88,6.68,3.15,14.0,24,58,59,1,34
1237,sail,sailboat,13.24,4.4,2.06,4.6,24,61,64,3,37
1455,sail,sailboat,12.87,4.29,2.13,5.2,24,66,67,1,42
1518,sail,sailboat,11.12,3.39,1.84,4.8,24,67,74,7,43
1566,small,motorboat,7.09,2.41,0.74,2.3,24,68,73,5,44
5416,sail,sailboat,11.9,3.69,2.06,5.7,24,150,162,12,126
351,sail,sailboat,12.95,4.31,2.03,5.0,25,25,28,3,0
354,sail,sailboat,11.34,3.69,1.97,6.2,25,25,27,2,0
357,motor,motorboat,17.59,5.01,1.71,7.4,25,25,32,7,0
362,sail,sailboat,11.05,3.67,1.72,4.2,25,25,36,11,0
363,sail,sailboat,14.02,4.71,2.26,5.9,25,26,28,2,1
364,small,motorboat,8.7,3.04,0.86,2.9,25,26,27,1,1
375,sail,sailboat,15.2,4.57,2.55,8.2,25,27,29,2,2
376,sail,sailboat,10.66,3.27,1.95,5.7,25,27,52,25,2
416,motor,motorboat,13.56,4.1,1.43,4.3,25,30,32,2,5
437,sail,sailboat,15.13,4.6,2.57,8.2,25,31,55,24,6
459,sail,sailboat,15.11,4.7,2.75,0.0,25,31,34,3,6
488,sail,sailboat,12.06,3.91,1.85,0.0,25,32,33,1,7
554,sail,sailboat,11.25,3.44,1.69,6.9,25,35,37,2,10
571,motor,motorboat,13.86,4.16,1.42,6.0,25,36,37,1,11
579,sail,sailboat,9.5,3.17,1.69,0.0,25,36,43,7,11
591,motor,motorboat,18.48,5.76,1.84,12.2,25,37,57,20,12
837,sail,sailboat,10.94,3.44,1.93,0.0,25,45,50,5,20
983,motor,motorboat,15.7,4.59,1.55,0.0,25,52,53,1,27
1177,sail,sailboat,11.53,3.75,1.92,0.0,25,59,63,4,34
1487,sail,sailboat,14.34,4.37,2.38,6.6,25,67,70,3,42
1856,motor,motorboat,17.43,5.27,1.65,0.0,25,76,87,11,51
1932,super,yacht,26.67,6.8,2.94,28.9,25,78,80,2,53
2059,motor,motorboat,17.49,5.07,1.55,13.1,25,81,84,3,56
2139,motor,motorboat,15.88,4.61,1.54,13.4,25,83,85,2,58
3227,motor,motorboat,16.73,5.02,1.5,7.1,25,106,112,6,81
5200,sail,sailboat,15.12,4.8,2.79,13.3,25,146,152,6,121
367,small,motorboat,7.47,2.42,0.75,0.0,26,26,31,5,0
372,motor,motorboat,14.64,4.51,1.39,6.6,26,26,33,7,0
461,motor,motorboat,19.09,5.78,1.99,7.6,26,32,39,7,6
466,sail,sailboat,14.28,4.7,2.24,6.8,26,32,33,1,6
507,sail,sailboat,14.57,4.61,2.36,6.0,26,33,39,6,7
556,sail,sailboat,9.5,3.06,1.58,2.2,26,35,42,7,9
585,small,motorboat,6.31,2.11,0.69,0.0,26,37,47,10,11
611,sail,sailboat,17.0,5.54,2.88,10.7,26,38,39,1,12
642,sail,sailboat,9.5,2.87,1.5,2.1,26,39,41,2,13
646,motor,motorboat,13.86,4.17,1.38,5.7,26,39,41,2,13
663,motor,motorboat,17.82,5.33,1.62,11.6,26,39,40,1,13
684,sail,sailboat,14.46,4.59,2.27,0.0,26,40,43,3,14
834,sail,sailboat,11.58,3.84,2.01,4.4,26,45,47,2,19
860,super,yacht,25.48,6.76,2.79,24.8,26,46,54,8,20
1169,sail,sailboat,14.72,4.75,2.26,6.0,26,59,60,1,33
1227,motor,motorboat,13.99,4.08,1.25,0.0,26,60,67,7,34
1324,small,motorboat,9.4,3.09,0.94,0.0,26,63,66,3,37
1359,sail,sailboat,13.5,4.48,2.33,0.0,26,64,66,2,38
1370,sail,sailboat,17.0,5.2,2.86,0.0,26,64,67,3,38
1910,motor,motorboat,13.69,4.23,1.22,3.5,26,77,79,2,51
2212,motor,motorboat,16.5,5.09,1.72,8.4,26,85,93,8,59
2260,motor,motorboat,14.38,4.45,1.42,4.1,26,86,89,3,60
2523,super,yacht,21.19,6.04,2.83,32.0,26,92,95,3,66
3151,sail,sailboat,15.14,4.75,2.45,0.0,26,104,106,2,78
3831,super,yacht,22.84,6.02,2.98,22.7,26,118,120,2,92
5209,super,yacht,20.55,5.74,2.44,24.3,26,146,149,3,120
5936,super,yacht,23.59,6.23,2.86,23.1,26,164,175,11,138
377,motor,motorboat,13.19,3.72,1.35,5.1,27,27,30,3,0
380,sail,sailboat,13.21,4.44,2.37,6.8,27,27,32,5,0
402,motor,motorboat,11.22,3.17,0.99,4.1,27,29,34,5,2
408,small,motorboat,7.76,2.72,0.71,0.0,27,29,31,2,2
440,super,yacht,23.34,6.07,2.7,26.3,27,31,32,1,4
441,motor,motorboat,11.56,3.27,1.13,4.5,27,31,38,7,4
452,sail,sailboat,13.38,4.05,2.27,0.0,27,31,35,4,4
458,motor,motorboat,14.35,4.05,1.25,5.4,27,31,34,3,4
475,small,motorboat,8.44,2.78,0.84,2.2,27,32,36,4,5
499,motor,motorboat,10.0,2.93,0.91,0.0,27,33,34,1,6
501,sail,sailboat,9.5,2.98,1.71,3.3,27,33,35,2,6
509,motor,motorboat,11.12,3.33,1.16,4.4,27,34,46,12,7
620,sail,sailboat,12.16,3.93,2.04,4.0,27,38,40,2,11
632,motor,motorboat,16.68,4.96,1.71,12.1,27,38,39,1,11
636,sail,sailboat,13.08,4.41,2.24,3.6,27,38,39,1,11
673,motor,motorboat,13.34,4.12,1.32,6.7,27,40,46,6,13
687,motor,motorboat,15.45,4.71,1.37,0.0,27,40,42,2,13
803,sail,sailboat,11.71,3.63,1.84,3.1,27,45,56,11,18
823,sail,sailboat,15.37,4.78,2.57,7.7,27,45,49,4,18
954,motor,motorboat,15.29,4.65,1.59,8.2,27,50,60,10,23
1231,sail,sailboat,13.9,4.22,2.2,5.7,27,61,66,5,34
1238,super,yacht,24.81,6.93,3.12,16.0,27,61,63,2,34
1729,super,yacht,23.4,6.14,2.67,32.9,27,73,85,12,46
1763,small,motorboat,8.24,2.76,0.8,0.0,27,74,75,1,47
1960,motor,motorboat,14.26,4.18,1.48,4.3,27,79,81,2,52
1962,super,yacht,26.87,7.5,3.17,21.1,27,79,80,1,52
2075,motor,motorboat,13.07,3.63,1.32,5.2,27,81,84,3,54
2082,super,yacht,24.66,6.41,3.11,35.0,27,81,83,2,54
2088,sail,sailboat,12.34,3.85,2.01,3.5,27,81,83,2,54
2093,super,yacht,25.94,6.93,3.19,16.4,27,81,86,5,54
3036,small,motorboat,6.13,2.13,0.68,2.2,27,102,110,8,75
4389,small,motorboat,8.97,3.15,0.99,0.0,27,130,135,5,103
5040,super,yacht,27.54,7.07,3.12,18.9,27,143,144,1,116
5442,sail,sailboat,11.12,3.65,2.02,5.5,27,151,154,3,124
388,sail,sailboat,12.56,4.23,1.92,0.0,28,28,42,14,0
391,sail,sailboat,13.82,4.36,2.25,4.1,28,28,31,3,0
404,sail,sailboat,14.48,4.52,2.5,3.8,28,29,38,9,1
411,sail,sailboat,11.45,3.58,1.84,4.7,28,30,32,2,2
429,sail,sailboat,12.63,4.22,1.92,4.3,28,30,35,5,2
456,sail,sailboat,13.59,4.37,2.26,3.2,28,31,36,5,3
473,motor,motorboat,15.76,4.93,1.42,11.5,28,32,33,1,4
522,motor,motorboat,18.36,5.71,1.65,10.2,28,34,40,6,6
523,sail,sailboat,12.99,3.94,1.96,0.0,28,34,60,26,6
546,small,motorboat,8.69,3.13,0.93,3.1,28,35,37,2,7
593,small,motorboat,9.41,3.27,1.05,3.3,28,37,44,7,9
598,sail,sailboat,10.01,3.1,1.68,0.0,28,37,39,2,9
649,sail,sailboat,15.62,4.97,2.87,0.0,28,39,41,2,11
657,small,motorboat,7.48,2.45,0.78,2.3,28,39,44,5,11
659,motor,motorboat,15.44,4.49,1.58,9.9,28,39,41,2,11
675,motor,motorboat,12.31,3.52,1.06,5.6,28,40,46,6,12
682,motor,motorboat,18.97,5.9,1.7,6.1,28,40,42,2,12
686,sail,sailboat,11.91,3.9,1.93,3.6,28,40,45,5,12
737,small,motorboat,9.07,3.01,0.95,2.6,28,42,52,10,14
821,super,yacht,21.81,6.02,2.61,28.3,28,45,48,3,17
859,sail,sailboat,14.89,4.5,2.47,0.0,28,46,49,3,18
863,sail,sailboat,12.7,3.84,2.25,3.2,28,46,75,29,18
916,sail,sailboat,16.3,5.35,2.8,11.7,28,48,65,17,20
998,small,motorboat,6.38,2.22,0.63,0.0,28,52,60,8,24
1421,motor,motorboat,22.0,6.67,2.01,34.1,28,66,69,3,38
1423,motor,motorboat,16.17,4.54,1.65,10.2,28,66,67,1,38
1592,motor,motorboat,17.87,5.38,1.87,13.3,28,69,82,13,41
1731,sail,sailboat,12.69,3.92,2.29,5.6,28,73,75,2,45
3025,small,motorboat,8.34,2.87,0.93,0.0,28,101,115,14,73
4478,motor,motorboat,14.64,4.51,1.41,4.2,28,131,136,5,103
4786,super,yacht,23.65,6.62,2.71,39.3,28,137,140,3,109
5823,sail,sailboat,11.69,3.52,2.11,6.5,28,161,164,3,133
410,sail,sailboat,12.57,4.1,1.91,3.8,29,30,33,3,1
415,motor,motorboat,13.44,3.8,1.43,5.0,29,30,33,3,1
428,sail,sailboat,11.83,3.95,2.01,3.3,29,30,33,3,1
439,sail,sailboat,11.48,3.79,1.94,5.3,29,31,45,14,2
444,sail,sailboat,10.09,3.17,1.54,6.3,29,31,34,3,2
449,small,motorboat,6.56,2.23,0.63,2.0,29,31,32,1,2
451,motor,motorboat,11.03,3.08,1.1,3.5,29,31,32,1,2
484,sail,sailboat,12.94,3.96,2.11,6.6,29,32,36,4,3
527,sail,sailboat,14.97,4.7,2.73,0.0,29,34,45,11,5
645,small,motorboat,7.23,2.31,0.68,0.0,29,39,41,2,10
655,sail,sailboat,13.71,4.53,2.42,5.0,29,39,42,3,10
746,sail,sailboat,12.63,4.2,1.92,4.0,29,42,47,5,13
768,small,motorboat,7.04,2.43,0.66,0.0,29,43,54,11,14
777,sail,sailboat,13.62,4.45,2.16,0.0,29,43,45,2,14
779,motor,motorboat,16.88,4.96,1.75,8.7,29,44,47,3,15
858,small,motorboat,7.98,2.65,0.81,0.0,29,46,53,7,17
934,sail,sailboat,14.68,4.69,2.29,3.6,29,49,53,4,20
1167,sail,sailboat,13.58,4.39,2.33,6.8,29,59,81,22,30
1176,small,motorboat,7.43,2.38,0.78,3.2,29,59,62,3,30
1189,motor,motorboat,20.39,6.35,1.86,33.8,29,59,67,8,30
1263,motor,motorboat,18.63,5.38,1.87,10.5,29,61,65,4,32
1313,sail,sailboat,14.43,4.4,2.23,0.0,29,63,65,2,34
1345,sail,sailboat,15.03,4.99,2.32,0.0,29,64,65,1,35
1516,motor,motorboat,17.58,5.36,1.83,10.3,29,67,68,1,38
1553,sail,sailboat,12.03,4.01,2.17,0.0,29,68,74,6,39
1574,motor,motorboat,12.28,3.83,1.08,5.0,29,69,72,3,40
1713,super,yacht,25.19,6.44,3.22,16.5,29,73,75,2,44
1765,sail,sailboat,14.28,4.49,2.15,0.0,29,74,75,1,45
1995,sail,sailboat,9.5,3.13,1.43,0.0,29,79,81,2,50
2196,super,yacht,27.5,7.28,3.44,20.1,29,84,85,1,55
2372,small,motorboat,6.97,2.34,0.71,0.0,29,88,89,1,59
3419,sail,sailboat,11.88,4.01,1.96,5.3,29,109,111,2,80
5254,super,yacht,23.27,5.97,2.78,18.4,29,147,159,12,118
5700,small,motorboat,8.4,2.72,0.81,0.0,29,157,161,4,128
421,sail,sailboat,9.5,3.18,1.6,0.0,30,30,32,2,0
423,sail,sailboat,17.0,5.34,3.03,12.8,30,30,33,3,0
425,motor,motorboat,20.17,5.86,1.95,38.4,30,30,54,24,0
430,sail,sailboat,13.29,4.01,2.3,5.1,30,30,32,2,0
445,motor,motorboat,15.08,4.7,1.38,0.0,30,31,40,9,1
460,motor,motorboat,18.58,5.4,1.61,0.0,30,31,33,2,1
463,motor,motorboat,22.0,6.53,1.96,24.3,30,32,35,3,2
468,sail,sailboat,12.71,4.13,2.3,5.0,30,32,34,2,2
482,motor,motorboat,15.1,4.72,1.57,0.0,30,32,53,21,2
483,sail,sailboat,11.11,3.37,2.02,6.3,30,32,42,10,2
489,sail,sailboat,15.33,4.85,2.43,7.9,30,32,44,12,2
495,motor,motorboat,15.68,4.45,1.65,7.6,30,33,34,1,3
553,motor,motorboat,19.39,5.65,1.98,11.0,30,35,40,5,5
565,super,yacht,21.5,6.06,2.39,27.7,30,36,37,1,6
590,motor,motorboat,13.87,3.99,1.26,6.5,30,37,39,2,7
633,small,motorboat,9.42,3.38,1.02,0.0,30,38,39,1,8
644,motor,motorboat,10.0,3.04,1.0,0.0,30,39,42,3,9
661,sail,sailboat,15.52,4.91,2.37,11.4,30,39,41,2,9
676,motor,motorboat,13.94,4.19,1.26,3.5,30,40,41,1,10
695,small,motorboat,7.34,2.62,0.75,2.7,30,40,43,3,10
713,sail,sailboat,11.91,3.72,1.87,6.9,30,41,42,1,11
728,motor,motorboat,13.94,4.27,1.47,5.2,30,42,51,9,12
765,sail,sailboat,11.1,3.49,1.95,6.7,30,43,45,2,13
787,super,yacht,22.55,5.89,2.65,20.6,30,44,49,5,14
815,sail,sailboat,13.1,4.33,2.04,0.0,30,45,46,1,15
1034,super,yacht,28.48,7.43,3.33,12.1,30,53,54,1,23
1110,super,yacht,22.03,5.68,2.87,34.9,30,56,62,6,26
1151,motor,motorboat,10.0,3.03,1.06,3.7,30,58,59,1,28
1304,sail,sailboat,10.86,3.36,1.87,3.6,30,63,69,6,33
1356,motor,motorboat,18.82,5.35,1.75,13.9,30,64,70,6,34
1589,motor,motorboat,11.14,3.28,1.14,3.7,30,69,71,2,39
1915,motor,motorboat,19.96,5.81,1.82,7.9,30,77,79,2,47
1938,sail,sailboat,13.13,4.08,2.2,3.4,30,78,87,9,48
1969,super,yacht,28.36,7.67,3.73,40.0,30,79,82,3,49
2000,super,yacht,27.81,7.61,3.02,29.6,30,80,102,22,50
2298,motor,motorboat,15.51,4.67,1.41,11.7,30,87,88,1,57
2444,sail,sailboat,12.72,4.04,2.17,3.5,30,90,92,2,60
2447,small,motorboat,8.42,2.87,0.8,2.1,30,90,93,3,60
3472,super,yacht,28.1,7.56,3.69,12.7,30,111,117,6,81
3686,sail,sailboat,15.43,4.91,2.78,6.8,30,115,116,1,85
5223,motor,motorboat,14.88,4.19,1.5,4.0,30,146,153,7,116
432,small,motorboat,6.22,2.19,0.69,2.2,31,31,33,2,0
435,motor,motorboat,10.88,3.06,0.93,5.8,31,31,39,8,0
450,sail,sailboat,14.1,4.75,2.39,5.0,31,31,61,30,0
454,sail,sailboat,9.83,3.05,1.48,2.7,31,31,42,11,0
469,super,yacht,27.87,7.12,3.38,23.4,31,32,34,2,1
470,small,motorboat,7.66,2.73,0.7,2.7,31,32,42,10,1
472,motor,motorboat,14.47,4.27,1.32,4.4,31,32,33,1,1
481,small,motorboat,7.51,2.58,0.72,0.0,31,32,35,3,1
490,sail,sailboat,13.49,4.1,2.02,6.2,31,32,33,1,1
496,motor,motorboat,18.39,5.22,1.78,10.5,31,33,35,2,2
625,sail,sailboat,11.82,3.7,2.11,4.4,31,38,41,3,7
683,sail,sailboat,13.39,4.4,2.16,4.6,31,40,48,8,9
705,motor,motorboat,10.37,3.17,0.98,5.6,31,41,48,7,10
711,motor,motorboat,11.03,3.07,1.15,0.0,31,41,48,7,10
753,sail,sailboat,12.25,4.09,1.99,5.6,31,42,45,3,11
804,sail,sailboat,12.16,3.92,1.91,6.7,31,45,47,2,14
911,super,yacht,24.77,6.43,3.18,37.3,31,48,66,18,17
1059,motor,motorboat,13.51,3.92,1.17,3.9,31,54,57,3,23
1203,sail,sailboat,11.98,3.91,1.95,5.6,31,60,70,10,29
1425,super,yacht,28.95,7.96,3.57,18.0,31,66,73,7,35
1646,motor,motorboat,18.33,5.13,1.89,9.1,31,71,72,1,40
3728,super,yacht,23.62,6.71,3.08,24.3,31,115,116,1,84
4275,motor,motorboat,16.02,4.63,1.67,13.2,31,128,129,1,97
462,sail,sailboat,15.31,4.75,2.4,7.6,32,32,36,4,0
471,sail,sailboat,13.04,4.36,2.0,5.0,32,32,33,1,0
487,sail,sailboat,14.09,4.68,2.24,5.7,32,32,39,7,0
500,super,yacht,22.32,6.06,2.45,16.6,32,33,39,6,1
513,sail,sailboat,9.5,3.1,1.7,2.9,32,34,39,5,2
521,super,yacht,22.12,5.85,2.43,22.9,32,34,42,8,2
530,sail,sailboat,15.25,4.83,2.66,13.1,32,34,36,2,2
532,motor,motorboat,20.24,5.86,1.87,19.7,32,34,38,4,2
567,small,motorboat,8.88,2.9,0.86,0.0,32,36,38,2,4
626,small,motorboat,8.57,2.78,0.93,2.6,32,38,40,2,6
662,motor,motorboat,14.63,4.17,1.35,3.0,32,39,40,1,7
681,sail,sailboat,12.37,4.1,1.88,0.0,32,40,42,2,8
694,super,yacht,23.1,6.32,3.07,28.5,32,40,47,7,8
707,motor,motorboat,13.66,4.13,1.38,4.2,32,41,43,2,9
733,sail,sailboat,10.7,3.34,1.63,5.1,32,42,45,3,10
752,motor,motorboat,14.97,4.29,1.53,0.0,32,42,45,3,10
756,small,motorboat,8.62,2.77,0.95,3.1,32,43,46,3,11
758,sail,sailboat,14.01,4.71,2.37,6.3,32,43,45,2,11
820,motor,motorboat,12.78,3.85,1.11,5.2,32,45,46,1,13
836,small,motorboat,6.52,2.21,0.68,0.0,32,45,63,18,13
850,motor,motorboat,11.91,3.55,1.26,4.5,32,46,50,4,14
857,sail,sailboat,15.09,5.06,2.7,10.3,32,46,67,21,14
869,sail,sailboat,13.44,4.08,2.18,5.3,32,46,48,2,14
910,small,motorboat,6.92,2.23,0.72,2.8,32,48,53,5,16
1108,motor,motorboat,16.81,4.8,1.64,8.7,32,56,57,1,24
1193,sail,sailboat,13.65,4.13,2.11,6.2,32,59,63,4,27
1393,sail,sailboat,13.91,4.66,2.24,0.0,32,65,68,3,33
1575,motor,motorboat,10.0,3.06,0.98,0.0,32,69,70,1,37
1841,super,yacht,20.8,5.56,2.69,13.7,32,75,80,5,43
2097,motor,motorboat,19.78,5.93,1.81,0.0,32,82,87,5,50
2287,small,motorboat,6.74,2.33,0.66,3.5,32,87,98,11,55
2340,sail,sailboat,12.1,3.71,1.87,0.0,32,88,102,14,56
2540,sail,sailboat,15.6,5.09,2.54,0.0,32,92,99,7,60
491,super,yacht,21.05,5.72,2.53,17.5,33,33,34,1,0
494,sail,sailboat,12.75,3.99,2.04,4.8,33,33,35,2,0
508,motor,motorboat,13.93,4.31,1.42,4.3,33,33,46,13,0
511,motor,motorboat,10.0,3.1,1.06,5.8,33,34,36,2,1
519,sail,sailboat,11.9,3.64,1.85,6.5,33,34,38,4,1
543,sail,sailboat,15.31,5.12,2.67,6.6,33,35,41,6,2
603,motor,motorboat,14.84,4.56,1.37,6.6,33,37,39,2,4
690,sail,sailboat,13.08,4.01,2.15,3.3,33,40,63,23,7
720,sail,sailboat,13.96,4.55,2.34,6.6,33,41,47,6,8
724,motor,motorboat,17.16,4.81,1.63,11.5,33,42,44,2,9
781,sail,sailboat,13.02,4.27,2.26,5.7,33,44,57,13,11
783,sail,sailboat,13.22,3.99,2.24,4.3,33,44,62,18,11
784,motor,motorboat,15.56,4.5,1.51,0.0,33,44,72,28,11
817,super,yacht,20.23,5.34,2.28,14.3,33,45,54,9,12
915,motor,motorboat,21.77,6.7,1.97,34.9,33,48,70,22,15
1154,small,motorboat,7.19,2.53,0.67,2.4,33,58,60,2,25
1505,motor,motorboat,16.15,4.63,1.42,13.5,33,67,80,13,34
1507,motor,motorboat,10.86,3.1,0.94,5.4,33,67,70,3,34
1871,super,yacht,26.82,6.85,2.94,30.9,33,76,77,1,43
1919,motor,motorboat,15.23,4.33,1.39,0.0,33,78,81,3,45
1959,motor,motorboat,13.77,4.31,1.32,6.0,33,79,81,2,46
2568,motor,motorboat,10.0,2.97,0.98,6.0,33,93,98,5,60
2697,small,motorboat,8.18,2.68,0.77,2.3,33,95,101,6,62
3046,super,yacht,20.05,5.37,2.23,26.5,33,102,105,3,69
4390,super,yacht,20.17,5.32,2.49,15.6,33,130,131,1,97
5190,sail,sailboat,17.0,5.5,2.91,8.5,33,145,148,3,112
512,motor,motorboat,17.69,5.09,1.56,12.2,34,34,39,5,0
515,small,motorboat,6.87,2.27,0.65,0.0,34,34,37,3,0
516,sail,sailboat,14.51,4.84,2.61,4.6,34,34,35,1,0
517,sail,sailboat,16.66,5.43,2.99,10.9,34,34,36,2,0
524,motor,motorboat,20.0,5.83,1.84,0.0,34,34,36,2,0
531,sail,sailboat,11.66,3.8,1.99,5.6,34,34,36,2,0
550,sail,sailboat,13.29,4.3,2.42,0.0,34,35,38,3,1
555,small,motorboat,7.33,2.47,0.75,2.5,34,35,45,10,1
559,motor,motorboat,12.14,3.41,1.12,3.5,34,36,45,9,2
566,sail,sailboat,14.36,4.83,2.47,3.7,34,36,41,5,2
572,small,motorboat,8.92,2.86,0.89,2.5,34,36,41,5,2
574,small,motorboat,9.24,3.32,1.02,0.0,34,36,38,2,2
580,motor,motorboat,11.73,3.58,1.03,3.2,34,36,38,2,2
617,super,yacht,27.11,7.03,3.01,20.8,34,38,41,3,4
669,sail,sailboat,14.13,4.51,2.61,3.7,34,39,41,2,5
678,motor,motorboat,16.43,4.76,1.57,8.4,34,40,45,5,6
692,sail,sailboat,9.5,3.1,1.65,0.0,34,40,47,7,6
718,small,motorboat,6.14,2.14,0.69,3.5,34,41,54,13,7
721,small,motorboat,9.02,3.16,0.81,3.1,34,41,46,5,7
764,super,yacht,25.33,6.55,2.79,21.8,34,43,48,5,9
814,motor,motorboat,17.97,5.43,1.8,11.6,34,45,46,1,11
826,motor,motorboat,11.8,3.69,1.09,5.1,34,45,46,1,11
829,small,motorboat,7.89,2.71,0.79,3.0,34,45,48,3,11
835,sail,sailboat,13.75,4.28,2.51,0.0,34,45,48,3,11
862,motor,motorboat,15.84,4.49,1.45,8.9,34,46,74,28,12
866,sail,sailboat,13.1,4.41,2.23,0.0,34,46,48,2,12
873,small,motorboat,6.08,1.99,0.67,0.0,34,46,60,14,12
922,sail,sailboat,11.5,3.52,1.97,4.6,34,49,57,8,15
1628,small,motorboat,7.75,2.73,0.82,3.4,34,71,74,3,37
2572,sail,sailboat,11.09,3.37,1.83,0.0,34,93,106,13,59
2586,sail,sailboat,13.6,4.44,2.06,3.2,34,93,100,7,59
4214,motor,motorboat,10.0,2.88,0.86,4.9,34,126,127,1,92
4959,sail,sailboat,14.4,4.5,2.23,3.6,34,141,145,4,107
536,small,motorboat,6.38,2.23,0.62,2.6,35,35,45,10,0
541,small,motorboat,6.94,2.31,0.68,0.0,35,35,36,1,0
542,motor,motorboat,15.03,4.55,1.42,9.6,35,35,38,3,0
558,motor,motorboat,18.15,5.39,1.89,10.3,35,35,41,6,0
568,small,motorboat,8.11,2.74,0.76,2.6,35,36,43,7,1
595,small,motorboat,6.32,2.13,0.62,2.8,35,37,62,25,2
597,sail,sailboat,12.13,3.99,2.17,4.8,35,37,63,26,2
599,sail,sailboat,17.0,5.49,2.56,7.7,35,37,41,4,2
608,motor,motorboat,14.86,4.47,1.29,4.2,35,38,43,5,3
612,motor,motorboat,19.54,5.91,1.81,12.5,35,38,41,3,3
614,small,motorboat,6.34,2.08,0.57,3.0,35,38,41,3,3
656,motor,motorboat,16.02,4.9,1.39,11.6,35,39,45,6,4
668,sail,sailboat,12.68,4.16,1.98,4.1,35,39,42,3,4
727,motor,motorboat,16.98,5.08,1.48,10.0,35,42,48,6,7
731,sail,sailboat,16.14,5.41,2.71,7.6,35,42,44,2,7
735,sail,sailboat,10.22,3.22,1.86,6.7,35,42,47,5,7
742,motor,motorboat,10.0,2.92,0.95,4.9,35,42,63,21,7
846,motor,motorboat,16.45,5.06,1.61,7.0,35,46,49,3,11
847,sail,sailboat,15.14,4.83,2.26,9.3,35,46,47,1,11
894,motor,motorboat,10.71,3.25,1.08,5.0,35,47,61,14,12
897,sail,sailboat,15.21,4.61,2.8,7.7,35,48,49,1,13
919,motor,motorboat,19.16,5.58,1.8,11.0,35,49,53,4,14
941,sail,sailboat,13.59,4.26,2.43,3.3,35,50,75,25,15
948,small,motorboat,7.57,2.63,0.73,0.0,35,50,76,26,15
1060,sail,sailboat,14.9,4.53,2.24,6.7,35,54,58,4,19
1074,motor,motorboat,15.35,4.62,1.46,0.0,35,54,65,11,19
1340,sail,sailboat,12.68,4.1,1.95,0.0,35,64,70,6,29
1538,super,yacht,20.37,5.73,2.56,24.6,35,68,71,3,33
1715,small,motorboat,9.33,3.21,0.94,0.0,35,73,75,2,38
1721,sail,sailboat,9.5,2.96,1.74,0.0,35,73,75,2,38
2398,motor,motorboat,11.9,3.62,1.02,3.5,35,89,96,7,54
2723,super,yacht,27.03,6.88,3.21,15.6,35,95,99,4,60
3055,motor,motorboat,16.46,4.62,1.61,11.0,35,102,105,3,67
3246,motor,motorboat,17.34,5.0,1.52,12.2,35,107,113,6,72
4064,motor,motorboat,13.11,3.92,1.18,4.5,35,123,128,5,88
6226,motor,motorboat,13.09,3.96,1.19,5.0,35,172,174,2,137
6337,motor,motorboat,16.74,4.82,1.52,0.0,35,176,181,5,141
561,motor,motorboat,12.99,3.73,1.3,6.8,36,36,39,3,0
569,small,motorboat,7.01,2.31,0.64,2.2,36,36,37,1,0
573,small,motorboat,7.16,2.48,0.66,0.0,36,36,40,4,0
576,sail,sailboat,11.35,3.45,1.69,6.3,36,36,39,3,0
577,motor,motorboat,20.21,6.14,2.02,19.7,36,36,38,2,0
578,motor,motorboat,12.47,3.76,1.3,3.2,36,36,42,6,0
581,super,yacht,20.15,5.56,2.62,33.1,36,36,38,2,0
583,sail,sailboat,10.93,3.6,2.01,3.3,36,37,60,23,1
600,sail,sailboat,15.26,4.73,2.34,12.5,36,37,38,1,1
601,motor,motorboat,16.97,4.71,1.6,0.0,36,37,39,2,1
618,sail,sailboat,15.38,5.21,2.61,8.3,36,38,41,3,2
627,sail,sailboat,12.53,3.82,1.99,3.1,36,38,50,12,2
641,motor,motorboat,22.0,6.69,2.29,36.5,36,39,41,2,3
685,sail,sailboat,15.48,4.66,2.84,7.7,36,40,49,9,4
715,sail,sailboat,11.33,3.65,1.96,4.7,36,41,43,2,5
792,sail,sailboat,10.21,3.44,1.73,3.7,36,44,46,2,8
794,motor,motorboat,17.7,5.3,1.61,13.3,36,44,47,3,8
856,super,yacht,21.88,5.97,2.71,17.2,36,46,47,1,10
896,sail,sailboat,14.89,4.88,2.36,4.3,36,48,50,2,12
942,sail,sailboat,14.92,4.6,2.71,0.0,36,50,52,2,14
943,motor,motorboat,18.4,5.15,1.89,7.6,36,50,62,12,14
1656,motor,motorboat,13.97,4.3,1.34,0.0,36,71,73,2,35
1696,sail,sailboat,13.2,4.02,2.33,4.0,36,72,73,1,36
1785,sail,sailboat,15.62,5.06,2.48,6.4,36,74,77,3,38
1886,motor,motorboat,12.07,3.63,1.11,0.0,36,77,87,10,41
2489,super,yacht,25.9,7.26,2.91,27.4,36,91,105,14,55
2774,motor,motorboat,18.37,5.51,1.62,7.0,36,96,101,5,60
2897,motor,motorboat,14.78,4.22,1.35,4.1,36,99,102,3,63
5738,super,yacht,20.48,5.47,2.42,13.8,36,158,161,3,122
587,motor,motorboat,16.23,4.86,1.45,10.7,37,37,49,12,0
596,motor,motorboat,10.0,3.05,0.86,4.7,37,37,38,1,0
604,small,motorboat,8.82,3.16,0.94,0.0,37,37,39,2,0
621,motor,motorboat,13.39,4.11,1.15,3.9,37,38,40,2,1
623,sail,sailboat,17.0,5.6,2.91,6.8,37,38,39,1,1
650,sail,sailboat,11.32,3.43,1.74,0.0,37,39,46,7,2
651,motor,motorboat,17.82,5.14,1.79,9.7,37,39,46,7,2
652,sail,sailboat,14.72,4.5,2.24,6.1,37,39,46,7,2
744,sail,sailboat,13.9,4.32,2.36,3.8,37,42,47,5,5
844,sail,sailboat,11.45,3.76,1.88,0.0,37,46,50,4,9
899,motor,motorboat,10.0,2.94,0.97,3.7,37,48,49,1,11
906,motor,motorboat,18.56,5.6,1.92,7.0,37,48,65,17,11
1005,motor,motorboat,10.0,2.94,0.94,0.0,37,52,53,1,15
1224,small,motorboat,9.4,3.29,0.88,3.4,37,60,62,2,23
1289,motor,motorboat,17.58,5.1,1.65,9.9,37,62,64,2,25
1958,small,motorboat,8.7,3.04,0.93,2.9,37,79,103,24,42
2170,small,motorboat,7.6,2.49,0.75,2.0,37,84,85,1,47
2181,sail,sailboat,10.99,3.65,1.96,3.6,37,84,86,2,47
2502,sail,sailboat,14.8,4.6,2.57,4.0,37,91,96,5,54
2745,motor,motorboat,13.98,4.16,1.38,5.5,37,95,101,6,58
2835,small,motorboat,8.92,3.16,0.96,0.0,37,97,99,2,60
3487,motor,motorboat,14.4,4.02,1.34,0.0,37,111,113,2,74
5880,super,yacht,21.37,5.69,2.73,12.5,37,162,181,19,125
6326,super,yacht,24.18,6.38,3.01,28.1,37,175,181,6,138
610,sail,sailboat,13.03,4.07,2.08,3.1,38,38,41,3,0
613,small,motorboat,6.45,2.23,0.68,0.0,38,38,40,2,0
616,motor,motorboat,17.76,5.08,1.82,10.4,38,38,43,5,0
619,sail,sailboat,11.98,3.75,1.85,3.5,38,38,54,16,0
622,motor,motorboat,10.47,3.26,0.92,5.6,38,38,41,3,0
631,motor,motorboat,12.64,3.83,1.18,5.0,38,38,40,2,0
640,sail,sailboat,14.67,4.53,2.59,0.0,38,39,40,1,1
647,motor,motorboat,18.55,5.45,1.88,13.8,38,39,44,5,1
653,sail,sailboat,15.99,5.39,2.69,12.3,38,39,42,3,1
666,sail,sailboat,14.68,4.8,2.59,6.4,38,39,43,4,1
680,sail,sailboat,9.5,2.97,1.72,2.4,38,40,41,1,2
719,sail,sailboat,11.5,3.77,1.77,6.2,38,41,43,2,3
759,motor,motorboat,10.72,3.22,1.14,4.7,38,43,48,5,5
761,motor,motorboat,14.03,4.22,1.42,7.0,38,43,46,3,5
773,sail,sailboat,11.6,3.71,1.99,4.4,38,43,44,1,5
870,sail,sailboat,14.15,4.53,2.46,3.3,38,46,47,1,8
891,small,motorboat,7.01,2.25,0.77,0.0,38,47,48,1,9
947,sail,sailboat,12.73,4.0,2.29,3.8,38,50,53,3,12
963,small,motorboat,8.96,3.18,0.85,2.4,38,51,57,6,13
970,motor,motorboat,19.48,5.62,1.93,7.7,38,51,54,3,13
997,sail,sailboat,10.1,3.24,1.83,3.7,38,52,54,2,14
1006,motor,motorboat,13.87,3.88,1.43,5.0,38,52,58,6,14
1007,sail,sailboat,13.33,4.35,2.41,5.1,38,52,56,4,14
1197,sail,sailboat,9.5,2.88,1.42,2.9,38,59,60,1,21
1815,super,yacht,25.28,6.66,3.17,33.3,38,75,82,7,37
2054,sail,sailboat,9.5,3.02,1.69,0.0,38,81,86,5,43
2114,sail,sailboat,16.89,5.59,2.84,0.0,38,82,88,6,44
2428,sail,sailboat,9.76,3.15,1.56,0.0,38,89,92,3,51
2753,super,yacht,24.76,6.45,2.72,23.4,38,95,101,6,57
2813,motor,motorboat,13.1,3.75,1.16,6.8,38,97,111,14,59
2842,super,yacht,22.75,6.0,3.04,28.7,38,97,104,7,59
4711,super,yacht,28.46,7.23,3.6,12.1,38,136,141,5,98
4880,sail,sailboat,12.66,4.04,2.17,5.3,38,139,140,1,101
6177,motor,motorboat,15.44,4.59,1.53,7.4,38,171,172,1,133
6593,super,yacht,22.01,5.99,2.83,19.5,38,183,184,1,145
654,motor,motorboat,16.05,4.63,1.53,7.3,39,39,41,2,0
658,super,yacht,28.44,7.25,3.5,0.0,39,39,43,4,0
664,super,yacht,25.9,6.66,3.14,14.0,39,39,52,13,0
667,sail,sailboat,13.06,4.18,2.18,0.0,39,39,44,5,0
671,motor,motorboat,10.77,3.17,1.04,5.3,39,40,42,2,1
689,motor,motorboat,18.4,5.74,1.81,11.2,39,40,47,7,1
691,small,motorboat,8.61,2.8,0.89,0.0,39,40,46,6,1
698,sail,sailboat,13.86,4.37,2.21,4.4,39,41,43,2,2
699,small,motorboat,6.42,2.29,0.58,0.0,39,41,42,1,2
712,sail,sailboat,15.14,4.93,2.72,0.0,39,41,46,5,2
716,sail,sailboat,14.62,4.83,2.55,0.0,39,41,44,3,2
722,sail,sailboat,12.47,3.85,1.88,4.5,39,41,45,4,2
763,sail,sailboat,14.16,4.42,2.13,6.1,39,43,56,13,4
843,sail,sailboat,15.04,4.83,2.66,6.1,39,46,49,3,7
901,motor,motorboat,17.72,5.36,1.83,10.2,39,48,50,2,9
932,motor,motorboat,17.91,5.59,1.89,11.8,39,49,51,2,10
980,super,yacht,27.68,7.39,3.65,12.8,39,51,54,3,12
1002,motor,motorboat,11.27,3.5,1.1,0.0,39,52,58,6,13
1003,motor,motorboat,16.37,4.91,1.74,0.0,39,52,59,7,13
1025,sail,sailboat,13.01,3.98,2.33,3.2,39,53,71,18,14
1096,sail,sailboat,12.74,4.18,2.19,6.5,39,55,57,2,16
1234,small,motorboat,6.29,2.03,0.64,0.0,39,61,66,5,22
1307,sail,sailboat,13.06,4.04,2.08,5.4,39,63,64,1,24
1470,sail,sailboat,16.7,5.55,2.55,12.0,39,67,69,2,28
1576,sail,sailboat,13.64,4.45,2.23,6.8,39,69,80,11,30
1751,sail,sailboat,16.6,5.15,2.73,12.4,39,74,81,7,35
2036,super,yacht,28.41,7.68,3.74,30.9,39,80,87,7,41
2126,motor,motorboat,15.03,4.49,1.48,9.6,39,82,106,24,43
2132,sail,sailboat,12.59,4.06,1.89,4.4,39,83,110,27,44
2246,sail,sailboat,13.76,4.49,2.16,3.9,39,86,91,5,47
2336,sail,sailboat,14.56,4.84,2.19,4.6,39,88,98,10,49
2449,sail,sailboat,12.47,4.02,1.88,5.6,39,90,101,11,51
2651,motor,motorboat,19.31,5.77,1.88,0.0,39,94,99,5,55
2665,motor,motorboat,18.9,5.71,1.81,0.0,39,94,96,2,55
2743,super,yacht,24.47,7.0,3.17,23.0,39,95,96,1,56
2749,sail,sailboat,12.83,3.9,2.23,3.9,39,95,105,10,56
2786,sail,sailboat,17.0,5.48,3.06,12.6,39,96,101,5,57
2907,motor,motorboat,12.2,3.71,1.28,4.7,39,99,106,7,60
703,motor,motorboat,13.03,4.01,1.11,5.3,40,41,45,4,1
714,sail,sailboat,15.34,5.06,2.59,0.0,40,41,67,26,1
717,sail,sailboat,14.81,4.78,2.56,5.3,40,41,63,22,1
738,super,yacht,26.11,6.69,3.38,16.3,40,42,44,2,2
739,sail,sailboat,16.87,5.64,2.67,6.7,40,42,47,5,2
789,motor,motorboat,14.51,4.44,1.4,6.7,40,44,47,3,4
830,super,yacht,23.91,6.78,2.69,39.3,40,45,48,3,5
849,small,motorboat,8.32,2.71,0.8,0.0,40,46,48,2,6
917,sail,sailboat,9.5,3.04,1.73,2.1,40,49,51,2,9
927,super,yacht,27.9,7.48,3.38,23.6,40,49,51,2,9
945,sail,sailboat,10.97,3.32,1.75,0.0,40,50,61,11,10
977,sail,sailboat,15.61,4.9,2.64,0.0,40,51,57,6,11
981,sail,sailboat,11.52,3.6,1.95,0.0,40,51,52,1,11
988,sail,sailboat,12.16,3.81,1.83,5.4,40,52,64,12,12
1196,sail,sailboat,13.52,4.56,2.2,3.2,40,59,65,6,19
1404,sail,sailboat,15.59,4.87,2.47,6.3,40,65,68,3,25
1664,sail,sailboat,9.5,3.14,1.52,3.4,40,71,76,5,31
1992,motor,motorboat,14.19,4.07,1.24,3.5,40,79,80,1,39
2199,small,motorboat,8.24,2.8,0.9,3.2,40,85,87,2,45
2329,super,yacht,21.18,5.87,2.3,28.0,40,87,91,4,47
2433,sail,sailboat,15.01,4.74,2.31,7.3,40,90,95,5,50
2479,motor,motorboat,14.01,3.98,1.25,5.5,40,91,92,1,51
2490,motor,motorboat,13.7,4.07,1.28,6.4,40,91,97,6,51
2545,sail,sailboat,13.05,4.18,2.38,5.2,40,92,97,5,52
2560,motor,motorboat,19.22,5.4,1.97,13.7,40,93,97,4,53
2871,sail,sailboat,13.26,4.49,2.36,0.0,40,99,106,7,59
3790,sail,sailboat,11.29,3.79,1.68,6.2,40,117,120,3,77
4679,motor,motorboat,12.77,3.78,1.23,4.9,40,135,136,1,95
5756,super,yacht,21.08,5.84,2.39,38.4,40,159,161,2,119
6724,small,motorboat,8.67,2.88,0.94,0.0,40,190,192,2,150
697,sail,sailboat,12.95,4.24,2.04,4.1,41,41,43,2,0
704,small,motorboat,9.07,3.12,0.91,2.2,41,41,55,14,0
723,motor,motorboat,14.43,4.36,1.37,3.4,41,41,45,4,0
726,super,yacht,24.68,6.71,2.85,21.8,41,42,44,2,1
748,small,motorboat,8.87,3.07,0.83,2.3,41,42,45,3,1
769,sail,sailboat,13.39,4.51,2.47,4.9,41,43,47,4,2
772,sail,sailboat,11.59,3.61,1.94,7.0,41,43,45,2,2
798,sail,sailboat,13.54,4.29,2.29,3.6,41,45,48,3,4
884,sail,sailboat,12.07,3.96,2.0,6.0,41,47,49,2,6
902,sail,sailboat,12.77,3.99,2.1,6.4,41,48,50,2,7
904,motor,motorboat,16.18,4.98,1.6,7.1,41,48,54,6,7
908,small,motorboat,8.85,3.0,0.85,0.0,41,48,49,1,7
940,small,motorboat,9.26,3.04,0.96,2.3,41,50,53,3,9
951,sail,sailboat,13.32,4.42,2.35,5.3,41,50,57,7,9
1026,small,motorboat,8.7,2.98,0.89,0.0,41,53,59,6,12
1028,super,yacht,27.96,7.15,3.12,28.6,41,53,54,1,12
1029,motor,motorboat,13.15,3.83,1.14,6.7,41,53,56,3,12
1058,motor,motorboat,13.14,4.08,1.18,4.6,41,54,84,30,13
1139,sail,sailboat,14.92,4.98,2.4,5.8,41,58,63,5,17
1214,small,motorboat,7.25,2.48,0.8,2.5,41,60,61,1,19
1301,motor,motorboat,13.2,3.83,1.26,4.0,41,62,68,6,21
1314,motor,motorboat,21.34,6.18,1.93,19.6,41,63,90,27,22
1346,sail,sailboat,12.12,3.72,1.81,5.0,41,64,67,3,23
1680,sail,sailboat,15.43,4.66,2.82,11.7,41,72,85,13,31
1752,super,yacht,27.17,7.08,3.18,22.6,41,74,75,1,33
2544,sail,sailboat,10.38,3.45,1.61,4.8,41,92,99,7,51
2628,sail,sailboat,15.54,4.87,2.52,12.8,41,94,101,7,53
2789,super,yacht,25.3,6.84,3.06,35.6,41,96,109,13,55
2865,sail,sailboat,13.04,4.18,2.22,6.0,41,98,100,2,57
3824,sail,sailboat,12.87,4.07,2.25,5.9,41,118,120,2,77
4832,sail,sailboat,10.59,3.26,1.85,6.9,41,138,139,1,97
5848,sail,sailboat,12.9,3.89,2.32,3.5,41,161,166,5,120
766,motor,motorboat,10.0,2.86,1.06,0.0,42,43,47,4,1
774,motor,motorboat,18.69,5.52,1.75,7.0,42,43,50,7,1
775,motor,motorboat,13.67,4.17,1.32,6.3,42,43,49,6,1
778,sail,sailboat,15.23,4.97,2.31,0.0,42,44,47,3,2
786,motor,motorboat,17.62,4.94,1.7,10.8,42,44,45,1,2
790,motor,motorboat,15.52,4.59,1.48,10.0,42,44,48,4,2
816,sail,sailboat,9.58,2.99,1.52,0.0,42,45,46,1,3
861,small,motorboat,7.47,2.39,0.8,0.0,42,46,51,5,4
953,motor,motorboat,16.6,4.66,1.55,12.6,42,50,52,2,8
1004,small,motorboat,6.06,1.99,0.58,3.1,42,52,54,2,10
1013,small,motorboat,9.39,3.23,1.0,0.0,42,53,57,4,11
1018,small,motorboat,8.46,2.77,0.89,2.7,42,53,57,4,11
1024,motor,motorboat,17.51,5.38,1.73,6.8,42,53,56,3,11
1045,sail,sailboat,12.79,3.96,2.27,3.9,42,53,60,7,11
1053,small,motorboat,8.51,3.0,0.77,0.0,42,54,57,3,12
1102,sail,sailboat,15.17,4.89,2.52,13.4,42,56,57,1,14
1107,motor,motorboat,11.7,3.42,1.21,3.6,42,56,59,3,14
1118,motor,motorboat,11.44,3.3,1.17,3.5,42,56,59,3,14
1200,motor,motorboat,17.17,5.36,1.75,10.7,42,59,60,1,17
1327,sail,sailboat,12.65,4.2,2.1,5.3,42,63,66,3,21
1498,small,motorboat,6.15,1.99,0.59,2.6,42,67,70,3,25
1707,sail,sailboat,14.2,4.34,2.55,0.0,42,73,77,4,31
2098,motor,motorboat,18.33,5.44,1.85,12.5,42,82,86,4,40
2459,sail,sailboat,9.5,3.03,1.53,3.4,42,90,94,4,48
2698,sail,sailboat,9.92,3.01,1.77,3.1,42,95,98,3,53
2841,motor,motorboat,12.71,3.67,1.1,5.1,42,97,98,1,55
2867,sail,sailboat,10.27,3.25,1.85,5.3,42,98,99,1,56
2879,sail,sailboat,11.02,3.38,1.92,5.4,42,99,102,3,57
3172,sail,sailboat,12.95,4.18,2.06,4.9,42,105,110,5,63
3400,sail,sailboat,12.99,4.3,2.14,5.1,42,109,110,1,67
4821,motor,motorboat,15.13,4.48,1.51,0.0,42,138,143,5,96
767,small,motorboat,6.69,2.22,0.68,0.0,43,43,45,2,0
770,sail,sailboat,10.25,3.3,1.88,0.0,43,43,44,1,0
771,sail,sailboat,15.81,5.34,2.54,0.0,43,43,44,1,0
795,motor,motorboat,18.2,5.56,1.62,6.9,43,44,50,6,1
797,sail,sailboat,9.5,3.15,1.72,3.2,43,44,72,28,1
810,sail,sailboat,12.7,4.29,1.92,5.8,43,45,52,7,2
824,sail,sailboat,9.61,3.24,1.59,2.0,43,45,48,3,2
828,small,motorboat,7.76,2.54,0.72,0.0,43,45,51,6,2
841,sail,sailboat,12.51,3.79,2.03,4.1,43,45,50,5,2
905,motor,motorboat,18.32,5.1,1.63,10.7,43,48,49,1,5
926,small,motorboat,7.43,2.6,0.76,0.0,43,49,55,6,6
930,sail,sailboat,15.1,4.94,2.71,12.2,43,49,54,5,6
931,small,motorboat,8.97,3.12,0.84,3.5,43,49,52,3,6
944,super,yacht,26.61,7.33,3.36,12.9,43,50,57,7,7
976,motor,motorboat,16.59,4.97,1.62,8.8,43,51,54,3,8
1035,sail,sailboat,13.77,4.51,2.05,6.1,43,53,54,1,10
1072,small,motorboat,9.41,3.17,1.01,0.0,43,54,55,1,11
1094,motor,motorboat,19.47,5.87,1.94,8.1,43,55,62,7,12
1126,sail,sailboat,14.29,4.76,2.48,3.3,43,57,58,1,14
1137,sail,sailboat,9.5,3.04,1.54,3.3,43,58,64,6,15
1163,super,yacht,26.54,6.83,3.54,29.9,43,59,61,2,16
1485,sail,sailboat,13.11,4.0,2.36,0.0,43,67,68,1,24
1506,small,motorboat,8.8,3.08,0.9,0.0,43,67,69,2,24
1666,sail,sailboat,10.05,3.14,1.82,0.0,43,72,74,2,29
1797,super,yacht,24.86,6.7,2.77,21.1,43,74,75,1,31
1839,sail,sailboat,10.45,3.43,1.61,4.1,43,75,78,3,32
2109,super,yacht,20.64,5.86,2.66,34.8,43,82,86,4,39
2367,super,yacht,21.06,5.42,2.31,18.8,43,88,89,1,45
2396,super,yacht,21.86,5.75,2.75,14.0,43,89,90,1,46
2580,super,yacht,21.99,5.98,2.49,31.2,43,93,103,10,50
2595,super,yacht,28.61,7.41,3.71,22.3,43,93,100,7,50
2930,small,motorboat,7.07,2.34,0.7,2.6,43,100,102,2,57
3080,sail,sailboat,15.73,5.25,2.43,10.0,43,102,129,27,59
3119,sail,sailboat,14.52,4.52,2.65,3.5,43,103,109,6,60
4346,sail,sailboat,13.54,4.41,2.26,4.1,43,129,136,7,86
5277,motor,motorboat,13.35,3.91,1.23,6.6,43,148,151,3,105
6225,super,yacht,21.82,5.92,2.89,16.2,43,172,177,5,129
780,sail,sailboat,15.3,4.79,2.59,0.0,44,44,50,6,0
785,motor,motorboat,13.26,3.97,1.29,3.8,44,44,48,4,0
788,sail,sailboat,11.86,3.76,2.17,5.1,44,44,45,1,0
793,sail,sailboat,15.27,4.65,2.34,10.9,44,44,45,1,0
808,sail,sailboat,11.88,4.0,2.12,3.3,44,45,50,5,1
811,sail,sailboat,12.79,4.31,2.12,3.2,44,45,46,1,1
818,motor,motorboat,10.93,3.27,1.05,6.1,44,45,46,1,1
822,sail,sailboat,11.48,3.85,1.74,6.5,44,45,51,6,1
827,motor,motorboat,12.48,3.82,1.26,3.7,44,45,52,7,1
833,motor,motorboat,16.49,5.15,1.6,11.3,44,45,47,2,1
871,sail,sailboat,16.32,5.2,3.0,10.1,44,46,52,6,2
907,motor,motorboat,18.25,5.53,1.7,13.6,44,48,49,1,4
920,motor,motorboat,14.19,4.26,1.41,6.5,44,49,53,4,5
972,small,motorboat,6.46,2.29,0.64,0.0,44,51,54,3,7
991,sail,sailboat,11.01,3.54,1.64,0.0,44,52,55,3,8
1061,sail,sailboat,11.63,3.77,2.13,0.0,44,54,56,2,10
1148,motor,motorboat,15.52,4.81,1.38,8.7,44,58,61,3,14
1236,small,motorboat,9.01,2.93,0.88,2.6,44,61,68,7,17
1305,sail,sailboat,16.99,5.58,2.64,11.3,44,63,64,1,19
1402,motor,motorboat,19.49,5.58,1.71,10.7,44,65,68,3,21
1569,small,motorboat,6.81,2.32,0.62,0.0,44,69,70,1,25
1616,super,yacht,22.98,5.96,2.56,24.0,44,70,86,16,26
1818,motor,motorboat,11.3,3.33,0.99,5.0,44,75,79,4,31
2276,sail,sailboat,17.0,5.29,2.59,9.7,44,86,92,6,42
2469,sail,sailboat,11.87,3.65,1.77,3.1,44,91,115,24,47
2701,sail,sailboat,15.1,4.82,2.6,7.0,44,95,97,2,51
2900,sail,sailboat,14.62,4.59,2.45,5.0,44,99,103,4,55
2976,super,yacht,27.95,7.71,3.64,39.7,44,101,103,2,57
3201,sail,sailboat,17.0,5.16,2.96,9.0,44,106,109,3,62
3612,sail,sailboat,10.14,3.12,1.58,3.2,44,114,115,1,70
4331,sail,sailboat,11.81,3.95,1.86,4.4,44,129,137,8,85
4513,motor,motorboat,18.03,5.33,1.57,9.5,44,132,146,14,88
800,sail,sailboat,16.88,5.12,2.55,0.0,45,45,58,13,0
801,motor,motorboat,14.88,4.24,1.4,3.4,45,45,75,30,0
802,sail,sailboat,12.86,3.88,2.22,4.0,45,45,52,7,0
807,motor,motorboat,10.0,3.06,0.96,4.4,45,45,47,2,0
848,sail,sailboat,11.5,3.56,1.73,3.9,45,46,48,2,1
851,motor,motorboat,15.23,4.58,1.4,10.3,45,46,59,13,1
867,small,motorboat,9.37,3.03,1.0,0.0,45,46,48,2,1
876,sail,sailboat,12.57,3.97,2.03,0.0,45,47,48,1,2
885,motor,motorboat,12.9,3.96,1.2,5.1,45,47,50,3,2
935,sail,sailboat,12.86,4.09,2.23,0.0,45,49,52,3,4
952,motor,motorboat,17.14,5.02,1.62,9.1,45,50,60,10,5
960,motor,motorboat,10.2,2.91,0.91,6.9,45,50,51,1,5
962,super,yacht,26.49,7.43,2.99,21.8,45,51,79,28,6
973,sail,sailboat,13.72,4.6,2.37,4.4,45,51,62,11,6
982,small,motorboat,8.48,2.96,0.93,2.1,45,52,66,14,7
990,sail,sailboat,12.71,3.96,2.29,6.8,45,52,57,5,7
1122,sail,sailboat,10.42,3.48,1.77,4.9,45,57,68,11,12
1150,super,yacht,25.87,6.64,3.2,0.0,45,58,60,2,13
1160,motor,motorboat,14.95,4.45,1.4,0.0,45,59,66,7,14
1171,sail,sailboat,16.09,5.06,2.73,12.0,45,59,61,2,14
1175,small,motorboat,7.19,2.52,0.66,0.0,45,59,63,4,14
1185,motor,motorboat,13.39,4.12,1.18,5.4,45,59,67,8,14
1188,sail,sailboat,13.25,4.45,2.15,4.8,45,59,61,2,14
1364,sail,sailboat,17.0,5.42,2.61,11.9,45,64,71,7,19
1486,small,motorboat,7.3,2.38,0.66,0.0,45,67,72,5,22
1556,sail,sailboat,15.69,5.26,2.64,7.7,45,68,71,3,23
1928,motor,motorboat,18.84,5.6,1.97,11.0,45,78,79,1,33
2197,sail,sailboat,9.5,3.14,1.43,0.0,45,84,105,21,39
2548,motor,motorboat,11.51,3.42,1.17,5.5,45,93,111,18,48
2860,sail,sailboat,13.98,4.42,2.12,4.8,45,98,100,2,53
3035,motor,motorboat,12.02,3.63,1.26,0.0,45,102,107,5,57
3108,super,yacht,20.9,5.51,2.55,17.0,45,103,108,5,58
3111,motor,motorboat,15.0,4.16,1.53,13.4,45,103,104,1,58
855,small,motorboat,9.5,3.26,0.98,2.9,46,46,51,5,0
864,sail,sailboat,13.17,4.15,2.14,5.6,46,46,47,1,0
865,motor,motorboat,14.99,4.49,1.56,5.2,46,46,50,4,0
888,motor,motorboat,14.08,3.99,1.44,5.5,46,47,49,2,1
889,sail,sailboat,9.5,3.15,1.52,3.0,46,47,49,2,1
893,motor,motorboat,11.4,3.46,1.08,4.1,46,47,70,23,1
900,super,yacht,20.7,5.73,2.6,21.5,46,48,51,3,2
903,sail,sailboat,15.1,4.79,2.74,7.6,46,48,55,7,2
912,small,motorboat,8.82,2.89,0.92,0.0,46,48,55,7,2
959,small,motorboat,8.16,2.77,0.86,0.0,46,50,52,2,4
979,motor,motorboat,17.07,4.77,1.64,13.4,46,51,52,1,5
995,sail,sailboat,13.04,4.17,2.2,4.1,46,52,53,1,6
1001,motor,motorboat,10.0,2.83,1.02,0.0,46,52,56,4,6
1020,sail,sailboat,11.79,3.76,1.9,0.0,46,53,59,6,7
1036,sail,sailboat,9.8,3.11,1.48,2.7,46,53,57,4,7
1056,sail,sailboat,14.87,4.84,2.33,3.2,46,54,57,3,8
1071,sail,sailboat,14.39,4.39,2.21,6.6,46,54,55,1,8
1077,motor,motorboat,14.96,4.35,1.4,3.1,46,54,56,2,8
1087,sail,sailboat,13.3,4.49,2.39,0.0,46,55,66,11,9
1093,small,motorboat,9.3,3.32,0.97,2.8,46,55,56,1,9
1183,small,motorboat,6.29,2.24,0.66,0.0,46,59,65,6,13
1429,motor,motorboat,15.85,4.86,1.47,13.4,46,66,70,4,20
1528,sail,sailboat,13.18,4.11,2.27,5.7,46,68,71,3,22
2019,motor,motorboat,15.57,4.58,1.6,12.3,46,80,86,6,34
2451,sail,sailboat,17.0,5.36,2.72,0.0,46,90,99,9,44
2690,motor,motorboat,14.03,3.91,1.35,5.5,46,95,98,3,49
4860,small,motorboat,6.52,2.19,0.62,3.3,46,138,139,1,92
881,motor,motorboat,14.12,4.35,1.22,3.8,47,47,49,2,0
895,sail,sailboat,16.36,5.21,2.68,0.0,47,47,48,1,0
913,small,motorboat,6.44,2.1,0.6,0.0,47,48,60,12,1
921,motor,motorboat,16.22,4.96,1.46,11.5,47,49,52,3,2
924,sail,sailboat,16.14,4.9,2.77,13.9,47,49,55,6,2
925,small,motorboat,8.47,2.8,0.93,2.6,47,49,54,5,2
949,super,yacht,20.89,5.92,2.48,38.2,47,50,53,3,3
1012,small,motorboat,9.4,3.23,0.96,0.0,47,52,56,4,5
1041,motor,motorboat,14.06,4.03,1.31,3.5,47,53,57,4,6
1055,sail,sailboat,14.66,4.55,2.2,4.4,47,54,60,6,7
1105,small,motorboat,7.04,2.26,0.65,0.0,47,56,59,3,9
1152,sail,sailboat,11.77,3.86,2.08,4.1,47,58,65,7,11
1211,motor,motorboat,15.82,4.68,1.66,0.0,47,60,67,7,13
1215,sail,sailboat,10.8,3.52,1.94,4.0,47,60,62,2,13
1216,small,motorboat,6.7,2.21,0.67,2.4,47,60,62,2,13
1233,sail,sailboat,11.62,3.53,1.79,5.3,47,61,66,5,14
1256,sail,sailboat,10.5,3.38,1.76,0.0,47,61,64,3,14
1264,sail,sailboat,14.96,4.78,2.41,0.0,47,61,62,1,14
1286,small,motorboat,7.74,2.48,0.83,3.5,47,62,75,13,15
1335,sail,sailboat,11.6,3.83,1.81,4.5,47,64,67,3,17
1840,sail,sailboat,11.58,3.61,2.01,5.3,47,75,76,1,28
2063,motor,motorboat,14.93,4.47,1.53,0.0,47,81,84,3,34
2192,small,motorboat,9.19,2.97,1.02,0.0,47,84,87,3,37
2331,motor,motorboat,17.26,5.32,1.66,12.4,47,88,90,2,41
2736,sail,sailboat,14.37,4.52,2.15,0.0,47,95,98,3,48
2777,sail,sailboat,15.46,4.87,2.67,10.0,47,96,99,3,49
3231,sail,sailboat,11.49,3.73,1.93,3.1,47,106,108,2,59
3788,sail,sailboat,14.72,4.6,2.5,4.4,47,116,123,7,69
4284,motor,motorboat,13.15,4.0,1.14,5.9,47,128,144,16,81
6012,super,yacht,25.07,7.18,2.87,37.8,47,166,187,21,119
6483,sail,sailboat,13.99,4.64,2.29,0.0,47,179,183,4,132
939,motor,motorboat,17.16,5.28,1.8,7.9,48,50,57,7,2
978,sail,sailboat,9.5,2.9,1.61,0.0,48,51,57,6,3
1030,motor,motorboat,10.02,3.11,1.01,5.4,48,53,54,1,5
1033,sail,sailboat,12.55,3.96,2.29,0.0,48,53,58,5,5
1098,sail,sailboat,11.08,3.48,1.86,3.8,48,55,57,2,7
1180,sail,sailboat,14.24,4.63,2.27,6.2,48,59,63,4,11
1198,sail,sailboat,12.18,3.96,1.84,5.1,48,59,61,2,11
1221,sail,sailboat,11.0,3.47,1.79,0.0,48,60,66,6,12
1230,sail,sailboat,12.49,4.12,2.22,5.7,48,61,62,1,13
1245,sail,sailboat,14.52,4.88,2.3,0.0,48,61,63,2,13
1275,sail,sailboat,9.5,2.91,1.66,2.9,48,62,64,2,14
1663,super,yacht,26.29,7.43,3.49,21.0,48,71,74,3,23
1881,sail,sailboat,17.0,5.13,3.03,7.9,48,77,83,6,29
1890,small,motorboat,7.37,2.56,0.79,0.0,48,77,82,5,29
2007,sail,sailboat,12.87,4.23,2.08,0.0,48,80,85,5,32
2280,sail,sailboat,14.22,4.5,2.21,0.0,48,87,93,6,39
3133,sail,sailboat,12.96,4.15,2.19,4.5,48,104,107,3,56
3140,small,motorboat,9.17,3.17,0.83,0.0,48,104,107,3,56
3144,super,yacht,22.2,6.28,2.47,29.8,48,104,107,3,56
3204,sail,sailboat,12.93,4.28,2.35,6.7,48,106,113,7,58
933,small,motorboat,7.08,2.36,0.74,0.0,49,49,50,1,0
964,sail,sailboat,11.22,3.73,1.73,5.8,49,51,53,2,2
965,sail,sailboat,14.41,4.52,2.24,4.8,49,51,54,3,2
971,sail,sailboat,9.5,2.87,1.7,2.9,49,51,56,5,2
974,sail,sailboat,13.64,4.25,2.23,4.3,49,51,52,1,2
1016,sail,sailboat,10.56,3.41,1.62,6.7,49,53,55,2,4
1017,super,yacht,26.53,7.37,3.16,23.4,49,53,65,12,4
1040,motor,motorboat,12.89,3.6,1.34,3.6,49,53,54,1,4
1049,sail,sailboat,14.86,4.95,2.21,5.1,49,53,59,6,4
1050,sail,sailboat,11.78,3.98,1.9,0.0,49,53,55,2,4
1073,motor,motorboat,15.77,4.65,1.42,10.7,49,54,59,5,5
1085,super,yacht,21.91,6.09,2.78,39.9,49,55,60,5,6
1099,motor,motorboat,18.59,5.8,1.68,11.3,49,55,56,1,6
1161,sail,sailboat,12.31,3.84,2.17,4.5,49,59,62,3,10
1173,sail,sailboat,12.54,4.24,2.05,4.0,49,59,60,1,10
1178,motor,motorboat,12.15,3.79,1.13,6.5,49,59,70,11,10
1190,sail,sailboat,11.34,3.44,1.96,0.0,49,59,61,2,10
1272,sail,sailboat,13.08,4.16,2.0,0.0,49,62,71,9,13
1298,sail,sailboat,16.78,5.47,2.8,0.0,49,62,65,3,13
1319,motor,motorboat,11.67,3.55,1.03,5.6,49,63,65,2,14
1410,sail,sailboat,12.35,4.07,2.15,3.8,49,65,67,2,16
1497,sail,sailboat,11.58,3.65,2.07,4.1,49,67,74,7,18
2068,sail,sailboat,16.49,5.03,2.74,11.9,49,81,83,2,32
2454,sail,sailboat,14.28,4.69,2.56,0.0,49,90,92,2,41
2505,sail,sailboat,14.46,4.36,2.23,5.5,49,91,109,18,42
2829,motor,motorboat,14.63,4.19,1.25,3.8,49,97,102,5,48
3601,motor,motorboat,13.1,4.06,1.25,4.0,49,113,117,4,64
4512,super,yacht,24.34,6.96,3.25,29.0,49,132,133,1,83
5539,motor,motorboat,21.25,5.91,1.99,19.2,49,152,154,2,103
6279,motor,motorboat,14.48,4.41,1.27,6.3,49,174,176,2,125
6478,sail,sailboat,16.27,5.33,2.89,8.7,49,179,182,3,130
938,small,motorboat,6.09,2.06,0.67,0.0,50,50,52,2,0
956,sail,sailboat,12.06,3.9,2.09,0.0,50,50,65,15,0
958,sail,sailboat,17.0,5.25,2.57,8.7,50,50,52,2,0
967,super,yacht,20.78,5.36,2.25,36.7,50,51,57,6,1
969,motor,motorboat,13.68,4.27,1.18,5.0,50,51,52,1,1
993,motor,motorboat,17.92,5.49,1.84,9.5,50,52,58,6,2
994,small,motorboat,7.89,2.61,0.88,3.2,50,52,59,7,2
1064,motor,motorboat,12.59,3.79,1.09,4.2,50,54,68,14,4
1089,small,motorboat,6.79,2.39,0.71,0.0,50,55,57,2,5
1128,motor,motorboat,10.0,3.02,0.96,5.4,50,57,58,1,7
1138,motor,motorboat,19.37,5.8,1.92,11.4,50,58,59,1,8
1209,motor,motorboat,18.29,5.68,1.64,8.1,50,60,86,26,10
1235,sail,sailboat,12.56,3.79,1.99,3.3,50,61,64,3,11
1243,super,yacht,21.15,5.81,2.75,26.5,50,61,75,14,11
1255,sail,sailboat,12.62,4.28,1.94,4.4,50,61,62,1,11
1259,sail,sailboat,12.33,3.81,2.07,5.1,50,61,68,7,11
1291,sail,sailboat,15.49,4.81,2.39,11.1,50,62,65,3,12
1807,motor,motorboat,16.75,4.8,1.72,7.2,50,75,79,4,25
1816,small,motorboat,6.22,2.15,0.68,0.0,50,75,87,12,25
1829,small,motorboat,9.31,3.1,0.9,0.0,50,75,77,2,25
2163,super,yacht,21.34,5.48,2.4,17.7,50,84,90,6,34
2249,motor,motorboat,15.44,4.31,1.32,0.0,50,86,101,15,36
2870,motor,motorboat,15.35,4.67,1.47,7.0,50,99,102,3,49
2918,super,yacht,25.81,7.01,3.16,34.1,50,100,107,7,50
2936,super,yacht,28.2,8.06,3.31,26.8,50,100,103,3,50
3403,small,motorboat,8.74,2.93,0.87,0.0,50,109,111,2,59
3405,motor,motorboat,10.0,2.94,0.99,6.5,50,109,112,3,59
3626,super,yacht,23.09,5.91,2.73,22.6,50,114,117,3,64
3987,sail,sailboat,13.94,4.54,2.16,6.1,50,122,125,3,72
4944,super,yacht,27.34,7.46,3.13,19.3,50,140,142,2,90
5903,super,yacht,24.14,6.27,3.11,39.7,50,163,170,7,113
968,small,motorboat,8.24,2.69,0.83,2.7,51,51,54,3,0
975,motor,motorboat,15.56,4.33,1.5,0.0,51,51,53,2,0
996,motor,motorboat,16.77,5.06,1.55,13.9,51,52,54,2,1
1019,sail,sailboat,13.0,4.16,1.97,0.0,51,53,76,23,2
1022,sail,sailboat,10.32,3.45,1.68,0.0,51,53,56,3,2
1037,sail,sailboat,10.82,3.38,1.87,0.0,51,53,56,3,2
1088,sail,sailboat,16.62,5.34,2.73,0.0,51,55,57,2,4
1103,super,yacht,21.65,6.12,2.63,37.3,51,56,61,5,5
1109,small,motorboat,6.56,2.16,0.66,3.3,51,56,59,3,5
1136,motor,motorboat,16.53,4.9,1.52,6.8,51,58,60,2,7
1164,motor,motorboat,15.47,4.34,1.52,6.8,51,59,65,6,8
1217,sail,sailboat,10.34,3.47,1.67,0.0,51,60,67,7,9
1254,sail,sailboat,15.53,4.98,2.51,0.0,51,61,88,27,10
1321,small,motorboat,7.34,2.63,0.76,0.0,51,63,69,6,12
1330,motor,motorboat,12.19,3.52,1.29,5.5,51,63,67,4,12
1339,motor,motorboat,17.28,4.82,1.79,8.4,51,64,67,3,13
1344,motor,motorboat,18.73,5.62,1.81,11.5,51,64,69,5,13
1347,motor,motorboat,18.46,5.28,1.86,0.0,51,64,70,6,13
1375,motor,motorboat,15.6,4.4,1.53,10.8,51,65,72,7,14
1384,sail,sailboat,9.87,3.31,1.52,2.6,51,65,66,1,14
1411,sail,sailboat,13.98,4.36,2.12,0.0,51,65,68,3,14
1567,small,motorboat,8.73,3.11,0.81,0.0,51,69,75,6,18
1571,sail,sailboat,12.43,3.84,2.13,5.5,51,69,76,7,18
1754,motor,motorboat,10.0,3.11,0.93,5.4,51,74,76,2,23
1820,super,yacht,23.66,6.07,2.62,37.2,51,75,86,11,24
2142,sail,sailboat,11.72,3.66,1.92,6.9,51,83,103,20,32
2775,sail,sailboat,14.55,4.75,2.24,0.0,51,96,112,16,45
2934,sail,sailboat,11.9,3.76,2.04,6.6,51,100,104,4,49
2938,super,yacht,27.39,7.16,3.15,37.3,51,100,112,12,49
3249,super,yacht,26.04,6.9,3.27,20.1,51,107,108,1,56
3340,super,yacht,27.62,7.17,3.31,22.0,51,108,111,3,57
4886,sail,sailboat,17.0,5.21,3.03,11.4,51,139,147,8,88
992,sail,sailboat,11.06,3.45,1.82,6.7,52,52,54,2,0
999,sail,sailboat,9.5,2.95,1.55,0.0,52,52,59,7,0
1000,motor,motorboat,16.58,4.9,1.72,6.8,52,52,53,1,0
1009,motor,motorboat,13.44,4.01,1.41,5.7,52,52,61,9,0
1010,small,motorboat,9.19,2.97,0.94,0.0,52,52,54,2,0
1023,sail,sailboat,9.52,3.07,1.68,2.4,52,53,61,8,1
1027,sail,sailboat,16.52,5.49,3.02,10.5,52,53,56,3,1
1032,sail,sailboat,11.92,3.71,1.99,5.6,52,53,57,4,1
1044,sail,sailboat,9.62,3.17,1.62,0.0,52,53,55,2,1
1048,motor,motorboat,12.37,3.63,1.16,3.8,52,53,64,11,1
1051,super,yacht,21.22,5.84,2.63,12.7,52,54,58,4,2
1062,motor,motorboat,22.0,6.73,2.27,16.2,52,54,56,2,2
1065,sail,sailboat,13.57,4.49,2.49,0.0,52,54,58,4,2
1076,motor,motorboat,12.85,3.61,1.12,3.1,52,54,60,6,2
1078,sail,sailboat,12.02,3.66,1.89,3.0,52,54,55,1,2
1265,sail,sailboat,14.95,4.54,2.59,5.5,52,61,65,4,9
1290,motor,motorboat,13.68,4.11,1.43,0.0,52,62,64,2,10
1316,sail,sailboat,13.55,4.35,2.24,3.8,52,63,65,2,11
1378,super,yacht,22.85,6.1,2.89,13.7,52,65,76,11,13
1397,small,motorboat,8.8,2.85,0.93,2.4,52,65,68,3,13
1400,motor,motorboat,15.42,4.81,1.38,0.0,52,65,77,12,13
1464,sail,sailboat,11.46,3.58,1.72,6.6,52,66,67,1,14
2045,sail,sailboat,13.57,4.24,2.16,5.7,52,81,85,4,29
2186,small,motorboat,8.31,2.73,0.86,0.0,52,84,86,2,32
2476,sail,sailboat,15.4,5.21,2.29,7.1,52,91,93,2,39
2652,sail,sailboat,15.14,4.67,2.53,7.9,52,94,95,1,42
3138,small,motorboat,8.4,2.81,0.89,2.3,52,104,107,3,52
3508,sail,sailboat,16.07,5.35,2.93,7.5,52,111,114,3,59
3550,small,motorboat,8.82,3.11,0.97,3.3,52,112,114,2,60
3564,super,yacht,23.91,6.07,3.18,14.2,52,113,116,3,61
5364,super,yacht,27.88,7.44,3.29,23.7,52,149,177,28,97
5696,motor,motorboat,13.84,4.02,1.25,6.6,52,157,161,4,105
6865,sail,sailboat,12.95,4.22,2.03,6.2,52,199,206,7,147
1047,sail,sailboat,9.8,3.15,1.78,3.5,53,53,56,3,0
1052,sail,sailboat,10.59,3.42,1.93,0.0,53,54,62,8,1
1057,sail,sailboat,17.0,5.76,2.88,6.3,53,54,55,1,1
1066,small,motorboat,6.33,2.22,0.58,0.0,53,54,55,1,1
1079,sail,sailboat,15.84,5.31,2.49,6.3,53,55,56,1,2
1086,sail,sailboat,14.95,4.79,2.32,5.6,53,55,57,2,2
1101,motor,motorboat,18.57,5.46,1.87,13.3,53,55,57,2,2
1130,sail,sailboat,17.0,5.12,2.83,6.4,53,57,59,2,4
1131,sail,sailboat,15.4,4.95,2.71,9.5,53,57,59,2,4
1204,sail,sailboat,10.6,3.28,1.64,6.4,53,60,61,1,7
1277,small,motorboat,6.4,2.22,0.63,0.0,53,62,67,5,9
1279,motor,motorboat,14.08,4.38,1.24,3.7,53,62,64,2,9
1293,motor,motorboat,13.16,3.87,1.24,5.4,53,62,68,6,9
1390,sail,sailboat,16.64,5.37,2.54,0.0,53,65,66,1,12
1413,sail,sailboat,11.73,3.54,2.09,5.8,53,65,71,6,12
1447,motor,motorboat,14.9,4.26,1.58,6.3,53,66,68,2,13
1479,motor,motorboat,17.71,5.01,1.78,6.3,53,67,69,2,14
1517,small,motorboat,6.76,2.29,0.72,2.6,53,67,76,9,14
1520,sail,sailboat,16.18,5.06,2.92,11.9,53,67,73,6,14
1573,sail,sailboat,15.48,5.13,2.83,14.0,53,69,84,15,16
1586,super,yacht,24.5,6.75,3.14,36.9,53,69,71,2,16
1697,motor,motorboat,17.99,5.59,1.88,12.3,53,72,73,1,19
1743,sail,sailboat,14.5,4.8,2.34,6.7,53,73,79,6,20
1771,sail,sailboat,14.25,4.31,2.42,6.4,53,74,77,3,21
1789,sail,sailboat,9.55,3.12,1.63,0.0,53,74,99,25,21
1830,small,motorboat,8.94,3.12,0.84,2.1,53,75,78,3,22
1950,super,yacht,22.77,5.84,2.93,31.0,53,78,79,1,25
2111,small,motorboat,7.24,2.61,0.69,2.1,53,82,85,3,29
2268,motor,motorboat,17.69,4.92,1.63,13.7,53,86,99,13,33
2702,sail,sailboat,9.5,2.88,1.63,3.1,53,95,101,6,42
2716,motor,motorboat,10.0,3.07,0.96,4.9,53,95,97,2,42
3282,super,yacht,28.99,7.47,3.26,34.0,53,107,114,7,54
3388,small,motorboat,8.08,2.66,0.76,3.0,53,109,112,3,56
3553,motor,motorboat,16.72,5.22,1.68,13.5,53,112,115,3,59
4154,super,yacht,21.66,5.59,2.91,19.0,53,125,128,3,72
4777,motor,motorboat,15.16,4.29,1.58,9.9,53,137,139,2,84
4893,small,motorboat,7.64,2.49,0.77,0.0,53,139,143,4,86
6049,motor,motorboat,14.25,4.05,1.28,4.4,53,167,168,1,114
1063,sail,sailboat,12.04,3.94,2.06,4.0,54,54,59,5,0
1075,motor,motorboat,19.29,5.82,1.69,10.6,54,54,61,7,0
1083,small,motorboat,8.28,2.85,0.89,2.1,54,55,56,1,1
1084,sail,sailboat,15.39,5.07,2.43,0.0,54,55,58,3,1
1091,small,motorboat,7.97,2.64,0.79,0.0,54,55,64,9,1
1100,small,motorboat,7.44,2.55,0.83,0.0,54,55,65,10,1
1114,sail,sailboat,13.33,4.39,2.25,0.0,54,56,60,4,2
1192,motor,motorboat,10.0,2.87,1.01,7.0,54,59,72,13,5
1266,motor,motorboat,17.48,5.17,1.72,6.9,54,61,64,3,7
1292,sail,sailboat,13.46,4.28,2.04,3.2,54,62,63,1,8
1312,motor,motorboat,18.03,5.35,1.72,6.0,54,63,77,14,9
1337,sail,sailboat,15.38,5.21,2.32,12.8,54,64,79,15,10
1380,motor,motorboat,13.23,4.11,1.34,6.2,54,65,71,6,11
1392,motor,motorboat,16.64,5.13,1.55,7.0,54,65,71,6,11
1419,small,motorboat,7.28,2.58,0.77,0.0,54,66,69,3,12
1428,motor,motorboat,17.36,5.08,1.55,12.8,54,66,78,12,12
1439,sail,sailboat,14.72,4.93,2.68,4.3,54,66,67,1,12
1482,motor,motorboat,15.09,4.48,1.43,7.4,54,67,69,2,13
1503,sail,sailboat,15.6,5.25,2.47,10.0,54,67,68,1,13
1515,sail,sailboat,16.27,5.46,2.54,8.5,54,67,70,3,13
1537,sail,sailboat,13.66,4.49,2.38,5.1,54,68,69,1,14
1630,motor,motorboat,12.8,3.93,1.27,3.5,54,71,74,3,17
1705,small,motorboat,7.43,2.63,0.71,0.0,54,73,80,7,19
1888,sail,sailboat,11.84,3.68,2.16,6.0,54,77,80,3,23
2315,motor,motorboat,14.66,4.56,1.47,4.2,54,87,90,3,33
2400,sail,sailboat,13.7,4.53,2.14,5.1,54,89,96,7,35
2693,sail,sailboat,10.74,3.57,1.8,6.9,54,95,102,7,41
2899,super,yacht,20.89,5.56,2.67,39.3,54,99,100,1,45
2956,sail,sailboat,14.17,4.37,2.5,0.0,54,100,102,2,46
3063,super,yacht,25.83,7.39,3.4,13.3,54,102,108,6,48
3149,sail,sailboat,12.86,4.0,2.11,5.8,54,104,111,7,50
4235,sail,sailboat,12.55,4.25,1.96,5.4,54,127,129,2,73
5495,super,yacht,26.35,7.52,2.95,28.2,54,151,160,9,97
1090,sail,sailboat,15.28,4.65,2.59,13.2,55,55,57,2,0
1115,small,motorboat,6.28,2.21,0.58,3.4,55,56,57,1,1
1116,sail,sailboat,11.67,3.86,2.15,5.6,55,56,63,7,1
1121,sail,sailboat,13.71,4.51,2.43,4.3,55,56,69,13,1
1127,small,motorboat,6.16,2.11,0.61,0.0,55,57,60,3,2
1132,sail,sailboat,13.89,4.49,2.13,4.2,55,57,60,3,2
1133,motor,motorboat,12.57,3.78,1.3,0.0,55,57,59,2,2
1220,sail,sailboat,12.7,4.05,1.95,6.9,55,60,63,3,5
1232,sail,sailboat,11.17,3.5,1.79,4.3,55,61,63,2,6
1269,small,motorboat,6.2,2.19,0.69,0.0,55,61,62,1,6
1405,motor,motorboat,10.89,3.23,1.0,6.1,55,65,79,14,10
1432,motor,motorboat,13.0,3.81,1.14,6.3,55,66,68,2,11
1436,sail,sailboat,10.93,3.4,2.01,4.4,55,66,71,5,11
1438,sail,sailboat,13.67,4.58,2.4,5.9,55,66,72,6,11
1444,motor,motorboat,12.26,3.73,1.14,3.2,55,66,73,7,11
1448,sail,sailboat,14.75,4.81,2.37,6.4,55,66,69,3,11
1491,sail,sailboat,15.45,4.89,2.37,12.6,55,67,68,1,12
1492,sail,sailboat,13.75,4.59,2.23,3.1,55,67,69,2,12
1493,motor,motorboat,15.41,4.5,1.41,11.5,55,67,70,3,12
1563,motor,motorboat,21.14,6.17,1.82,38.3,55,68,71,3,13
1578,motor,motorboat,18.04,5.54,1.81,10.2,55,69,70,1,14
1593,small,motorboat,7.05,2.3,0.64,3.2,55,69,73,4,14
1599,super,yacht,24.67,6.38,2.74,25.6,55,69,74,5,14
1606,small,motorboat,7.34,2.57,0.72,2.3,55,69,88,19,14
1609,sail,sailboat,15.33,4.9,2.75,6.3,55,70,73,3,15
1900,sail,sailboat,14.1,4.38,2.23,5.2,55,77,81,4,22
1966,super,yacht,27.14,7.17,3.1,27.8,55,79,92,13,24
2012,sail,sailboat,9.5,3.13,1.51,2.2,55,80,85,5,25
2152,sail,sailboat,13.36,4.16,2.01,5.5,55,83,88,5,28
2157,motor,motorboat,16.11,5.0,1.48,6.3,55,84,90,6,29
2848,super,yacht,27.19,7.74,3.5,29.3,55,98,100,2,43
3521,sail,sailboat,12.63,3.87,1.91,4.1,55,112,115,3,57
3525,motor,motorboat,16.71,4.82,1.67,8.8,55,112,114,2,57
3876,sail,sailboat,10.15,3.07,1.73,5.4,55,119,122,3,64
3982,super,yacht,27.9,7.48,3.1,32.5,55,122,124,2,67
4549,motor,motorboat,16.63,4.72,1.45,9.2,55,132,135,3,77
5679,motor,motorboat,13.66,3.85,1.33,5.9,55,157,159,2,102
6113,motor,motorboat,17.33,5.25,1.82,0.0,55,169,171,2,114
1104,sail,sailboat,11.1,3.64,1.66,6.8,56,56,65,9,0
1111,super,yacht,24.45,6.36,2.99,16.6,56,56,57,1,0
1117,motor,motorboat,12.94,3.98,1.27,4.3,56,56,57,1,0
1123,sail,sailboat,10.93,3.54,1.77,5.0,56,57,62,5,1
1125,sail,sailboat,9.5,3.08,1.65,2.2,56,57,67,10,1
1135,motor,motorboat,20.8,5.97,2.1,0.0,56,57,60,3,1
1141,motor,motorboat,14.69,4.29,1.46,3.4,56,58,61,3,2
1143,small,motorboat,7.55,2.65,0.7,2.6,56,58,80,22,2
1158,small,motorboat,7.12,2.53,0.67,0.0,56,58,59,1,2
1241,sail,sailboat,12.54,4.15,1.93,0.0,56,61,63,2,5
1285,small,motorboat,7.45,2.39,0.76,0.0,56,62,69,7,6
1343,sail,sailboat,11.98,3.78,1.81,0.0,56,64,66,2,8
1355,motor,motorboat,19.94,5.81,1.95,7.2,56,64,66,2,8
1409,sail,sailboat,12.11,4.02,2.1,4.2,56,65,66,1,9
1483,sail,sailboat,15.0,4.89,2.63,3.8,56,67,74,7,11
1504,super,yacht,26.11,7.28,2.84,37.8,56,67,70,3,11
1511,sail,sailboat,14.78,4.71,2.59,3.2,56,67,71,4,11
1529,motor,motorboat,10.0,2.93,1.0,0.0,56,68,70,2,12
1531,sail,sailboat,11.77,3.98,1.83,3.9,56,68,92,24,12
1547,sail,sailboat,14.04,4.45,2.39,0.0,56,68,70,2,12
1614,super,yacht,25.74,7.06,3.3,12.6,56,70,71,1,14
1626,motor,motorboat,12.98,3.99,1.35,5.9,56,70,72,2,14
1878,sail,sailboat,12.98,4.13,2.31,0.0,56,76,77,1,20
2306,motor,motorboat,15.39,4.68,1.46,6.6,56,87,100,13,31
2439,super,yacht,28.62,7.28,3.38,27.9,56,90,91,1,34
2531,sail,sailboat,14.01,4.71,2.48,4.9,56,92,97,5,36
2576,sail,sailboat,14.73,4.72,2.69,0.0,56,93,95,2,37
2797,small,motorboat,8.93,3.02,0.83,2.2,56,96,108,12,40
2993,sail,sailboat,15.92,5.23,2.53,7.0,56,101,108,7,45
3230,small,motorboat,6.19,2.2,0.59,2.8,56,106,109,3,50
3377,sail,sailboat,13.65,4.15,2.3,6.5,56,109,112,3,53
3452,sail,sailboat,14.21,4.44,2.32,4.1,56,110,111,1,54
3676,sail,sailboat,10.79,3.58,1.93,4.4,56,115,116,1,59
3787,super,yacht,22.43,5.89,2.77,0.0,56,116,138,22,60
5896,small,motorboat,7.51,2.56,0.79,0.0,56,163,166,3,107
5899,motor,motorboat,16.95,4.95,1.79,12.4,56,163,170,7,107
1140,motor,motorboat,16.26,4.69,1.66,10.0,57,58,59,1,1
1147,motor,motorboat,14.14,4.1,1.43,5.6,57,58,63,5,1
1153,sail,sailboat,15.89,5.32,2.74,8.0,57,58,62,4,1
1162,sail,sailboat,9.91,3.25,1.63,3.2,57,59,61,2,2
1174,sail,sailboat,16.76,5.44,2.87,13.5,57,59,67,8,2
1179,small,motorboat,9.47,3.24,0.97,3.1,57,59,61,2,2
1186,motor,motorboat,18.06,5.55,1.68,0.0,57,59,62,3,2
1268,small,motorboat,7.83,2.71,0.87,2.4,57,61,67,6,4
1274,sail,sailboat,11.52,3.61,2.12,0.0,57,62,92,30,5
1342,motor,motorboat,10.32,3.2,0.99,6.0,57,64,65,1,7
1381,motor,motorboat,15.32,4.27,1.46,0.0,57,65,71,6,8
1407,motor,motorboat,11.41,3.33,1.21,5.4,57,65,76,11,8
1426,sail,sailboat,14.61,4.46,2.39,5.0,57,66,71,5,9
1459,sail,sailboat,14.45,4.72,2.17,5.4,57,66,70,4,9
1472,super,yacht,22.57,6.4,2.86,39.4,57,67,78,11,10
1521,motor,motorboat,17.04,5.33,1.56,0.0,57,67,72,5,10
1533,motor,motorboat,21.65,6.01,2.02,38.8,57,68,97,29,11
1703,sail,sailboat,11.45,3.68,1.73,3.0,57,73,79,6,16
1724,motor,motorboat,10.0,2.95,0.94,5.9,57,73,78,5,16
1904,sail,sailboat,12.69,4.26,2.15,4.3,57,77,84,7,20
2064,sail,sailboat,9.5,3.15,1.73,0.0,57,81,92,11,24
2179,sail,sailboat,11.84,3.74,1.93,3.5,57,84,94,10,27
2371,motor,motorboat,10.11,3.05,1.03,5.1,57,88,99,11,31
2415,motor,motorboat,19.25,5.52,1.92,10.8,57,89,93,4,32
2474,small,motorboat,7.26,2.61,0.71,2.6,57,91,93,2,34
2776,motor,motorboat,15.89,4.5,1.45,10.2,57,96,108,12,39
3268,super,yacht,27.86,7.91,3.12,20.1,57,107,111,4,50
3477,motor,motorboat,17.62,5.48,1.69,13.9,57,111,125,14,54
3548,small,motorboat,7.66,2.66,0.81,3.4,57,112,116,4,55
3588,sail,sailboat,15.06,4.97,2.24,7.9,57,113,118,5,56
4072,sail,sailboat,12.66,3.93,2.32,4.0,57,123,130,7,66
4654,super,yacht,27.22,7.18,3.11,20.1,57,135,136,1,78
6774,super,yacht,23.6,6.5,2.87,36.9,57,193,195,2,136
1144,sail,sailboat,11.89,3.9,2.03,0.0,58,58,60,2,0
1145,sail,sailboat,11.71,3.56,2.1,5.5,58,58,60,2,0
1159,sail,sailboat,11.28,3.54,1.98,0.0,58,59,60,1,1
1165,motor,motorboat,19.18,5.46,1.69,9.6,58,59,61,2,1
1170,sail,sailboat,13.26,4.07,2.16,6.6,58,59,66,7,1
1195,motor,motorboat,15.18,4.68,1.55,9.1,58,59,64,5,1
1206,sail,sailboat,15.68,4.89,2.5,8.0,58,60,62,2,2
1207,sail,sailboat,11.76,3.91,2.16,6.3,58,60,61,1,2
1208,small,motorboat,9.5,3.19,0.96,0.0,58,60,70,10,2
1210,sail,sailboat,17.0,5.64,2.73,9.6,58,60,63,3,2
1219,motor,motorboat,13.89,4.25,1.2,6.6,58,60,66,6,2
1228,sail,sailboat,11.88,4.0,1.85,0.0,58,60,78,18,2
1260,motor,motorboat,14.23,4.29,1.48,6.6,58,61,62,1,3
1278,motor,motorboat,15.86,4.75,1.39,7.9,58,62,87,25,4
1382,motor,motorboat,18.02,5.39,1.63,0.0,58,65,69,4,7
1387,super,yacht,20.07,5.45,2.17,22.1,58,65,67,2,7
1499,sail,sailboat,15.09,4.85,2.37,11.8,58,67,69,2,9
1519,sail,sailboat,9.84,3.17,1.64,3.2,58,67,73,6,9
1577,motor,motorboat,15.74,4.66,1.37,10.0,58,69,73,4,11
1627,sail,sailboat,17.0,5.65,2.8,8.1,58,71,93,22,13
1661,sail,sailboat,15.45,5.19,2.82,11.3,58,71,72,1,13
1681,sail,sailboat,10.21,3.15,1.81,0.0,58,72,79,7,14
2327,motor,motorboat,13.41,3.93,1.24,3.1,58,87,95,8,29
2467,motor,motorboat,19.84,5.84,1.73,9.5,58,91,98,7,33
2471,sail,sailboat,11.5,3.51,1.98,6.7,58,91,92,1,33
2611,super,yacht,28.31,7.63,3.64,17.4,58,94,97,3,36
3067,motor,motorboat,11.55,3.27,1.1,6.2,58,102,105,3,44
3292,motor,motorboat,12.27,3.67,1.14,6.7,58,108,109,1,50
3298,motor,motorboat,16.42,4.72,1.52,7.8,58,108,111,3,50
3310,sail,sailboat,13.23,4.14,2.13,5.3,58,108,112,4,50
3776,sail,sailboat,16.4,5.5,2.75,12.7,58,116,123,7,58
4299,sail,sailboat,13.05,4.17,2.18,6.9,58,128,142,14,70
1168,motor,motorboat,10.0,3.13,0.94,5.9,59,59,64,5,0
1172,sail,sailboat,14.52,4.62,2.22,0.0,59,59,61,2,0
1187,motor,motorboat,20.7,5.91,2.07,24.6,59,59,62,3,0
1191,small,motorboat,6.47,2.24,0.69,3.3,59,59,70,11,0
1194,sail,sailboat,13.14,4.17,2.05,6.7,59,59,60,1,0
1201,small,motorboat,6.54,2.18,0.73,0.0,59,60,66,6,1
1212,sail,sailboat,12.52,4.02,2.29,3.7,59,60,67,7,1
1218,motor,motorboat,17.55,4.95,1.54,12.6,59,60,62,2,1
1222,sail,sailboat,13.04,4.31,2.35,4.2,59,60,63,3,1
1226,motor,motorboat,15.81,4.9,1.55,13.2,59,60,67,7,1
1244,sail,sailboat,13.42,4.04,2.34,4.0,59,61,65,4,2
1246,sail,sailboat,13.22,4.34,2.11,0.0,59,61,64,3,2
1249,motor,motorboat,12.75,3.83,1.3,4.6,59,61,62,1,2
1253,motor,motorboat,10.0,3.07,0.97,0.0,59,61,65,4,2
1258,super,yacht,27.85,7.28,3.32,28.6,59,61,69,8,2
1267,motor,motorboat,15.92,4.55,1.41,12.8,59,61,70,9,2
1333,motor,motorboat,16.92,5.16,1.58,12.9,59,64,65,1,5
1349,motor,motorboat,15.22,4.28,1.54,10.9,59,64,78,14,5
1373,motor,motorboat,13.95,4.34,1.44,5.9,59,65,70,5,6
1389,motor,motorboat,12.74,3.57,1.3,5.8,59,65,71,6,6
1510,sail,sailboat,13.06,4.01,2.37,0.0,59,67,77,10,8
1525,motor,motorboat,17.97,5.03,1.68,10.5,59,67,69,2,8
1532,small,motorboat,7.73,2.49,0.73,2.4,59,68,69,1,9
1549,super,yacht,28.58,7.86,3.29,37.4,59,68,71,3,9
1557,motor,motorboat,10.0,2.8,0.92,6.9,59,68,74,6,9
1579,sail,sailboat,13.8,4.2,2.35,6.0,59,69,70,1,10
1583,super,yacht,24.92,6.53,2.7,15.7,59,69,72,3,10
1602,sail,sailboat,12.32,4.17,2.21,3.7,59,69,70,1,10
1620,motor,motorboat,15.55,4.73,1.39,8.6,59,70,72,2,11
1625,sail,sailboat,14.33,4.49,2.34,3.6,59,70,76,6,11
1667,motor,motorboat,12.01,3.54,1.08,3.8,59,72,75,3,13
1686,sail,sailboat,16.32,4.91,2.77,6.8,59,72,77,5,13
1694,sail,sailboat,10.93,3.68,1.78,6.2,59,72,75,3,13
1832,motor,motorboat,17.81,5.46,1.76,0.0,59,75,76,1,16
1997,motor,motorboat,17.07,4.84,1.68,8.8,59,79,80,1,20
2030,sail,sailboat,14.2,4.72,2.21,4.9,59,80,94,14,21
2127,super,yacht,26.81,7.41,3.54,16.4,59,82,83,1,23
2346,motor,motorboat,15.73,4.8,1.58,7.0,59,88,94,6,29
2543,sail,sailboat,12.52,3.95,1.95,6.6,59,92,94,2,33
2563,super,yacht,22.62,5.91,2.85,35.6,59,93,116,23,34
2686,super,yacht,27.59,7.38,3.41,29.3,59,95,102,7,36
2796,motor,motorboat,15.32,4.47,1.34,0.0,59,96,97,1,37
3094,small,motorboat,9.1,3.12,0.84,0.0,59,103,106,3,44
3210,sail,sailboat,14.06,4.63,2.45,6.2,59,106,116,10,47
3337,sail,sailboat,11.42,3.75,1.84,0.0,59,108,112,4,49
3421,motor,motorboat,18.4,5.72,1.68,6.4,59,109,111,2,50
3488,super,yacht,20.25,5.15,2.31,27.8,59,111,112,1,52
3616,motor,motorboat,18.0,5.07,1.75,6.8,59,114,117,3,55
3815,sail,sailboat,16.05,5.03,2.56,10.5,59,117,119,2,58
4813,super,yacht,27.22,7.03,3.09,19.4,59,138,144,6,79
5499,motor,motorboat,19.93,5.75,2.02,8.1,59,152,155,3,93
6349,super,yacht,28.53,7.68,3.77,31.1,59,176,178,2,117
6937,motor,motorboat,12.08,3.37,1.14,3.8,59,203,205,2,144
1205,sail,sailboat,13.33,4.26,2.0,0.0,60,60,67,7,0
1213,sail,sailboat,11.67,3.93,1.9,4.8,60,60,74,14,0
1225,motor,motorboat,14.42,4.47,1.35,4.2,60,60,64,4,0
1247,sail,sailboat,10.16,3.11,1.65,6.8,60,61,63,2,1
1250,sail,sailboat,13.07,4.38,1.97,0.0,60,61,62,1,1
1257,motor,motorboat,16.77,5.12,1.63,12.2,60,61,64,3,1
1261,sail,sailboat,13.89,4.55,2.18,0.0,60,61,62,1,1
1262,sail,sailboat,11.23,3.62,1.92,6.4,60,61,62,1,1
1270,sail,sailboat,10.86,3.67,1.86,4.5,60,62,68,6,2
1284,sail,sailboat,10.49,3.3,1.63,3.1,60,62,68,6,2
1287,motor,motorboat,13.38,4.12,1.38,5.7,60,62,67,5,2
1295,sail,sailboat,17.0,5.2,3.0,12.9,60,62,69,7,2
1297,sail,sailboat,12.4,4.18,2.28,0.0,60,62,64,2,2
1299,sail,sailboat,12.43,4.08,2.14,0.0,60,62,63,1,2
1302,motor,motorboat,12.13,3.38,1.08,5.1,60,63,65,2,3
1323,motor,motorboat,17.43,5.23,1.52,7.2,60,63,70,7,3
1326,motor,motorboat,10.0,2.85,1.05,3.6,60,63,66,3,3
1394,small,motorboat,9.5,3.25,1.0,0.0,60,65,68,3,5
1395,sail,sailboat,10.35,3.48,1.69,3.5,60,65,69,4,5
1408,motor,motorboat,15.28,4.39,1.58,0.0,60,65,68,3,5
1416,sail,sailboat,13.64,4.42,2.41,3.3,60,66,71,5,6
1437,sail,sailboat,14.58,4.82,2.6,5.8,60,66,68,2,6
1450,super,yacht,20.84,5.33,2.74,17.8,60,66,68,2,6
1454,sail,sailboat,14.41,4.83,2.37,5.5,60,66,69,3,6
1456,motor,motorboat,16.95,4.75,1.69,11.3,60,66,67,1,6
1462,sail,sailboat,15.55,5.13,2.34,9.7,60,66,67,1,6
1540,sail,sailboat,9.5,3.05,1.75,2.2,60,68,75,7,8
1585,sail,sailboat,15.46,5.03,2.32,0.0,60,69,72,3,9
1605,sail,sailboat,10.1,3.07,1.64,5.5,60,69,75,6,9
1650,sail,sailboat,11.34,3.55,1.91,4.1,60,71,74,3,11
1653,sail,sailboat,12.03,3.66,1.98,3.6,60,71,72,1,11
1674,sail,sailboat,12.27,4.07,2.11,0.0,60,72,77,5,12
1710,sail,sailboat,12.86,4.33,2.07,0.0,60,73,82,9,13
1716,super,yacht,21.83,5.63,2.8,29.3,60,73,75,2,13
2124,sail,sailboat,12.98,4.18,2.13,6.7,60,82,88,6,22
2231,super,yacht,22.75,5.81,2.76,36.0,60,85,91,6,25
2263,sail,sailboat,11.96,3.76,2.08,6.2,60,86,91,5,26
2302,super,yacht,25.48,7.27,3.38,16.2,60,87,88,1,27
2534,motor,motorboat,11.9,3.38,1.16,6.2,60,92,93,1,32
2577,sail,sailboat,12.28,3.84,2.07,6.6,60,93,99,6,33
2621,small,motorboat,8.04,2.89,0.89,0.0,60,94,112,18,34
2795,sail,sailboat,12.03,3.74,1.96,5.4,60,96,126,30,36
2896,sail,sailboat,14.37,4.84,2.3,6.3,60,99,108,9,39
2916,super,yacht,25.85,7.08,2.84,37.6,60,100,106,6,40
3013,motor,motorboat,17.77,5.48,1.8,0.0,60,101,103,2,41
3306,sail,sailboat,11.31,3.66,1.92,3.1,60,108,112,4,48
3380,sail,sailboat,17.0,5.31,2.67,12.6,60,109,112,3,49
4308,motor,motorboat,17.59,5.0,1.63,0.0,60,128,137,9,68
5039,motor,motorboat,14.28,4.35,1.27,0.0,60,143,146,3,83
5731,sail,sailboat,14.38,4.39,2.56,5.0,60,158,162,4,98
6486,super,yacht,26.28,7.23,3.23,25.0,60,179,192,13,119
6854,super,yacht,25.48,6.95,3.04,30.1,60,198,202,4,138
1240,sail,sailboat,9.5,3.02,1.54,3.2,61,61,69,8,0
1242,sail,sailboat,16.26,5.5,2.64,0.0,61,61,64,3,0
1252,motor,motorboat,12.56,3.54,1.24,3.2,61,61,62,1,0
1280,sail,sailboat,11.78,3.85,1.89,0.0,61,62,92,30,1
1282,motor,motorboat,16.16,4.93,1.52,13.0,61,62,69,7,1
1294,small,motorboat,7.26,2.58,0.68,0.0,61,62,63,1,1
1303,sail,sailboat,11.07,3.58,1.67,0.0,61,63,64,1,2
1360,small,motorboat,6.33,2.28,0.6,2.7,61,64,81,17,3
1386,sail,sailboat,14.59,4.57,2.46,5.8,61,65,70,5,4
1427,small,motorboat,8.42,2.96,0.84,0.0,61,66,73,7,5
1431,sail,sailboat,14.8,4.75,2.35,5.1,61,66,73,7,5
1442,small,motorboat,8.57,2.93,0.93,0.0,61,66,71,5,5
1495,super,yacht,24.99,6.55,2.73,17.0,61,67,70,3,6
1544,motor,motorboat,18.22,5.54,1.86,8.9,61,68,69,1,7
1555,super,yacht,26.84,7.55,3.56,22.7,61,68,97,29,7
1639,motor,motorboat,18.34,5.39,1.88,8.7,61,71,85,14,10
1688,super,yacht,23.69,6.27,2.99,24.0,61,72,79,7,11
1711,motor,motorboat,18.39,5.14,1.58,6.6,61,73,80,7,12
1767,motor,motorboat,15.57,4.57,1.54,8.9,61,74,77,3,13
1803,sail,sailboat,14.51,4.59,2.49,4.7,61,75,77,2,14
1819,motor,motorboat,11.8,3.36,1.03,5.7,61,75,80,5,14
1831,sail,sailboat,11.37,3.69,2.03,6.6,61,75,83,8,14
1838,motor,motorboat,14.28,4.37,1.32,5.3,61,75,81,6,14
1968,sail,sailboat,13.65,4.39,2.1,0.0,61,79,81,2,18
1981,super,yacht,27.9,7.23,3.75,29.6,61,79,101,22,18
1999,motor,motorboat,13.25,3.92,1.23,6.1,61,80,82,2,19
2167,small,motorboat,8.75,2.92,0.84,2.3,61,84,86,2,23
2224,sail,sailboat,10.44,3.22,1.66,4.0,61,85,89,4,24
2308,motor,motorboat,11.21,3.45,1.05,4.5,61,87,88,1,26
2618,motor,motorboat,10.0,2.99,1.05,6.6,61,94,96,2,33
2659,small,motorboat,8.47,2.8,0.82,3.2,61,94,96,2,33
2762,sail,sailboat,14.22,4.4,2.39,3.4,61,96,98,2,35
2785,small,motorboat,7.6,2.56,0.75,2.4,61,96,98,2,35
2854,small,motorboat,6.92,2.44,0.68,0.0,61,98,103,5,37
2995,sail,sailboat,11.95,3.7,1.9,3.0,61,101,106,5,40
3044,sail,sailboat,16.77,5.66,3.05,9.6,61,102,107,5,41
3334,small,motorboat,6.97,2.51,0.67,2.6,61,108,110,2,47
3444,sail,sailboat,16.21,4.89,2.9,12.1,61,110,112,2,49
3450,motor,motorboat,18.16,5.43,1.64,11.6,61,110,114,4,49
3591,super,yacht,22.57,6.12,2.47,23.0,61,113,115,2,52
3771,super,yacht,26.08,6.89,3.17,25.6,61,116,119,3,55
3785,small,motorboat,6.22,2.18,0.64,2.4,61,116,117,1,55
1281,sail,sailboat,13.25,4.47,2.34,0.0,62,62,63,1,0
1283,small,motorboat,9.4,3.31,0.97,3.3,62,62,67,5,0
1300,small,motorboat,6.62,2.24,0.64,2.6,62,62,63,1,0
1322,sail,sailboat,17.0,5.64,2.56,13.5,62,63,85,22,1
1331,motor,motorboat,15.33,4.48,1.34,0.0,62,63,64,1,1
1332,sail,sailboat,12.73,4.01,2.25,0.0,62,63,66,3,1
1338,small,motorboat,7.39,2.39,0.73,0.0,62,64,70,6,2
1341,sail,sailboat,13.58,4.22,2.37,3.4,62,64,69,5,2
1357,sail,sailboat,17.0,5.36,2.78,10.0,62,64,66,2,2
1361,small,motorboat,7.99,2.75,0.87,2.8,62,64,71,7,2
1367,super,yacht,20.21,5.66,2.21,15.1,62,64,69,5,2
1369,small,motorboat,8.57,2.98,0.78,0.0,62,64,71,7,2
1372,sail,sailboat,16.83,5.28,2.62,12.0,62,64,67,3,2
1396,sail,sailboat,10.89,3.53,1.84,4.4,62,65,73,8,3
1435,super,yacht,27.1,7.23,3.61,33.2,62,66,69,3,4
1607,sail,sailboat,11.32,3.45,1.89,6.7,62,69,72,3,7
1654,super,yacht,23.31,6.1,3.12,31.7,62,71,75,4,9
1678,sail,sailboat,14.2,4.71,2.59,0.0,62,72,78,6,10
1682,sail,sailboat,11.61,3.62,1.97,4.7,62,72,78,6,10
1699,sail,sailboat,12.77,3.96,1.94,3.4,62,73,80,7,11
1719,sail,sailboat,15.51,4.68,2.53,0.0,62,73,77,4,11
1735,sail,sailboat,13.8,4.56,2.33,0.0,62,73,76,3,11
1761,sail,sailboat,12.07,3.71,2.14,5.1,62,74,75,1,12
1777,sail,sailboat,12.8,4.05,1.91,0.0,62,74,77,3,12
1804,motor,motorboat,15.4,4.42,1.64,8.3,62,75,77,2,13
1847,sail,sailboat,14.36,4.65,2.27,5.0,62,76,78,2,14
1879,sail,sailboat,9.5,2.87,1.59,3.0,62,76,78,2,14
1911,sail,sailboat,14.22,4.7,2.53,6.7,62,77,78,1,15
2086,motor,motorboat,16.15,4.49,1.7,7.2,62,81,82,1,19
2227,sail,sailboat,10.19,3.43,1.64,0.0,62,85,87,2,23
2609,motor,motorboat,10.0,3.12,1.0,0.0,62,94,95,1,32
2648,super,yacht,24.16,6.25,2.8,29.3,62,94,96,2,32
2658,motor,motorboat,14.22,4.11,1.5,5.0,62,94,97,3,32
2732,sail,sailboat,15.59,5.14,2.4,8.8,62,95,98,3,33
2922,sail,sailboat,9.5,2.98,1.42,3.5,62,100,107,7,38
3409,motor,motorboat,14.03,4.2,1.48,4.6,62,109,116,7,47
3412,super,yacht,22.39,6.21,2.42,33.2,62,109,121,12,47
5192,sail,sailboat,12.02,3.77,1.94,6.9,62,145,163,18,83
5622,motor,motorboat,17.19,4.87,1.74,10.0,62,155,158,3,93
7063,sail,sailboat,14.45,4.66,2.35,0.0,62,211,214,3,149
1306,motor,motorboat,15.9,4.42,1.5,6.6,63,63,76,13,0
1308,sail,sailboat,15.9,5.2,2.78,9.4,63,63,67,4,0
1317,sail,sailboat,12.03,4.04,2.09,6.6,63,63,65,2,0
1318,sail,sailboat,11.9,3.67,1.78,4.9,63,63,64,1,0
1328,motor,motorboat,14.26,4.12,1.41,3.1,63,63,68,5,0
1329,motor,motorboat,22.0,6.83,2.06,37.4,63,63,77,14,0
1379,sail,sailboat,11.99,3.73,2.07,6.8,63,65,67,2,2
1388,sail,sailboat,13.0,4.1,2.03,3.6,63,65,67,2,2
1391,sail,sailboat,13.79,4.54,2.26,4.1,63,65,68,3,2
1399,motor,motorboat,14.22,4.05,1.3,6.3,63,65,72,7,2
1403,sail,sailboat,13.51,4.37,2.45,5.1,63,65,76,11,2
1502,motor,motorboat,13.31,4.09,1.25,6.1,63,67,73,6,4
1526,sail,sailboat,12.46,3.95,1.97,6.2,63,68,76,8,5
1572,motor,motorboat,16.85,5.11,1.7,9.2,63,69,72,3,6
1617,sail,sailboat,17.0,5.53,2.79,7.2,63,70,73,3,7
1629,small,motorboat,8.58,2.98,0.83,2.8,63,71,86,15,8
1659,motor,motorboat,12.89,3.65,1.31,6.8,63,71,75,4,8
1700,sail,sailboat,12.54,4.19,2.25,5.8,63,73,74,1,10
1704,sail,sailboat,13.04,4.25,2.3,4.0,63,73,74,1,10
1723,sail,sailboat,11.49,3.82,1.74,4.6,63,73,75,2,10
1749,super,yacht,25.14,6.44,2.8,34.7,63,74,79,5,11
1755,small,motorboat,8.99,3.02,0.87,3.2,63,74,82,8,11
1762,motor,motorboat,14.72,4.26,1.45,5.9,63,74,75,1,11
1776,sail,sailboat,9.5,3.1,1.44,3.2,63,74,88,14,11
1821,sail,sailboat,12.98,4.36,2.22,3.0,63,75,100,25,12
1844,small,motorboat,9.45,3.23,0.87,2.1,63,76,80,4,13
1853,small,motorboat,7.83,2.77,0.8,2.6,63,76,77,1,13
1854,super,yacht,24.86,6.97,3.31,32.7,63,76,80,4,13
1855,motor,motorboat,17.63,5.11,1.57,10.0,63,76,77,1,13
1877,motor,motorboat,16.53,4.83,1.47,8.4,63,76,79,3,13
2018,small,motorboat,8.84,3.07,0.82,2.7,63,80,93,13,17
2177,motor,motorboat,14.63,4.25,1.49,6.1,63,84,89,5,21
2589,sail,sailboat,13.07,4.2,2.35,0.0,63,93,94,1,30
2605,super,yacht,21.22,5.51,2.79,37.4,63,94,97,3,31
2725,motor,motorboat,16.33,4.77,1.61,13.7,63,95,99,4,32
2744,motor,motorboat,20.39,5.84,1.77,37.7,63,95,97,2,32
2784,super,yacht,23.88,6.25,2.61,13.9,63,96,103,7,33
2814,sail,sailboat,16.27,5.44,2.43,7.3,63,97,101,4,34
2991,motor,motorboat,19.44,6.01,1.8,0.0,63,101,106,5,38
3706,motor,motorboat,10.68,3.06,0.99,7.0,63,115,118,3,52
3731,motor,motorboat,15.91,4.84,1.37,13.2,63,115,126,11,52
3910,sail,sailboat,12.61,4.17,2.19,0.0,63,120,123,3,57
4490,super,yacht,27.01,7.47,2.93,33.1,63,131,133,2,68
4729,sail,sailboat,11.8,3.92,1.96,0.0,63,136,142,6,73
5616,super,yacht,25.42,7.06,2.96,15.0,63,155,166,11,92
1352,sail,sailboat,13.41,4.41,2.23,0.0,64,64,68,4,0
1353,motor,motorboat,10.0,3.12,0.97,4.2,64,64,68,4,0
1365,motor,motorboat,17.66,5.39,1.8,8.5,64,64,67,3,0
1368,sail,sailboat,14.25,4.59,2.51,3.3,64,64,65,1,0
1374,sail,sailboat,12.92,4.36,2.35,4.4,64,65,66,1,1
1383,motor,motorboat,14.98,4.6,1.28,3.7,64,65,72,7,1
1385,motor,motorboat,20.18,6.13,1.93,0.0,64,65,68,3,1
1398,super,yacht,21.88,6.15,2.76,18.4,64,65,67,2,1
1422,small,motorboat,8.94,2.9,0.88,3.5,64,66,68,2,2
1424,sail,sailboat,10.31,3.15,1.55,5.5,64,66,68,2,2
1434,motor,motorboat,14.27,4.15,1.37,4.7,64,66,70,4,2
1441,small,motorboat,6.62,2.34,0.67,0.0,64,66,70,4,2
1457,motor,motorboat,17.11,5.24,1.68,10.0,64,66,68,2,2
1460,motor,motorboat,16.12,4.95,1.56,0.0,64,66,69,3,2
1463,motor,motorboat,16.2,5.0,1.55,6.4,64,66,68,2,2
1508,small,motorboat,6.86,2.23,0.64,0.0,64,67,69,2,3
1550,small,motorboat,6.96,2.5,0.76,3.5,64,68,70,2,4
1568,sail,sailboat,11.22,3.51,1.89,4.5,64,69,71,2,5
1581,motor,motorboat,14.36,4.18,1.51,6.8,64,69,70,1,5
1647,small,motorboat,9.07,3.04,0.99,0.0,64,71,83,12,7
1709,sail,sailboat,11.26,3.76,1.83,5.1,64,73,76,3,9
1779,motor,motorboat,16.73,4.95,1.48,11.1,64,74,76,2,10
1787,sail,sailboat,14.17,4.54,2.62,4.4,64,74,77,3,10
1790,sail,sailboat,12.68,4.06,1.89,0.0,64,74,75,1,10
1798,small,motorboat,9.38,3.18,0.93,0.0,64,74,81,7,10
1799,motor,motorboat,12.34,3.69,1.1,5.7,64,74,75,1,10
1843,motor,motorboat,14.63,4.57,1.28,5.7,64,75,77,2,11
1925,sail,sailboat,14.67,4.61,2.52,3.8,64,78,80,2,14
1926,motor,motorboat,14.63,4.56,1.3,6.6,64,78,83,5,14
1955,small,motorboat,8.87,2.9,0.89,3.1,64,78,81,3,14
2166,sail,sailboat,16.87,5.29,2.76,7.1,64,84,89,5,20
2307,motor,motorboat,17.86,5.44,1.82,13.5,64,87,90,3,23
2969,sail,sailboat,10.89,3.49,1.63,3.9,64,101,104,3,37
3018,sail,sailboat,9.9,3.15,1.8,0.0,64,101,126,25,37
3407,sail,sailboat,12.22,4.08,1.84,6.9,64,109,110,1,45
3461,motor,motorboat,12.18,3.38,1.24,3.1,64,110,112,2,46
3674,motor,motorboat,11.36,3.41,1.15,4.0,64,115,118,3,51
3798,sail,sailboat,12.34,3.72,1.83,3.1,64,117,118,1,53
3917,super,yacht,25.77,7.34,2.88,35.9,64,120,134,14,56
3965,small,motorboat,7.31,2.62,0.67,0.0,64,121,122,1,57
4037,motor,motorboat,19.14,5.97,1.99,6.2,64,123,127,4,59
4105,motor,motorboat,18.44,5.36,1.77,12.8,64,124,130,6,60
5268,motor,motorboat,14.93,4.18,1.56,3.2,64,147,148,1,83
5816,super,yacht,27.34,7.19,3.23,32.0,64,160,164,4,96
6850,motor,motorboat,15.44,4.81,1.53,0.0,64,198,200,2,134
1376,sail,sailboat,17.0,5.52,2.61,9.0,65,65,66,1,0
1377,sail,sailboat,13.49,4.1,2.43,4.5,65,65,68,3,0
1406,motor,motorboat,13.07,3.78,1.33,0.0,65,65,77,12,0
1412,small,motorboat,8.26,2.92,0.79,2.1,65,65,71,6,0
1418,super,yacht,26.92,7.38,3.22,21.3,65,66,77,11,1
1420,small,motorboat,8.39,2.76,0.85,0.0,65,66,69,3,1
1433,sail,sailboat,10.2,3.31,1.76,6.4,65,66,70,4,1
1452,motor,motorboat,16.53,5.08,1.47,11.1,65,66,68,2,1
1458,sail,sailboat,15.03,5.07,2.41,8.3,65,66,69,3,1
1465,motor,motorboat,18.36,5.17,1.91,13.1,65,66,67,1,1
1468,small,motorboat,6.76,2.38,0.63,0.0,65,67,70,3,2
1471,sail,sailboat,14.58,4.8,2.4,3.7,65,67,70,3,2
1484,motor,motorboat,16.63,4.89,1.48,11.7,65,67,73,6,2
1488,sail,sailboat,11.96,3.79,2.11,5.2,65,67,70,3,2
1489,motor,motorboat,14.83,4.53,1.39,6.4,65,67,75,8,2
1490,small,motorboat,8.58,2.95,0.87,0.0,65,67,70,3,2
1494,motor,motorboat,15.89,4.48,1.61,0.0,65,67,72,5,2
1512,motor,motorboat,17.49,4.89,1.8,0.0,65,67,70,3,2
1727,sail,sailboat,12.26,3.96,1.91,0.0,65,73,77,4,8
1770,sail,sailboat,9.66,2.92,1.51,0.0,65,74,77,3,9
1784,motor,motorboat,16.69,5.06,1.76,7.9,65,74,81,7,9
1873,small,motorboat,8.69,2.92,0.9,2.7,65,76,79,3,11
1953,sail,sailboat,15.7,5.03,2.88,11.0,65,78,83,5,13
1977,motor,motorboat,15.6,4.7,1.36,13.1,65,79,81,2,14
2209,super,yacht,27.97,7.94,3.11,17.6,65,85,86,1,20
2259,small,motorboat,6.19,1.99,0.69,0.0,65,86,87,1,21
2513,sail,sailboat,12.12,3.96,2.19,0.0,65,92,95,3,27
2600,motor,motorboat,14.03,4.34,1.24,4.1,65,93,95,2,28
2685,sail,sailboat,9.53,3.06,1.56,3.3,65,95,123,28,30
3424,sail,sailboat,11.74,3.81,1.91,0.0,65,109,116,7,44
3451,sail,sailboat,11.85,3.72,1.86,5.4,65,110,116,6,45
3598,small,motorboat,8.67,3.03,0.82,2.1,65,113,115,2,48
3762,motor,motorboat,12.4,3.48,1.25,0.0,65,116,117,1,51
3803,sail,sailboat,14.39,4.81,2.47,6.4,65,117,118,1,52
5640,small,motorboat,8.66,3.01,0.85,0.0,65,156,157,1,91
1415,sail,sailboat,15.07,5.09,2.53,7.9,66,66,68,2,0
1440,small,motorboat,7.56,2.48,0.79,2.2,66,66,76,10,0
1443,small,motorboat,6.49,2.26,0.68,0.0,66,66,68,2,0
1449,motor,motorboat,18.13,5.24,1.92,11.6,66,66,67,1,0
1466,motor,motorboat,14.3,4.22,1.46,5.6,66,67,68,1,1
1467,sail,sailboat,14.91,4.67,2.63,3.2,66,67,70,3,1
1474,small,motorboat,8.62,3.07,0.82,0.0,66,67,70,3,1
1476,sail,sailboat,9.73,3.19,1.74,3.3,66,67,69,2,1
1477,sail,sailboat,12.14,3.95,2.09,3.2,66,67,68,1,1
1480,small,motorboat,7.23,2.56,0.73,0.0,66,67,72,5,1
1481,sail,sailboat,13.64,4.46,2.18,3.7,66,67,76,9,1
1500,sail,sailboat,11.37,3.49,1.93,3.8,66,67,70,3,1
1523,motor,motorboat,15.76,4.78,1.43,6.9,66,67,70,3,1
1535,small,motorboat,8.84,2.98,0.94,3.0,66,68,70,2,2
1542,small,motorboat,9.48,3.32,1.0,2.6,66,68,74,6,2
1546,motor,motorboat,18.14,5.5,1.61,8.9,66,68,69,1,2
1548,motor,motorboat,13.36,3.81,1.35,3.5,66,68,70,2,2
1552,sail,sailboat,14.47,4.63,2.45,3.6,66,68,69,1,2
1554,small,motorboat,9.09,3.17,0.9,0.0,66,68,70,2,2
1588,super,yacht,27.71,7.68,3.11,39.7,66,69,71,2,3
1611,small,motorboat,6.84,2.27,0.65,0.0,66,70,71,1,4
1612,sail,sailboat,12.85,4.29,2.28,0.0,66,70,73,3,4
1623,motor,motorboat,10.18,2.97,0.9,6.6,66,70,77,7,4
1632,motor,motorboat,17.63,5.31,1.81,10.0,66,71,73,2,5
1633,sail,sailboat,9.97,3.32,1.77,2.1,66,71,85,14,5
1636,sail,sailboat,16.14,5.36,2.97,7.8,66,71,77,6,5
1655,motor,motorboat,10.6,3.16,1.09,6.2,66,71,85,14,5
1675,motor,motorboat,19.26,5.88,1.69,12.2,66,72,73,1,6
1701,sail,sailboat,16.45,5.42,2.73,6.3,66,73,76,3,7
1718,motor,motorboat,15.18,4.5,1.33,7.9,66,73,76,3,7
1722,motor,motorboat,20.82,5.9,1.85,0.0,66,73,75,2,7
1747,small,motorboat,6.28,2.06,0.66,0.0,66,73,74,1,7
1808,sail,sailboat,12.94,4.16,2.37,0.0,66,75,77,2,9
1868,small,motorboat,8.98,3.03,0.81,0.0,66,76,80,4,10
1876,motor,motorboat,16.49,4.94,1.61,12.6,66,76,79,3,10
1882,motor,motorboat,13.66,3.86,1.44,7.0,66,77,78,1,11
1899,sail,sailboat,16.23,4.9,2.81,11.5,66,77,84,7,11
1913,small,motorboat,9.4,3.34,0.88,3.0,66,77,81,4,11
1934,sail,sailboat,13.95,4.31,2.49,5.3,66,78,86,8,12
1935,motor,motorboat,18.17,5.63,1.8,8.7,66,78,80,2,12
2010,sail,sailboat,10.94,3.38,1.72,6.0,66,80,82,2,14
2022,sail,sailboat,15.82,5.07,2.7,6.1,66,80,91,11,14
2028,sail,sailboat,11.21,3.46,1.79,3.6,66,80,82,2,14
2076,motor,motorboat,14.2,4.16,1.33,0.0,66,81,103,22,15
2494,sail,sailboat,14.46,4.61,2.67,6.2,66,91,93,2,25
2770,motor,motorboat,14.85,4.26,1.41,6.2,66,96,97,1,30
2830,small,motorboat,7.46,2.49,0.69,0.0,66,97,102,5,31
3033,motor,motorboat,15.74,4.91,1.65,10.0,66,101,102,1,35
3171,sail,sailboat,11.09,3.68,2.01,3.0,66,105,106,1,39
3578,small,motorboat,8.25,2.82,0.9,2.6,66,113,119,6,47
3869,sail,sailboat,14.41,4.37,2.27,0.0,66,119,126,7,53
3920,super,yacht,24.18,6.22,3.24,18.5,66,120,123,3,54
4244,small,motorboat,6.98,2.24,0.67,2.5,66,127,129,2,61
4866,motor,motorboat,17.27,5.28,1.82,12.4,66,138,141,3,72
5727,sail,sailboat,12.84,3.86,2.3,4.1,66,158,171,13,92
6180,super,yacht,23.7,6.64,3.11,16.3,66,171,174,3,105
1473,small,motorboat,7.86,2.68,0.78,0.0,67,67,68,1,0
1509,sail,sailboat,14.22,4.71,2.26,4.5,67,67,68,1,0
1514,sail,sailboat,11.05,3.32,1.78,5.7,67,67,81,14,0
1522,small,motorboat,6.04,2.07,0.62,3.1,67,67,68,1,0
1530,small,motorboat,8.32,2.82,0.86,2.4,67,68,74,6,1
1536,sail,sailboat,11.8,3.65,1.97,4.7,67,68,82,14,1
1558,motor,motorboat,17.32,5.14,1.48,6.0,67,68,69,1,1
1560,sail,sailboat,13.74,4.27,2.28,0.0,67,68,74,6,1
1587,motor,motorboat,10.69,3.3,0.93,6.2,67,69,70,1,2
1594,motor,motorboat,13.53,3.85,1.43,5.1,67,69,80,11,2
1677,sail,sailboat,12.8,4.05,1.94,6.1,67,72,73,1,5
1679,sail,sailboat,12.16,3.95,2.1,0.0,67,72,74,2,5
1690,sail,sailboat,11.19,3.42,1.85,5.2,67,72,79,7,5
1737,motor,motorboat,17.15,4.99,1.79,12.9,67,73,75,2,6
1739,motor,motorboat,15.75,4.67,1.42,6.8,67,73,75,2,6
1741,motor,motorboat,18.17,5.42,1.92,12.6,67,73,76,3,6
1746,sail,sailboat,10.75,3.5,1.98,4.4,67,73,78,5,6
1783,super,yacht,27.23,7.75,3.41,0.0,67,74,77,3,7
1786,motor,motorboat,10.0,3.0,0.97,6.9,67,74,80,6,7
1814,small,motorboat,7.86,2.58,0.74,0.0,67,75,89,14,8
1817,sail,sailboat,15.27,4.93,2.56,7.5,67,75,86,11,8
1863,sail,sailboat,13.9,4.42,2.29,5.9,67,76,77,1,9
1870,sail,sailboat,9.5,2.87,1.53,2.3,67,76,77,1,9
1917,sail,sailboat,11.91,3.6,1.93,4.1,67,78,91,13,11
1929,sail,sailboat,12.27,4.09,2.06,4.4,67,78,82,4,11
1986,sail,sailboat,11.64,3.83,1.85,4.3,67,79,93,14,12
2031,motor,motorboat,15.41,4.35,1.55,9.4,67,80,86,6,13
2053,sail,sailboat,12.64,4.0,1.97,6.4,67,81,82,1,14
2079,motor,motorboat,10.0,3.1,1.0,5.5,67,81,87,6,14
2377,super,yacht,23.44,6.42,3.13,33.1,67,88,98,10,21
2405,sail,sailboat,13.76,4.43,2.5,0.0,67,89,92,3,22
2441,motor,motorboat,16.96,5.13,1.54,12.9,67,90,103,13,23
2726,super,yacht,24.65,6.46,3.22,25.1,67,95,97,2,28
3366,super,yacht,25.98,6.89,3.29,18.0,67,109,116,7,42
3547,motor,motorboat,13.59,4.17,1.39,6.0,67,112,113,1,45
3635,super,yacht,22.85,5.84,2.53,32.6,67,114,115,1,47
3794,small,motorboat,9.37,3.25,1.0,2.1,67,117,118,1,50
4941,sail,sailboat,10.15,3.22,1.73,0.0,67,140,169,29,73
5360,super,yacht,24.55,6.71,3.03,33.5,67,149,171,22,82
1527,motor,motorboat,14.4,4.13,1.48,4.7,68,68,73,5,0
1541,sail,sailboat,12.74,3.89,2.05,4.7,68,68,70,2,0
1545,motor,motorboat,16.54,4.91,1.52,12.1,68,68,77,9,0
1551,small,motorboat,7.66,2.61,0.83,2.2,68,68,71,3,0
1562,motor,motorboat,20.17,6.08,1.97,36.8,68,68,69,1,0
1564,sail,sailboat,11.82,3.73,1.91,4.9,68,68,69,1,0
1565,sail,sailboat,13.29,4.2,2.37,5.5,68,68,72,4,0
1570,small,motorboat,7.88,2.7,0.82,2.9,68,69,76,7,1
1598,sail,sailboat,13.88,4.4,2.27,4.2,68,69,71,2,1
1600,sail,sailboat,14.54,4.82,2.59,0.0,68,69,72,3,1
1603,small,motorboat,9.41,3.18,0.88,2.9,68,69,71,2,1
1615,sail,sailboat,17.0,5.61,2.64,10.6,68,70,71,1,2
1618,motor,motorboat,16.47,4.79,1.57,6.2,68,70,72,2,2
1621,sail,sailboat,12.58,3.96,1.88,3.8,68,70,71,1,2
1671,motor,motorboat,16.39,4.77,1.47,11.8,68,72,79,7,4
1738,small,motorboat,6.06,2.13,0.57,2.7,68,73,74,1,5
1756,small,motorboat,9.18,3.01,0.97,0.0,68,74,76,2,6
1769,motor,motorboat,17.42,4.93,1.65,0.0,68,74,76,2,6
1802,motor,motorboat,13.99,4.01,1.26,3.6,68,74,75,1,6
1810,sail,sailboat,13.2,4.35,2.19,4.6,68,75,103,28,7
1824,motor,motorboat,17.59,5.46,1.86,8.2,68,75,80,5,7
1834,sail,sailboat,9.63,3.09,1.48,0.0,68,75,76,1,7
1989,motor,motorboat,14.74,4.2,1.54,0.0,68,79,80,1,11
2008,sail,sailboat,9.87,3.2,1.49,2.7,68,80,81,1,12
2077,small,motorboat,8.7,2.78,0.91,0.0,68,81,84,3,13
2094,motor,motorboat,10.0,2.78,0.99,5.9,68,81,84,3,13
2125,motor,motorboat,16.51,4.74,1.65,6.4,68,82,85,3,14
2391,small,motorboat,7.33,2.5,0.79,3.0,68,89,104,15,21
2597,motor,motorboat,14.63,4.52,1.56,5.1,68,93,95,2,25
2636,super,yacht,24.03,6.14,3.02,31.8,68,94,95,1,26
2929,sail,sailboat,10.83,3.4,1.9,5.1,68,100,103,3,32
3082,motor,motorboat,11.54,3.42,1.12,3.4,68,102,105,3,34
3237,super,yacht,24.0,6.54,2.65,36.2,68,106,108,2,38
3328,sail,sailboat,14.78,4.67,2.43,4.4,68,108,113,5,40
3589,sail,sailboat,11.93,3.81,1.95,4.7,68,113,117,4,45
3921,sail,sailboat,16.97,5.22,3.04,8.1,68,120,121,1,52
4203,super,yacht,21.62,5.62,2.56,28.6,68,126,130,4,58
4233,sail,sailboat,14.41,4.87,2.66,0.0,68,127,132,5,59
4282,super,yacht,22.87,5.94,2.77,30.4,68,128,145,17,60
5241,sail,sailboat,14.96,5.04,2.27,5.0,68,146,149,3,78
5818,sail,sailboat,12.08,3.78,1.99,6.2,68,161,163,2,93
6135,motor,motorboat,10.0,2.91,1.01,3.2,68,170,181,11,102
1584,small,motorboat,8.0,2.77,0.89,2.4,69,69,76,7,0
1590,motor,motorboat,12.09,3.36,1.11,4.7,69,69,83,14,0
1595,motor,motorboat,16.32,4.53,1.49,0.0,69,69,71,2,0
1601,sail,sailboat,14.27,4.56,2.14,5.6,69,69,71,2,0
1610,motor,motorboat,16.8,4.74,1.58,0.0,69,70,75,5,1
1640,sail,sailboat,12.94,4.2,2.08,5.8,69,71,77,6,2
1651,motor,motorboat,17.95,5.23,1.72,6.7,69,71,74,3,2
1660,small,motorboat,8.08,2.87,0.75,0.0,69,71,75,4,2
1672,sail,sailboat,11.59,3.78,1.99,6.4,69,72,75,3,3
1684,sail,sailboat,12.6,3.82,2.04,0.0,69,72,75,3,3
1685,motor,motorboat,13.1,3.9,1.35,4.4,69,72,73,1,3
1695,super,yacht,20.47,5.57,2.35,14.2,69,72,85,13,3
1698,sail,sailboat,12.72,3.88,2.31,0.0,69,73,75,2,4
1708,super,yacht,27.19,7.31,3.61,20.4,69,73,76,3,4
1714,motor,motorboat,17.12,5.27,1.79,8.3,69,73,79,6,4
1801,motor,motorboat,13.6,4.2,1.41,5.9,69,74,90,16,5
1848,super,yacht,21.5,5.78,2.78,30.8,69,76,78,2,7
1867,super,yacht,24.56,6.44,2.86,27.7,69,76,79,3,7
1884,motor,motorboat,15.83,4.84,1.37,8.4,69,77,83,6,8
2009,small,motorboat,6.88,2.46,0.64,2.2,69,80,85,5,11
2024,sail,sailboat,12.14,3.72,1.81,5.8,69,80,83,3,11
2051,sail,sailboat,12.52,3.87,2.03,0.0,69,81,82,1,12
2095,sail,sailboat,15.58,5.02,2.77,7.7,69,81,88,7,12
2096,small,motorboat,6.27,2.24,0.57,2.0,69,82,87,5,13
2101,sail,sailboat,14.68,4.59,2.57,5.0,69,82,84,2,13
2148,sail,sailboat,9.58,3.13,1.47,0.0,69,83,93,10,14
2203,sail,sailboat,14.08,4.54,2.59,5.5,69,85,88,3,16
2213,super,yacht,21.97,5.8,2.82,26.7,69,85,87,2,16
2432,super,yacht,27.33,7.58,3.64,15.0,69,90,93,3,21
3145,motor,motorboat,15.3,4.73,1.6,12.1,69,104,107,3,35
3175,sail,sailboat,14.29,4.67,2.6,0.0,69,105,106,1,36
3325,sail,sailboat,12.0,3.61,2.04,4.6,69,108,111,3,39
3364,sail,sailboat,11.47,3.87,1.94,4.9,69,108,109,1,39
3529,sail,sailboat,9.95,3.18,1.82,2.8,69,112,114,2,43
3764,sail,sailboat,12.69,4.07,2.15,0.0,69,116,119,3,47
3999,sail,sailboat,15.41,5.17,2.45,13.3,69,122,133,11,53
4325,sail,sailboat,15.02,4.59,2.33,7.1,69,129,134,5,60
4936,sail,sailboat,9.5,3.2,1.45,2.8,69,140,146,6,71
1608,motor,motorboat,12.04,3.65,1.24,3.2,70,70,75,5,0
1613,motor,motorboat,10.46,3.26,0.97,6.8,70,70,73,3,0
1634,sail,sailboat,11.22,3.49,2.04,4.6,70,71,72,1,1
1635,sail,sailboat,14.51,4.46,2.56,5.1,70,71,74,3,1
1637,sail,sailboat,13.06,4.15,2.2,5.8,70,71,73,2,1
1638,motor,motorboat,13.06,3.7,1.38,6.1,70,71,72,1,1
1658,sail,sailboat,11.62,3.51,2.1,6.0,70,71,74,3,1
1665,sail,sailboat,10.72,3.29,1.69,3.5,70,72,77,5,2
1668,sail,sailboat,13.6,4.4,2.26,5.4,70,72,74,2,2
1669,motor,motorboat,15.89,4.67,1.54,0.0,70,72,74,2,2
1676,motor,motorboat,12.71,3.55,1.28,5.6,70,72,78,6,2
1689,motor,motorboat,14.22,4.41,1.34,7.0,70,72,75,3,2
1692,small,motorboat,6.1,1.99,0.65,2.6,70,72,74,2,2
1706,motor,motorboat,18.03,5.34,1.8,0.0,70,73,76,3,3
1740,sail,sailboat,15.89,5.0,2.37,13.5,70,73,83,10,3
1750,motor,motorboat,14.79,4.3,1.37,6.1,70,74,79,5,4
1759,motor,motorboat,16.65,4.64,1.48,10.1,70,74,80,6,4
1805,sail,sailboat,16.59,5.29,2.55,9.6,70,75,82,7,5
1862,motor,motorboat,19.32,5.73,1.83,10.4,70,76,78,2,6
1889,small,motorboat,6.49,2.24,0.61,0.0,70,77,78,1,7
1894,motor,motorboat,19.44,5.56,1.68,11.3,70,77,82,5,7
1906,small,motorboat,8.88,3.16,0.85,0.0,70,77,81,4,7
1908,sail,sailboat,11.44,3.51,1.85,4.3,70,77,81,4,7
1921,motor,motorboat,11.21,3.48,1.16,6.3,70,78,80,2,8
1939,sail,sailboat,14.45,4.84,2.4,3.0,70,78,88,10,8
2004,motor,motorboat,15.83,4.73,1.4,12.5,70,80,82,2,10
2085,small,motorboat,6.63,2.34,0.62,3.2,70,81,82,1,11
2118,sail,sailboat,12.51,4.13,2.18,5.0,70,82,85,3,12
2165,super,yacht,27.17,7.38,3.46,13.8,70,84,86,2,14
2483,sail,sailboat,12.8,4.18,2.2,3.6,70,91,96,5,21
2511,sail,sailboat,14.38,4.62,2.22,6.1,70,92,95,3,22
2590,sail,sailboat,10.45,3.46,1.89,4.6,70,93,98,5,23
2643,super,yacht,24.07,6.65,3.16,24.3,70,94,97,3,24
2740,motor,motorboat,20.3,5.93,2.16,24.4,70,95,96,1,25
2820,small,motorboat,8.36,2.85,0.87,0.0,70,97,100,3,27
2840,sail,sailboat,12.32,3.74,1.93,5.9,70,97,99,2,27
3121,sail,sailboat,14.53,4.92,2.3,0.0,70,103,104,1,33
3358,motor,motorboat,14.81,4.28,1.49,5.8,70,108,110,2,38
3814,small,motorboat,6.69,2.16,0.64,3.4,70,117,122,5,47
3977,motor,motorboat,17.85,4.96,1.74,11.2,70,122,132,10,52
4005,super,yacht,21.85,5.88,2.54,35.2,70,122,124,2,52
4013,sail,sailboat,13.8,4.6,2.1,4.0,70,122,128,6,52
6132,sail,sailboat,13.3,4.04,2.29,5.3,70,170,175,5,100
6667,sail,sailboat,15.05,4.91,2.57,11.8,70,187,190,3,117
1631,motor,motorboat,13.76,4.11,1.39,4.2,71,71,80,9,0
1642,motor,motorboat,14.61,4.3,1.55,5.6,71,71,72,1,0
1644,sail,sailboat,16.0,5.03,2.39,0.0,71,71,72,1,0
1645,sail,sailboat,10.95,3.53,1.88,3.6,71,71,73,2,0
1648,sail,sailboat,10.45,3.52,1.81,0.0,71,71,81,10,0
1652,sail,sailboat,15.7,4.79,2.71,13.1,71,71,73,2,0
1657,small,motorboat,6.22,2.02,0.59,3.1,71,71,74,3,0
1670,small,motorboat,7.02,2.28,0.66,0.0,71,72,74,2,1
1683,sail,sailboat,11.8,3.72,1.83,3.5,71,72,77,5,1
1702,motor,motorboat,22.0,6.44,1.98,32.8,71,73,79,6,2
1717,small,motorboat,6.38,2.19,0.68,2.7,71,73,74,1,2
1730,sail,sailboat,12.17,3.97,2.14,0.0,71,73,75,2,2
1742,small,motorboat,7.3,2.52,0.67,3.1,71,73,74,1,2
1745,sail,sailboat,17.0,5.42,2.55,13.7,71,73,79,6,2
1757,motor,motorboat,15.3,4.59,1.35,11.8,71,74,75,1,3
1800,motor,motorboat,10.0,2.88,1.05,3.6,71,74,78,4,3
1861,motor,motorboat,16.04,4.61,1.46,10.4,71,76,79,3,5
1869,motor,motorboat,20.44,6.03,2.13,15.5,71,76,79,3,5
1914,small,motorboat,9.38,3.23,0.94,0.0,71,77,79,2,6
1916,motor,motorboat,22.0,6.76,2.11,29.4,71,77,81,4,6
1954,motor,motorboat,18.91,5.72,1.9,10.7,71,78,95,17,7
1990,motor,motorboat,14.85,4.12,1.57,7.0,71,79,80,1,8
2005,sail,sailboat,12.17,3.69,2.22,0.0,71,80,83,3,9
2040,motor,motorboat,11.47,3.43,1.13,0.0,71,80,87,7,9
2084,sail,sailboat,13.07,4.12,1.97,4.3,71,81,86,5,10
2102,sail,sailboat,12.1,3.97,1.94,3.1,71,82,83,1,11
2130,small,motorboat,7.0,2.33,0.76,0.0,71,83,95,12,12
2135,sail,sailboat,12.49,3.93,2.17,5.0,71,83,89,6,12
2180,super,yacht,25.18,7.09,3.24,28.7,71,84,85,1,13
2182,small,motorboat,7.56,2.69,0.83,2.4,71,84,87,3,13
2185,motor,motorboat,14.38,4.31,1.29,5.4,71,84,91,7,13
2204,small,motorboat,7.07,2.5,0.66,0.0,71,85,87,2,14
2210,small,motorboat,8.2,2.85,0.78,0.0,71,85,86,1,14
2222,motor,motorboat,16.83,5.07,1.73,9.0,71,85,87,2,14
2284,sail,sailboat,14.87,4.98,2.35,3.5,71,87,88,1,16
2656,motor,motorboat,14.19,4.11,1.31,3.0,71,94,95,1,23
2692,super,yacht,27.2,7.35,3.29,30.6,71,95,100,5,24
2903,sail,sailboat,11.71,3.57,1.98,4.0,71,99,106,7,28
3130,sail,sailboat,15.22,4.67,2.48,0.0,71,103,104,1,32
3507,sail,sailboat,12.68,4.04,2.14,0.0,71,111,137,26,40
3768,small,motorboat,6.11,2.1,0.59,2.6,71,116,121,5,45
3866,sail,sailboat,9.5,2.91,1.47,2.9,71,119,126,7,48
4351,sail,sailboat,11.45,3.84,2.06,3.7,71,129,132,3,58
4409,sail,sailboat,12.83,4.17,2.36,4.0,71,130,131,1,59
1687,sail,sailboat,10.55,3.3,1.6,0.0,72,72,73,1,0
1712,motor,motorboat,19.67,5.96,1.89,12.2,72,73,74,1,1
1732,sail,sailboat,11.38,3.67,1.93,5.7,72,73,79,6,1
1734,motor,motorboat,13.74,4.22,1.33,4.1,72,73,77,4,1
1760,sail,sailboat,16.3,5.23,2.92,0.0,72,74,76,2,2
1766,motor,motorboat,19.21,5.97,1.74,9.6,72,74,76,2,2
1774,sail,sailboat,11.15,3.49,1.84,4.3,72,74,79,5,2
1775,motor,motorboat,18.36,5.56,1.63,6.1,72,74,77,3,2
1778,small,motorboat,6.61,2.28,0.64,2.5,72,74,75,1,2
1791,motor,motorboat,14.58,4.49,1.42,6.1,72,74,75,1,2
1793,sail,sailboat,15.85,5.01,2.38,8.7,72,74,75,1,2
1794,small,motorboat,8.41,2.72,0.8,2.8,72,74,75,1,2
1813,small,motorboat,7.86,2.56,0.75,0.0,72,75,77,2,3
1826,super,yacht,22.81,6.22,2.91,16.9,72,75,81,6,3
1860,motor,motorboat,13.12,3.69,1.38,0.0,72,76,79,3,4
1905,motor,motorboat,18.37,5.28,1.72,7.0,72,77,84,7,5
1907,sail,sailboat,9.51,2.9,1.7,3.1,72,77,79,2,5
1909,small,motorboat,8.25,2.74,0.76,3.4,72,77,78,1,5
1937,sail,sailboat,13.99,4.73,2.48,6.4,72,78,89,11,6
1940,sail,sailboat,15.16,5.13,2.7,8.9,72,78,81,3,6
1944,sail,sailboat,12.6,3.83,2.14,6.1,72,78,105,27,6
1956,motor,motorboat,14.53,4.07,1.26,6.4,72,78,84,6,6
1978,sail,sailboat,12.52,4.02,2.17,5.7,72,79,83,4,7
1994,sail,sailboat,16.18,5.02,2.82,7.5,72,79,86,7,7
2021,small,motorboat,7.32,2.57,0.72,0.0,72,80,83,3,8
2056,motor,motorboat,13.09,3.97,1.27,6.2,72,81,84,3,9
2081,sail,sailboat,12.91,4.23,2.15,5.9,72,81,83,2,9
2092,sail,sailboat,10.06,3.28,1.72,4.5,72,81,82,1,9
2120,sail,sailboat,12.86,3.91,2.18,6.6,72,82,84,2,10
2129,motor,motorboat,16.66,4.91,1.74,9.1,72,83,86,3,11
2202,motor,motorboat,20.64,6.24,1.89,36.5,72,85,92,7,13
2218,sail,sailboat,11.92,4.02,1.99,4.8,72,85,90,5,13
2258,sail,sailboat,14.73,4.88,2.55,4.1,72,86,87,1,14
2278,sail,sailboat,16.58,5.51,2.63,13.3,72,86,87,1,14
2509,sail,sailboat,15.9,5.14,2.51,10.2,72,92,100,8,20
2601,sail,sailboat,13.14,4.36,2.42,5.8,72,93,98,5,21
2678,sail,sailboat,10.44,3.23,1.67,0.0,72,94,97,3,22
3367,sail,sailboat,10.51,3.55,1.58,6.8,72,109,114,5,37
3371,sail,sailboat,11.84,3.99,2.1,6.8,72,109,112,3,37
3741,motor,motorboat,10.82,3.33,1.02,6.9,72,116,118,2,44
3970,super,yacht,24.46,6.37,2.96,19.2,72,122,139,17,50
4157,sail,sailboat,14.69,4.82,2.69,5.0,72,125,146,21,53
4187,super,yacht,28.97,7.89,3.3,26.1,72,126,128,2,54
4261,sail,sailboat,12.17,3.75,2.0,0.0,72,127,131,4,55
4298,motor,motorboat,15.76,4.61,1.66,6.9,72,128,133,5,56
4493,motor,motorboat,16.47,4.97,1.61,12.0,72,131,137,6,59
4505,motor,motorboat,20.31,5.82,2.15,38.8,72,131,135,4,59
4517,sail,sailboat,10.14,3.43,1.84,3.6,72,132,137,5,60
4920,super,yacht,27.84,7.65,3.12,19.0,72,140,141,1,68
5720,motor,motorboat,19.12,5.5,1.79,13.4,72,158,174,16,86
5840,sail,sailboat,17.0,5.27,3.12,6.9,72,161,162,1,89
1728,small,motorboat,9.17,3.18,1.02,3.2,73,73,75,2,0
1733,motor,motorboat,13.0,3.85,1.26,6.5,73,73,75,2,0
1736,motor,motorboat,17.78,5.28,1.76,8.3,73,73,79,6,0
1753,sail,sailboat,10.41,3.29,1.55,4.7,73,74,77,3,1
1764,sail,sailboat,15.8,5.25,2.91,9.1,73,74,75,1,1
1781,sail,sailboat,12.67,4.3,2.33,3.5,73,74,81,7,1
1788,motor,motorboat,15.1,4.4,1.32,8.3,73,74,75,1,1
1812,sail,sailboat,11.23,3.61,1.86,6.8,73,75,83,8,2
1822,motor,motorboat,10.54,2.95,1.06,4.4,73,75,92,17,2
1828,small,motorboat,8.82,3.01,0.91,0.0,73,75,78,3,2
1837,motor,motorboat,14.52,4.46,1.3,5.1,73,75,78,3,2
1887,sail,sailboat,14.45,4.57,2.32,5.7,73,77,83,6,4
1924,motor,motorboat,17.38,4.83,1.58,9.7,73,78,80,2,5
1930,sail,sailboat,9.91,3.32,1.59,3.0,73,78,82,4,5
1964,motor,motorboat,16.39,4.63,1.68,13.7,73,79,84,5,6
2011,motor,motorboat,18.81,5.55,1.68,10.6,73,80,91,11,7
2016,motor,motorboat,13.3,4.0,1.23,4.6,73,80,82,2,7
2039,sail,sailboat,14.31,4.69,2.38,0.0,73,80,107,27,7
2071,sail,sailboat,12.57,3.98,2.17,5.7,73,81,85,4,8
2151,motor,motorboat,12.86,3.69,1.16,4.5,73,83,84,1,10
2168,super,yacht,22.97,6.4,2.93,17.7,73,84,87,3,11
2194,sail,sailboat,11.88,3.73,1.94,6.5,73,84,90,6,11
2217,small,motorboat,9.49,3.33,1.03,0.0,73,85,87,2,12
2274,motor,motorboat,18.07,5.53,1.87,6.4,73,86,87,1,13
2281,super,yacht,23.98,6.57,3.09,38.8,73,87,93,6,14
2288,sail,sailboat,12.46,3.95,1.9,6.5,73,87,88,1,14
2310,motor,motorboat,13.82,4.14,1.45,4.1,73,87,91,4,14
2339,motor,motorboat,10.0,2.82,1.0,5.0,73,88,94,6,15
2392,sail,sailboat,11.74,3.68,1.77,6.7,73,89,92,3,16
2763,super,yacht,27.35,7.04,3.6,37.9,73,96,103,7,23
3053,sail,sailboat,16.59,5.26,2.9,8.5,73,102,104,2,29
3523,sail,sailboat,15.74,5.27,2.73,8.8,73,112,115,3,39
4722,sail,sailboat,14.74,4.94,2.6,6.4,73,136,137,1,63
6212,sail,sailboat,14.15,4.47,2.11,0.0,73,172,174,2,99
1773,sail,sailboat,10.72,3.57,1.94,5.5,74,74,76,2,0
1782,sail,sailboat,15.38,4.64,2.32,12.1,74,74,75,1,0
1792,motor,motorboat,15.76,4.38,1.44,7.1,74,74,93,19,0
1806,small,motorboat,8.56,3.06,0.9,0.0,74,75,88,13,1
1825,sail,sailboat,12.69,4.26,2.25,4.8,74,75,78,3,1
1850,motor,motorboat,14.26,4.23,1.43,6.9,74,76,90,14,2
1852,motor,motorboat,12.62,3.77,1.09,4.4,74,76,95,19,2
1865,motor,motorboat,13.7,3.99,1.24,6.0,74,76,79,3,2
1918,sail,sailboat,14.43,4.57,2.22,6.6,74,78,84,6,4
1971,motor,motorboat,18.79,5.48,1.75,8.6,74,79,82,3,5
2070,motor,motorboat,15.19,4.72,1.52,12.9,74,81,83,2,7
2080,motor,motorboat,17.81,5.31,1.68,7.5,74,81,88,7,7
2156,small,motorboat,9.14,3.23,0.84,0.0,74,83,85,2,9
2214,motor,motorboat,17.95,5.48,1.66,8.8,74,85,87,2,11
2240,sail,sailboat,11.1,3.51,1.79,6.5,74,86,92,6,12
2251,sail,sailboat,14.52,4.91,2.2,6.1,74,86,97,11,12
2257,sail,sailboat,16.01,4.89,2.49,12.2,74,86,87,1,12
2291,sail,sailboat,12.93,4.11,2.36,6.8,74,87,90,3,13
2292,motor,motorboat,17.7,5.33,1.58,11.1,74,87,108,21,13
2297,sail,sailboat,17.0,5.4,3.03,8.9,74,87,100,13,13
2303,sail,sailboat,12.38,3.91,1.98,3.7,74,87,88,1,13
2305,sail,sailboat,12.43,4.14,2.04,3.7,74,87,90,3,13
2319,sail,sailboat,12.26,3.72,1.84,0.0,74,87,90,3,13
2369,super,yacht,20.12,5.31,2.26,29.5,74,88,90,2,14
2485,sail,sailboat,13.77,4.22,2.36,4.5,74,91,93,2,17
2758,sail,sailboat,16.29,5.4,2.47,0.0,74,96,113,17,22
3123,sail,sailboat,13.64,4.54,2.47,0.0,74,103,105,2,29
3618,sail,sailboat,10.28,3.33,1.73,0.0,74,114,136,22,40
3711,sail,sailboat,9.5,3.02,1.74,2.9,74,115,116,1,41
4236,sail,sailboat,14.76,4.87,2.39,3.7,74,127,153,26,53
4271,sail,sailboat,9.85,3.21,1.53,0.0,74,128,131,3,54
4305,motor,motorboat,11.92,3.33,1.03,5.3,74,128,151,23,54
4600,small,motorboat,6.35,2.18,0.66,3.3,74,134,137,3,60
4612,motor,motorboat,11.1,3.22,0.99,5.2,74,134,162,28,60
5452,motor,motorboat,17.32,5.27,1.84,7.1,74,151,157,6,77
5887,sail,sailboat,9.61,3.0,1.72,3.0,74,162,163,1,88
1809,motor,motorboat,10.0,3.09,1.03,5.1,75,75,78,3,0
1811,motor,motorboat,13.73,3.86,1.43,3.4,75,75,88,13,0
1823,sail,sailboat,15.6,5.12,2.47,12.4,75,75,78,3,0
1827,sail,sailboat,12.22,3.77,2.03,0.0,75,75,97,22,0
1846,motor,motorboat,14.64,4.08,1.36,0.0,75,76,79,3,1
1849,motor,motorboat,12.87,3.59,1.31,3.6,75,76,80,4,1
1859,motor,motorboat,20.53,5.86,2.16,38.3,75,76,79,3,1
1866,sail,sailboat,12.8,4.31,1.96,3.5,75,76,77,1,1
1872,sail,sailboat,12.5,4.11,1.96,5.7,75,76,79,3,1
1892,sail,sailboat,10.16,3.39,1.62,4.5,75,77,89,12,2
1897,sail,sailboat,13.66,4.46,2.12,3.2,75,77,79,2,2
1912,motor,motorboat,17.42,5.0,1.54,6.7,75,77,81,4,2
1947,motor,motorboat,17.12,4.76,1.51,9.2,75,78,80,2,3
1970,sail,sailboat,15.2,4.97,2.36,12.9,75,79,91,12,4
2112,sail,sailboat,13.84,4.26,2.13,5.5,75,82,85,3,7
2147,motor,motorboat,10.52,3.03,1.08,0.0,75,83,84,1,8
2162,sail,sailboat,12.56,3.89,2.27,5.0,75,84,94,10,9
2221,small,motorboat,9.09,3.18,0.89,0.0,75,85,86,1,10
2223,sail,sailboat,14.28,4.65,2.4,6.5,75,85,94,9,10
2234,motor,motorboat,19.33,5.64,1.78,0.0,75,85,90,5,10
2301,motor,motorboat,10.0,2.91,1.03,0.0,75,87,94,7,12
2326,motor,motorboat,10.31,2.87,1.01,6.8,75,87,90,3,12
2436,sail,sailboat,16.8,5.35,3.1,13.2,75,90,96,6,15
2913,small,motorboat,8.05,2.82,0.81,0.0,75,99,101,2,24
2972,motor,motorboat,17.13,5.06,1.5,6.6,75,101,108,7,26
3422,super,yacht,20.9,5.74,2.33,12.2,75,109,115,6,34
3560,motor,motorboat,14.9,4.54,1.46,3.9,75,113,126,13,38
3789,small,motorboat,8.54,2.93,0.85,2.0,75,117,118,1,42
3829,super,yacht,25.53,7.25,2.78,14.3,75,118,121,3,43
3835,motor,motorboat,14.15,4.09,1.33,5.1,75,118,119,1,43
4038,motor,motorboat,19.4,5.59,2.02,12.3,75,123,130,7,48
4050,motor,motorboat,12.46,3.54,1.07,5.4,75,123,124,1,48
4059,sail,sailboat,14.22,4.32,2.3,6.2,75,123,124,1,48
4061,sail,sailboat,11.63,3.9,1.88,6.9,75,123,152,29,48
4063,super,yacht,25.26,7.07,3.2,21.7,75,123,125,2,48
4256,sail,sailboat,14.66,4.76,2.29,0.0,75,127,130,3,52
4681,super,yacht,23.31,6.04,2.69,25.0,75,135,137,2,60
5385,super,yacht,28.35,7.72,3.11,15.3,75,150,173,23,75
6722,super,yacht,22.77,5.88,2.77,21.8,75,190,193,3,115
7096,sail,sailboat,11.93,4.01,1.98,0.0,75,213,214,1,138
1857,sail,sailboat,15.04,4.73,2.33,12.2,76,76,79,3,0
1883,small,motorboat,7.59,2.69,0.75,0.0,76,77,79,2,1
1891,motor,motorboat,15.36,4.62,1.48,10.2,76,77,79,2,1
1893,sail,sailboat,13.5,4.27,2.33,4.5,76,77,82,5,1
1895,sail,sailboat,12.27,3.99,2.19,0.0,76,77,79,2,1
1902,sail,sailboat,14.52,4.59,2.33,0.0,76,77,78,1,1
1922,sail,sailboat,16.1,5.28,2.55,6.5,76,78,81,3,2
1927,sail,sailboat,11.53,3.61,2.05,0.0,76,78,80,2,2
1936,sail,sailboat,13.27,4.11,2.26,3.5,76,78,79,1,2
1941,sail,sailboat,13.39,4.25,2.02,6.1,76,78,81,3,2
1957,sail,sailboat,15.34,5.11,2.44,6.2,76,78,79,1,2
1979,sail,sailboat,11.65,3.79,2.13,0.0,76,79,86,7,3
1983,sail,sailboat,12.75,4.24,2.15,3.9,76,79,86,7,3
1985,sail,sailboat,12.45,3.9,2.11,3.9,76,79,86,7,3
1987,small,motorboat,8.38,2.96,0.93,0.0,76,79,81,2,3
2001,motor,motorboat,17.19,4.98,1.5,12.4,76,80,81,1,4
2038,motor,motorboat,17.63,5.24,1.68,10.9,76,80,85,5,4
2107,sail,sailboat,12.7,4.15,1.98,5.5,76,82,84,2,6
2154,motor,motorboat,14.13,4.03,1.48,4.2,76,83,84,1,7
2175,motor,motorboat,11.76,3.33,1.09,0.0,76,84,89,5,8
2189,motor,motorboat,19.76,5.97,1.74,7.0,76,84,85,1,8
2243,sail,sailboat,14.97,4.84,2.7,0.0,76,86,87,1,10
2245,motor,motorboat,14.15,4.1,1.35,6.0,76,86,87,1,10
2322,super,yacht,23.3,6.14,2.65,14.8,76,87,93,6,11
2343,sail,sailboat,17.0,5.14,2.53,0.0,76,88,99,11,12
2361,motor,motorboat,13.5,3.99,1.32,3.7,76,88,98,10,12
2381,small,motorboat,9.48,3.13,0.9,3.4,76,88,98,10,12
2384,sail,sailboat,14.69,4.88,2.69,0.0,76,88,89,1,12
2395,super,yacht,28.06,8.01,3.21,32.0,76,89,92,3,13
2460,small,motorboat,8.72,2.83,0.83,2.7,76,90,108,18,14
2700,motor,motorboat,22.0,6.67,2.01,18.0,76,95,96,1,19
2882,super,yacht,28.36,7.21,3.77,16.1,76,99,102,3,23
3014,small,motorboat,7.79,2.64,0.8,2.4,76,101,104,3,25
3027,sail,sailboat,14.19,4.46,2.54,4.5,76,101,131,30,25
3040,sail,sailboat,13.05,4.08,2.34,5.9,76,102,103,1,26
3110,sail,sailboat,12.14,3.82,2.1,4.8,76,103,105,2,27
3236,sail,sailboat,11.06,3.52,2.01,4.3,76,106,114,8,30
3341,small,motorboat,7.9,2.62,0.88,3.4,76,108,113,5,32
4217,sail,sailboat,14.15,4.68,2.58,5.3,76,126,129,3,50
4391,motor,motorboat,16.4,4.67,1.53,0.0,76,130,133,3,54
5866,sail,sailboat,14.38,4.78,2.62,6.5,76,162,163,1,86
6471,motor,motorboat,16.36,4.77,1.64,12.7,76,179,185,6,103
6574,sail,sailboat,12.37,3.79,1.85,6.3,76,182,183,1,106
1896,motor,motorboat,14.7,4.29,1.52,0.0,77,77,78,1,0
1901,sail,sailboat,10.54,3.23,1.85,6.9,77,77,97,20,0
1903,sail,sailboat,10.78,3.32,1.69,4.1,77,77,80,3,0
1923,small,motorboat,7.27,2.53,0.69,0.0,77,78,97,19,1
1931,sail,sailboat,16.16,4.96,2.84,0.0,77,78,79,1,1
1949,sail,sailboat,12.75,4.04,2.13,6.5,77,78,89,11,1
1974,sail,sailboat,11.77,3.72,2.09,0.0,77,79,85,6,2
1982,motor,motorboat,13.93,3.9,1.3,3.4,77,79,81,2,2
1988,sail,sailboat,13.53,4.34,2.31,0.0,77,79,91,12,2
1998,sail,sailboat,15.5,5.03,2.63,13.5,77,79,80,1,2
2020,sail,sailboat,16.78,5.22,2.81,0.0,77,80,83,3,3
2025,motor,motorboat,11.36,3.49,0.99,5.1,77,80,83,3,3
2050,motor,motorboat,14.0,4.12,1.42,5.7,77,81,85,4,4
2108,sail,sailboat,14.45,4.45,2.25,0.0,77,82,84,2,5
2113,sail,sailboat,13.96,4.26,2.14,0.0,77,82,86,4,5
2141,sail,sailboat,9.5,3.15,1.59,2.0,77,83,84,1,6
2150,small,motorboat,8.97,2.95,0.82,0.0,77,83,95,12,6
2191,sail,sailboat,14.74,4.96,2.46,6.0,77,84,86,2,7
2215,sail,sailboat,12.89,4.17,2.28,0.0,77,85,104,19,8
2295,super,yacht,23.1,6.6,2.73,29.2,77,87,111,24,10
2440,sail,sailboat,13.96,4.68,2.22,0.0,77,90,92,2,13
2517,super,yacht,28.78,7.86,3.54,12.1,77,92,98,6,15
2904,motor,motorboat,17.3,4.84,1.57,7.4,77,99,100,1,22
3193,sail,sailboat,9.82,3.13,1.69,0.0,77,105,107,2,28
3607,sail,sailboat,14.34,4.6,2.35,4.2,77,114,115,1,37
3783,super,yacht,20.48,5.69,2.24,28.9,77,116,119,3,39
3967,super,yacht,21.29,5.75,2.78,36.0,77,122,128,6,45
4022,super,yacht,28.65,7.92,3.22,24.0,77,122,125,3,45
4033,motor,motorboat,12.82,3.98,1.19,6.1,77,123,127,4,46
4194,sail,sailboat,11.87,3.58,2.19,4.4,77,126,129,3,49
4332,motor,motorboat,18.36,5.51,1.89,7.7,77,129,131,2,52
4469,sail,sailboat,9.53,2.9,1.56,2.2,77,131,134,3,54
5028,super,yacht,23.11,5.91,2.55,18.0,77,143,156,13,66
5283,super,yacht,25.42,6.57,2.97,37.1,77,148,151,3,71
6537,sail,sailboat,9.5,2.97,1.5,2.3,77,181,183,2,104
1933,motor,motorboat,14.77,4.47,1.35,3.3,78,78,83,5,0
1943,small,motorboat,8.04,2.82,0.8,0.0,78,78,79,1,0
1945,sail,sailboat,13.39,4.05,2.0,0.0,78,78,81,3,0
1946,motor,motorboat,16.3,4.89,1.6,9.9,78,78,83,5,0
1951,motor,motorboat,19.32,5.82,1.71,8.9,78,78,79,1,0
1952,small,motorboat,8.25,2.85,0.79,3.4,78,78,81,3,0
1961,sail,sailboat,12.17,4.06,1.93,6.7,78,79,82,3,1
1967,sail,sailboat,10.87,3.59,1.78,0.0,78,79,81,2,1
1996,sail,sailboat,11.88,3.81,2.1,4.3,78,79,82,3,1
2002,sail,sailboat,14.72,4.67,2.49,4.5,78,80,88,8,2
2014,small,motorboat,9.45,3.13,0.94,2.7,78,80,85,5,2
2026,motor,motorboat,10.0,2.79,0.87,5.8,78,80,87,7,2
2032,sail,sailboat,12.52,4.24,2.01,0.0,78,80,83,3,2
2035,sail,sailboat,10.52,3.18,1.86,0.0,78,80,85,5,2
2037,motor,motorboat,16.16,4.91,1.54,7.6,78,80,83,3,2
2073,motor,motorboat,13.4,4.02,1.31,4.8,78,81,88,7,3
2083,sail,sailboat,11.11,3.37,1.76,6.4,78,81,94,13,3
2233,sail,sailboat,10.55,3.42,1.65,6.9,78,85,112,27,7
2238,small,motorboat,8.87,3.01,0.86,3.1,78,85,97,12,7
2277,sail,sailboat,14.36,4.57,2.29,6.1,78,86,91,5,8
2323,small,motorboat,8.68,3.06,0.87,2.7,78,87,93,6,9
2365,sail,sailboat,9.5,2.92,1.53,2.1,78,88,91,3,10
2370,super,yacht,28.33,7.51,3.55,0.0,78,88,90,2,10
2373,small,motorboat,6.18,2.02,0.66,2.6,78,88,90,2,10
2435,sail,sailboat,9.89,3.04,1.75,3.0,78,90,93,3,12
2470,small,motorboat,7.07,2.33,0.71,0.0,78,91,94,3,13
2606,motor,motorboat,21.45,6.59,1.98,18.8,78,94,95,1,16
2790,super,yacht,24.47,6.36,2.96,28.2,78,96,99,3,18
2866,super,yacht,24.96,6.73,3.11,19.7,78,98,99,1,20
3047,sail,sailboat,15.7,5.25,2.51,12.0,78,102,103,1,24
3234,small,motorboat,6.97,2.41,0.7,3.1,78,106,110,4,28
3275,super,yacht,21.31,5.64,2.41,15.4,78,107,115,8,29
3469,motor,motorboat,12.47,3.83,1.26,5.0,78,111,113,2,33
3558,sail,sailboat,12.68,4.14,2.11,4.8,78,112,115,3,34
3781,sail,sailboat,9.5,3.08,1.65,2.9,78,116,142,26,38
4403,small,motorboat,9.45,3.2,0.96,0.0,78,130,136,6,52
4453,sail,sailboat,11.59,3.59,2.11,5.9,78,130,134,4,52
4646,motor,motorboat,19.33,5.6,2.01,0.0,78,135,137,2,57
6266,sail,sailboat,13.48,4.39,2.25,6.7,78,173,187,14,95
1963,motor,motorboat,15.28,4.68,1.38,13.8,79,79,80,1,0
1972,small,motorboat,6.32,2.11,0.64,0.0,79,79,108,29,0
1973,sail,sailboat,14.61,4.58,2.65,4.9,79,79,80,1,0
1975,sail,sailboat,10.46,3.49,1.66,5.4,79,79,84,5,0
1980,sail,sailboat,13.6,4.57,2.4,4.0,79,79,84,5,0
1991,sail,sailboat,11.96,4.0,1.84,0.0,79,79,81,2,0
2003,sail,sailboat,11.92,3.66,1.87,6.1,79,80,88,8,1
2006,motor,motorboat,11.48,3.28,1.04,6.4,79,80,90,10,1
2017,sail,sailboat,12.91,4.32,2.33,5.0,79,80,81,1,1
2029,motor,motorboat,17.49,5.42,1.5,8.3,79,80,86,6,1
2044,small,motorboat,6.94,2.25,0.72,3.2,79,80,90,10,1
2049,sail,sailboat,15.42,4.82,2.81,13.5,79,81,84,3,2
2061,motor,motorboat,14.53,4.43,1.28,3.2,79,81,85,4,2
2062,motor,motorboat,13.68,3.94,1.27,6.9,79,81,82,1,2
2065,sail,sailboat,15.72,5.13,2.69,6.0,79,81,82,1,2
2066,motor,motorboat,14.94,4.28,1.45,0.0,79,81,84,3,2
2069,sail,sailboat,15.16,4.76,2.37,10.1,79,81,82,1,2
2078,sail,sailboat,17.0,5.67,2.54,10.2,79,81,90,9,2
2091,motor,motorboat,17.35,5.39,1.84,13.7,79,81,84,3,2
2128,motor,motorboat,18.4,5.12,1.79,9.1,79,83,86,3,4
2158,sail,sailboat,11.11,3.52,1.95,5.1,79,84,91,7,5
2183,motor,motorboat,15.45,4.6,1.62,8.4,79,84,88,4,5
2190,sail,sailboat,14.45,4.38,2.56,4.9,79,84,90,6,5
2236,motor,motorboat,16.84,4.95,1.55,7.7,79,85,88,3,6
2241,motor,motorboat,16.55,5.14,1.51,10.2,79,86,91,5,7
2267,sail,sailboat,14.54,4.92,2.67,0.0,79,86,109,23,7
2290,motor,motorboat,10.0,3.0,1.06,5.0,79,87,89,2,8
2328,sail,sailboat,13.03,3.93,2.4,4.9,79,87,88,1,8
2443,small,motorboat,6.61,2.34,0.72,0.0,79,90,96,6,11
2480,super,yacht,24.98,6.77,3.32,15.0,79,91,96,5,12
2498,sail,sailboat,11.06,3.63,1.77,4.7,79,91,94,3,12
2528,small,motorboat,6.92,2.27,0.72,2.4,79,92,96,4,13
2542,small,motorboat,8.95,3.03,0.95,2.2,79,92,96,4,13
2549,sail,sailboat,13.3,4.18,2.44,5.6,79,93,109,16,14
2579,small,motorboat,7.65,2.7,0.79,0.0,79,93,103,10,14
2587,sail,sailboat,10.31,3.14,1.6,4.0,79,93,96,3,14
2599,motor,motorboat,14.45,4.04,1.42,5.1,79,93,100,7,14
2602,motor,motorboat,14.6,4.4,1.4,5.9,79,93,112,19,14
3336,sail,sailboat,10.23,3.46,1.62,3.1,79,108,110,2,29
3360,motor,motorboat,15.32,4.71,1.42,6.3,79,108,109,1,29
3694,sail,sailboat,13.54,4.22,2.34,3.1,79,115,117,2,36
4268,sail,sailboat,16.81,5.52,2.81,8.5,79,127,131,4,48
4547,super,yacht,27.56,7.01,3.41,15.9,79,132,137,5,53
4736,sail,sailboat,12.98,4.27,2.19,0.0,79,136,139,3,57
5280,sail,sailboat,14.51,4.4,2.42,0.0,79,148,151,3,69
5766,super,yacht,27.7,7.43,3.42,21.2,79,159,162,3,80
2013,motor,motorboat,16.05,4.51,1.66,13.8,80,80,81,1,0
2015,small,motorboat,9.49,3.19,1.0,0.0,80,80,86,6,0
2023,sail,sailboat,12.41,4.03,1.94,0.0,80,80,85,5,0
2033,sail,sailboat,11.48,3.5,1.96,3.6,80,80,82,2,0
2034,motor,motorboat,17.17,5.02,1.58,13.7,80,80,94,14,0
2041,sail,sailboat,11.98,4.04,1.92,6.3,80,80,83,3,0
2042,motor,motorboat,11.8,3.27,1.23,5.2,80,80,81,1,0
2043,small,motorboat,9.19,3.1,1.03,2.9,80,80,87,7,0
2046,small,motorboat,7.89,2.66,0.85,3.2,80,81,88,7,1
2047,sail,sailboat,11.79,3.67,1.87,5.9,80,81,85,4,1
2057,sail,sailboat,16.82,5.6,3.02,13.6,80,81,91,10,1
2060,sail,sailboat,13.55,4.19,2.38,0.0,80,81,85,4,1
2072,motor,motorboat,12.75,3.93,1.22,4.1,80,81,84,3,1
2087,sail,sailboat,11.75,3.68,2.11,3.7,80,81,99,18,1
2089,sail,sailboat,14.62,4.95,2.57,4.6,80,81,84,3,1
2099,sail,sailboat,12.38,4.16,2.09,5.6,80,82,85,3,2
2106,motor,motorboat,15.74,4.55,1.42,13.5,80,82,85,3,2
2121,motor,motorboat,15.87,4.73,1.37,6.5,80,82,85,3,2
2173,small,motorboat,9.49,3.4,0.93,0.0,80,84,88,4,4
2225,small,motorboat,8.96,3.08,0.97,0.0,80,85,94,9,5
2228,sail,sailboat,10.94,3.44,1.64,5.0,80,85,86,1,5
2239,sail,sailboat,13.82,4.43,2.47,5.1,80,85,88,3,5
2269,small,motorboat,8.57,3.07,0.92,2.1,80,86,92,6,6
2337,motor,motorboat,11.82,3.4,1.18,6.6,80,88,91,3,8
2366,sail,sailboat,12.77,4.15,2.3,0.0,80,88,90,2,8
2385,sail,sailboat,16.51,5.57,2.89,0.0,80,88,89,1,8
2406,sail,sailboat,13.87,4.46,2.39,4.9,80,89,92,3,9
2409,super,yacht,22.66,5.82,2.9,12.1,80,89,103,14,9
2413,sail,sailboat,14.03,4.62,2.16,6.8,80,89,91,2,9
2429,small,motorboat,7.6,2.49,0.78,0.0,80,90,92,2,10
2434,motor,motorboat,13.11,3.69,1.13,3.0,80,90,91,1,10
2450,motor,motorboat,14.64,4.25,1.52,6.6,80,90,93,3,10
2464,sail,sailboat,13.41,4.31,2.17,6.9,80,91,94,3,11
2477,sail,sailboat,11.43,3.8,2.06,0.0,80,91,92,1,11
2488,motor,motorboat,18.17,5.29,1.76,14.0,80,91,92,1,11
2512,sail,sailboat,13.38,4.07,2.27,0.0,80,92,95,3,12
2619,motor,motorboat,14.31,4.38,1.35,3.8,80,94,107,13,14
2654,motor,motorboat,15.81,4.75,1.59,12.1,80,94,100,6,14
2935,sail,sailboat,9.5,3.0,1.51,0.0,80,100,101,1,20
3312,motor,motorboat,16.48,4.88,1.72,6.9,80,108,111,3,28
3593,sail,sailboat,15.26,4.74,2.52,8.4,80,113,115,2,33
3652,super,yacht,24.09,6.48,2.64,16.9,80,114,116,2,34
3678,sail,sailboat,11.93,4.04,1.86,5.2,80,115,118,3,35
3681,sail,sailboat,10.36,3.43,1.74,5.5,80,115,119,4,35
3779,sail,sailboat,15.1,4.81,2.46,13.3,80,116,134,18,36
3795,small,motorboat,6.29,2.11,0.57,0.0,80,117,124,7,37
4015,super,yacht,27.87,7.21,3.59,29.4,80,122,125,3,42
4091,sail,sailboat,13.5,4.08,2.36,4.0,80,124,125,1,44
4096,super,yacht,28.87,8.02,3.62,27.5,80,124,130,6,44
4184,sail,sailboat,14.1,4.58,2.36,6.7,80,126,133,7,46
4223,super,yacht,24.51,6.36,3.02,16.6,80,126,129,3,46
5498,sail,sailboat,9.5,3.1,1.42,0.0,80,151,157,6,71
5755,sail,sailboat,11.91,3.96,1.83,6.1,80,159,163,4,79
2048,sail,sailboat,12.38,3.99,2.05,3.5,81,81,90,9,0
2052,motor,motorboat,10.0,2.89,0.98,3.7,81,81,84,3,0
2055,small,motorboat,7.7,2.67,0.81,0.0,81,81,89,8,0
2058,sail,sailboat,14.49,4.38,2.37,5.0,81,81,82,1,0
2067,sail,sailboat,11.15,3.47,1.97,4.9,81,81,84,3,0
2090,sail,sailboat,13.84,4.21,2.45,0.0,81,81,82,1,0
2103,motor,motorboat,16.8,5.14,1.55,10.4,81,82,85,3,1
2105,small,motorboat,6.92,2.24,0.75,2.5,81,82,92,10,1
2110,sail,sailboat,15.75,5.05,2.9,6.5,81,82,88,6,1
2136,sail,sailboat,14.11,4.7,2.44,6.4,81,83,87,4,2
2140,sail,sailboat,11.56,3.54,2.13,4.1,81,83,84,1,2
2149,sail,sailboat,12.88,3.96,2.2,4.1,81,83,84,1,2
2159,motor,motorboat,15.35,4.38,1.59,12.6,81,84,87,3,3
2169,small,motorboat,7.33,2.55,0.77,2.1,81,84,86,2,3
2208,small,motorboat,9.07,3.17,0.85,3.5,81,85,91,6,4
2226,sail,sailboat,11.54,3.82,1.88,5.8,81,85,86,1,4
2242,sail,sailboat,16.26,5.38,2.58,0.0,81,86,89,3,5
2282,motor,motorboat,12.93,3.64,1.17,7.0,81,87,117,30,6
2300,super,yacht,20.44,5.4,2.35,27.6,81,87,89,2,6
2330,sail,sailboat,15.62,4.91,2.46,12.7,81,88,90,2,7
2357,small,motorboat,6.06,2.03,0.62,0.0,81,88,95,7,7
2364,sail,sailboat,15.87,5.09,2.58,0.0,81,88,91,3,7
2416,motor,motorboat,14.35,4.27,1.45,6.3,81,89,92,3,8
2426,sail,sailboat,12.27,3.88,1.83,6.2,81,89,90,1,8
2456,small,motorboat,7.26,2.57,0.7,0.0,81,90,93,3,9
2484,motor,motorboat,22.0,6.73,2.11,30.2,81,91,98,7,10
2504,sail,sailboat,9.67,3.15,1.76,2.1,81,91,92,1,10
2516,small,motorboat,8.34,2.76,0.93,2.0,81,92,100,8,11
2552,super,yacht,25.42,7.17,3.35,34.4,81,93,98,5,12
2571,motor,motorboat,17.17,4.93,1.66,11.7,81,93,96,3,12
2622,small,motorboat,6.4,2.05,0.59,2.1,81,94,97,3,13
2644,sail,sailboat,14.25,4.51,2.21,0.0,81,94,113,19,13
2660,super,yacht,26.42,6.82,3.01,18.4,81,94,96,2,13
2688,motor,motorboat,12.16,3.55,1.08,6.0,81,95,101,6,14
2691,sail,sailboat,15.04,4.58,2.7,11.0,81,95,118,23,14
2695,motor,motorboat,13.03,3.91,1.21,0.0,81,95,96,1,14
2703,motor,motorboat,15.28,4.49,1.5,7.5,81,95,100,5,14
2708,motor,motorboat,17.68,5.24,1.72,13.0,81,95,101,6,14
2712,motor,motorboat,12.53,3.66,1.13,6.0,81,95,98,3,14
2719,small,motorboat,7.73,2.61,0.8,0.0,81,95,97,2,14
3007,motor,motorboat,11.99,3.61,1.22,5.3,81,101,102,1,20
3060,super,yacht,23.29,6.38,2.76,38.4,81,102,108,6,21
3092,super,yacht,27.56,7.71,3.13,23.8,81,103,106,3,22
3322,sail,sailboat,12.21,4.01,2.18,3.4,81,108,109,1,27
3534,sail,sailboat,15.09,4.95,2.45,7.0,81,112,116,4,31
3551,super,yacht,21.52,5.61,2.66,26.1,81,112,113,1,31
3765,motor,motorboat,14.74,4.38,1.26,5.9,81,116,117,1,35
4124,sail,sailboat,14.53,4.4,2.68,0.0,81,124,126,2,43
4151,sail,sailboat,11.05,3.42,1.94,0.0,81,125,130,5,44
6218,super,yacht,21.53,5.75,2.47,37.6,81,172,173,1,91
2104,motor,motorboat,17.91,5.25,1.76,13.2,82,82,83,1,0
2115,sail,sailboat,13.83,4.69,2.4,4.0,82,82,89,7,0
2116,sail,sailboat,13.32,4.27,2.39,5.6,82,82,84,2,0
2117,motor,motorboat,15.62,4.44,1.57,12.4,82,82,86,4,0
2122,motor,motorboat,16.65,4.95,1.58,7.5,82,82,92,10,0
2131,motor,motorboat,14.91,4.56,1.42,3.2,82,83,85,2,1
2143,motor,motorboat,17.89,5.05,1.82,0.0,82,83,84,1,1
2144,motor,motorboat,10.0,3.0,0.93,5.9,82,83,89,6,1
2146,motor,motorboat,12.58,3.69,1.14,3.2,82,83,85,2,1
2155,motor,motorboat,13.05,3.93,1.2,6.0,82,83,85,2,1
2161,small,motorboat,7.49,2.57,0.72,3.0,82,84,87,3,2
2171,small,motorboat,9.07,3.15,0.95,0.0,82,84,85,1,2
2187,motor,motorboat,10.45,3.15,0.91,6.7,82,84,87,3,2
2188,sail,sailboat,12.68,4.16,2.22,0.0,82,84,109,25,2
2193,small,motorboat,8.38,2.93,0.83,2.9,82,84,89,5,2
2247,small,motorboat,7.17,2.41,0.76,0.0,82,86,88,2,4
2248,small,motorboat,6.31,2.18,0.65,0.0,82,86,94,8,4
2262,sail,sailboat,13.91,4.66,2.48,6.9,82,86,88,2,4
2318,motor,motorboat,14.78,4.53,1.46,6.2,82,87,105,18,5
2321,small,motorboat,6.56,2.31,0.64,3.1,82,87,94,7,5
2401,sail,sailboat,12.38,3.76,1.93,5.6,82,89,91,2,7
2427,sail,sailboat,13.86,4.56,2.23,3.4,82,89,96,7,7
2482,small,motorboat,7.79,2.5,0.78,2.9,82,91,96,5,9
2640,sail,sailboat,14.84,4.63,2.27,4.2,82,94,95,1,12
2641,super,yacht,27.81,7.11,3.19,16.0,82,94,96,2,12
2673,sail,sailboat,17.0,5.67,2.92,10.5,82,94,99,5,12
2674,sail,sailboat,10.61,3.41,1.89,4.9,82,94,103,9,12
2750,sail,sailboat,13.4,4.49,2.22,0.0,82,95,107,12,13
2760,sail,sailboat,13.19,4.06,2.14,4.9,82,96,100,4,14
2772,sail,sailboat,16.53,5.02,2.95,13.7,82,96,100,4,14
2792,small,motorboat,7.54,2.63,0.74,0.0,82,96,99,3,14
2804,sail,sailboat,10.81,3.4,1.85,3.7,82,96,98,2,14
2817,sail,sailboat,9.5,2.87,1.61,2.9,82,97,102,5,15
3178,super,yacht,26.89,7.55,3.6,28.8,82,105,126,21,23
3264,motor,motorboat,11.73,3.55,1.21,4.2,82,107,109,2,25
3524,motor,motorboat,18.52,5.34,1.73,9.9,82,112,118,6,30
3735,sail,sailboat,11.59,3.86,1.99,6.9,82,116,117,1,34
3858,sail,sailboat,13.78,4.63,2.18,4.6,82,119,120,1,37
3872,motor,motorboat,16.33,4.95,1.68,9.9,82,119,124,5,37
4359,sail,sailboat,13.24,4.24,2.14,6.9,82,129,158,29,47
4905,sail,sailboat,10.84,3.65,1.91,4.5,82,139,142,3,57
5013,sail,sailboat,12.28,3.79,2.06,4.5,82,142,149,7,60
5087,sail,sailboat,11.29,3.47,1.95,3.3,82,143,144,1,61
5918,sail,sailboat,9.5,3.06,1.55,2.9,82,163,166,3,81
6568,super,yacht,24.12,6.45,2.65,29.3,82,181,185,4,99
2133,sail,sailboat,12.28,4.02,2.06,6.3,83,83,90,7,0
2153,motor,motorboat,17.67,5.46,1.81,6.9,83,83,86,3,0
2164,sail,sailboat,11.52,3.48,1.89,0.0,83,84,88,4,1
2176,small,motorboat,7.46,2.68,0.7,3.1,83,84,85,1,1
2178,sail,sailboat,11.51,3.62,1.89,6.2,83,84,90,6,1
2195,small,motorboat,7.26,2.42,0.73,0.0,83,84,86,2,1
2211,motor,motorboat,16.82,4.98,1.47,8.2,83,85,87,2,2
2216,sail,sailboat,14.75,4.87,2.52,4.6,83,85,88,3,2
2230,small,motorboat,8.97,3.02,0.88,3.5,83,85,90,5,2
2279,sail,sailboat,11.89,4.01,2.17,6.0,83,87,89,2,4
2289,motor,motorboat,10.61,2.96,1.0,6.3,83,87,117,30,4
2387,motor,motorboat,10.26,2.94,1.04,3.3,83,88,90,2,5
2390,sail,sailboat,10.59,3.48,1.65,5.3,83,89,90,1,6
2407,sail,sailboat,13.95,4.28,2.47,5.0,83,89,92,3,6
2414,motor,motorboat,14.8,4.34,1.33,4.1,83,89,96,7,6
2496,motor,motorboat,12.17,3.58,1.05,3.6,83,91,93,2,8
2514,sail,sailboat,9.94,3.07,1.8,0.0,83,92,94,2,9
2554,sail,sailboat,11.88,3.81,1.91,3.2,83,93,94,1,10
2620,sail,sailboat,12.34,3.85,2.04,0.0,83,94,95,1,11
2811,small,motorboat,7.71,2.64,0.79,3.1,83,97,104,7,14
2827,motor,motorboat,15.16,4.71,1.48,6.6,83,97,103,6,14
3072,sail,sailboat,15.0,5.07,2.26,9.2,83,102,132,30,19
3345,super,yacht,20.57,5.31,2.69,12.6,83,108,110,2,25
3363,sail,sailboat,13.54,4.44,2.27,0.0,83,108,134,26,25
3986,sail,sailboat,12.64,4.0,1.96,5.9,83,122,129,7,39
4142,super,yacht,24.81,6.72,3.22,30.8,83,125,128,3,42
4270,small,motorboat,6.71,2.33,0.67,0.0,83,127,131,4,44
4574,small,motorboat,6.35,2.15,0.61,3.1,83,133,136,3,50
4685,sail,sailboat,10.98,3.66,2.0,4.0,83,135,142,7,52
4820,super,yacht,25.28,6.43,3.01,12.8,83,138,142,4,55
5650,sail,sailboat,12.97,4.19,2.05,5.5,83,156,159,3,73
2172,small,motorboat,6.5,2.25,0.64,2.6,84,84,85,1,0
2184,motor,motorboat,10.63,3.29,0.95,3.7,84,84,85,1,0
2205,sail,sailboat,10.53,3.51,1.66,4.5,84,85,89,4,1
2206,motor,motorboat,15.71,4.9,1.59,11.9,84,85,87,2,1
2207,small,motorboat,6.4,2.23,0.61,2.7,84,85,91,6,1
2235,sail,sailboat,17.0,5.59,2.66,7.6,84,85,86,1,1
2254,motor,motorboat,16.61,5.09,1.7,13.9,84,86,91,5,2
2256,sail,sailboat,12.73,4.03,2.28,6.8,84,86,108,22,2
2261,motor,motorboat,13.0,4.02,1.21,4.7,84,86,88,2,2
2270,motor,motorboat,13.22,3.77,1.21,3.7,84,86,98,12,2
2285,motor,motorboat,12.12,3.5,1.17,4.9,84,87,108,21,3
2299,small,motorboat,7.06,2.38,0.72,0.0,84,87,93,6,3
2313,motor,motorboat,10.0,3.1,1.05,5.7,84,87,97,10,3
2324,sail,sailboat,9.5,3.22,1.62,2.7,84,87,88,1,3
2341,sail,sailboat,11.32,3.43,1.74,3.1,84,88,90,2,4
2349,sail,sailboat,12.76,4.22,1.98,0.0,84,88,90,2,4
2355,motor,motorboat,16.09,4.94,1.7,9.7,84,88,90,2,4
2368,motor,motorboat,12.54,3.67,1.25,3.8,84,88,89,1,4
2386,sail,sailboat,14.31,4.58,2.18,0.0,84,88,95,7,4
2497,motor,motorboat,15.9,4.72,1.68,0.0,84,91,94,3,7
2503,sail,sailboat,11.23,3.64,1.77,5.1,84,91,95,4,7
2566,motor,motorboat,19.5,5.84,2.05,0.0,84,93,100,7,9
2629,motor,motorboat,12.88,3.79,1.19,5.9,84,94,98,4,10
2748,sail,sailboat,9.5,3.16,1.7,2.3,84,95,97,2,11
3039,sail,sailboat,11.57,3.91,1.79,0.0,84,102,109,7,18
3209,sail,sailboat,12.16,3.71,2.19,6.0,84,106,111,5,22
3356,sail,sailboat,12.03,3.69,2.02,6.0,84,108,111,3,24
3682,sail,sailboat,15.07,4.98,2.41,9.7,84,115,119,4,31
3756,super,yacht,26.14,7.22,3.49,29.8,84,116,123,7,32
3901,small,motorboat,9.49,3.14,1.01,0.0,84,120,125,5,36
4286,super,yacht,22.7,5.76,2.54,28.9,84,128,130,2,44
4591,motor,motorboat,14.59,4.31,1.35,6.6,84,134,139,5,50
2198,small,motorboat,6.0,1.98,0.66,2.6,85,85,89,4,0
2201,sail,sailboat,12.95,4.34,2.35,4.2,85,85,92,7,0
2219,small,motorboat,7.56,2.58,0.81,0.0,85,85,90,5,0
2232,sail,sailboat,11.73,3.65,2.12,3.7,85,85,86,1,0
2265,sail,sailboat,14.75,4.9,2.25,4.7,85,86,92,6,1
2266,motor,motorboat,14.69,4.2,1.28,3.6,85,86,100,14,1
2272,sail,sailboat,10.01,3.36,1.57,4.2,85,86,89,3,1
2273,sail,sailboat,12.86,4.33,2.33,3.1,85,86,88,2,1
2294,sail,sailboat,15.68,5.29,2.71,10.7,85,87,88,1,2
2312,sail,sailboat,13.72,4.24,2.42,0.0,85,87,93,6,2
2320,small,motorboat,8.57,2.8,0.9,2.5,85,87,90,3,2
2359,small,motorboat,6.38,2.08,0.6,2.1,85,88,107,19,3
2362,sail,sailboat,14.18,4.63,2.5,3.8,85,88,89,1,3
2393,sail,sailboat,12.17,3.9,2.19,5.8,85,89,95,6,4
2424,motor,motorboat,17.87,5.38,1.82,0.0,85,89,90,1,4
2493,sail,sailboat,15.26,4.96,2.61,11.5,85,91,93,2,6
2508,sail,sailboat,9.86,3.08,1.65,2.4,85,92,94,2,7
2515,motor,motorboat,18.11,5.04,1.73,6.6,85,92,104,12,7
2578,sail,sailboat,11.93,3.9,1.78,0.0,85,93,107,14,8
2588,small,motorboat,6.11,2.11,0.61,2.8,85,93,94,1,8
2637,super,yacht,20.6,5.73,2.69,15.9,85,94,101,7,9
2662,motor,motorboat,14.26,4.4,1.26,4.6,85,94,101,7,9
2704,sail,sailboat,12.34,3.89,1.96,5.8,85,95,96,1,10
2818,motor,motorboat,13.39,4.18,1.33,6.6,85,97,100,3,12
2845,small,motorboat,7.26,2.58,0.79,2.2,85,98,100,2,13
2862,sail,sailboat,13.99,4.5,2.29,0.0,85,98,99,1,13
2911,motor,motorboat,16.11,4.86,1.58,8.7,85,99,113,14,14
3395,motor,motorboat,13.61,3.99,1.33,5.5,85,109,110,1,24
3736,motor,motorboat,12.51,3.76,1.12,0.0,85,116,118,2,31
3937,sail,sailboat,14.25,4.66,2.59,4.9,85,121,145,24,36
3940,sail,sailboat,13.42,4.41,2.28,4.0,85,121,126,5,36
4840,motor,motorboat,13.48,3.78,1.22,3.9,85,138,140,2,53
5071,sail,sailboat,9.9,3.28,1.81,2.2,85,143,145,2,58
5636,small,motorboat,6.93,2.37,0.68,0.0,85,156,163,7,71
2244,motor,motorboat,15.23,4.68,1.32,11.4,86,86,89,3,0
2250,sail,sailboat,13.9,4.21,2.35,5.1,86,86,104,18,0
2252,small,motorboat,6.07,2.08,0.57,3.3,86,86,87,1,0
2264,sail,sailboat,11.4,3.71,1.97,7.0,86,86,99,13,0
2271,sail,sailboat,16.44,5.52,2.65,0.0,86,86,87,1,0
2275,motor,motorboat,14.86,4.42,1.28,5.6,86,86,89,3,0
2286,super,yacht,23.44,5.97,2.79,15.6,86,87,90,3,1
2309,sail,sailboat,10.39,3.2,1.6,7.0,86,87,88,1,1
2334,small,motorboat,8.76,2.93,0.89,0.0,86,88,93,5,2
2347,sail,sailboat,11.76,3.84,1.94,6.8,86,88,89,1,2
2348,small,motorboat,8.37,2.88,0.81,2.7,86,88,90,2,2
2352,motor,motorboat,16.76,4.94,1.5,6.2,86,88,91,3,2
2383,sail,sailboat,15.29,4.92,2.33,10.7,86,88,90,2,2
2402,sail,sailboat,15.91,5.31,2.38,0.0,86,89,90,1,3
2403,sail,sailboat,12.69,4.02,2.09,5.2,86,89,93,4,3
2417,sail,sailboat,11.06,3.49,1.88,6.4,86,89,92,3,3
2422,motor,motorboat,22.0,6.17,2.25,18.7,86,89,92,3,3
2431,motor,motorboat,10.25,3.14,0.94,0.0,86,90,91,1,4
2457,small,motorboat,8.59,2.86,0.83,2.3,86,90,93,3,4
2520,sail,sailboat,10.72,3.5,1.8,0.0,86,92,93,1,6
2550,sail,sailboat,14.99,4.57,2.51,0.0,86,93,118,25,7
2581,motor,motorboat,16.18,5.0,1.52,12.0,86,93,98,5,7
2593,sail,sailboat,12.38,3.81,1.97,0.0,86,93,97,4,7
2612,super,yacht,25.87,6.86,3.0,15.3,86,94,97,3,8
2683,sail,sailboat,15.0,4.68,2.73,0.0,86,95,98,3,9
2714,sail,sailboat,13.02,4.35,1.95,0.0,86,95,96,1,9
2731,super,yacht,27.45,7.33,3.13,22.6,86,95,98,3,9
2756,sail,sailboat,13.92,4.32,2.38,3.7,86,96,99,3,10
2810,super,yacht,22.86,6.43,2.82,22.3,86,97,103,6,11
2821,motor,motorboat,17.41,5.17,1.83,9.4,86,97,103,6,11
2855,sail,sailboat,12.7,4.2,2.23,6.5,86,98,99,1,12
2883,super,yacht,24.29,6.65,2.72,13.4,86,99,113,14,13
2888,motor,motorboat,13.25,4.06,1.3,4.2,86,99,102,3,13
2959,super,yacht,20.04,5.41,2.54,18.6,86,100,102,2,14
3096,motor,motorboat,21.21,6.28,1.87,14.0,86,103,104,1,17
3750,super,yacht,23.03,5.88,2.68,20.8,86,116,131,15,30
4221,motor,motorboat,14.46,4.39,1.37,6.3,86,126,128,2,40
4586,small,motorboat,7.06,2.37,0.77,3.3,86,134,136,2,48
4650,small,motorboat,6.6,2.27,0.68,0.0,86,135,146,11,49
4869,motor,motorboat,16.15,4.97,1.65,0.0,86,139,142,3,53
4883,sail,sailboat,12.57,4.13,2.13,6.0,86,139,142,3,53
5100,motor,motorboat,17.55,5.33,1.56,6.4,86,144,150,6,58
6282,small,motorboat,6.25,2.0,0.67,2.8,86,174,185,11,88
6446,sail,sailboat,12.59,4.26,2.0,0.0,86,179,193,14,93
2283,sail,sailboat,12.99,4.15,2.31,3.4,87,87,88,1,0
2293,small,motorboat,7.08,2.28,0.74,0.0,87,87,96,9,0
2296,sail,sailboat,13.31,4.02,2.23,3.8,87,87,107,20,0
2311,sail,sailboat,10.09,3.19,1.72,4.8,87,87,92,5,0
2314,sail,sailboat,12.22,3.89,1.87,4.4,87,87,93,6,0
2316,motor,motorboat,17.74,5.37,1.8,9.6,87,87,90,3,0
2333,small,motorboat,7.49,2.51,0.78,2.8,87,88,105,17,1
2335,motor,motorboat,16.27,4.93,1.67,11.1,87,88,89,1,1
2358,sail,sailboat,14.34,4.68,2.28,3.7,87,88,101,13,1
2360,sail,sailboat,14.55,4.64,2.52,0.0,87,88,90,2,1
2374,sail,sailboat,13.7,4.32,2.09,6.4,87,88,99,11,1
2388,sail,sailboat,12.12,3.7,1.97,3.8,87,88,91,3,1
2394,motor,motorboat,13.0,3.81,1.13,6.3,87,89,90,1,2
2397,motor,motorboat,11.38,3.44,1.16,6.2,87,89,90,1,2
2421,motor,motorboat,12.0,3.47,1.26,4.5,87,89,96,7,2
2425,motor,motorboat,13.67,3.84,1.37,0.0,87,89,90,1,2
2465,motor,motorboat,15.82,4.63,1.62,8.6,87,91,93,2,4
2481,motor,motorboat,14.1,4.24,1.22,5.1,87,91,92,1,4
2500,motor,motorboat,12.47,3.71,1.12,4.7,87,91,93,2,4
2535,small,motorboat,9.3,3.06,0.94,3.2,87,92,94,2,5
2569,sail,sailboat,10.96,3.52,1.77,0.0,87,93,118,25,6
2584,super,yacht,27.82,7.4,3.28,33.0,87,93,100,7,6
2604,motor,motorboat,17.69,5.49,1.57,8.9,87,94,95,1,7
2650,small,motorboat,6.9,2.27,0.68,0.0,87,94,97,3,7
2682,sail,sailboat,12.57,3.86,1.88,0.0,87,95,96,1,8
2721,motor,motorboat,19.25,5.61,1.96,8.0,87,95,96,1,8
2735,super,yacht,21.43,6.06,2.47,24.4,87,95,102,7,8
2771,sail,sailboat,13.85,4.6,2.06,0.0,87,96,99,3,9
2803,small,motorboat,7.59,2.59,0.83,2.0,87,96,112,16,9
2824,motor,motorboat,11.75,3.28,1.09,6.9,87,97,104,7,10
2833,super,yacht,27.62,7.19,3.15,15.0,87,97,99,2,10
2838,sail,sailboat,16.9,5.68,2.74,12.2,87,97,101,4,10
2851,small,motorboat,7.59,2.61,0.85,2.5,87,98,109,11,11
2868,motor,motorboat,16.09,4.55,1.5,11.8,87,98,101,3,11
2890,sail,sailboat,14.0,4.39,2.28,3.4,87,99,101,2,12
2919,sail,sailboat,12.82,3.91,2.01,5.7,87,100,106,6,13
2963,sail,sailboat,9.5,2.86,1.57,2.4,87,101,106,5,14
2981,super,yacht,22.4,6.07,2.69,27.8,87,101,114,13,14
3157,small,motorboat,9.02,3.13,0.83,3.2,87,104,107,3,17
3485,sail,sailboat,10.5,3.39,1.63,6.8,87,111,116,5,24
3570,super,yacht,20.9,5.9,2.59,29.2,87,113,114,1,26
3852,small,motorboat,6.63,2.28,0.65,2.4,87,118,126,8,31
4049,sail,sailboat,9.5,3.04,1.74,2.0,87,123,125,2,36
4199,motor,motorboat,20.82,5.88,2.0,34.3,87,126,127,1,39
4687,sail,sailboat,12.77,4.28,2.15,0.0,87,135,141,6,48
4809,motor,motorboat,13.49,4.17,1.26,4.9,87,138,142,4,51
5020,small,motorboat,8.76,2.95,0.82,3.1,87,142,143,1,55
5086,super,yacht,24.01,6.43,3.09,37.6,87,143,144,1,56
6070,sail,sailboat,12.07,3.73,1.96,5.6,87,168,170,2,81
2332,sail,sailboat,12.39,4.0,2.13,0.0,88,88,91,3,0
2338,motor,motorboat,13.22,3.7,1.15,4.6,88,88,89,1,0
2342,motor,motorboat,15.36,4.52,1.52,13.1,88,88,97,9,0
2344,motor,motorboat,10.0,2.89,1.02,5.7,88,88,115,27,0
2345,motor,motorboat,12.62,3.86,1.24,3.4,88,88,91,3,0
2350,super,yacht,23.95,6.35,3.17,22.0,88,88,102,14,0
2351,motor,motorboat,15.11,4.35,1.44,8.4,88,88,91,3,0
2356,sail,sailboat,14.62,4.86,2.49,5.1,88,88,89,1,0
2376,small,motorboat,7.57,2.48,0.82,2.6,88,88,97,9,0
2379,sail,sailboat,13.33,4.2,2.27,3.3,88,88,95,7,0
2382,sail,sailboat,11.31,3.83,2.08,0.0,88,88,96,8,0
2404,sail,sailboat,13.65,4.34,2.3,0.0,88,89,100,11,1
2412,sail,sailboat,14.98,5.02,2.25,0.0,88,89,94,5,1
2419,small,motorboat,6.61,2.34,0.69,0.0,88,89,96,7,1
2437,sail,sailboat,16.87,5.47,2.64,12.2,88,90,93,3,2
2442,motor,motorboat,17.3,5.23,1.76,13.0,88,90,94,4,2
2446,motor,motorboat,17.46,5.42,1.73,12.5,88,90,94,4,2
2448,motor,motorboat,14.16,3.96,1.44,5.9,88,90,92,2,2
2455,sail,sailboat,13.75,4.57,2.53,3.3,88,90,92,2,2
2533,sail,sailboat,16.11,4.88,2.86,6.9,88,92,94,2,4
2573,motor,motorboat,10.0,3.02,0.99,6.1,88,93,96,3,5
2583,motor,motorboat,17.64,5.28,1.52,10.2,88,93,104,11,5
2610,motor,motorboat,14.74,4.11,1.52,6.4,88,94,97,3,6
2623,motor,motorboat,15.14,4.63,1.47,13.8,88,94,96,2,6
2624,small,motorboat,8.34,2.8,0.83,2.7,88,94,96,2,6
2630,sail,sailboat,14.89,4.48,2.27,4.1,88,94,97,3,6
2646,super,yacht,27.73,7.35,3.43,13.5,88,94,95,1,6
2661,motor,motorboat,17.4,5.3,1.82,7.0,88,94,95,1,6
2707,super,yacht,22.61,6.39,2.56,25.3,88,95,98,3,7
2791,small,motorboat,8.34,2.81,0.81,2.9,88,96,99,3,8
2822,sail,sailboat,15.27,4.94,2.7,12.7,88,97,104,7,9
2891,motor,motorboat,18.78,5.4,1.87,7.0,88,99,104,5,11
2939,sail,sailboat,12.19,4.11,1.86,4.9,88,100,103,3,12
2964,sail,sailboat,12.3,3.93,1.86,6.9,88,101,105,4,13
2970,motor,motorboat,19.7,5.52,1.97,8.8,88,101,108,7,13
2986,sail,sailboat,10.94,3.6,1.95,5.2,88,101,123,22,13
2988,motor,motorboat,12.9,3.89,1.15,4.4,88,101,108,7,13
2992,small,motorboat,8.33,2.72,0.87,0.0,88,101,102,1,13
3004,motor,motorboat,15.25,4.62,1.62,6.9,88,101,103,2,13
3037,sail,sailboat,9.5,3.14,1.72,3.0,88,102,105,3,14
3058,sail,sailboat,14.03,4.3,2.21,0.0,88,102,108,6,14
3069,small,motorboat,8.32,2.95,0.84,2.7,88,102,112,10,14
3109,sail,sailboat,11.52,3.9,2.07,0.0,88,103,109,6,15
3453,motor,motorboat,17.04,5.08,1.72,0.0,88,110,124,14,22
3480,motor,motorboat,11.96,3.67,1.02,5.6,88,111,140,29,23
3490,sail,sailboat,14.51,4.73,2.64,4.7,88,111,128,17,23
3778,sail,sailboat,11.16,3.4,2.01,7.0,88,116,121,5,28
4029,motor,motorboat,14.6,4.17,1.34,3.4,88,123,125,2,35
4048,motor,motorboat,14.3,4.43,1.42,4.2,88,123,129,6,35
4079,motor,motorboat,14.09,4.06,1.32,5.5,88,123,124,1,35
4204,super,yacht,21.56,5.69,2.45,25.8,88,126,127,1,38
4795,super,yacht,23.23,5.99,3.07,19.7,88,137,140,3,49
5320,motor,motorboat,15.26,4.37,1.35,10.6,88,148,152,4,60
6393,super,yacht,22.32,6.0,2.89,38.0,88,178,181,3,90
2399,motor,motorboat,14.62,4.27,1.52,6.8,89,89,91,2,0
2411,small,motorboat,7.17,2.39,0.76,2.0,89,89,92,3,0
2418,motor,motorboat,18.41,5.42,1.82,13.5,89,89,96,7,0
2420,super,yacht,24.88,6.74,3.09,17.0,89,89,94,5,0
2452,motor,motorboat,17.23,4.92,1.56,12.6,89,90,92,2,1
2468,motor,motorboat,15.22,4.7,1.38,10.7,89,91,99,8,2
2473,motor,motorboat,18.39,5.15,1.89,12.1,89,91,96,5,2
2478,motor,motorboat,15.85,4.78,1.49,13.1,89,91,97,6,2
2492,sail,sailboat,11.48,3.83,2.07,3.2,89,91,96,5,2
2529,small,motorboat,8.16,2.66,0.91,0.0,89,92,98,6,3
2532,sail,sailboat,13.66,4.48,2.16,0.0,89,92,95,3,3
2536,sail,sailboat,12.13,4.0,2.15,3.3,89,92,93,1,3
2567,motor,motorboat,13.25,3.98,1.38,6.7,89,93,94,1,4
2591,small,motorboat,8.07,2.72,0.85,0.0,89,93,97,4,4
2607,small,motorboat,9.4,3.31,1.0,2.9,89,94,96,2,5
2627,sail,sailboat,14.32,4.72,2.35,5.3,89,94,97,3,5
2649,sail,sailboat,14.83,4.8,2.23,5.3,89,94,111,17,5
2664,sail,sailboat,11.85,3.6,1.95,6.2,89,94,103,9,5
2739,sail,sailboat,13.79,4.62,2.5,6.3,89,95,97,2,6
2783,sail,sailboat,14.31,4.34,2.23,0.0,89,96,100,4,7
2831,sail,sailboat,11.73,3.83,1.9,5.9,89,97,101,4,8
2839,motor,motorboat,10.0,2.88,0.89,5.4,89,97,99,2,8
2863,motor,motorboat,15.08,4.21,1.33,8.4,89,98,101,3,9
2889,motor,motorboat,13.69,3.98,1.41,3.2,89,99,115,16,10
2901,super,yacht,24.9,6.93,3.23,39.2,89,99,101,2,10
2915,motor,motorboat,14.33,4.35,1.33,0.0,89,100,104,4,11
2927,sail,sailboat,11.96,3.74,1.99,3.6,89,100,102,2,11
2954,motor,motorboat,16.45,4.61,1.57,6.0,89,100,102,2,11
3023,sail,sailboat,11.88,3.69,2.06,5.3,89,101,102,1,12
3143,sail,sailboat,15.24,4.99,2.62,7.7,89,104,108,4,15
3581,sail,sailboat,11.56,3.6,1.96,0.0,89,113,114,1,24
3916,sail,sailboat,14.41,4.51,2.46,3.9,89,120,122,2,31
3935,sail,sailboat,14.46,4.85,2.48,6.8,89,121,134,13,32
3974,small,motorboat,7.85,2.6,0.86,0.0,89,122,125,3,33
3978,motor,motorboat,16.31,4.77,1.53,6.6,89,122,126,4,33
4281,motor,motorboat,14.92,4.56,1.33,5.0,89,128,131,3,39
4655,motor,motorboat,10.57,3.13,0.96,3.9,89,135,137,2,46
4751,super,yacht,24.25,6.63,3.16,29.9,89,137,138,1,48
2430,sail,sailboat,14.7,4.96,2.21,4.0,90,90,93,3,0
2438,motor,motorboat,16.12,4.62,1.63,0.0,90,90,95,5,0
2458,motor,motorboat,16.39,4.76,1.57,8.0,90,90,99,9,0
2472,motor,motorboat,13.62,4.14,1.29,5.4,90,91,101,10,1
2475,motor,motorboat,11.83,3.44,1.1,0.0,90,91,93,2,1
2487,small,motorboat,7.88,2.6,0.73,0.0,90,91,92,1,1
2495,sail,sailboat,12.04,3.98,2.19,5.1,90,91,94,3,1
2501,sail,sailboat,13.72,4.56,2.48,3.7,90,91,96,5,1
2518,sail,sailboat,15.24,4.93,2.41,7.3,90,92,93,1,2
2524,sail,sailboat,11.07,3.45,1.99,5.3,90,92,95,3,2
2525,motor,motorboat,16.42,4.88,1.67,13.8,90,92,99,7,2
2527,sail,sailboat,11.66,3.55,2.11,0.0,90,92,94,2,2
2539,sail,sailboat,16.27,5.38,2.86,7.0,90,92,94,2,2
2546,sail,sailboat,10.41,3.38,1.56,5.5,90,92,95,3,2
2556,sail,sailboat,10.73,3.31,1.91,6.0,90,93,96,3,3
2562,sail,sailboat,12.9,4.03,2.36,3.9,90,93,94,1,3
2625,sail,sailboat,10.14,3.34,1.57,4.7,90,94,97,3,4
2687,sail,sailboat,14.73,4.92,2.38,5.7,90,95,101,6,5
2730,motor,motorboat,11.39,3.54,1.12,4.4,90,95,96,1,5
2737,sail,sailboat,12.63,3.95,1.95,4.6,90,95,99,4,5
2742,small,motorboat,7.9,2.79,0.82,2.6,90,95,98,3,5
2761,motor,motorboat,16.76,4.89,1.51,11.3,90,96,98,2,6
2769,sail,sailboat,10.45,3.32,1.65,3.3,90,96,97,1,6
2807,small,motorboat,9.29,3.07,0.86,2.1,90,97,98,1,7
2808,sail,sailboat,13.5,4.09,2.05,3.6,90,97,98,1,7
2812,sail,sailboat,15.46,5.18,2.43,9.4,90,97,102,5,7
2823,motor,motorboat,15.01,4.52,1.54,11.5,90,97,98,1,7
2875,motor,motorboat,12.01,3.49,1.24,5.2,90,99,100,1,9
2902,sail,sailboat,12.7,4.14,1.89,4.6,90,99,102,3,9
2931,motor,motorboat,14.52,4.5,1.48,5.3,90,100,113,13,10
2979,sail,sailboat,16.88,5.72,2.59,0.0,90,101,104,3,11
3006,sail,sailboat,13.6,4.43,2.14,5.5,90,101,103,2,11
3050,small,motorboat,8.63,2.98,0.88,2.4,90,102,103,1,12
3070,small,motorboat,8.66,3.1,0.89,0.0,90,102,103,1,12
3113,motor,motorboat,15.95,4.96,1.58,10.9,90,103,105,2,13
3115,motor,motorboat,15.1,4.43,1.58,8.1,90,103,105,2,13
3153,small,motorboat,6.79,2.37,0.7,0.0,90,104,111,7,14
3362,sail,sailboat,11.79,3.66,1.79,6.1,90,108,113,5,18
3637,sail,sailboat,9.96,3.09,1.65,0.0,90,114,125,11,24
3856,motor,motorboat,12.84,3.85,1.19,3.1,90,119,123,4,29
4603,sail,sailboat,13.56,4.25,2.42,6.8,90,134,135,1,44
4635,sail,sailboat,15.23,5.16,2.35,7.2,90,135,136,1,45
4680,sail,sailboat,10.33,3.44,1.59,5.4,90,135,138,3,45
5002,sail,sailboat,15.1,4.88,2.66,7.0,90,142,145,3,52
5152,motor,motorboat,13.63,3.85,1.2,0.0,90,145,152,7,55
5180,super,yacht,27.57,7.34,3.32,30.2,90,145,147,2,55
5218,sail,sailboat,11.38,3.66,1.8,6.1,90,146,152,6,56
6316,motor,motorboat,14.55,4.21,1.29,4.7,90,175,178,3,85
2462,small,motorboat,8.18,2.9,0.81,3.3,91,91,93,2,0
2463,super,yacht,21.99,5.85,2.77,28.5,91,91,92,1,0
2486,motor,motorboat,10.76,3.04,1.09,6.9,91,91,120,29,0
2499,sail,sailboat,13.73,4.42,2.47,5.5,91,91,94,3,0
2506,sail,sailboat,13.34,4.28,2.24,0.0,91,92,95,3,1
2519,small,motorboat,6.09,2.17,0.63,0.0,91,92,97,5,1
2526,motor,motorboat,16.51,4.8,1.69,10.5,91,92,93,1,1
2530,small,motorboat,7.38,2.64,0.69,2.5,91,92,121,29,1
2537,sail,sailboat,10.66,3.34,1.89,3.1,91,92,94,2,1
2538,motor,motorboat,16.98,5.13,1.49,7.3,91,92,96,4,1
2547,sail,sailboat,17.0,5.5,3.08,13.3,91,93,94,1,2
2551,sail,sailboat,14.47,4.87,2.33,5.0,91,93,94,1,2
2565,motor,motorboat,14.25,4.3,1.36,6.5,91,93,94,1,2
2626,motor,motorboat,13.54,4.07,1.31,7.0,91,94,114,20,3
2638,small,motorboat,8.45,2.74,0.77,2.7,91,94,95,1,3
2663,sail,sailboat,13.37,4.26,2.44,5.6,91,94,95,1,3
2676,sail,sailboat,11.4,3.49,2.08,6.0,91,94,97,3,3
2755,super,yacht,25.61,6.71,2.9,16.9,91,96,98,2,5
2757,motor,motorboat,14.17,4.28,1.36,4.6,91,96,98,2,5
2832,sail,sailboat,16.41,5.32,2.69,0.0,91,97,104,7,6
2852,sail,sailboat,11.29,3.44,1.81,0.0,91,98,100,2,7
2853,sail,sailboat,11.37,3.84,1.71,3.8,91,98,99,1,7
2874,super,yacht,28.8,7.34,3.74,28.6,91,99,101,2,8
2967,motor,motorboat,12.67,3.89,1.28,0.0,91,101,123,22,10
2973,sail,sailboat,11.14,3.73,1.93,0.0,91,101,103,2,10
3017,super,yacht,22.33,5.93,2.64,22.8,91,101,102,1,10
3030,small,motorboat,8.09,2.6,0.85,3.1,91,101,112,11,10
3041,motor,motorboat,10.97,3.32,0.95,6.1,91,102,107,5,11
3120,super,yacht,27.81,7.3,3.06,18.3,91,103,104,1,12
3161,sail,sailboat,14.03,4.4,2.11,6.3,91,104,105,1,13
3183,sail,sailboat,11.71,3.89,1.75,6.4,91,105,107,2,14
3458,sail,sailboat,14.96,4.83,2.42,5.1,91,110,113,3,19
3471,small,motorboat,8.72,2.84,0.83,0.0,91,111,117,6,20
3718,super,yacht,28.06,7.13,3.66,29.3,91,115,122,7,24
3860,sail,sailboat,13.09,4.1,2.24,0.0,91,119,127,8,28
3959,super,yacht,24.26,6.17,2.7,27.9,91,121,123,2,30
4127,sail,sailboat,11.65,3.64,1.93,0.0,91,124,126,2,33
4150,super,yacht,25.81,6.68,3.24,39.7,91,125,131,6,34
4322,sail,sailboat,11.31,3.46,2.07,0.0,91,129,130,1,38
4701,sail,sailboat,13.57,4.25,2.36,0.0,91,136,137,1,45
4982,motor,motorboat,10.0,2.94,0.96,5.5,91,142,143,1,51
5440,super,yacht,20.89,5.55,2.73,17.3,91,151,152,1,60
5476,sail,sailboat,13.93,4.23,2.12,4.3,91,151,153,2,60
2507,motor,motorboat,10.0,3.11,0.96,5.8,92,92,93,1,0
2510,sail,sailboat,12.42,3.81,2.09,6.9,92,92,97,5,0
2522,motor,motorboat,16.14,4.91,1.63,9.5,92,92,95,3,0
2541,sail,sailboat,15.29,4.8,2.3,0.0,92,92,93,1,0
2553,sail,sailboat,11.42,3.55,2.05,3.0,92,93,100,7,1
2557,small,motorboat,7.39,2.64,0.78,0.0,92,93,97,4,1
2558,sail,sailboat,15.95,5.07,2.86,13.5,92,93,95,2,1
2570,super,yacht,23.13,6.33,3.07,24.4,92,93,98,5,1
2585,sail,sailboat,10.83,3.47,1.77,5.2,92,93,94,1,1
2614,sail,sailboat,10.59,3.24,1.65,6.3,92,94,103,9,2
2616,sail,sailboat,13.97,4.48,2.33,6.4,92,94,97,3,2
2617,motor,motorboat,10.51,2.99,0.94,0.0,92,94,96,2,2
2642,motor,motorboat,14.87,4.3,1.41,3.5,92,94,112,18,2
2657,sail,sailboat,15.63,4.88,2.33,9.4,92,94,105,11,2
2675,motor,motorboat,11.74,3.43,1.18,0.0,92,94,106,12,2
2809,motor,motorboat,16.55,4.7,1.44,13.2,92,97,98,1,5
2826,sail,sailboat,15.01,4.63,2.37,8.2,92,97,102,5,5
2846,sail,sailboat,11.81,3.72,1.94,6.8,92,98,103,5,6
2858,sail,sailboat,14.17,4.77,2.51,3.2,92,98,105,7,6
2861,sail,sailboat,11.07,3.67,1.7,0.0,92,98,105,7,6
2873,small,motorboat,9.17,3.04,0.99,2.3,92,99,120,21,7
2940,motor,motorboat,13.79,4.08,1.25,3.4,92,100,102,2,8
2946,sail,sailboat,14.14,4.68,2.18,3.0,92,100,104,4,8
2948,motor,motorboat,11.86,3.37,1.26,0.0,92,100,102,2,8
2955,sail,sailboat,12.4,3.76,2.24,4.9,92,100,107,7,8
2989,sail,sailboat,13.16,4.24,2.4,0.0,92,101,103,2,9
2996,sail,sailboat,13.2,4.34,2.27,3.9,92,101,119,18,9
3021,small,motorboat,7.05,2.52,0.72,0.0,92,101,114,13,9
3088,super,yacht,24.74,6.64,2.85,32.2,92,103,104,1,11
3215,motor,motorboat,15.03,4.45,1.51,8.1,92,106,108,2,14
3354,motor,motorboat,19.03,5.44,2.02,7.2,92,108,109,1,16
3510,small,motorboat,8.29,2.98,0.87,0.0,92,112,114,2,20
3705,super,yacht,28.02,7.92,3.71,39.1,92,115,121,6,23
3744,motor,motorboat,16.52,5.05,1.42,9.4,92,116,119,3,24
4378,sail,sailboat,12.73,4.1,1.93,6.1,92,129,130,1,37
4782,motor,motorboat,22.0,6.63,2.01,22.4,92,137,143,6,45
4925,sail,sailboat,13.32,4.06,2.31,3.6,92,140,150,10,48
5077,sail,sailboat,13.6,4.52,2.14,0.0,92,143,144,1,51
5171,small,motorboat,6.61,2.25,0.67,0.0,92,145,149,4,53
5362,motor,motorboat,15.22,4.28,1.38,11.4,92,149,154,5,57
6902,super,yacht,21.52,6.0,2.5,30.5,92,201,205,4,109
2555,sail,sailboat,12.48,3.98,2.11,5.4,93,93,98,5,0
2559,sail,sailboat,16.11,4.89,2.39,11.6,93,93,94,1,0
2564,sail,sailboat,12.44,3.97,1.86,4.4,93,93,95,2,0
2574,sail,sailboat,11.77,3.93,2.03,3.6,93,93,100,7,0
2575,motor,motorboat,13.72,4.11,1.24,6.5,93,93,96,3,0
2592,small,motorboat,8.34,2.98,0.88,0.0,93,93,106,13,0
2594,motor,motorboat,18.53,5.37,1.8,0.0,93,93,94,1,0
2596,sail,sailboat,13.17,4.11,2.03,6.2,93,93,121,28,0
2598,sail,sailboat,15.84,5.36,2.72,13.2,93,93,100,7,0
2603,motor,motorboat,21.78,6.6,1.88,0.0,93,93,96,3,0
2615,sail,sailboat,13.58,4.46,2.22,6.2,93,94,101,7,1
2632,small,motorboat,9.34,3.31,0.89,3.1,93,94,97,3,1
2634,motor,motorboat,14.13,3.95,1.47,0.0,93,94,106,12,1
2639,small,motorboat,7.8,2.71,0.76,0.0,93,94,97,3,1
2653,motor,motorboat,17.43,4.91,1.72,11.4,93,94,97,3,1
2668,sail,sailboat,13.52,4.08,2.26,0.0,93,94,124,30,1
2669,sail,sailboat,12.63,4.11,2.2,0.0,93,94,121,27,1
2672,motor,motorboat,15.75,4.59,1.36,11.2,93,94,95,1,1
2684,motor,motorboat,15.99,4.63,1.54,8.0,93,95,109,14,2
2715,sail,sailboat,15.01,5.08,2.75,8.0,93,95,107,12,2
2718,sail,sailboat,13.77,4.47,2.16,5.9,93,95,96,1,2
2727,super,yacht,24.49,6.5,3.13,37.8,93,95,109,14,2
2728,sail,sailboat,11.3,3.7,1.96,5.5,93,95,96,1,2
2729,sail,sailboat,15.2,5.07,2.35,6.2,93,95,105,10,2
2738,sail,sailboat,13.25,4.18,2.39,0.0,93,95,100,5,2
2741,motor,motorboat,14.08,4.18,1.21,4.3,93,95,96,1,2
2746,sail,sailboat,11.22,3.74,1.67,0.0,93,95,99,4,2
2815,motor,motorboat,16.64,4.84,1.55,13.9,93,97,105,8,4
2880,sail,sailboat,9.5,2.87,1.68,2.3,93,99,103,4,6
2926,sail,sailboat,14.59,4.83,2.54,4.1,93,100,104,4,7
2951,sail,sailboat,16.15,5.44,2.86,0.0,93,100,102,2,7
2998,motor,motorboat,18.52,5.44,1.84,8.0,93,101,102,1,8
3000,motor,motorboat,15.87,4.8,1.46,9.4,93,101,120,19,8
3019,motor,motorboat,11.04,3.19,1.11,4.3,93,101,106,5,8
3029,motor,motorboat,15.14,4.48,1.36,11.3,93,101,107,6,8
3049,motor,motorboat,12.75,3.82,1.25,4.6,93,102,106,4,9
3065,sail,sailboat,15.48,4.73,2.38,7.8,93,102,105,3,9
3147,motor,motorboat,12.83,3.6,1.34,4.2,93,104,107,3,11
3170,sail,sailboat,13.68,4.61,2.39,5.1,93,105,106,1,12
3180,sail,sailboat,12.29,3.86,1.92,4.8,93,105,107,2,12
3206,motor,motorboat,22.0,6.6,1.92,17.4,93,106,107,1,13
3212,small,motorboat,8.9,2.88,0.99,0.0,93,106,107,1,13
3243,motor,motorboat,17.06,4.98,1.55,13.8,93,106,108,2,13
3245,sail,sailboat,13.0,4.13,2.26,0.0,93,107,111,4,14
3478,motor,motorboat,14.83,4.39,1.47,0.0,93,111,112,1,18
3817,sail,sailboat,9.5,3.17,1.48,3.1,93,117,118,1,24
4003,super,yacht,21.51,5.92,2.7,34.0,93,122,126,4,29
4488,small,motorboat,7.38,2.39,0.76,0.0,93,131,139,8,38
4500,super,yacht,20.93,5.61,2.78,19.6,93,131,134,3,38
4543,super,yacht,27.67,7.46,3.52,26.0,93,132,133,1,39
4604,sail,sailboat,12.54,4.04,2.17,0.0,93,134,137,3,41
5078,motor,motorboat,19.21,5.91,1.76,9.7,93,143,144,1,50
5161,motor,motorboat,20.48,5.96,1.84,17.9,93,145,147,2,52
5526,motor,motorboat,10.0,2.87,0.99,3.6,93,152,158,6,59
6440,super,yacht,26.99,7.38,3.08,30.6,93,178,179,1,85
2613,sail,sailboat,12.25,3.82,1.97,4.5,94,94,102,8,0
2631,sail,sailboat,13.0,4.27,2.36,4.6,94,94,97,3,0
2633,sail,sailboat,17.0,5.52,2.85,9.7,94,94,97,3,0
2645,sail,sailboat,15.48,5.03,2.57,13.8,94,94,96,2,0
2667,small,motorboat,8.43,3.04,0.9,0.0,94,94,103,9,0
2670,sail,sailboat,13.52,4.1,2.4,3.2,94,94,96,2,0
2679,sail,sailboat,13.14,4.07,2.39,4.1,94,95,98,3,1
2689,sail,sailboat,12.67,3.99,2.21,3.8,94,95,100,5,1
2706,small,motorboat,7.44,2.58,0.82,0.0,94,95,98,3,1
2724,motor,motorboat,15.91,4.73,1.58,6.9,94,95,99,4,1
2747,motor,motorboat,16.75,5.08,1.78,11.6,94,95,101,6,1
2751,motor,motorboat,16.01,4.95,1.54,10.4,94,95,102,7,1
2754,small,motorboat,9.16,3.09,0.9,0.0,94,95,111,16,1
2766,sail,sailboat,13.89,4.69,2.53,0.0,94,96,101,5,2
2773,motor,motorboat,11.72,3.59,1.09,6.0,94,96,103,7,2
2780,sail,sailboat,12.34,4.07,2.0,5.9,94,96,97,1,2
2781,sail,sailboat,10.49,3.56,1.59,4.3,94,96,106,10,2
2800,sail,sailboat,14.54,4.88,2.23,7.0,94,96,99,3,2
2801,small,motorboat,7.89,2.65,0.79,3.4,94,96,100,4,2
2885,motor,motorboat,14.32,4.18,1.3,3.8,94,99,101,2,5
2892,sail,sailboat,9.54,3.07,1.67,2.8,94,99,103,4,5
2908,motor,motorboat,18.41,5.68,1.88,11.4,94,99,106,7,5
2924,motor,motorboat,15.59,4.67,1.49,6.4,94,100,102,2,6
2943,sail,sailboat,14.12,4.66,2.24,0.0,94,100,112,12,6
2997,sail,sailboat,11.08,3.51,1.86,6.1,94,101,104,3,7
3001,sail,sailboat,16.7,5.44,2.96,8.9,94,101,106,5,7
3012,sail,sailboat,9.5,2.87,1.63,2.4,94,101,104,3,7
3093,sail,sailboat,11.28,3.77,1.84,3.5,94,103,104,1,9
3124,sail,sailboat,12.53,4.22,2.11,3.2,94,103,105,2,9
3142,motor,motorboat,16.07,4.48,1.68,8.1,94,104,107,3,10
3181,sail,sailboat,13.77,4.62,2.26,5.8,94,105,107,2,11
3185,sail,sailboat,14.49,4.76,2.63,6.7,94,105,107,2,11
3216,small,motorboat,6.46,2.22,0.67,0.0,94,106,110,4,12
3226,sail,sailboat,11.32,3.65,1.83,5.1,94,106,107,1,12
3228,motor,motorboat,16.78,5.01,1.65,11.5,94,106,109,3,12
3229,sail,sailboat,13.6,4.18,2.36,4.3,94,106,120,14,12
3260,motor,motorboat,15.57,4.6,1.46,11.2,94,107,110,3,13
3273,motor,motorboat,14.93,4.34,1.3,5.3,94,107,112,5,13
3274,motor,motorboat,11.24,3.39,1.03,3.4,94,107,110,3,13
3280,motor,motorboat,15.14,4.56,1.45,12.7,94,107,112,5,13
3506,sail,sailboat,11.25,3.47,1.7,3.6,94,111,117,6,17
3574,motor,motorboat,15.18,4.69,1.53,6.7,94,113,117,4,19
3684,sail,sailboat,11.87,3.66,2.18,4.1,94,115,124,9,21
3993,sail,sailboat,12.48,4.22,2.01,0.0,94,122,124,2,28
4057,motor,motorboat,16.07,4.9,1.41,0.0,94,123,129,6,29
4251,super,yacht,20.66,5.63,2.44,25.1,94,127,129,2,33
4466,motor,motorboat,17.03,4.93,1.78,7.0,94,131,134,3,37
4554,super,yacht,21.61,5.83,2.82,17.8,94,133,135,2,39
4644,sail,sailboat,9.5,3.05,1.6,3.1,94,135,162,27,41
5389,motor,motorboat,13.92,4.02,1.31,5.3,94,150,151,1,56
2694,motor,motorboat,16.54,5.1,1.64,11.9,95,95,122,27,0
2696,sail,sailboat,16.07,5.1,2.95,9.4,95,95,96,1,0
2709,sail,sailboat,11.21,3.41,1.79,0.0,95,95,99,4,0
2710,motor,motorboat,12.82,3.67,1.33,6.9,95,95,102,7,0
2711,sail,sailboat,12.89,4.33,2.23,0.0,95,95,96,1,0
2713,sail,sailboat,9.5,3.15,1.72,2.3,95,95,96,1,0
2720,sail,sailboat,13.84,4.22,2.09,0.0,95,95,101,6,0
2722,motor,motorboat,15.45,4.63,1.34,10.9,95,95,97,2,0
2733,sail,sailboat,9.5,3.0,1.65,2.2,95,95,97,2,0
2734,sail,sailboat,14.38,4.74,2.17,3.7,95,95,98,3,0
2752,small,motorboat,8.1,2.77,0.89,2.7,95,95,96,1,0
2764,super,yacht,20.64,5.81,2.25,21.2,95,96,108,12,1
2767,motor,motorboat,13.56,3.85,1.18,3.6,95,96,97,1,1
2794,sail,sailboat,11.0,3.54,1.97,6.5,95,96,102,6,1
2799,sail,sailboat,12.87,3.88,2.3,3.4,95,96,98,2,1
2805,motor,motorboat,11.3,3.2,1.09,5.3,95,96,98,2,1
2806,motor,motorboat,15.21,4.69,1.57,6.3,95,96,98,2,1
2825,sail,sailboat,13.2,4.36,2.05,4.1,95,97,99,2,2
2834,sail,sailboat,14.56,4.9,2.55,4.4,95,97,107,10,2
2836,sail,sailboat,12.93,4.12,2.01,6.6,95,97,103,6,2
2843,sail,sailboat,11.93,3.9,2.14,5.5,95,97,102,5,2
2849,small,motorboat,7.82,2.67,0.82,2.8,95,98,100,2,3
2859,motor,motorboat,16.87,4.86,1.75,9.5,95,98,100,2,3
2895,small,motorboat,6.92,2.44,0.73,2.9,95,99,113,14,4
2941,sail,sailboat,10.74,3.24,1.7,4.1,95,100,102,2,5
2987,sail,sailboat,10.09,3.08,1.77,6.8,95,101,102,1,6
3045,small,motorboat,9.01,3.05,0.86,2.6,95,102,104,2,7
3073,sail,sailboat,11.5,3.5,2.09,3.1,95,102,104,2,7
3077,sail,sailboat,14.55,4.73,2.53,6.4,95,102,104,2,7
3091,sail,sailboat,13.07,4.27,2.24,3.9,95,103,104,1,8
3105,motor,motorboat,17.71,5.0,1.54,0.0,95,103,105,2,8
3240,sail,sailboat,9.5,3.06,1.48,3.2,95,106,110,4,11
3262,sail,sailboat,10.92,3.46,1.96,5.6,95,107,108,1,12
3293,sail,sailboat,12.36,4.04,2.28,4.4,95,108,120,12,13
3342,sail,sailboat,13.09,4.22,2.1,3.1,95,108,110,2,13
3359,small,motorboat,8.87,2.97,0.99,3.2,95,108,110,2,13
3390,motor,motorboat,16.45,4.7,1.71,9.0,95,109,110,1,14
3423,sail,sailboat,11.5,3.75,1.85,5.7,95,109,129,20,14
3878,sail,sailboat,14.64,4.92,2.26,3.2,95,119,120,1,24
4319,sail,sailboat,10.23,3.11,1.54,3.5,95,128,131,3,33
4639,small,motorboat,6.08,2.13,0.63,2.5,95,135,138,3,40
4662,sail,sailboat,11.4,3.79,1.8,5.4,95,135,138,3,40
4819,super,yacht,21.35,6.03,2.43,26.7,95,138,145,7,43
5012,motor,motorboat,12.8,3.66,1.16,5.5,95,142,148,6,47
5130,super,yacht,26.39,6.82,3.19,19.4,95,144,146,2,49
5201,sail,sailboat,15.19,4.98,2.32,8.6,95,146,148,2,51
5338,sail,sailboat,12.42,4.01,2.24,0.0,95,149,174,25,54
5915,super,yacht,28.13,7.96,3.3,22.4,95,163,165,2,68
2759,sail,sailboat,13.26,4.47,2.24,4.2,96,96,102,6,0
2765,motor,motorboat,12.86,3.73,1.29,4.2,96,96,98,2,0
2778,motor,motorboat,13.58,3.77,1.41,0.0,96,96,99,3,0
2779,sail,sailboat,14.46,4.44,2.63,3.3,96,96,98,2,0
2787,motor,motorboat,14.73,4.42,1.5,0.0,96,96,102,6,0
2788,sail,sailboat,13.92,4.34,2.12,6.3,96,96,99,3,0
2798,sail,sailboat,11.45,3.59,1.95,0.0,96,96,97,1,0
2819,small,motorboat,6.06,1.99,0.63,3.5,96,97,120,23,1
2828,motor,motorboat,19.36,5.56,1.98,0.0,96,97,101,4,1
2844,sail,sailboat,12.6,4.0,1.97,5.1,96,98,99,1,2
2857,sail,sailboat,14.54,4.39,2.16,0.0,96,98,100,2,2
2864,sail,sailboat,11.88,3.66,2.03,0.0,96,98,99,1,2
2917,super,yacht,21.05,5.42,2.48,26.7,96,100,105,5,4
2942,small,motorboat,9.27,3.33,0.9,0.0,96,100,105,5,4
2966,small,motorboat,6.9,2.23,0.73,0.0,96,101,105,4,5
2983,small,motorboat,9.17,3.29,0.96,0.0,96,101,108,7,5
2985,sail,sailboat,13.18,3.97,2.24,3.6,96,101,103,2,5
3051,motor,motorboat,17.0,5.06,1.54,11.2,96,102,103,1,6
3056,small,motorboat,7.55,2.7,0.73,0.0,96,102,103,1,6
3150,sail,sailboat,10.09,3.14,1.65,4.4,96,104,117,13,8
3244,sail,sailboat,16.2,5.37,2.59,13.4,96,106,120,14,10
3250,sail,sailboat,10.26,3.13,1.58,0.0,96,107,110,3,11
3329,sail,sailboat,11.31,3.55,1.85,4.1,96,108,109,1,12
3338,sail,sailboat,11.54,3.52,2.13,3.9,96,108,116,8,12
3383,sail,sailboat,9.5,3.12,1.71,3.1,96,109,116,7,13
3384,motor,motorboat,16.46,4.92,1.51,13.7,96,109,111,2,13
3392,small,motorboat,8.32,2.9,0.93,3.3,96,109,115,6,13
3433,motor,motorboat,16.21,4.79,1.53,0.0,96,110,123,13,14
3442,sail,sailboat,12.64,3.81,2.31,5.7,96,110,113,3,14
3462,sail,sailboat,15.64,5.12,2.78,10.4,96,110,111,1,14
3568,small,motorboat,7.48,2.46,0.74,0.0,96,113,115,2,17
3671,sail,sailboat,12.84,4.01,2.26,5.4,96,115,137,22,19
3727,motor,motorboat,11.98,3.47,1.14,0.0,96,115,121,6,19
3875,sail,sailboat,10.9,3.32,1.71,6.6,96,119,121,2,23
3883,small,motorboat,7.63,2.72,0.82,3.1,96,119,123,4,23
3964,sail,sailboat,13.94,4.52,2.45,3.2,96,121,122,1,25
4076,sail,sailboat,14.05,4.35,2.52,0.0,96,123,127,4,27
4396,motor,motorboat,10.45,2.91,0.9,6.7,96,130,150,20,34
4439,sail,sailboat,13.31,4.2,2.35,3.6,96,130,137,7,34
4492,motor,motorboat,12.95,3.68,1.15,5.0,96,131,133,2,35
4758,motor,motorboat,16.1,4.84,1.7,10.7,96,137,138,1,41
4848,super,yacht,22.15,5.75,2.51,15.1,96,138,139,1,42
5146,small,motorboat,6.2,2.21,0.57,0.0,96,144,146,2,48
5250,motor,motorboat,18.69,5.79,1.62,13.8,96,147,148,1,51
5310,sail,sailboat,15.09,4.58,2.73,0.0,96,148,154,6,52
5983,motor,motorboat,17.73,5.17,1.86,13.1,96,165,168,3,69
2837,sail,sailboat,11.09,3.67,2.04,6.9,97,97,100,3,0
2869,motor,motorboat,15.47,4.54,1.6,0.0,97,98,101,3,1
2876,motor,motorboat,13.47,4.0,1.25,0.0,97,99,124,25,2
2884,motor,motorboat,15.48,4.74,1.37,9.6,97,99,101,2,2
2898,sail,sailboat,15.59,5.26,2.84,8.1,97,99,102,3,2
2909,sail,sailboat,17.0,5.45,3.04,0.0,97,99,106,7,2
2910,motor,motorboat,16.9,4.88,1.55,9.1,97,99,101,2,2
2974,sail,sailboat,15.23,4.66,2.32,7.1,97,101,105,4,4
3005,motor,motorboat,18.21,5.24,1.8,7.2,97,101,106,5,4
3010,super,yacht,26.23,7.15,3.49,18.8,97,101,104,3,4
3011,motor,motorboat,17.28,4.87,1.8,10.2,97,101,102,1,4
3052,sail,sailboat,13.05,3.96,2.2,4.3,97,102,105,3,5
3075,motor,motorboat,15.07,4.36,1.49,11.8,97,102,104,2,5
3099,sail,sailboat,12.62,3.95,2.14,6.4,97,103,116,13,6
3192,sail,sailboat,9.5,3.13,1.43,3.2,97,105,107,2,8
3202,sail,sailboat,14.5,4.83,2.28,4.9,97,106,112,6,9
3203,sail,sailboat,11.68,3.74,1.99,4.3,97,106,113,7,9
3205,sail,sailboat,13.06,4.28,2.39,0.0,97,106,108,2,9
3214,small,motorboat,7.95,2.8,0.88,0.0,97,106,109,3,9
3247,motor,motorboat,17.34,4.84,1.73,8.4,97,107,109,2,10
3267,sail,sailboat,15.74,4.9,2.39,12.3,97,107,111,4,10
3335,motor,motorboat,11.59,3.51,1.21,6.6,97,108,112,4,11
3410,sail,sailboat,12.18,3.71,2.14,0.0,97,109,112,3,12
3418,motor,motorboat,11.17,3.1,1.14,5.2,97,109,113,4,12
3775,sail,sailboat,10.09,3.08,1.52,4.8,97,116,118,2,19
3833,sail,sailboat,14.08,4.61,2.34,3.3,97,118,121,3,21
4062,small,motorboat,8.61,2.94,0.85,3.3,97,123,133,10,26
4112,motor,motorboat,10.38,3.2,1.02,4.4,97,124,129,5,27
4289,motor,motorboat,14.12,4.14,1.42,0.0,97,128,135,7,31
4352,sail,sailboat,11.25,3.79,1.67,3.0,97,129,133,4,32
4354,motor,motorboat,15.02,4.57,1.51,8.5,97,129,136,7,32
4459,super,yacht,27.3,7.7,3.29,19.4,97,131,134,3,34
4678,sail,sailboat,9.61,2.95,1.68,2.2,97,135,139,4,38
4990,motor,motorboat,16.57,4.96,1.62,11.6,97,142,156,14,45
5149,super,yacht,21.44,5.61,2.57,33.0,97,144,148,4,47
5481,motor,motorboat,12.72,3.58,1.33,4.4,97,151,153,2,54
5988,super,yacht,22.77,5.86,2.72,35.6,97,165,166,1,68
2847,motor,motorboat,13.32,4.13,1.21,3.9,98,98,99,1,0
2856,sail,sailboat,11.97,4.05,1.87,6.9,98,98,102,4,0
2878,sail,sailboat,12.49,3.8,2.23,0.0,98,99,101,2,1
2886,sail,sailboat,13.75,4.64,2.3,3.8,98,99,127,28,1
2887,motor,motorboat,15.25,4.43,1.31,13.5,98,99,113,14,1
2894,super,yacht,25.03,6.48,3.03,39.7,98,99,113,14,1
2921,motor,motorboat,13.36,3.92,1.17,4.2,98,100,108,8,2
2925,motor,motorboat,15.99,4.76,1.43,10.0,98,100,107,7,2
2933,sail,sailboat,13.37,4.19,2.43,4.1,98,100,107,7,2
2937,motor,motorboat,17.74,4.96,1.6,9.8,98,100,111,11,2
2944,motor,motorboat,14.37,4.09,1.42,4.1,98,100,102,2,2
2945,motor,motorboat,15.65,4.79,1.43,8.7,98,100,101,1,2
2949,sail,sailboat,9.76,3.05,1.46,0.0,98,100,104,4,2
2950,motor,motorboat,12.43,3.5,1.29,5.5,98,100,106,6,2
2952,motor,motorboat,11.61,3.25,1.18,3.9,98,100,105,5,2
2957,motor,motorboat,19.5,5.85,2.04,13.8,98,100,106,6,2
2958,super,yacht,27.2,7.64,3.34,15.2,98,100,113,13,2
2961,small,motorboat,7.92,2.75,0.86,2.8,98,101,103,2,3
2977,motor,motorboat,19.73,5.58,1.75,8.8,98,101,115,14,3
3057,small,motorboat,7.33,2.51,0.69,0.0,98,102,105,3,4
3083,motor,motorboat,20.77,6.34,2.04,38.9,98,102,103,1,4
3086,sail,sailboat,11.4,3.82,1.78,5.6,98,103,105,2,5
3117,super,yacht,26.43,7.04,3.48,37.6,98,103,106,3,5
3129,small,motorboat,9.12,3.17,0.93,2.2,98,103,104,1,5
3248,super,yacht,28.9,7.73,3.4,21.6,98,107,108,1,9
3332,small,motorboat,9.29,3.01,0.85,0.0,98,108,113,5,10
3373,small,motorboat,7.7,2.49,0.76,2.6,98,109,113,4,11
3374,sail,sailboat,12.79,4.12,2.13,0.0,98,109,110,1,11
3379,super,yacht,23.52,6.09,2.67,39.3,98,109,115,6,11
3397,sail,sailboat,13.54,4.52,2.46,6.8,98,109,111,2,11
3399,motor,motorboat,19.06,5.54,1.97,7.9,98,109,111,2,11
3414,sail,sailboat,14.95,4.52,2.55,4.2,98,109,111,2,11
3466,motor,motorboat,14.05,4.16,1.24,0.0,98,111,117,6,13
3473,sail,sailboat,13.75,4.66,2.47,6.9,98,111,113,2,13
3482,motor,motorboat,14.75,4.33,1.28,6.6,98,111,112,1,13
3619,sail,sailboat,12.72,4.17,2.29,5.5,98,114,118,4,16
4472,motor,motorboat,16.67,4.65,1.73,6.2,98,131,133,2,33
4515,sail,sailboat,12.96,4.26,2.2,0.0,98,132,140,8,34
5000,small,motorboat,7.27,2.36,0.75,2.4,98,142,145,3,44
5292,sail,sailboat,9.78,3.02,1.71,2.9,98,148,150,2,50
5369,sail,sailboat,10.27,3.22,1.79,0.0,98,149,153,4,51
5386,motor,motorboat,14.89,4.24,1.53,3.7,98,150,165,15,52
5433,motor,motorboat,22.0,6.56,2.05,17.7,98,150,157,7,52
2872,sail,sailboat,11.94,4.02,1.94,4.3,99,99,127,28,0
2881,small,motorboat,7.5,2.47,0.83,2.7,99,99,107,8,0
2893,sail,sailboat,13.69,4.27,2.49,6.8,99,99,105,6,0
2905,motor,motorboat,20.9,5.96,2.11,25.2,99,99,102,3,0
2906,motor,motorboat,18.79,5.47,1.99,11.0,99,99,100,1,0
2912,sail,sailboat,15.67,4.82,2.46,10.0,99,99,103,4,0
2920,sail,sailboat,13.23,4.06,2.04,6.4,99,100,115,15,1
2932,sail,sailboat,15.87,5.33,2.47,8.5,99,100,102,2,1
2960,motor,motorboat,11.1,3.24,0.95,5.5,99,101,105,4,2
2962,motor,motorboat,14.72,4.51,1.37,4.3,99,101,103,2,2
2980,sail,sailboat,11.99,4.05,1.83,5.3,99,101,111,10,2
2994,sail,sailboat,12.23,3.91,2.07,6.0,99,101,102,1,2
3002,small,motorboat,9.04,3.01,1.0,3.1,99,101,110,9,2
3003,small,motorboat,8.2,2.91,0.88,2.6,99,101,119,18,2
3008,sail,sailboat,12.06,3.73,2.17,3.8,99,101,104,3,2
3024,sail,sailboat,13.98,4.69,2.16,5.8,99,101,102,1,2
3026,motor,motorboat,16.2,5.0,1.54,13.1,99,101,104,3,2
3032,sail,sailboat,9.6,2.91,1.67,2.4,99,101,103,2,2
3076,motor,motorboat,13.33,4.07,1.19,3.7,99,102,103,1,3
3127,super,yacht,23.13,6.59,3.06,38.0,99,103,104,1,4
3221,motor,motorboat,14.92,4.24,1.51,4.9,99,106,107,1,7
3266,super,yacht,20.9,5.55,2.51,18.9,99,107,108,1,8
3285,sail,sailboat,12.12,4.02,2.03,4.3,99,107,109,2,8
3308,sail,sailboat,11.79,3.91,2.04,5.3,99,108,127,19,9
3331,small,motorboat,6.18,2.04,0.65,2.9,99,108,127,19,9
3350,sail,sailboat,15.03,4.73,2.46,10.9,99,108,112,4,9
3404,small,motorboat,9.24,3.14,1.0,0.0,99,109,110,1,10
3411,sail,sailboat,14.39,4.44,2.55,5.4,99,109,110,1,10
3435,sail,sailboat,9.82,3.18,1.73,2.7,99,110,116,6,11
3557,motor,motorboat,14.72,4.24,1.3,6.9,99,112,117,5,13
3667,sail,sailboat,10.54,3.19,1.8,0.0,99,115,122,7,16
4088,motor,motorboat,19.41,5.59,1.86,11.9,99,123,128,5,24
4534,sail,sailboat,11.43,3.82,1.71,6.1,99,132,137,5,33
4762,motor,motorboat,15.25,4.75,1.31,10.6,99,137,140,3,38
5095,motor,motorboat,16.01,4.68,1.59,12.0,99,144,146,2,45
5657,motor,motorboat,14.84,4.34,1.55,0.0,99,157,163,6,58
2928,sail,sailboat,14.72,4.8,2.58,6.9,100,100,101,1,0
2953,sail,sailboat,13.06,4.28,2.13,4.5,100,100,112,12,0
2971,motor,motorboat,13.55,4.1,1.16,3.9,100,101,106,5,1
2978,sail,sailboat,9.86,3.33,1.65,3.1,100,101,108,7,1
3009,small,motorboat,6.67,2.34,0.71,2.9,100,101,103,2,1
3020,sail,sailboat,16.0,5.19,2.51,0.0,100,101,103,2,1
3022,motor,motorboat,14.11,3.95,1.31,5.9,100,101,104,3,1
3028,small,motorboat,8.05,2.8,0.78,0.0,100,101,103,2,1
3043,sail,sailboat,11.79,3.57,2.1,3.0,100,102,104,2,2
3066,small,motorboat,6.51,2.26,0.65,0.0,100,102,110,8,2
3071,motor,motorboat,12.3,3.74,1.25,3.5,100,102,105,3,2
3097,sail,sailboat,14.71,4.94,2.68,5.2,100,103,109,6,3
3114,motor,motorboat,18.2,5.31,1.61,13.2,100,103,104,1,3
3137,sail,sailboat,12.35,3.9,1.87,4.0,100,104,107,3,4
3220,sail,sailboat,14.8,4.97,2.73,0.0,100,106,115,9,6
3241,small,motorboat,6.98,2.41,0.69,0.0,100,106,108,2,6
3254,sail,sailboat,11.97,3.98,2.01,0.0,100,107,108,1,7
3256,sail,sailboat,9.5,3.16,1.51,0.0,100,107,111,4,7
3283,sail,sailboat,17.0,5.25,2.8,8.8,100,107,120,13,7
3311,sail,sailboat,9.5,3.13,1.5,3.2,100,108,117,9,8
3313,super,yacht,23.07,6.05,2.56,38.2,100,108,121,13,8
3323,super,yacht,24.27,6.69,3.05,35.2,100,108,110,2,8
3375,motor,motorboat,14.05,3.93,1.31,5.6,100,109,110,1,9
3389,sail,sailboat,11.38,3.75,1.94,3.1,100,109,122,13,9
3420,sail,sailboat,13.68,4.57,2.34,0.0,100,109,110,1,9
3437,sail,sailboat,12.78,4.01,2.13,4.5,100,110,124,14,10
3439,sail,sailboat,9.5,3.08,1.42,2.6,100,110,114,4,10
3468,motor,motorboat,13.11,3.87,1.39,0.0,100,111,113,2,11
3517,motor,motorboat,14.09,3.93,1.28,5.7,100,112,113,1,12
3519,motor,motorboat,13.15,3.65,1.39,5.8,100,112,113,1,12
3541,sail,sailboat,9.5,3.12,1.7,2.2,100,112,126,14,12
3608,sail,sailboat,12.35,3.73,2.02,0.0,100,114,121,7,14
3633,sail,sailboat,11.81,3.73,1.99,5.5,100,114,115,1,14
3739,sail,sailboat,12.94,4.12,2.11,0.0,100,116,119,3,16
4025,super,yacht,27.0,7.03,3.63,26.0,100,122,132,10,22
4230,sail,sailboat,15.54,5.14,2.36,0.0,100,127,149,22,27
4239,small,motorboat,8.43,2.78,0.77,3.4,100,127,130,3,27
4485,small,motorboat,6.4,2.05,0.61,2.8,100,131,134,3,31
4573,super,yacht,24.97,7.07,2.71,19.9,100,133,149,16,33
5134,sail,sailboat,10.38,3.28,1.8,0.0,100,144,145,1,44
5189,sail,sailboat,14.22,4.72,2.41,4.9,100,145,148,3,45
5331,motor,motorboat,18.08,5.49,1.76,6.6,100,149,150,1,49
5333,small,motorboat,6.43,2.3,0.61,3.3,100,149,156,7,49
5436,super,yacht,21.15,5.67,2.39,12.2,100,151,154,3,51
5490,sail,sailboat,16.31,5.29,2.79,13.1,100,151,158,7,51
5718,motor,motorboat,10.0,2.87,0.86,0.0,100,158,159,1,58
5728,small,motorboat,9.48,3.33,0.93,2.8,100,158,174,16,58
6800,sail,sailboat,14.25,4.53,2.57,6.3,100,195,202,7,95
2965,motor,motorboat,19.69,5.52,1.85,11.8,101,101,104,3,0
2968,sail,sailboat,10.23,3.41,1.57,0.0,101,101,123,22,0
2975,sail,sailboat,13.83,4.64,2.55,5.3,101,101,105,4,0
2982,small,motorboat,7.7,2.51,0.74,0.0,101,101,103,2,0
2984,sail,sailboat,11.03,3.66,1.99,4.1,101,101,103,2,0
2990,motor,motorboat,13.95,4.26,1.4,5.7,101,101,102,1,0
2999,small,motorboat,6.1,2.02,0.56,3.3,101,101,107,6,0
3015,sail,sailboat,10.57,3.42,1.79,4.6,101,101,115,14,0
3016,sail,sailboat,14.09,4.35,2.56,0.0,101,101,103,2,0
3048,sail,sailboat,13.86,4.28,2.45,4.5,101,102,104,2,1
3061,sail,sailboat,13.85,4.38,2.5,4.2,101,102,103,1,1
3062,motor,motorboat,12.37,3.44,1.28,4.5,101,102,105,3,1
3068,small,motorboat,6.97,2.25,0.69,0.0,101,102,105,3,1
3078,sail,sailboat,11.18,3.76,2.02,4.4,101,102,103,1,1
3089,sail,sailboat,12.87,4.34,2.29,6.3,101,103,118,15,2
3098,sail,sailboat,12.59,4.14,2.09,6.8,101,103,109,6,2
3102,super,yacht,26.75,7.25,3.08,38.1,101,103,106,3,2
3104,motor,motorboat,15.14,4.73,1.37,13.8,101,103,106,3,2
3106,sail,sailboat,9.5,2.86,1.72,2.6,101,103,105,2,2
3112,motor,motorboat,18.72,5.22,1.89,7.7,101,103,105,2,2
3116,sail,sailboat,15.22,5.08,2.62,0.0,101,103,124,21,2
3122,sail,sailboat,9.97,3.23,1.56,3.5,101,103,110,7,2
3126,motor,motorboat,15.05,4.45,1.32,12.3,101,103,104,1,2
3187,sail,sailboat,16.5,5.46,2.67,6.7,101,105,108,3,4
3195,super,yacht,26.94,7.42,3.62,35.3,101,105,109,4,4
3200,sail,sailboat,14.75,4.9,2.61,3.1,101,106,114,8,5
3224,sail,sailboat,14.5,4.8,2.24,0.0,101,106,109,3,5
3255,small,motorboat,8.76,2.91,0.9,0.0,101,107,110,3,6
3286,motor,motorboat,19.79,5.82,2.07,10.6,101,107,109,2,6
3297,small,motorboat,8.6,3.05,0.84,3.5,101,108,110,2,7
3343,super,yacht,21.5,5.76,2.87,27.3,101,108,110,2,7
3368,small,motorboat,6.42,2.19,0.61,3.3,101,109,111,2,8
3387,sail,sailboat,9.79,3.01,1.75,2.2,101,109,112,3,8
3413,sail,sailboat,11.46,3.55,1.72,3.6,101,109,111,2,8
3417,motor,motorboat,10.0,3.01,1.04,5.8,101,109,111,2,8
3440,motor,motorboat,10.0,2.94,0.91,7.0,101,110,119,9,9
3497,sail,sailboat,14.79,5.01,2.26,5.8,101,111,112,1,10
3537,small,motorboat,8.5,3.02,0.88,0.0,101,112,121,9,11
3542,small,motorboat,7.37,2.6,0.73,3.3,101,112,117,5,11
3552,sail,sailboat,12.16,4.05,1.81,3.8,101,112,115,3,11
3563,sail,sailboat,14.33,4.85,2.35,0.0,101,113,118,5,12
3565,sail,sailboat,10.86,3.62,1.74,6.4,101,113,114,1,12
3580,small,motorboat,6.46,2.13,0.59,0.0,101,113,114,1,12
3600,sail,sailboat,12.0,3.9,2.15,5.4,101,113,115,2,12
3604,sail,sailboat,12.11,3.95,2.13,3.5,101,113,116,3,12
3629,sail,sailboat,12.04,3.99,2.21,6.8,101,114,119,5,13
3657,motor,motorboat,10.0,3.04,0.98,0.0,101,115,122,7,14
3672,sail,sailboat,14.09,4.33,2.38,6.5,101,115,144,29,14
3713,sail,sailboat,13.95,4.66,2.32,5.2,101,115,117,2,14
4455,motor,motorboat,13.05,3.98,1.17,6.7,101,131,144,13,30
4520,motor,motorboat,13.6,4.12,1.27,4.9,101,132,134,2,31
4634,sail,sailboat,11.89,3.93,2.15,4.1,101,134,138,4,33
4656,sail,sailboat,13.7,4.5,2.44,5.5,101,135,137,2,34
4817,small,motorboat,7.94,2.62,0.8,2.6,101,138,139,1,37
4867,motor,motorboat,16.47,4.73,1.49,10.6,101,138,145,7,37
4895,sail,sailboat,17.0,5.5,2.63,6.1,101,139,143,4,38
4961,small,motorboat,6.66,2.2,0.69,2.2,101,141,148,7,40
5056,super,yacht,26.15,7.37,2.98,26.9,101,143,148,5,42
5089,super,yacht,20.07,5.66,2.35,30.0,101,144,161,17,43
5358,motor,motorboat,16.68,4.87,1.74,13.9,101,149,179,30,48
5491,sail,sailboat,14.01,4.42,2.57,6.6,101,151,154,3,50
5729,small,motorboat,9.25,3.25,0.85,0.0,101,158,160,2,57
3034,motor,motorboat,12.81,3.85,1.2,3.4,102,102,111,9,0
3038,sail,sailboat,12.42,3.88,2.24,5.2,102,102,105,3,0
3074,sail,sailboat,10.68,3.32,1.94,4.5,102,102,108,6,0
3100,small,motorboat,6.97,2.38,0.68,3.4,102,103,105,2,1
3103,sail,sailboat,12.67,3.82,1.89,6.7,102,103,106,3,1
3107,sail,sailboat,12.51,3.92,1.92,0.0,102,103,106,3,1
3118,sail,sailboat,12.32,4.14,2.22,5.2,102,103,104,1,1
3128,motor,motorboat,10.0,3.02,1.05,5.8,102,103,110,7,1
3132,sail,sailboat,13.58,4.49,2.4,5.7,102,104,108,4,2
3135,super,yacht,26.22,6.83,3.41,15.3,102,104,106,2,2
3139,small,motorboat,7.81,2.69,0.85,3.5,102,104,105,1,2
3146,super,yacht,25.11,6.94,2.96,23.5,102,104,110,6,2
3154,sail,sailboat,11.41,3.68,1.9,4.4,102,104,107,3,2
3162,motor,motorboat,14.51,4.51,1.41,6.8,102,104,108,4,2
3165,motor,motorboat,14.98,4.23,1.56,0.0,102,104,105,1,2
3166,motor,motorboat,16.76,5.17,1.7,10.8,102,104,112,8,2
3179,motor,motorboat,17.28,4.91,1.75,10.1,102,105,108,3,3
3184,motor,motorboat,18.41,5.52,1.74,0.0,102,105,110,5,3
3213,sail,sailboat,12.07,3.98,2.23,0.0,102,106,107,1,4
3257,sail,sailboat,9.5,3.11,1.58,2.4,102,107,109,2,5
3284,small,motorboat,8.62,3.08,0.94,0.0,102,107,108,1,5
3295,sail,sailboat,13.07,4.14,2.36,4.7,102,108,110,2,6
3314,sail,sailboat,14.27,4.61,2.36,6.5,102,108,109,1,6
3347,sail,sailboat,13.96,4.6,2.29,6.1,102,108,113,5,6
3369,small,motorboat,8.92,2.88,0.84,0.0,102,109,111,2,7
3376,super,yacht,28.66,7.63,3.75,15.9,102,109,116,7,7
3382,super,yacht,25.21,7.08,2.95,27.4,102,109,112,3,7
3432,sail,sailboat,9.5,2.92,1.62,2.5,102,110,116,6,8
3447,motor,motorboat,16.06,4.8,1.43,9.3,102,110,117,7,8
3448,motor,motorboat,22.0,6.68,1.92,29.9,102,110,131,21,8
3484,motor,motorboat,10.0,2.97,0.97,6.6,102,111,112,1,9
3528,motor,motorboat,14.19,4.14,1.24,4.3,102,112,113,1,10
3533,sail,sailboat,15.5,4.68,2.82,6.5,102,112,116,4,10
3562,sail,sailboat,15.12,4.74,2.44,10.6,102,113,115,2,11
3573,sail,sailboat,17.0,5.59,2.54,13.3,102,113,117,4,11
3585,sail,sailboat,15.36,4.7,2.38,9.9,102,113,119,6,11
3599,small,motorboat,7.14,2.36,0.75,3.4,102,113,114,1,11
3602,motor,motorboat,14.9,4.16,1.43,5.0,102,113,116,3,11
3610,small,motorboat,6.13,1.97,0.66,0.0,102,114,115,1,12
3651,sail,sailboat,10.86,3.42,1.79,4.6,102,114,116,2,12
3673,motor,motorboat,14.9,4.35,1.33,5.3,102,115,117,2,13
3690,motor,motorboat,15.93,4.58,1.4,11.4,102,115,122,7,13
3701,motor,motorboat,11.4,3.37,1.11,6.4,102,115,118,3,13
3702,sail,sailboat,17.0,5.64,2.58,11.1,102,115,117,2,13
3740,sail,sailboat,12.67,4.12,1.91,3.9,102,116,117,1,14
3770,sail,sailboat,15.84,5.23,2.7,8.1,102,116,118,2,14
3836,sail,sailboat,12.47,3.81,2.18,4.4,102,118,123,5,16
3865,super,yacht,23.57,6.39,3.1,19.8,102,119,121,2,17
3931,super,yacht,28.21,7.76,3.56,16.9,102,121,124,3,19
4160,sail,sailboat,15.31,4.92,2.79,12.9,102,125,127,2,23
4169,sail,sailboat,14.56,4.53,2.24,5.8,102,125,132,7,23
4253,sail,sailboat,14.4,4.63,2.63,5.8,102,127,128,1,25
4317,small,motorboat,7.48,2.49,0.76,0.0,102,128,130,2,26
4408,small,motorboat,7.01,2.32,0.74,0.0,102,130,131,1,28
4631,super,yacht,25.57,6.8,3.43,20.8,102,134,143,9,32
4814,motor,motorboat,13.34,3.83,1.17,6.4,102,138,141,3,36
4932,sail,sailboat,11.09,3.53,1.79,4.6,102,140,148,8,38
5019,motor,motorboat,11.65,3.49,1.07,4.9,102,142,157,15,40
5328,motor,motorboat,16.3,4.59,1.42,10.9,102,149,152,3,47
5621,super,yacht,24.5,6.65,2.72,20.5,102,155,158,3,53
5663,motor,motorboat,20.89,6.24,1.92,21.4,102,157,163,6,55
3084,sail,sailboat,13.94,4.53,2.2,0.0,103,103,105,2,0
3085,sail,sailboat,14.4,4.41,2.27,0.0,103,103,109,6,0
3087,sail,sailboat,9.7,3.19,1.68,2.7,103,103,105,2,0
3090,sail,sailboat,11.46,3.6,1.97,4.9,103,103,110,7,0
3101,sail,sailboat,12.52,4.05,1.9,5.4,103,103,104,1,0
3125,motor,motorboat,21.13,6.07,2.01,16.0,103,103,105,2,0
3131,small,motorboat,7.35,2.64,0.77,2.9,103,103,106,3,0
3141,super,yacht,28.57,8.04,3.55,39.9,103,104,110,6,1
3156,sail,sailboat,12.43,4.16,2.11,4.4,103,104,107,3,1
3163,sail,sailboat,11.59,3.81,1.93,3.4,103,104,106,2,1
3164,sail,sailboat,14.3,4.75,2.5,6.4,103,104,106,2,1
3168,sail,sailboat,15.59,4.99,2.72,8.3,103,105,112,7,2
3225,small,motorboat,9.12,2.92,0.84,0.0,103,106,108,2,3
3278,small,motorboat,8.78,2.97,0.85,2.7,103,107,113,6,4
3294,motor,motorboat,10.15,2.97,1.08,0.0,103,108,111,3,5
3301,sail,sailboat,10.61,3.21,1.88,0.0,103,108,135,27,5
3326,super,yacht,24.66,6.26,2.67,30.8,103,108,110,2,5
3351,sail,sailboat,13.6,4.44,2.07,3.1,103,108,112,4,5
3415,motor,motorboat,14.77,4.55,1.44,0.0,103,109,114,5,6
3460,small,motorboat,9.21,2.99,1.01,2.1,103,110,118,8,7
3491,sail,sailboat,16.92,5.32,2.66,9.4,103,111,113,2,8
3538,sail,sailboat,10.8,3.5,1.79,6.2,103,112,113,1,9
3546,small,motorboat,7.86,2.53,0.83,0.0,103,112,115,3,9
3569,sail,sailboat,13.26,4.03,2.18,3.8,103,113,133,20,10
3611,small,motorboat,6.02,2.16,0.59,2.5,103,114,116,2,11
3614,small,motorboat,6.07,1.96,0.61,3.0,103,114,117,3,11
3622,small,motorboat,8.66,2.82,0.95,0.0,103,114,116,2,11
3630,sail,sailboat,10.12,3.11,1.63,4.5,103,114,118,4,11
3648,motor,motorboat,12.2,3.56,1.19,3.9,103,114,121,7,11
3722,super,yacht,28.41,7.8,3.25,16.3,103,115,120,5,12
3742,super,yacht,22.9,5.89,2.48,12.1,103,116,119,3,13
3748,sail,sailboat,11.93,3.89,2.06,6.8,103,116,117,1,13
3749,sail,sailboat,13.2,4.47,2.01,3.9,103,116,120,4,13
3769,sail,sailboat,12.84,4.14,1.91,4.8,103,116,118,2,13
3799,motor,motorboat,13.23,3.9,1.18,4.7,103,117,120,3,14
3804,small,motorboat,6.44,2.2,0.61,0.0,103,117,120,3,14
4114,sail,sailboat,15.53,4.95,2.62,0.0,103,124,125,1,21
4181,motor,motorboat,19.52,6.08,2.02,9.2,103,126,127,1,23
4250,motor,motorboat,21.41,6.24,2.16,12.4,103,127,128,1,24
4392,sail,sailboat,10.35,3.2,1.87,0.0,103,130,131,1,27
4507,small,motorboat,6.54,2.23,0.59,2.9,103,132,134,2,29
4727,motor,motorboat,19.48,6.0,1.93,11.6,103,136,143,7,33
4768,motor,motorboat,10.0,2.85,1.0,6.0,103,137,143,6,34
4919,sail,sailboat,14.58,4.85,2.65,5.2,103,140,144,4,37
5648,sail,sailboat,14.12,4.42,2.49,5.7,103,156,162,6,53
6233,sail,sailboat,17.0,5.55,2.56,11.7,103,172,174,2,69
6583,super,yacht,23.77,6.41,2.61,14.9,103,182,185,3,79
3136,sail,sailboat,12.74,4.06,1.94,0.0,104,104,111,7,0
3148,motor,motorboat,16.83,5.16,1.63,13.5,104,104,106,2,0
3158,motor,motorboat,20.92,6.35,2.03,27.2,104,104,121,17,0
3159,sail,sailboat,13.8,4.22,2.5,4.3,104,104,105,1,0
3160,sail,sailboat,10.39,3.32,1.65,0.0,104,104,105,1,0
3167,small,motorboat,7.25,2.6,0.7,0.0,104,105,109,4,1
3176,sail,sailboat,15.27,4.8,2.3,11.1,104,105,107,2,1
3190,sail,sailboat,10.44,3.52,1.66,0.0,104,105,106,1,1
3194,small,motorboat,6.27,2.16,0.63,0.0,104,105,111,6,1
3197,sail,sailboat,14.23,4.62,2.46,4.4,104,106,108,2,2
3222,sail,sailboat,15.8,4.78,2.57,0.0,104,106,113,7,2
3232,motor,motorboat,15.01,4.32,1.59,0.0,104,106,111,5,2
3239,motor,motorboat,12.66,3.79,1.12,6.7,104,106,109,3,2
3242,sail,sailboat,14.09,4.41,2.5,5.2,104,106,109,3,2
3291,motor,motorboat,14.78,4.13,1.51,5.9,104,108,114,6,4
3321,sail,sailboat,11.81,3.73,2.05,6.8,104,108,116,8,4
3348,super,yacht,20.06,5.51,2.33,37.7,104,108,120,12,4
3456,motor,motorboat,16.79,5.15,1.62,0.0,104,110,113,3,6
3513,sail,sailboat,15.06,4.94,2.36,6.7,104,112,115,3,8
3518,super,yacht,20.63,5.47,2.26,23.4,104,112,117,5,8
3526,sail,sailboat,15.3,4.62,2.5,7.4,104,112,113,1,8
3531,motor,motorboat,15.11,4.47,1.45,8.8,104,112,117,5,8
3555,small,motorboat,8.62,3.06,0.96,3.2,104,112,113,1,8
3561,super,yacht,21.84,5.67,2.47,38.1,104,113,115,2,9
3661,sail,sailboat,11.84,3.74,1.76,5.9,104,115,118,3,11
3703,sail,sailboat,13.79,4.34,2.26,6.7,104,115,116,1,11
3725,sail,sailboat,14.33,4.36,2.55,5.0,104,115,116,1,11
3733,motor,motorboat,12.08,3.77,1.21,4.4,104,116,118,2,12
3734,super,yacht,21.06,5.69,2.43,38.2,104,116,136,20,12
3737,motor,motorboat,13.68,3.81,1.37,6.0,104,116,118,2,12
3760,motor,motorboat,16.88,5.12,1.78,13.2,104,116,119,3,12
3796,sail,sailboat,14.56,4.65,2.18,6.9,104,117,121,4,13
3810,sail,sailboat,14.29,4.6,2.14,3.6,104,117,120,3,13
3823,motor,motorboat,16.28,4.7,1.64,0.0,104,118,120,2,14
3837,motor,motorboat,15.1,4.7,1.29,10.5,104,118,120,2,14
4014,small,motorboat,9.04,3.18,0.9,2.9,104,122,129,7,18
4093,sail,sailboat,10.49,3.31,1.9,0.0,104,124,127,3,20
4247,motor,motorboat,13.57,4.16,1.22,5.9,104,127,134,7,23
4460,sail,sailboat,17.0,5.6,2.67,0.0,104,131,134,3,27
4486,sail,sailboat,11.85,3.7,2.07,5.1,104,131,134,3,27
4755,motor,motorboat,13.6,3.99,1.34,6.6,104,137,159,22,33
4915,sail,sailboat,9.5,3.12,1.71,2.4,104,140,147,7,36
5037,motor,motorboat,16.15,4.66,1.64,7.9,104,143,145,2,39
5093,super,yacht,25.88,7.13,3.19,31.8,104,144,150,6,40
5155,super,yacht,25.37,6.53,3.21,25.6,104,145,148,3,41
5374,sail,sailboat,13.56,4.3,2.28,3.5,104,150,151,1,46
5502,sail,sailboat,12.05,3.72,2.18,5.3,104,152,153,1,48
5669,small,motorboat,6.69,2.29,0.71,0.0,104,157,164,7,53
5906,motor,motorboat,18.33,5.44,1.79,6.2,104,163,166,3,59
6037,sail,sailboat,12.34,4.06,1.99,5.2,104,167,171,4,63
3169,sail,sailboat,9.5,3.16,1.61,3.1,105,105,111,6,0
3173,sail,sailboat,11.55,3.67,1.79,5.9,105,105,107,2,0
3174,sail,sailboat,13.96,4.52,2.34,6.2,105,105,106,1,0
3186,motor,motorboat,17.27,5.32,1.51,7.0,105,105,109,4,0
3189,small,motorboat,7.84,2.77,0.83,0.0,105,105,110,5,0
3191,sail,sailboat,15.81,5.12,2.49,10.6,105,105,107,2,0
3198,small,motorboat,6.65,2.29,0.72,0.0,105,106,114,8,1
3208,super,yacht,28.28,7.6,3.33,24.3,105,106,111,5,1
3219,sail,sailboat,14.39,4.39,2.44,0.0,105,106,108,2,1
3223,sail,sailboat,9.87,3.27,1.58,0.0,105,106,112,6,1
3235,motor,motorboat,15.81,4.7,1.43,9.8,105,106,127,21,1
3252,motor,motorboat,16.2,4.83,1.52,6.3,105,107,109,2,2
3259,motor,motorboat,14.48,4.29,1.31,5.8,105,107,108,1,2
3261,sail,sailboat,14.47,4.37,2.65,0.0,105,107,109,2,2
3265,motor,motorboat,11.07,3.33,1.15,4.5,105,107,109,2,2
3269,super,yacht,20.14,5.15,2.51,34.1,105,107,108,1,2
3272,small,motorboat,6.92,2.39,0.68,2.0,105,107,114,7,2
3279,sail,sailboat,11.85,3.7,2.15,0.0,105,107,109,2,2
3287,super,yacht,27.9,7.19,3.43,29.7,105,107,125,18,2
3316,motor,motorboat,13.01,3.73,1.32,0.0,105,108,129,21,3
3324,motor,motorboat,14.32,4.1,1.4,3.6,105,108,135,27,3
3357,small,motorboat,7.96,2.56,0.74,0.0,105,108,109,1,3
3416,small,motorboat,6.4,2.14,0.68,2.1,105,109,110,1,4
3425,sail,sailboat,11.48,3.57,1.75,0.0,105,109,111,2,4
3455,sail,sailboat,16.19,4.92,2.81,9.2,105,110,115,5,5
3479,sail,sailboat,13.35,4.36,2.23,3.6,105,111,113,2,6
3504,motor,motorboat,20.03,6.24,2.08,31.7,105,111,113,2,6
3520,sail,sailboat,10.29,3.46,1.59,3.8,105,112,122,10,7
3544,sail,sailboat,17.0,5.27,3.11,0.0,105,112,128,16,7
3559,sail,sailboat,12.87,4.01,2.04,0.0,105,113,121,8,8
3576,motor,motorboat,14.62,4.18,1.51,3.2,105,113,124,11,8
3583,motor,motorboat,17.68,5.48,1.63,13.7,105,113,115,2,8
3639,super,yacht,22.57,6.05,2.64,39.2,105,114,116,2,9
3700,sail,sailboat,11.91,3.66,2.1,4.0,105,115,122,7,10
3757,sail,sailboat,9.5,3.15,1.54,2.4,105,116,122,6,11
3780,sail,sailboat,15.53,4.87,2.47,12.3,105,116,121,5,11
4212,sail,sailboat,13.93,4.21,2.3,0.0,105,126,128,2,21
4437,small,motorboat,9.4,3.34,0.9,0.0,105,130,135,5,25
4708,motor,motorboat,11.36,3.53,1.2,5.1,105,136,138,2,31
5191,motor,motorboat,14.9,4.54,1.56,5.8,105,145,147,2,40
5950,motor,motorboat,16.42,4.67,1.71,8.5,105,164,187,23,59
3196,sail,sailboat,14.3,4.61,2.5,6.0,106,106,111,5,0
3207,sail,sailboat,13.52,4.4,2.09,6.4,106,106,111,5,0
3211,motor,motorboat,12.8,3.97,1.2,3.7,106,106,111,5,0
3217,sail,sailboat,13.99,4.21,2.35,5.2,106,106,136,30,0
3218,sail,sailboat,13.84,4.41,2.17,6.2,106,106,109,3,0
3238,small,motorboat,6.21,2.08,0.67,2.7,106,106,109,3,0
3251,motor,motorboat,13.29,3.8,1.14,6.5,106,107,109,2,1
3253,sail,sailboat,11.0,3.64,1.69,3.1,106,107,109,2,1
3258,sail,sailboat,12.85,3.89,2.12,4.9,106,107,109,2,1
3263,motor,motorboat,13.58,3.83,1.19,5.9,106,107,120,13,1
3270,motor,motorboat,14.46,4.22,1.33,6.1,106,107,114,7,1
3271,sail,sailboat,15.68,5.22,2.89,13.1,106,107,110,3,1
3277,small,motorboat,6.44,2.15,0.7,3.3,106,107,113,6,1
3288,motor,motorboat,14.43,4.22,1.36,0.0,106,108,110,2,2
3289,motor,motorboat,18.23,5.38,1.78,0.0,106,108,113,5,2
3300,motor,motorboat,13.43,3.75,1.35,4.3,106,108,114,6,2
3303,motor,motorboat,20.1,6.0,2.09,29.8,106,108,116,8,2
3304,sail,sailboat,12.13,4.11,2.23,3.2,106,108,109,1,2
3307,sail,sailboat,16.05,5.14,2.84,8.7,106,108,113,5,2
3318,small,motorboat,7.36,2.36,0.82,0.0,106,108,109,1,2
3319,motor,motorboat,14.85,4.4,1.54,3.6,106,108,109,1,2
3330,motor,motorboat,11.82,3.44,1.12,6.8,106,108,112,4,2
3355,sail,sailboat,11.25,3.5,2.0,6.4,106,108,110,2,2
3381,motor,motorboat,16.58,4.94,1.56,13.9,106,109,123,14,3
3391,small,motorboat,7.84,2.59,0.83,2.3,106,109,111,2,3
3427,small,motorboat,8.93,2.98,0.9,3.0,106,109,111,2,3
3431,sail,sailboat,15.57,4.72,2.84,0.0,106,110,117,7,4
3493,sail,sailboat,12.96,3.95,2.2,0.0,106,111,113,2,5
3501,sail,sailboat,12.66,4.29,1.92,5.5,106,111,118,7,5
3586,sail,sailboat,12.29,3.91,2.26,5.1,106,113,124,11,7
3621,small,motorboat,6.26,2.13,0.59,2.5,106,114,117,3,8
3641,small,motorboat,7.99,2.6,0.81,0.0,106,114,118,4,8
3642,sail,sailboat,15.53,4.9,2.67,13.1,106,114,115,1,8
3656,small,motorboat,6.74,2.39,0.69,2.5,106,115,120,5,9
3659,small,motorboat,6.73,2.26,0.75,0.0,106,115,118,3,9
3669,small,motorboat,8.09,2.87,0.82,3.0,106,115,116,1,9
3714,motor,motorboat,17.46,4.91,1.51,11.2,106,115,118,3,9
3855,motor,motorboat,18.71,5.31,1.77,13.9,106,119,121,2,13
3871,motor,motorboat,16.01,4.82,1.48,6.7,106,119,120,1,13
3884,small,motorboat,7.45,2.55,0.75,2.4,106,119,137,18,13
3893,motor,motorboat,12.74,3.89,1.09,5.7,106,120,123,3,14
3905,motor,motorboat,10.0,2.96,0.91,4.8,106,120,125,5,14
4165,sail,sailboat,14.17,4.32,2.29,6.7,106,125,132,7,19
4249,super,yacht,21.79,5.96,2.45,17.8,106,127,132,5,21
4624,motor,motorboat,10.45,2.92,1.02,3.8,106,134,136,2,28
4827,sail,sailboat,13.05,4.08,2.25,3.2,106,138,148,10,32
4980,super,yacht,27.11,7.26,3.16,28.2,106,141,146,5,35
5064,motor,motorboat,19.02,5.47,1.71,7.3,106,143,150,7,37
5256,motor,motorboat,15.3,4.3,1.42,10.4,106,147,149,2,41
5391,small,motorboat,7.14,2.31,0.72,2.9,106,150,164,14,44
5392,sail,sailboat,14.98,4.69,2.72,3.7,106,150,151,1,44
5620,sail,sailboat,12.1,4.06,1.87,0.0,106,155,161,6,49
5654,super,yacht,20.1,5.62,2.34,37.4,106,156,157,1,50
5702,small,motorboat,9.42,3.29,0.94,0.0,106,157,159,2,51
5877,sail,sailboat,11.89,3.86,2.17,4.0,106,162,165,3,56
5994,small,motorboat,7.83,2.73,0.78,2.7,106,165,167,2,59
6547,super,yacht,26.12,7.15,3.18,26.1,106,181,184,3,75
3276,sail,sailboat,11.4,3.8,2.06,3.1,107,107,110,3,0
3281,sail,sailboat,10.42,3.16,1.73,3.1,107,107,108,1,0
3302,motor,motorboat,14.23,4.25,1.4,3.6,107,108,113,5,1
3305,sail,sailboat,11.25,3.42,2.01,3.9,107,108,111,3,1
3327,sail,sailboat,14.67,4.87,2.37,3.2,107,108,127,19,1
3352,sail,sailboat,9.99,3.1,1.55,3.2,107,108,110,2,1
3353,sail,sailboat,9.5,2.88,1.48,3.4,107,108,112,4,1
3361,motor,motorboat,13.79,4.2,1.18,0.0,107,108,109,1,1
3365,sail,sailboat,15.71,4.91,2.85,12.8,107,109,111,2,2
3386,sail,sailboat,11.9,3.92,1.84,3.6,107,109,112,3,2
3396,small,motorboat,9.1,3.1,0.9,2.4,107,109,111,2,2
3401,motor,motorboat,16.04,4.87,1.39,11.7,107,109,115,6,2
3402,sail,sailboat,12.82,4.26,2.07,4.7,107,109,112,3,2
3428,small,motorboat,8.92,3.07,0.87,0.0,107,109,114,5,2
3438,small,motorboat,6.41,2.28,0.6,2.1,107,110,113,3,3
3457,sail,sailboat,13.68,4.49,2.5,5.9,107,110,112,2,3
3492,sail,sailboat,13.0,4.39,2.04,3.1,107,111,114,3,4
3495,small,motorboat,6.74,2.34,0.69,0.0,107,111,122,11,4
3500,super,yacht,22.98,6.53,2.84,19.7,107,111,114,3,4
3503,motor,motorboat,14.53,4.24,1.26,5.0,107,111,112,1,4
3545,sail,sailboat,9.5,3.2,1.65,2.0,107,112,134,22,5
3620,sail,sailboat,14.95,4.61,2.57,0.0,107,114,126,12,7
3636,sail,sailboat,16.37,5.24,3.02,7.3,107,114,120,6,7
3645,super,yacht,26.82,7.09,3.39,20.1,107,114,120,6,7
3692,sail,sailboat,9.5,2.98,1.57,3.3,107,115,117,2,8
3704,sail,sailboat,12.36,3.8,2.17,0.0,107,115,117,2,8
3738,sail,sailboat,10.57,3.32,1.94,0.0,107,116,117,1,9
3773,sail,sailboat,10.29,3.24,1.85,0.0,107,116,119,3,9
3801,motor,motorboat,13.3,3.84,1.27,6.3,107,117,128,11,10
3802,motor,motorboat,13.17,3.69,1.3,6.2,107,117,119,2,10
3819,motor,motorboat,14.4,4.17,1.53,3.4,107,117,124,7,10
3827,sail,sailboat,12.0,3.63,2.0,5.2,107,118,119,1,11
3850,motor,motorboat,17.57,5.23,1.56,8.5,107,118,145,27,11
3854,motor,motorboat,14.18,4.28,1.35,4.0,107,119,124,5,12
3890,motor,motorboat,11.63,3.34,1.06,4.4,107,120,125,5,13
3924,super,yacht,26.49,7.24,3.2,0.0,107,120,123,3,13
3943,sail,sailboat,14.46,4.7,2.4,4.5,107,121,123,2,14
4000,sail,sailboat,11.73,3.58,1.93,5.8,107,122,127,5,15
4495,motor,motorboat,15.0,4.62,1.56,3.5,107,131,143,12,24
4625,sail,sailboat,11.09,3.66,1.76,0.0,107,134,136,2,27
4664,sail,sailboat,11.65,3.53,2.12,3.9,107,135,137,2,28
4876,small,motorboat,6.47,2.18,0.71,2.1,107,139,162,23,32
4975,sail,sailboat,13.8,4.51,2.14,4.7,107,141,145,4,34
4984,small,motorboat,6.47,2.32,0.59,2.5,107,142,143,1,35
5021,motor,motorboat,14.73,4.3,1.56,6.2,107,142,153,11,35
5247,motor,motorboat,10.0,2.99,0.87,0.0,107,147,152,5,40
5384,sail,sailboat,13.41,4.16,2.12,5.6,107,150,151,1,43
5602,motor,motorboat,10.0,2.93,0.95,6.7,107,155,159,4,48
5633,super,yacht,26.52,7.34,2.98,38.6,107,156,170,14,49
5754,super,yacht,25.64,6.57,3.43,19.9,107,159,172,13,52
5820,super,yacht,21.03,5.54,2.65,39.9,107,161,163,2,54
6017,motor,motorboat,11.62,3.58,1.19,5.4,107,166,167,1,59
3290,sail,sailboat,13.2,4.27,2.34,6.5,108,108,112,4,0
3296,small,motorboat,8.86,2.89,0.94,0.0,108,108,109,1,0
3299,sail,sailboat,13.37,4.38,2.07,6.6,108,108,114,6,0
3315,sail,sailboat,13.63,4.31,2.22,3.7,108,108,116,8,0
3317,motor,motorboat,13.34,3.96,1.23,4.9,108,108,113,5,0
3333,motor,motorboat,10.0,2.91,1.0,6.8,108,108,110,2,0
3339,small,motorboat,7.18,2.44,0.68,0.0,108,108,112,4,0
3344,motor,motorboat,14.0,4.04,1.46,5.3,108,108,109,1,0
3346,sail,sailboat,12.06,3.87,2.16,4.8,108,108,110,2,0
3349,motor,motorboat,15.22,4.48,1.6,6.6,108,108,114,6,0
3393,motor,motorboat,16.6,5.03,1.65,12.5,108,109,119,10,1
3426,small,motorboat,6.76,2.4,0.66,0.0,108,109,116,7,1
3446,motor,motorboat,12.62,3.78,1.1,3.6,108,110,112,2,2
3459,sail,sailboat,11.81,3.91,1.96,0.0,108,110,116,6,2
3464,sail,sailboat,13.81,4.59,2.27,6.5,108,111,141,30,3
3470,sail,sailboat,10.81,3.52,1.95,3.6,108,111,115,4,3
3476,sail,sailboat,11.81,3.72,1.88,3.8,108,111,116,5,3
3539,motor,motorboat,15.83,4.68,1.64,9.0,108,112,115,3,4
3594,motor,motorboat,20.49,6.16,1.86,28.9,108,113,115,2,5
3623,motor,motorboat,10.0,3.08,1.04,6.1,108,114,123,9,6
3707,motor,motorboat,12.36,3.82,1.08,4.6,108,115,117,2,7
3721,sail,sailboat,16.83,5.38,3.1,7.6,108,115,117,2,7
3726,sail,sailboat,16.51,5.29,2.59,8.1,108,115,120,5,7
3746,sail,sailboat,11.24,3.5,2.06,3.3,108,116,119,3,8
3786,small,motorboat,6.21,2.01,0.6,0.0,108,116,122,6,8
3842,sail,sailboat,14.62,4.46,2.27,5.4,108,118,131,13,10
3894,sail,sailboat,11.64,3.78,1.79,5.6,108,120,123,3,12
3939,motor,motorboat,18.94,5.6,1.91,0.0,108,121,123,2,13
3951,sail,sailboat,12.5,3.94,2.05,0.0,108,121,122,1,13
3957,small,motorboat,7.53,2.61,0.8,0.0,108,121,123,2,13
3968,motor,motorboat,15.12,4.58,1.45,10.7,108,122,129,7,14
3975,sail,sailboat,15.93,5.24,2.66,8.3,108,122,123,1,14
3980,sail,sailboat,10.42,3.36,1.82,6.7,108,122,124,2,14
3984,motor,motorboat,11.26,3.27,1.06,4.3,108,122,129,7,14
4006,small,motorboat,7.07,2.47,0.69,2.1,108,122,125,3,14
4139,sail,sailboat,13.87,4.19,2.1,6.1,108,125,126,1,17
4209,motor,motorboat,10.0,2.88,0.94,4.4,108,126,128,2,18
4245,sail,sailboat,13.23,4.23,2.07,0.0,108,127,129,2,19
4724,motor,motorboat,16.56,4.89,1.63,0.0,108,136,138,2,28
4734,sail,sailboat,9.64,3.15,1.43,3.4,108,136,137,1,28
5047,super,yacht,24.17,6.4,2.97,35.9,108,143,147,4,35
5238,super,yacht,23.18,6.55,2.88,33.3,108,146,151,5,38
5425,motor,motorboat,20.24,5.92,1.84,21.6,108,150,151,1,42
5623,motor,motorboat,13.78,4.11,1.28,5.9,108,155,157,2,47
6821,super,yacht,23.81,6.07,2.84,23.3,108,196,198,2,88
3370,sail,sailboat,16.44,5.01,2.84,0.0,109,109,116,7,0
3372,motor,motorboat,13.67,3.8,1.45,0.0,109,109,111,2,0
3385,sail,sailboat,14.43,4.41,2.54,4.9,109,109,115,6,0
3398,small,motorboat,8.52,2.96,0.84,3.0,109,109,139,30,0
3406,motor,motorboat,18.43,5.37,1.61,9.9,109,109,111,2,0
3408,sail,sailboat,11.04,3.73,1.9,3.9,109,109,118,9,0
3430,motor,motorboat,14.46,4.21,1.36,0.0,109,109,112,3,0
3441,sail,sailboat,14.95,4.55,2.53,6.1,109,110,113,3,1
3445,sail,sailboat,15.28,5.07,2.48,10.4,109,110,111,1,1
3481,motor,motorboat,10.0,3.12,1.03,6.8,109,111,118,7,2
3486,sail,sailboat,14.92,4.66,2.4,3.6,109,111,137,26,2
3498,sail,sailboat,11.12,3.56,1.72,3.1,109,111,113,2,2
3514,sail,sailboat,12.02,3.83,2.05,4.3,109,112,115,3,3
3532,motor,motorboat,19.21,5.9,1.74,11.5,109,112,137,25,3
3535,sail,sailboat,9.5,3.19,1.71,2.2,109,112,114,2,3
3543,motor,motorboat,16.36,5.08,1.56,10.9,109,112,114,2,3
3572,small,motorboat,6.8,2.43,0.71,0.0,109,113,135,22,4
3679,sail,sailboat,13.26,4.43,2.35,6.1,109,115,129,14,6
3687,small,motorboat,8.3,2.95,0.77,0.0,109,115,122,7,6
3708,small,motorboat,7.4,2.51,0.78,3.3,109,115,123,8,6
3716,sail,sailboat,11.65,3.9,2.11,3.9,109,115,119,4,6
3751,sail,sailboat,11.96,3.91,2.11,3.1,109,116,120,4,7
3821,small,motorboat,6.01,2.01,0.65,0.0,109,118,128,10,9
3844,small,motorboat,8.47,2.9,0.79,2.4,109,118,121,3,9
3845,sail,sailboat,17.0,5.63,3.05,11.1,109,118,125,7,9
3867,sail,sailboat,9.5,3.13,1.74,2.1,109,119,130,11,10
3873,motor,motorboat,11.85,3.47,1.03,3.8,109,119,125,6,10
3881,motor,motorboat,13.46,4.11,1.31,3.7,109,119,126,7,10
3912,motor,motorboat,18.99,5.49,1.92,12.3,109,120,121,1,11
3966,motor,motorboat,12.74,3.81,1.2,5.3,109,121,126,5,12
3985,motor,motorboat,11.86,3.67,1.12,4.6,109,122,123,1,13
4023,motor,motorboat,20.02,6.16,2.05,27.7,109,122,123,1,13
4031,sail,sailboat,12.15,3.74,1.93,3.9,109,123,125,2,14
4053,motor,motorboat,14.43,4.41,1.24,5.0,109,123,132,9,14
4659,motor,motorboat,15.52,4.38,1.45,12.9,109,135,148,13,26
5080,sail,sailboat,9.5,3.17,1.74,3.0,109,143,154,11,34
5500,motor,motorboat,10.0,3.09,0.91,3.0,109,152,155,3,43
6423,super,yacht,21.64,5.92,2.37,19.4,109,178,179,1,69
6560,sail,sailboat,13.25,4.4,2.26,3.4,109,181,182,1,72
7044,super,yacht,26.03,6.76,2.89,28.5,109,210,212,2,101
3434,motor,motorboat,17.0,5.17,1.63,9.1,110,110,112,2,0
3436,motor,motorboat,13.23,4.02,1.21,4.8,110,110,114,4,0
3443,sail,sailboat,11.41,3.61,2.05,3.8,110,110,111,1,0
3449,motor,motorboat,17.18,5.21,1.68,9.7,110,110,112,2,0
3454,motor,motorboat,12.01,3.52,1.21,0.0,110,110,112,2,0
3474,motor,motorboat,14.2,4.32,1.44,3.1,110,111,114,3,1
3475,sail,sailboat,13.53,4.4,2.16,3.4,110,111,115,4,1
3483,small,motorboat,6.46,2.26,0.69,0.0,110,111,114,3,1
3489,sail,sailboat,12.35,3.79,2.04,5.4,110,111,120,9,1
3494,small,motorboat,6.22,2.22,0.59,0.0,110,111,112,1,1
3496,sail,sailboat,11.9,3.97,2.19,0.0,110,111,117,6,1
3499,motor,motorboat,19.06,5.83,1.94,13.4,110,111,117,6,1
3522,sail,sailboat,9.5,3.15,1.53,0.0,110,112,122,10,2
3540,sail,sailboat,9.5,2.99,1.47,3.5,110,112,113,1,2
3554,motor,motorboat,13.65,4.17,1.42,5.5,110,112,115,3,2
3653,sail,sailboat,9.5,3.01,1.46,2.2,110,114,128,14,4
3710,sail,sailboat,11.86,3.86,1.83,3.3,110,115,121,6,5
3717,motor,motorboat,10.0,2.9,0.97,6.6,110,115,119,4,5
3723,sail,sailboat,16.59,5.02,2.58,6.3,110,115,117,2,5
3753,motor,motorboat,17.64,5.08,1.6,0.0,110,116,119,3,6
3759,motor,motorboat,11.52,3.39,1.2,4.6,110,116,123,7,6
3767,motor,motorboat,14.53,4.24,1.39,6.8,110,116,119,3,6
3793,sail,sailboat,14.12,4.26,2.14,4.6,110,117,120,3,7
3806,sail,sailboat,10.96,3.63,1.92,6.6,110,117,120,3,7
3816,sail,sailboat,12.88,4.08,2.28,6.1,110,117,122,5,7
3861,sail,sailboat,15.7,4.89,2.51,11.0,110,119,122,3,9
3899,motor,motorboat,10.0,2.81,0.93,3.1,110,120,125,5,10
3928,motor,motorboat,15.78,4.57,1.56,0.0,110,121,123,2,11
3941,sail,sailboat,11.6,3.91,1.78,0.0,110,121,125,4,11
3994,sail,sailboat,12.43,3.94,1.93,5.9,110,122,125,3,12
4016,motor,motorboat,16.47,5.1,1.44,10.9,110,122,123,1,12
4039,small,motorboat,6.19,2.03,0.6,2.2,110,123,126,3,13
4087,motor,motorboat,12.0,3.75,1.2,4.8,110,123,127,4,13
4468,small,motorboat,8.37,3.01,0.85,0.0,110,131,137,6,21
4525,super,yacht,27.38,7.26,3.38,32.4,110,132,142,10,22
4564,motor,motorboat,17.31,5.38,1.53,11.1,110,133,134,1,23
4686,sail,sailboat,12.98,3.91,2.07,5.7,110,135,138,3,25
4896,motor,motorboat,15.01,4.45,1.58,9.7,110,139,141,2,29
5312,super,yacht,22.32,6.05,2.88,15.1,110,148,151,3,38
5344,sail,sailboat,12.06,3.64,1.89,4.0,110,149,155,6,39
5379,super,yacht,27.09,7.7,3.21,30.3,110,150,154,4,40
5445,sail,sailboat,9.58,3.04,1.53,2.1,110,151,153,2,41
5676,small,motorboat,7.28,2.44,0.71,0.0,110,157,158,1,47
5753,motor,motorboat,17.6,4.89,1.83,9.9,110,159,160,1,49
6100,sail,sailboat,9.5,2.92,1.64,0.0,110,169,171,2,59
3463,sail,sailboat,13.86,4.62,2.19,0.0,111,111,113,2,0
3465,sail,sailboat,12.66,4.29,1.95,3.1,111,111,113,2,0
3505,sail,sailboat,13.05,4.3,2.24,0.0,111,111,120,9,0
3509,motor,motorboat,17.86,5.49,1.74,0.0,111,112,119,7,1
3511,motor,motorboat,14.05,4.26,1.28,5.4,111,112,122,10,1
3515,motor,motorboat,19.36,5.76,1.7,0.0,111,112,114,2,1
3527,motor,motorboat,15.59,4.62,1.34,6.2,111,112,114,2,1
3530,sail,sailboat,9.5,2.96,1.59,2.1,111,112,118,6,1
3577,motor,motorboat,17.35,5.18,1.73,11.4,111,113,116,3,2
3579,small,motorboat,9.11,3.25,0.9,3.5,111,113,119,6,2
3595,sail,sailboat,16.12,5.38,2.86,11.7,111,113,114,1,2
3625,motor,motorboat,18.76,5.83,1.62,12.5,111,114,122,8,3
3647,motor,motorboat,12.17,3.6,1.26,6.9,111,114,116,2,3
3655,sail,sailboat,12.47,4.07,2.08,5.5,111,114,118,4,3
3662,sail,sailboat,11.35,3.55,1.77,0.0,111,115,122,7,4
3675,small,motorboat,8.26,2.87,0.78,0.0,111,115,131,16,4
3695,sail,sailboat,12.57,4.0,1.9,0.0,111,115,131,16,4
3800,super,yacht,27.95,7.54,3.52,0.0,111,117,142,25,6
3812,super,yacht,24.85,6.4,3.21,30.0,111,117,124,7,6
3886,sail,sailboat,13.03,3.99,2.4,6.6,111,119,121,2,8
3914,sail,sailboat,16.93,5.38,2.61,7.1,111,120,127,7,9
3945,sail,sailboat,13.5,4.23,2.49,0.0,111,121,128,7,10
3950,motor,motorboat,11.45,3.58,1.19,0.0,111,121,126,5,10
3963,sail,sailboat,12.41,3.87,2.1,3.4,111,121,123,2,10
3976,motor,motorboat,14.86,4.41,1.41,5.7,111,122,133,11,11
4068,super,yacht,24.01,6.71,3.09,17.9,111,123,126,3,12
4085,super,yacht,27.38,7.82,3.27,15.3,111,123,126,3,12
4102,motor,motorboat,10.67,2.99,1.0,3.7,111,124,128,4,13
4111,sail,sailboat,9.97,3.2,1.49,0.0,111,124,140,16,13
4116,motor,motorboat,14.11,4.0,1.33,5.4,111,124,126,2,13
4145,super,yacht,23.0,6.23,2.88,31.0,111,125,131,6,14
4336,super,yacht,22.53,5.95,2.67,34.7,111,129,132,3,18
4784,motor,motorboat,13.58,3.81,1.32,0.0,111,137,138,1,26
4881,sail,sailboat,9.71,2.95,1.62,3.1,111,139,146,7,28
5266,motor,motorboat,19.2,5.51,1.81,12.7,111,147,148,1,36
5637,sail,sailboat,12.5,4.07,2.11,4.6,111,156,158,2,45
5873,super,yacht,26.8,7.22,3.47,34.8,111,162,163,1,51
5987,super,yacht,24.53,7.02,3.05,32.5,111,165,173,8,54
6158,sail,sailboat,15.9,5.31,2.88,13.6,111,171,172,1,60
6382,sail,sailboat,9.5,3.03,1.57,3.1,111,177,183,6,66
3512,motor,motorboat,10.0,2.95,1.01,3.8,112,112,126,14,0
3516,motor,motorboat,17.69,5.45,1.59,12.9,112,112,116,4,0
3536,motor,motorboat,11.3,3.17,1.15,4.1,112,112,114,2,0
3549,motor,motorboat,10.0,2.93,0.94,0.0,112,112,115,3,0
3556,sail,sailboat,9.75,2.97,1.78,3.1,112,112,116,4,0
3575,small,motorboat,7.44,2.67,0.78,2.4,112,113,114,1,1
3584,motor,motorboat,18.55,5.61,1.67,8.7,112,113,114,1,1
3587,sail,sailboat,12.94,4.05,1.96,5.4,112,113,124,11,1
3592,sail,sailboat,13.63,4.13,2.36,4.5,112,113,115,2,1
3603,small,motorboat,6.44,2.3,0.67,0.0,112,113,119,6,1
3624,sail,sailboat,11.46,3.66,2.01,5.0,112,114,120,6,2
3631,super,yacht,22.95,6.37,2.88,28.8,112,114,115,1,2
3634,sail,sailboat,11.99,3.8,1.97,0.0,112,114,122,8,2
3640,small,motorboat,7.45,2.57,0.7,0.0,112,114,118,4,2
3646,super,yacht,26.2,6.83,2.98,28.1,112,114,117,3,2
3649,motor,motorboat,16.2,4.82,1.67,6.3,112,114,116,2,2
3654,sail,sailboat,12.01,3.84,1.81,6.6,112,114,117,3,2
3689,sail,sailboat,17.0,5.27,2.95,12.1,112,115,124,9,3
3772,super,yacht,24.0,6.37,2.87,18.6,112,116,131,15,4
3840,sail,sailboat,9.5,3.1,1.72,0.0,112,118,126,8,6
3879,motor,motorboat,16.5,5.02,1.48,11.5,112,119,125,6,7
3882,sail,sailboat,13.61,4.58,2.44,5.3,112,119,123,4,7
3888,small,motorboat,9.33,3.29,0.98,0.0,112,120,123,3,8
3906,motor,motorboat,11.3,3.5,1.0,5.0,112,120,122,2,8
3983,motor,motorboat,18.42,5.49,1.83,6.9,112,122,127,5,10
3997,motor,motorboat,10.5,3.25,1.09,0.0,112,122,123,1,10
4011,sail,sailboat,9.5,3.13,1.71,0.0,112,122,125,3,10
4070,sail,sailboat,13.43,4.53,2.08,3.6,112,123,126,3,11
4094,super,yacht,26.66,6.92,3.11,27.9,112,124,125,1,12
4097,small,motorboat,6.86,2.44,0.64,0.0,112,124,127,3,12
4128,sail,sailboat,15.68,4.89,2.38,6.2,112,124,127,3,12
4129,sail,sailboat,11.95,3.64,1.96,0.0,112,125,132,7,13
4186,motor,motorboat,10.0,2.82,0.9,6.4,112,126,132,6,14
4206,small,motorboat,6.84,2.45,0.65,0.0,112,126,131,5,14
4220,small,motorboat,7.73,2.6,0.72,0.0,112,126,129,3,14
4240,motor,motorboat,14.64,4.15,1.52,4.8,112,127,130,3,15
4306,motor,motorboat,17.01,5.19,1.72,13.7,112,128,130,2,16
4397,sail,sailboat,14.86,4.54,2.65,6.1,112,130,133,3,18
4764,motor,motorboat,19.83,6.13,2.01,10.8,112,137,146,9,25
4949,motor,motorboat,16.42,4.66,1.69,9.6,112,141,153,12,29
6144,sail,sailboat,11.37,3.85,1.72,6.0,112,171,183,12,59
3566,sail,sailboat,14.29,4.64,2.5,0.0,113,113,114,1,0
3567,motor,motorboat,15.39,4.63,1.33,0.0,113,113,118,5,0
3571,motor,motorboat,12.77,3.89,1.12,5.3,113,113,115,2,0
3590,small,motorboat,6.06,1.99,0.57,2.3,113,113,116,3,0
3596,small,motorboat,7.28,2.53,0.67,2.6,113,113,114,1,0
3597,motor,motorboat,12.98,3.9,1.21,6.5,113,113,142,29,0
3605,motor,motorboat,16.25,4.77,1.48,12.1,113,114,118,4,1
3606,small,motorboat,9.0,3.08,0.96,0.0,113,114,119,5,1
3609,small,motorboat,6.26,2.12,0.66,2.1,113,114,120,6,1
3628,motor,motorboat,17.94,5.08,1.77,13.4,113,114,117,3,1
3632,sail,sailboat,12.0,3.98,1.79,3.5,113,114,118,4,1
3638,small,motorboat,9.14,2.99,0.84,0.0,113,114,117,3,1
3643,motor,motorboat,13.05,3.84,1.28,6.4,113,114,116,2,1
3644,motor,motorboat,14.82,4.26,1.47,5.9,113,114,118,4,1
3664,sail,sailboat,13.22,4.24,2.2,5.0,113,115,141,26,2
3668,sail,sailboat,12.88,4.03,2.04,5.2,113,115,117,2,2
3677,super,yacht,27.71,7.67,3.1,28.6,113,115,122,7,2
3680,sail,sailboat,14.58,4.58,2.35,5.8,113,115,116,1,2
3691,sail,sailboat,12.96,3.91,2.38,4.5,113,115,118,3,2
3697,sail,sailboat,14.36,4.87,2.53,5.3,113,115,125,10,2
3698,motor,motorboat,13.51,3.92,1.41,6.3,113,115,116,1,2
3709,sail,sailboat,11.96,3.71,1.93,6.9,113,115,116,1,2
3730,sail,sailboat,13.84,4.47,2.31,4.9,113,115,116,1,2
3758,sail,sailboat,13.74,4.17,2.39,5.8,113,116,119,3,3
3834,motor,motorboat,17.15,5.26,1.59,0.0,113,118,120,2,5
3859,sail,sailboat,15.79,4.82,2.76,10.2,113,119,121,2,6
3870,super,yacht,27.03,7.01,3.27,26.1,113,119,121,2,6
3895,sail,sailboat,12.44,4.01,1.97,6.0,113,120,121,1,7
3911,super,yacht,28.68,8.06,3.21,32.2,113,120,122,2,7
3923,sail,sailboat,9.82,3.33,1.64,0.0,113,120,123,3,7
3933,motor,motorboat,16.65,4.82,1.62,13.8,113,121,122,1,8
3949,motor,motorboat,15.02,4.46,1.58,10.1,113,121,137,16,8
4004,sail,sailboat,11.7,3.8,2.09,4.0,113,122,129,7,9
4008,sail,sailboat,11.2,3.53,1.85,0.0,113,122,125,3,9
4020,small,motorboat,8.58,2.98,0.9,0.0,113,122,123,1,9
4035,super,yacht,21.04,5.67,2.47,24.6,113,123,127,4,10
4065,sail,sailboat,12.57,3.89,2.21,3.8,113,123,124,1,10
4080,sail,sailboat,12.86,4.2,2.18,5.5,113,123,126,3,10
4101,sail,sailboat,9.5,2.97,1.43,2.2,113,124,127,3,11
4135,sail,sailboat,15.42,4.81,2.69,10.8,113,125,130,5,12
4136,sail,sailboat,15.56,5.13,2.48,0.0,113,125,151,26,12
4140,small,motorboat,7.14,2.32,0.67,3.0,113,125,129,4,12
4170,sail,sailboat,12.16,4.09,1.83,4.3,113,125,128,3,12
4174,motor,motorboat,10.0,2.89,1.05,3.3,113,125,155,30,12
4188,motor,motorboat,16.97,5.1,1.51,7.5,113,126,128,2,13
4200,motor,motorboat,15.27,4.47,1.39,13.7,113,126,132,6,13
4237,sail,sailboat,13.88,4.29,2.49,6.1,113,127,130,3,14
4280,small,motorboat,8.49,2.88,0.94,2.4,113,128,130,2,15
4342,super,yacht,25.05,7.08,3.12,16.6,113,129,136,7,16
4676,motor,motorboat,14.68,4.49,1.37,3.2,113,135,149,14,22
4805,super,yacht,25.06,6.55,3.17,16.5,113,137,148,11,24
4857,super,yacht,22.0,5.65,2.8,34.4,113,138,139,1,25
4942,super,yacht,22.75,6.27,2.47,37.3,113,140,143,3,27
5055,sail,sailboat,12.5,4.01,2.02,3.2,113,143,145,2,30
5084,sail,sailboat,16.6,5.03,2.95,0.0,113,143,146,3,30
5147,super,yacht,26.05,6.81,3.28,29.2,113,144,150,6,31
5394,super,yacht,26.68,7.17,2.91,26.6,113,150,153,3,37
5747,motor,motorboat,12.09,3.43,1.05,6.7,113,158,165,7,45
5748,motor,motorboat,11.16,3.21,1.02,0.0,113,158,164,6,45
5839,motor,motorboat,12.2,3.72,1.06,4.8,113,161,162,1,48
6193,small,motorboat,9.28,3.07,0.84,0.0,113,171,172,1,58
6205,super,yacht,24.59,7.03,3.04,14.0,113,172,174,2,59
6465,motor,motorboat,13.47,3.98,1.18,5.7,113,179,181,2,66
3613,sail,sailboat,15.15,4.58,2.34,6.9,114,114,116,2,0
3615,motor,motorboat,22.0,6.32,2.22,32.3,114,114,115,1,0
3627,sail,sailboat,10.94,3.51,1.99,4.5,114,114,117,3,0
3665,small,motorboat,8.63,3.07,0.85,3.5,114,115,118,3,1
3670,sail,sailboat,14.13,4.42,2.48,4.2,114,115,118,3,1
3685,small,motorboat,7.3,2.54,0.73,2.3,114,115,117,2,1
3688,motor,motorboat,12.69,3.52,1.24,6.2,114,115,116,1,1
3696,sail,sailboat,12.09,4.07,1.93,0.0,114,115,118,3,1
3715,sail,sailboat,13.43,4.15,2.0,4.1,114,115,120,5,1
3754,small,motorboat,6.82,2.18,0.68,0.0,114,116,119,3,2
3777,motor,motorboat,15.39,4.75,1.4,12.8,114,116,123,7,2
3782,sail,sailboat,14.97,4.51,2.3,7.0,114,116,122,6,2
3805,motor,motorboat,13.72,4.23,1.17,5.6,114,117,118,1,3
3826,motor,motorboat,18.66,5.81,1.75,10.8,114,118,124,6,4
3849,motor,motorboat,14.65,4.25,1.53,5.0,114,118,125,7,4
3851,super,yacht,28.35,8.05,3.66,33.6,114,118,123,5,4
3919,sail,sailboat,11.98,3.86,1.82,0.0,114,120,123,3,6
3956,sail,sailboat,13.76,4.66,2.31,0.0,114,121,132,11,7
4021,sail,sailboat,10.96,3.64,1.66,4.0,114,122,129,7,8
4043,sail,sailboat,10.66,3.56,1.88,3.6,114,123,125,2,9
4134,motor,motorboat,15.35,4.69,1.34,10.4,114,125,126,1,11
4137,motor,motorboat,12.53,3.5,1.18,6.8,114,125,128,3,11
4143,sail,sailboat,13.8,4.48,2.13,0.0,114,125,131,6,11
4195,sail,sailboat,13.63,4.61,2.36,4.1,114,126,133,7,12
4227,motor,motorboat,15.09,4.69,1.49,7.8,114,126,127,1,12
4276,sail,sailboat,12.69,3.99,2.06,4.3,114,128,132,4,14
4461,motor,motorboat,14.01,4.06,1.25,3.7,114,131,136,5,17
4726,small,motorboat,7.9,2.56,0.81,0.0,114,136,140,4,22
4884,super,yacht,28.4,7.23,3.47,20.7,114,139,142,3,25
4983,sail,sailboat,17.0,5.37,3.01,11.4,114,142,145,3,28
4989,sail,sailboat,11.0,3.45,1.72,3.5,114,142,147,5,28
5143,sail,sailboat,10.84,3.43,1.84,6.2,114,144,148,4,30
5589,super,yacht,26.56,7.56,3.4,13.5,114,154,158,4,40
6010,small,motorboat,8.77,3.07,0.93,3.4,114,166,168,2,52
3660,sail,sailboat,10.52,3.4,1.8,6.0,115,115,118,3,0
3666,motor,motorboat,18.29,5.57,1.65,13.0,115,115,121,6,0
3683,motor,motorboat,10.8,3.35,1.08,4.6,115,115,117,2,0
3693,sail,sailboat,12.17,4.0,2.19,0.0,115,115,119,4,0
3699,motor,motorboat,19.72,5.52,2.08,7.2,115,115,117,2,0
3729,sail,sailboat,10.87,3.53,1.65,4.2,115,115,117,2,0
3732,sail,sailboat,9.5,2.95,1.54,3.4,115,115,119,4,0
3745,sail,sailboat,15.27,4.87,2.58,9.3,115,116,122,6,1
3747,sail,sailboat,14.21,4.28,2.47,6.4,115,116,119,3,1
3752,sail,sailboat,15.78,5.34,2.68,10.6,115,116,117,1,1
3791,motor,motorboat,16.31,4.62,1.46,0.0,115,117,120,3,2
3792,sail,sailboat,12.74,4.06,2.05,4.5,115,117,124,7,2
3797,sail,sailboat,12.6,3.89,2.18,4.1,115,117,147,30,2
3811,sail,sailboat,13.62,4.56,2.07,6.7,115,117,120,3,2
3813,sail,sailboat,11.67,3.85,1.74,5.2,115,117,122,5,2
3818,motor,motorboat,14.17,4.18,1.25,6.8,115,117,126,9,2
3885,sail,sailboat,13.63,4.22,2.47,5.6,115,119,124,5,4
3896,sail,sailboat,12.46,4.08,1.89,4.4,115,120,122,2,5
3902,motor,motorboat,13.87,3.99,1.37,3.7,115,120,121,1,5
3913,super,yacht,21.41,5.88,2.85,30.9,115,120,128,8,5
3938,sail,sailboat,12.11,4.02,2.07,0.0,115,121,124,3,6
3972,sail,sailboat,9.5,3.12,1.67,2.5,115,122,124,2,7
4044,sail,sailboat,12.62,4.22,2.07,6.2,115,123,127,4,8
4107,motor,motorboat,16.42,4.6,1.74,0.0,115,124,126,2,9
4113,motor,motorboat,12.85,3.58,1.28,0.0,115,124,138,14,9
4146,sail,sailboat,13.92,4.48,2.4,0.0,115,125,129,4,10
4153,sail,sailboat,15.6,5.21,2.64,12.3,115,125,127,2,10
4177,motor,motorboat,13.07,3.84,1.32,5.4,115,125,127,2,10
4266,small,motorboat,8.1,2.8,0.81,2.1,115,127,130,3,12
4277,motor,motorboat,10.0,3.0,1.03,3.6,115,128,130,2,13
4302,motor,motorboat,10.23,3.15,0.88,0.0,115,128,130,2,13
4329,sail,sailboat,14.25,4.79,2.47,0.0,115,129,131,2,14
4333,motor,motorboat,19.2,5.77,1.65,7.1,115,129,134,5,14
4357,sail,sailboat,15.16,4.7,2.35,10.7,115,129,131,2,14
4475,super,yacht,26.96,7.15,2.91,22.2,115,131,132,1,16
4496,sail,sailboat,12.35,3.93,2.05,4.8,115,131,134,3,16
4643,sail,sailboat,13.22,4.22,2.44,0.0,115,135,136,1,20
4938,sail,sailboat,15.15,4.95,2.67,0.0,115,140,146,6,25
5227,super,yacht,26.35,7.19,2.86,25.9,115,146,149,3,31
5587,super,yacht,21.21,5.49,2.38,39.8,115,154,159,5,39
5670,sail,sailboat,14.95,4.57,2.62,5.7,115,157,158,1,42
5935,super,yacht,23.3,6.12,3.13,19.4,115,164,170,6,49
3763,motor,motorboat,17.6,5.11,1.63,8.6,116,116,117,1,0
3766,motor,motorboat,13.85,4.2,1.24,6.1,116,116,117,1,0
3774,sail,sailboat,15.77,5.3,2.35,0.0,116,116,122,6,0
3784,small,motorboat,7.27,2.51,0.81,2.9,116,116,122,6,0
3807,sail,sailboat,15.06,5.08,2.66,6.1,116,117,123,6,1
3809,sail,sailboat,15.86,5.35,2.74,9.4,116,117,120,3,1
3822,motor,motorboat,16.42,4.73,1.68,14.0,116,118,119,1,2
3825,sail,sailboat,12.39,3.9,1.85,4.7,116,118,120,2,2
3838,sail,sailboat,10.44,3.22,1.9,3.7,116,118,122,4,2
3839,small,motorboat,7.67,2.47,0.69,0.0,116,118,120,2,2
3846,motor,motorboat,16.74,5.13,1.54,8.2,116,118,119,1,2
3847,small,motorboat,9.44,3.28,0.9,3.0,116,118,120,2,2
3900,motor,motorboat,15.68,4.53,1.44,11.6,116,120,127,7,4
3907,sail,sailboat,11.89,3.93,2.04,3.2,116,120,126,6,4
3990,small,motorboat,6.31,2.13,0.65,0.0,116,122,123,1,6
4002,sail,sailboat,12.36,4.15,2.08,5.8,116,122,125,3,6
4018,sail,sailboat,10.36,3.24,1.61,5.9,116,122,151,29,6
4051,sail,sailboat,14.01,4.27,2.15,4.9,116,123,141,18,7
4141,sail,sailboat,9.5,3.2,1.68,2.5,116,125,130,5,9
4168,sail,sailboat,12.66,4.09,2.01,3.6,116,125,128,3,9
4198,sail,sailboat,11.09,3.38,1.94,0.0,116,126,139,13,10
4279,motor,motorboat,12.27,3.62,1.14,3.7,116,128,132,4,12
4334,motor,motorboat,13.61,4.04,1.4,4.3,116,129,130,1,13
4356,small,motorboat,6.36,2.06,0.68,2.7,116,129,136,7,13
4377,sail,sailboat,12.78,4.13,2.19,5.9,116,129,131,2,13
4435,motor,motorboat,21.42,6.66,2.14,14.8,116,130,143,13,14
4494,small,motorboat,6.21,2.24,0.69,2.8,116,131,138,7,15
4749,sail,sailboat,12.08,3.96,1.84,6.6,116,137,144,7,21
4995,super,yacht,23.15,6.62,2.59,38.5,116,142,149,7,26
5137,motor,motorboat,10.0,3.13,0.97,6.8,116,144,158,14,28
5142,motor,motorboat,17.05,4.96,1.5,6.3,116,144,146,2,28
5202,super,yacht,28.11,7.73,3.59,35.5,116,146,152,6,30
5285,small,motorboat,7.4,2.38,0.67,2.5,116,148,151,3,32
5340,motor,motorboat,18.14,5.19,1.78,10.6,116,149,152,3,33
5376,motor,motorboat,20.74,6.0,2.15,33.8,116,150,157,7,34
5402,small,motorboat,7.12,2.51,0.73,0.0,116,150,152,2,34
5417,sail,sailboat,12.06,3.71,1.81,4.1,116,150,152,2,34
5469,sail,sailboat,15.06,4.88,2.44,11.2,116,151,158,7,35
5666,motor,motorboat,18.56,5.6,1.91,8.1,116,157,158,1,41
5885,super,yacht,26.16,6.9,3.11,30.9,116,162,163,1,46
6027,sail,sailboat,12.78,4.1,1.93,3.2,116,167,168,1,51
6064,sail,sailboat,13.33,4.05,2.04,4.5,116,168,170,2,52
6648,motor,motorboat,16.4,5.0,1.44,12.9,116,186,191,5,70
3828,motor,motorboat,14.61,4.21,1.51,5.0,117,118,120,2,1
3843,motor,motorboat,11.07,3.31,0.98,5.8,117,118,120,2,1
3864,motor,motorboat,10.0,3.03,0.95,5.0,117,119,120,1,2
3880,small,motorboat,8.44,2.91,0.77,0.0,117,119,120,1,2
3930,sail,sailboat,11.84,3.71,1.89,3.1,117,121,126,5,4
3955,sail,sailboat,9.5,3.03,1.56,3.5,117,121,126,5,4
3971,sail,sailboat,17.0,5.13,2.89,0.0,117,122,125,3,5
3996,sail,sailboat,10.64,3.23,1.81,3.8,117,122,128,6,5
4058,sail,sailboat,11.55,3.64,2.13,6.5,117,123,127,4,6
4078,sail,sailboat,11.52,3.86,1.76,3.9,117,123,124,1,6
4086,sail,sailboat,16.19,5.3,2.56,9.9,117,123,124,1,6
4126,super,yacht,21.43,5.61,2.43,33.4,117,124,131,7,7
4147,sail,sailboat,11.74,3.97,2.08,6.4,117,125,128,3,8
4164,motor,motorboat,15.37,4.52,1.6,10.3,117,125,131,6,8
4182,sail,sailboat,11.58,3.85,1.92,3.5,117,126,140,14,9
4260,sail,sailboat,16.53,5.24,2.59,10.8,117,127,133,6,10
4340,motor,motorboat,12.03,3.72,1.15,4.7,117,129,132,3,12
4369,sail,sailboat,14.22,4.64,2.45,6.6,117,129,130,1,12
4381,motor,motorboat,15.85,4.65,1.45,9.4,117,129,132,3,12
4436,motor,motorboat,13.43,4.02,1.43,6.1,117,130,133,3,13
4447,motor,motorboat,14.82,4.43,1.31,6.2,117,130,131,1,13
4465,sail,sailboat,13.95,4.28,2.14,5.9,117,131,132,1,14
4499,sail,sailboat,9.5,2.95,1.64,2.5,117,131,132,1,14
4576,super,yacht,26.26,7.28,3.47,33.1,117,133,135,2,16
4798,sail,sailboat,14.91,4.75,2.51,5.0,117,137,138,1,20
5295,small,motorboat,9.5,3.3,0.86,0.0,117,148,162,14,31
5632,small,motorboat,9.43,3.35,0.97,2.1,117,156,159,3,39
5776,motor,motorboat,10.0,2.94,0.9,6.5,117,159,186,27,42
5884,sail,sailboat,15.16,4.75,2.31,13.6,117,162,163,1,45
5997,motor,motorboat,15.55,4.36,1.56,9.8,117,165,171,6,48
6007,motor,motorboat,15.77,4.48,1.67,8.1,117,166,177,11,49
6078,super,yacht,28.91,7.79,3.36,16.0,117,168,173,5,51
6217,sail,sailboat,11.29,3.61,2.01,3.0,117,172,184,12,55
6275,motor,motorboat,11.83,3.31,1.06,0.0,117,174,178,4,57
6317,small,motorboat,6.4,2.11,0.67,2.3,117,175,185,10,58
6877,small,motorboat,8.06,2.87,0.88,2.4,117,199,200,1,82
3820,sail,sailboat,10.01,3.14,1.6,3.2,118,118,132,14,0
3832,sail,sailboat,15.89,5.21,2.53,8.8,118,118,121,3,0
3841,motor,motorboat,10.64,3.17,1.13,0.0,118,118,142,24,0
3848,motor,motorboat,16.53,5.06,1.68,0.0,118,118,129,11,0
3853,sail,sailboat,9.98,3.01,1.78,2.6,118,118,127,9,0
3868,motor,motorboat,13.46,3.92,1.16,3.5,118,119,121,2,1
3887,small,motorboat,7.04,2.27,0.63,0.0,118,120,123,3,2
3889,sail,sailboat,13.59,4.36,2.05,4.8,118,120,127,7,2
3898,motor,motorboat,18.1,5.06,1.74,10.5,118,120,121,1,2
3908,sail,sailboat,14.35,4.33,2.46,6.2,118,120,123,3,2
3922,motor,motorboat,15.84,4.46,1.65,10.3,118,120,121,1,2
4034,motor,motorboat,17.68,5.44,1.57,7.0,118,123,124,1,5
4055,super,yacht,27.28,7.18,3.01,15.0,118,123,126,3,5
4067,sail,sailboat,15.01,4.54,2.32,8.9,118,123,124,1,5
4071,motor,motorboat,17.11,5.34,1.48,10.6,118,123,126,3,5
4090,small,motorboat,8.92,3.19,0.99,2.9,118,124,132,8,6
4110,motor,motorboat,17.38,5.05,1.57,12.4,118,124,128,4,6
4155,small,motorboat,7.59,2.56,0.74,3.0,118,125,126,1,7
4161,sail,sailboat,14.13,4.46,2.36,0.0,118,125,128,3,7
4224,sail,sailboat,9.59,2.91,1.63,0.0,118,126,128,2,8
4234,sail,sailboat,13.76,4.39,2.14,3.1,118,127,130,3,9
4300,sail,sailboat,13.39,4.36,2.22,0.0,118,128,132,4,10
4337,sail,sailboat,15.09,4.85,2.51,13.6,118,129,130,1,11
4371,small,motorboat,6.31,2.08,0.58,3.1,118,129,150,21,11
4412,sail,sailboat,9.5,3.2,1.5,3.4,118,130,135,5,12
4414,sail,sailboat,9.5,3.03,1.58,3.4,118,130,135,5,12
4448,small,motorboat,8.06,2.74,0.75,0.0,118,130,135,5,12
4497,motor,motorboat,17.32,4.89,1.75,11.8,118,131,134,3,13
4589,sail,sailboat,12.73,4.15,2.13,3.8,118,134,141,7,16
4709,small,motorboat,7.84,2.72,0.75,0.0,118,136,142,6,18
4877,sail,sailboat,12.45,3.98,2.19,3.2,118,139,141,2,21
4981,motor,motorboat,17.26,5.2,1.73,7.3,118,142,154,12,24
5489,sail,sailboat,11.28,3.43,1.77,3.3,118,151,154,3,33
5668,sail,sailboat,14.1,4.75,2.25,0.0,118,157,161,4,39
5801,sail,sailboat,10.82,3.51,1.92,0.0,118,160,161,1,42
5907,sail,sailboat,12.08,4.04,2.07,5.6,118,163,169,6,45
5976,motor,motorboat,17.17,5.2,1.61,0.0,118,165,171,6,47
5979,small,motorboat,7.5,2.53,0.69,0.0,118,165,168,3,47
6124,sail,sailboat,10.14,3.25,1.66,5.0,118,170,172,2,52
6165,motor,motorboat,16.9,5.12,1.57,13.1,118,171,181,10,53
6239,small,motorboat,8.27,2.97,0.77,0.0,118,172,196,24,54
6313,motor,motorboat,14.64,4.27,1.46,6.2,118,175,188,13,57
6372,super,yacht,27.2,7.73,3.4,25.9,118,177,179,2,59
6925,motor,motorboat,14.21,4.0,1.32,4.2,118,202,204,2,84
3862,small,motorboat,7.81,2.78,0.82,0.0,119,119,120,1,0
3863,motor,motorboat,13.3,4.06,1.37,6.7,119,119,125,6,0
3897,sail,sailboat,11.69,3.55,1.86,6.9,119,120,132,12,1
3903,motor,motorboat,16.38,4.62,1.43,9.3,119,120,134,14,1
3909,sail,sailboat,9.5,3.21,1.61,3.1,119,120,127,7,1
3918,motor,motorboat,18.07,5.04,1.62,6.0,119,120,121,1,1
3934,sail,sailboat,12.88,4.13,2.12,3.6,119,121,122,1,2
3936,sail,sailboat,10.11,3.17,1.64,0.0,119,121,125,4,2
3946,motor,motorboat,11.76,3.47,1.07,5.6,119,121,143,22,2
3952,sail,sailboat,14.59,4.46,2.31,0.0,119,121,122,1,2
3958,sail,sailboat,11.93,3.61,1.85,0.0,119,121,148,27,2
3961,sail,sailboat,14.21,4.32,2.55,0.0,119,121,122,1,2
3962,motor,motorboat,14.51,4.25,1.53,0.0,119,121,140,19,2
4007,super,yacht,26.38,7.25,3.3,25.4,119,122,124,2,3
4017,sail,sailboat,14.44,4.35,2.64,4.9,119,122,132,10,3
4032,sail,sailboat,10.45,3.25,1.71,5.0,119,123,126,3,4
4041,motor,motorboat,16.49,5.0,1.53,7.3,119,123,124,1,4
4052,sail,sailboat,10.06,3.33,1.69,5.0,119,123,126,3,4
4060,motor,motorboat,14.05,4.26,1.22,0.0,119,123,125,2,4
4089,small,motorboat,8.27,2.82,0.86,0.0,119,124,127,3,5
4095,motor,motorboat,15.71,4.48,1.58,7.4,119,124,148,24,5
4117,sail,sailboat,9.5,3.13,1.61,0.0,119,124,125,1,5
4241,motor,motorboat,14.07,4.02,1.41,6.9,119,127,130,3,8
4263,small,motorboat,6.47,2.27,0.66,2.0,119,127,130,3,8
4343,sail,sailboat,13.27,3.99,2.27,5.8,119,129,131,2,10
4366,motor,motorboat,16.75,5.04,1.48,13.9,119,129,136,7,10
4386,motor,motorboat,17.66,5.09,1.75,6.2,119,129,135,6,10
4394,motor,motorboat,16.22,5.04,1.47,7.3,119,130,131,1,11
4417,sail,sailboat,10.64,3.41,1.6,3.5,119,130,131,1,11
4452,motor,motorboat,11.15,3.28,1.18,5.9,119,130,133,3,11
4487,super,yacht,28.67,7.42,3.45,36.8,119,131,133,2,12
4528,sail,sailboat,10.9,3.46,1.9,0.0,119,132,143,11,13
4538,sail,sailboat,11.83,3.82,1.83,5.6,119,132,146,14,13
4563,motor,motorboat,10.89,3.39,1.01,6.4,119,133,135,2,14
4811,sail,sailboat,12.27,3.79,2.24,5.6,119,138,140,2,19
4908,sail,sailboat,12.0,3.88,1.86,3.3,119,139,161,22,20
5011,motor,motorboat,18.84,5.67,1.83,9.2,119,142,145,3,23
5062,motor,motorboat,13.89,3.96,1.29,6.8,119,143,146,3,24
5118,sail,sailboat,15.89,4.98,2.4,7.6,119,144,147,3,25
5249,sail,sailboat,14.7,4.72,2.67,4.2,119,147,150,3,28
5752,sail,sailboat,14.35,4.65,2.51,3.8,119,158,160,2,39
6354,motor,motorboat,12.54,3.76,1.29,0.0,119,176,179,3,57
7072,super,yacht,25.91,7.26,3.42,39.3,119,212,214,2,93
3891,motor,motorboat,10.0,2.87,1.06,6.4,120,120,121,1,0
3892,sail,sailboat,9.8,3.23,1.64,0.0,120,120,125,5,0
3904,sail,sailboat,14.49,4.48,2.45,5.6,120,120,127,7,0
3915,small,motorboat,8.87,2.99,0.9,0.0,120,120,123,3,0
3927,small,motorboat,6.85,2.32,0.73,2.5,120,121,126,5,1
3929,motor,motorboat,10.0,2.88,1.06,3.8,120,121,123,2,1
3932,motor,motorboat,16.73,4.9,1.43,10.6,120,121,134,13,1
3942,sail,sailboat,14.94,4.51,2.39,4.5,120,121,122,1,1
3953,small,motorboat,7.01,2.27,0.64,0.0,120,121,124,3,1
3979,super,yacht,28.83,8.2,3.13,28.2,120,122,126,4,2
3988,small,motorboat,9.0,3.09,0.82,0.0,120,122,123,1,2
3989,sail,sailboat,11.59,3.6,2.14,5.4,120,122,138,16,2
3992,sail,sailboat,9.5,3.16,1.71,2.4,120,122,123,1,2
3995,small,motorboat,8.34,2.94,0.93,0.0,120,122,128,6,2
4019,sail,sailboat,13.7,4.2,2.5,4.6,120,122,124,2,2
4024,motor,motorboat,12.02,3.34,1.04,4.6,120,122,124,2,2
4045,sail,sailboat,12.95,4.15,2.03,3.1,120,123,124,1,3
4084,small,motorboat,8.58,2.76,0.94,2.3,120,123,130,7,3
4144,sail,sailboat,13.37,4.25,2.05,3.5,120,125,129,4,5
4191,sail,sailboat,15.88,5.38,2.59,13.5,120,126,129,3,6
4226,sail,sailboat,14.0,4.44,2.42,6.1,120,126,131,5,6
4272,small,motorboat,8.1,2.89,0.79,2.2,120,128,129,1,8
4301,sail,sailboat,12.61,3.82,2.06,4.8,120,128,130,2,8
4314,sail,sailboat,12.32,4.15,2.26,5.6,120,128,130,2,8
4320,sail,sailboat,11.8,3.62,1.82,3.4,120,128,141,13,8
4423,small,motorboat,7.95,2.55,0.75,2.9,120,130,142,12,10
4509,small,motorboat,6.22,2.09,0.67,3.3,120,132,146,14,12
4523,super,yacht,20.69,5.72,2.77,13.2,120,132,133,1,12
4546,sail,sailboat,14.18,4.46,2.42,5.9,120,132,134,2,12
4555,motor,motorboat,14.86,4.32,1.56,5.8,120,133,135,2,13
4587,small,motorboat,6.96,2.36,0.73,2.3,120,134,137,3,14
4607,motor,motorboat,11.7,3.62,1.2,3.7,120,134,137,3,14
4610,motor,motorboat,11.07,3.27,0.95,4.3,120,134,137,3,14
4968,motor,motorboat,13.46,4.04,1.27,5.7,120,141,155,14,21
5057,motor,motorboat,18.47,5.14,1.62,10.7,120,143,149,6,23
5129,sail,sailboat,11.61,3.74,2.01,6.5,120,144,149,5,24
5159,sail,sailboat,14.27,4.48,2.56,4.9,120,145,146,1,25
5383,sail,sailboat,10.09,3.33,1.75,6.6,120,150,153,3,30
5505,sail,sailboat,13.02,3.97,2.25,5.0,120,152,158,6,32
5792,small,motorboat,9.12,3.19,0.84,2.3,120,160,168,8,40
5895,super,yacht,25.55,7.27,2.88,31.9,120,163,169,6,43
6068,super,yacht,20.26,5.47,2.54,12.8,120,168,177,9,48
6322,super,yacht,25.39,7.11,3.18,34.9,120,175,178,3,55
6520,motor,motorboat,13.65,4.07,1.36,5.8,120,180,182,2,60
3925,sail,sailboat,13.96,4.54,2.11,0.0,121,121,129,8,0
3926,small,motorboat,8.27,2.93,0.81,0.0,121,121,124,3,0
3944,sail,sailboat,13.03,3.96,2.12,3.7,121,121,124,3,0
3947,sail,sailboat,10.25,3.42,1.66,0.0,121,121,125,4,0
3960,sail,sailboat,12.08,3.87,2.05,3.6,121,121,125,4,0
3969,super,yacht,25.36,6.77,3.19,37.9,121,122,125,3,1
3998,sail,sailboat,12.28,4.15,1.83,3.3,121,122,124,2,1
4010,small,motorboat,9.12,3.14,0.99,0.0,121,122,124,2,1
4012,motor,motorboat,14.23,4.44,1.29,5.9,121,122,127,5,1
4026,sail,sailboat,9.96,3.34,1.61,3.0,121,123,126,3,2
4028,sail,sailboat,12.6,3.94,2.29,5.4,121,123,138,15,2
4030,sail,sailboat,14.0,4.49,2.38,3.9,121,123,130,7,2
4040,motor,motorboat,12.04,3.52,1.07,5.0,121,123,151,28,2
4066,motor,motorboat,20.38,6.24,2.08,30.5,121,123,126,3,2
4073,motor,motorboat,15.75,4.4,1.58,8.7,121,123,134,11,2
4075,motor,motorboat,11.06,3.13,1.04,4.8,121,123,124,1,2
4133,sail,sailboat,11.36,3.66,1.7,4.9,121,125,132,7,4
4173,super,yacht,21.16,5.82,2.76,32.6,121,125,129,4,4
4197,sail,sailboat,14.59,4.72,2.64,6.3,121,126,128,2,5
4201,sail,sailboat,11.12,3.51,1.68,3.4,121,126,131,5,5
4222,sail,sailboat,11.59,3.54,1.79,0.0,121,126,129,3,5
4225,small,motorboat,6.64,2.23,0.67,2.7,121,126,133,7,5
4231,sail,sailboat,13.75,4.39,2.26,0.0,121,127,131,4,6
4246,motor,motorboat,11.69,3.41,1.16,5.5,121,127,129,2,6
4283,sail,sailboat,14.97,5.04,2.25,4.7,121,128,132,4,7
4341,motor,motorboat,14.6,4.51,1.38,4.1,121,129,132,3,8
4376,sail,sailboat,14.18,4.76,2.59,5.9,121,129,133,4,8
4384,sail,sailboat,13.95,4.37,2.21,0.0,121,129,131,2,8
4398,sail,sailboat,15.61,4.82,2.45,13.3,121,130,132,2,9
4413,sail,sailboat,10.91,3.49,1.74,5.8,121,130,135,5,9
4421,super,yacht,23.88,6.16,2.71,33.5,121,130,136,6,9
4430,sail,sailboat,12.9,4.2,2.01,0.0,121,130,134,4,9
4456,small,motorboat,7.94,2.69,0.81,0.0,121,131,145,14,10
4471,sail,sailboat,12.1,3.98,2.1,4.3,121,131,136,5,10
4521,super,yacht,26.92,7.44,3.22,31.1,121,132,135,3,11
4570,motor,motorboat,13.3,4.08,1.37,0.0,121,133,134,1,12
4571,sail,sailboat,15.17,5.12,2.32,0.0,121,133,134,1,12
4577,sail,sailboat,10.07,3.19,1.74,0.0,121,133,135,2,12
4641,small,motorboat,6.76,2.38,0.66,2.0,121,135,165,30,14
4665,motor,motorboat,13.62,4.2,1.31,3.2,121,135,142,7,14
4690,sail,sailboat,16.33,5.11,2.87,11.4,121,135,138,3,14
5091,motor,motorboat,17.22,4.95,1.61,11.7,121,144,145,1,23
5123,small,motorboat,7.67,2.55,0.85,2.8,121,144,145,1,23
5188,sail,sailboat,13.9,4.55,2.25,4.1,121,145,150,5,24
5257,small,motorboat,6.65,2.19,0.68,0.0,121,147,159,12,26
5768,sail,sailboat,12.72,4.03,2.29,5.2,121,159,164,5,38
5797,motor,motorboat,12.23,3.76,1.14,4.9,121,160,166,6,39
5882,small,motorboat,6.01,1.95,0.67,0.0,121,162,166,4,41
5891,motor,motorboat,18.21,5.27,1.62,11.7,121,163,169,6,42
5922,sail,sailboat,12.45,4.04,2.12,5.3,121,163,164,1,42
6339,sail,sailboat,14.03,4.61,2.36,3.7,121,176,177,1,55
6405,motor,motorboat,16.68,5.04,1.53,8.7,121,178,181,3,57
6538,motor,motorboat,17.03,4.75,1.58,13.9,121,181,188,7,60
3973,motor,motorboat,15.89,4.77,1.38,10.9,122,122,125,3,0
3981,sail,sailboat,12.07,3.64,1.94,4.1,122,122,124,2,0
4001,motor,motorboat,16.22,4.54,1.51,12.8,122,122,123,1,0
4009,sail,sailboat,13.8,4.42,2.08,0.0,122,122,125,3,0
4027,small,motorboat,8.8,2.89,0.89,0.0,122,123,126,3,1
4042,sail,sailboat,17.0,5.25,2.92,12.3,122,123,126,3,1
4047,sail,sailboat,10.77,3.53,1.71,6.6,122,123,125,2,1
4054,motor,motorboat,12.73,3.56,1.24,6.9,122,123,130,7,1
4077,motor,motorboat,14.66,4.16,1.27,6.7,122,123,139,16,1
4081,sail,sailboat,9.82,3.3,1.7,2.0,122,123,134,11,1
4082,motor,motorboat,17.64,4.92,1.73,9.3,122,123,126,3,1
4083,small,motorboat,6.06,1.98,0.62,0.0,122,123,125,2,1
4099,sail,sailboat,17.0,5.62,2.76,0.0,122,124,149,25,2
4119,sail,sailboat,11.04,3.45,1.94,3.4,122,124,127,3,2
4122,small,motorboat,7.6,2.73,0.83,0.0,122,124,129,5,2
4123,motor,motorboat,11.31,3.2,1.03,3.3,122,124,130,6,2
4176,sail,sailboat,16.16,5.27,2.83,8.7,122,125,127,2,3
4229,motor,motorboat,11.65,3.38,1.09,4.2,122,126,128,2,4
4252,sail,sailboat,10.25,3.2,1.72,3.0,122,127,129,2,5
4267,sail,sailboat,11.96,3.99,1.94,3.7,122,127,129,2,5
4273,small,motorboat,9.2,3.3,0.97,0.0,122,128,129,1,6
4292,sail,sailboat,11.24,3.79,1.69,3.9,122,128,134,6,6
4309,small,motorboat,6.77,2.21,0.7,0.0,122,128,142,14,6
4316,super,yacht,20.1,5.51,2.7,14.2,122,128,135,7,6
4318,sail,sailboat,9.5,3.21,1.59,3.0,122,128,135,7,6
4349,small,motorboat,7.83,2.73,0.83,0.0,122,129,136,7,7
4501,small,motorboat,6.65,2.27,0.73,3.3,122,131,135,4,9
4629,motor,motorboat,14.4,4.1,1.44,5.2,122,134,137,3,12
4663,motor,motorboat,18.27,5.63,1.81,0.0,122,135,141,6,13
4668,motor,motorboat,17.14,5.04,1.79,12.6,122,135,140,5,13
4693,small,motorboat,7.98,2.6,0.81,2.9,122,135,136,1,13
4735,motor,motorboat,12.31,3.72,1.08,5.0,122,136,137,1,14
4741,motor,motorboat,15.13,4.22,1.59,9.1,122,136,139,3,14
4894,motor,motorboat,12.32,3.69,1.06,5.0,122,139,144,5,17
4939,sail,sailboat,17.0,5.58,2.94,0.0,122,140,143,3,18
5175,motor,motorboat,13.4,3.91,1.37,3.4,122,145,147,2,23
5178,sail,sailboat,15.53,4.81,2.82,11.6,122,145,150,5,23
5281,super,yacht,20.17,5.59,2.19,38.0,122,148,153,5,26
5339,sail,sailboat,15.58,4.86,2.44,11.9,122,149,154,5,27
5508,motor,motorboat,18.95,5.38,1.89,11.3,122,152,153,1,30
5919,motor,motorboat,17.66,5.44,1.59,6.5,122,163,166,3,41
5928,sail,sailboat,13.77,4.5,2.28,3.7,122,164,165,1,42
6103,motor,motorboat,17.19,5.19,1.49,0.0,122,169,176,7,47
6114,small,motorboat,7.11,2.51,0.65,0.0,122,169,171,2,47
6166,motor,motorboat,18.33,5.09,1.85,10.9,122,171,183,12,49
6679,sail,sailboat,14.12,4.63,2.23,3.0,122,188,189,1,66
4036,sail,sailboat,9.5,2.93,1.42,0.0,123,123,126,3,0
4056,small,motorboat,7.22,2.34,0.71,2.2,123,123,143,20,0
4069,motor,motorboat,16.81,5.03,1.77,10.6,123,123,126,3,0
4074,motor,motorboat,12.34,3.62,1.3,3.5,123,123,125,2,0
4098,sail,sailboat,9.5,2.9,1.73,2.0,123,124,126,2,1
4106,small,motorboat,7.61,2.74,0.75,2.4,123,124,125,1,1
4118,small,motorboat,9.47,3.32,1.0,0.0,123,124,128,4,1
4120,sail,sailboat,11.86,3.91,2.16,3.8,123,124,131,7,1
4125,sail,sailboat,12.47,4.01,2.24,4.8,123,124,128,4,1
4158,sail,sailboat,10.23,3.23,1.65,0.0,123,125,141,16,2
4178,sail,sailboat,9.5,3.13,1.5,2.7,123,125,129,4,2
4202,sail,sailboat,11.9,3.97,1.88,5.9,123,126,139,13,3
4210,sail,sailboat,14.29,4.57,2.6,5.0,123,126,129,3,3
4216,motor,motorboat,22.0,6.38,2.32,36.5,123,126,155,29,3
4219,small,motorboat,8.24,2.83,0.83,3.2,123,126,128,2,3
4278,sail,sailboat,10.5,3.17,1.84,5.4,123,128,133,5,5
4326,sail,sailboat,11.32,3.55,2.08,0.0,123,129,132,3,6
4344,sail,sailboat,11.55,3.87,1.89,3.7,123,129,151,22,6
4367,sail,sailboat,11.22,3.42,1.74,0.0,123,129,132,3,6
4375,sail,sailboat,13.53,4.32,2.08,0.0,123,129,147,18,6
4382,motor,motorboat,15.91,4.81,1.59,0.0,123,129,134,5,6
4383,small,motorboat,8.0,2.64,0.78,3.4,123,129,132,3,6
4400,motor,motorboat,14.42,4.27,1.23,6.9,123,130,158,28,7
4404,small,motorboat,7.59,2.65,0.84,0.0,123,130,131,1,7
4407,sail,sailboat,15.65,5.05,2.53,13.5,123,130,137,7,7
4411,motor,motorboat,15.17,4.69,1.41,0.0,123,130,137,7,7
4419,motor,motorboat,15.74,4.72,1.38,0.0,123,130,133,3,7
4426,sail,sailboat,17.0,5.58,2.65,9.9,123,130,137,7,7
4450,sail,sailboat,12.05,3.93,2.08,3.3,123,130,131,1,7
4454,motor,motorboat,15.89,4.93,1.38,8.2,123,131,134,3,8
4489,motor,motorboat,16.05,4.78,1.63,10.9,123,131,134,3,8
4531,motor,motorboat,17.51,4.93,1.74,10.8,123,132,133,1,9
4561,super,yacht,22.22,5.84,2.94,32.9,123,133,138,5,10
4569,small,motorboat,6.35,2.21,0.65,2.6,123,133,134,1,10
4572,motor,motorboat,15.63,4.59,1.57,11.3,123,133,135,2,10
4594,motor,motorboat,10.24,2.92,1.09,3.9,123,134,135,1,11
4673,sail,sailboat,12.65,4.02,2.08,4.3,123,135,136,1,12
4682,sail,sailboat,11.56,3.92,1.97,5.4,123,135,138,3,12
4696,sail,sailboat,13.17,4.28,2.04,6.1,123,136,139,3,13
4922,sail,sailboat,14.52,4.89,2.16,0.0,123,140,141,1,17
4951,sail,sailboat,13.29,4.08,2.16,0.0,123,141,146,5,18
5070,super,yacht,27.51,7.64,2.99,27.7,123,143,146,3,20
5162,motor,motorboat,18.04,5.63,1.89,7.5,123,145,149,4,22
5400,sail,sailboat,13.69,4.3,2.09,5.2,123,150,155,5,27
5461,sail,sailboat,14.32,4.47,2.38,3.8,123,151,155,4,28
5468,small,motorboat,9.2,3.28,0.99,2.3,123,151,158,7,28
5472,sail,sailboat,9.92,3.2,1.77,2.8,123,151,153,2,28
5511,sail,sailboat,9.5,2.94,1.51,3.0,123,152,155,3,29
6197,sail,sailboat,11.78,3.79,1.88,4.9,123,172,173,1,49
6675,sail,sailboat,12.71,4.22,2.09,4.4,123,187,190,3,64
4092,sail,sailboat,11.6,3.54,1.84,4.6,124,124,126,2,0
4100,motor,motorboat,18.28,5.32,1.69,10.6,124,124,125,1,0
4103,sail,sailboat,11.52,3.69,1.71,7.0,124,124,127,3,0
4104,small,motorboat,6.66,2.36,0.71,2.1,124,124,131,7,0
4109,motor,motorboat,10.53,3.23,1.0,0.0,124,124,125,1,0
4121,sail,sailboat,16.54,5.11,2.9,7.7,124,124,126,2,0
4131,motor,motorboat,14.65,4.28,1.3,5.6,124,125,127,2,1
4132,sail,sailboat,14.22,4.36,2.45,6.7,124,125,128,3,1
4148,sail,sailboat,14.39,4.46,2.27,3.1,124,125,127,2,1
4149,sail,sailboat,12.0,4.01,1.98,4.0,124,125,128,3,1
4163,motor,motorboat,13.21,3.7,1.15,0.0,124,125,131,6,1
4172,sail,sailboat,12.22,3.98,1.85,6.4,124,125,126,1,1
4193,small,motorboat,7.59,2.65,0.68,2.7,124,126,133,7,2
4207,motor,motorboat,14.96,4.46,1.46,0.0,124,126,146,20,2
4208,motor,motorboat,19.34,5.45,1.67,9.5,124,126,143,17,2
4215,small,motorboat,6.92,2.36,0.75,0.0,124,126,132,6,2
4345,small,motorboat,7.85,2.57,0.85,2.8,124,129,135,6,5
4361,motor,motorboat,19.35,5.43,1.86,7.5,124,129,132,3,5
4661,motor,motorboat,13.38,4.02,1.26,4.9,124,135,137,2,11
4672,sail,sailboat,13.11,4.29,2.27,4.1,124,135,141,6,11
4802,sail,sailboat,13.63,4.11,2.29,5.8,124,137,144,7,13
4815,super,yacht,28.2,7.7,3.37,20.3,124,138,147,9,14
4835,sail,sailboat,15.53,4.97,2.64,11.1,124,138,145,7,14
4853,sail,sailboat,11.06,3.46,1.77,4.3,124,138,141,3,14
4978,sail,sailboat,15.34,4.94,2.28,6.0,124,141,148,7,17
5067,motor,motorboat,17.2,4.78,1.49,8.7,124,143,146,3,19
5158,sail,sailboat,13.36,4.39,2.21,0.0,124,145,150,5,21
5477,motor,motorboat,15.33,4.64,1.45,7.3,124,151,152,1,27
5550,motor,motorboat,16.78,5.18,1.45,6.4,124,152,167,15,28
6076,sail,sailboat,14.92,4.93,2.39,3.8,124,168,171,3,44
4130,sail,sailboat,15.3,4.88,2.55,12.6,125,125,134,9,0
4152,sail,sailboat,11.63,3.87,1.78,0.0,125,125,127,2,0
4159,super,yacht,23.47,6.56,2.82,19.5,125,125,128,3,0
4162,super,yacht,23.32,6.39,3.09,19.3,125,125,126,1,0
4166,small,motorboat,8.63,2.85,0.9,0.0,125,125,132,7,0
4167,small,motorboat,8.17,2.69,0.85,3.3,125,125,128,3,0
4171,super,yacht,22.46,5.92,2.49,40.0,125,125,127,2,0
4175,motor,motorboat,11.7,3.29,1.13,5.0,125,125,128,3,0
4180,sail,sailboat,14.85,4.68,2.26,6.7,125,126,129,3,1
4183,motor,motorboat,18.35,5.71,1.65,6.9,125,126,128,2,1
4185,sail,sailboat,14.68,4.63,2.58,0.0,125,126,127,1,1
4211,motor,motorboat,13.3,3.69,1.3,0.0,125,126,127,1,1
4213,sail,sailboat,17.0,5.18,2.79,0.0,125,126,132,6,1
4243,motor,motorboat,13.82,4.03,1.3,4.4,125,127,129,2,2
4254,sail,sailboat,12.67,4.09,2.02,0.0,125,127,152,25,2
4257,motor,motorboat,18.16,5.16,1.76,0.0,125,127,128,1,2
4259,motor,motorboat,15.23,4.27,1.54,10.0,125,127,129,2,2
4296,sail,sailboat,12.37,4.15,1.84,4.5,125,128,130,2,3
4304,sail,sailboat,14.03,4.54,2.58,0.0,125,128,131,3,3
4350,sail,sailboat,11.73,3.59,2.17,6.5,125,129,131,2,4
4374,motor,motorboat,17.26,5.37,1.69,7.8,125,129,138,9,4
4406,small,motorboat,8.16,2.94,0.76,2.4,125,130,132,2,5
4445,sail,sailboat,12.63,4.21,2.16,6.6,125,130,140,10,5
4508,sail,sailboat,12.64,4.03,2.17,0.0,125,132,134,2,7
4518,sail,sailboat,13.06,4.06,2.23,6.8,125,132,134,2,7
4542,motor,motorboat,14.0,3.89,1.25,4.6,125,132,135,3,7
4581,motor,motorboat,15.56,4.84,1.58,9.3,125,133,136,3,8
4597,sail,sailboat,12.9,4.13,1.94,4.4,125,134,139,5,9
4702,super,yacht,21.28,5.55,2.32,26.5,125,136,138,2,11
4785,sail,sailboat,13.26,4.38,2.2,4.9,125,137,139,2,12
4803,sail,sailboat,14.41,4.6,2.45,5.3,125,137,140,3,12
4828,sail,sailboat,14.04,4.72,2.57,5.5,125,138,149,11,13
4846,small,motorboat,9.0,3.18,0.84,0.0,125,138,149,11,13
4851,sail,sailboat,17.0,5.67,2.71,12.0,125,138,140,2,13
4879,motor,motorboat,12.4,3.68,1.11,5.9,125,139,140,1,14
4945,sail,sailboat,12.0,3.81,1.8,0.0,125,141,143,2,16
5018,sail,sailboat,9.66,3.12,1.69,3.1,125,142,143,1,17
5065,motor,motorboat,11.67,3.32,1.13,4.4,125,143,148,5,18
5074,sail,sailboat,12.68,4.19,2.29,4.2,125,143,144,1,18
5179,sail,sailboat,16.45,5.51,2.55,0.0,125,145,148,3,20
5252,super,yacht,20.97,5.74,2.5,24.4,125,147,150,3,22
5487,small,motorboat,6.57,2.26,0.7,0.0,125,151,153,2,26
5509,sail,sailboat,12.83,3.92,2.01,0.0,125,152,160,8,27
5649,motor,motorboat,15.91,4.57,1.57,11.1,125,156,167,11,31
6241,sail,sailboat,17.0,5.62,2.8,0.0,125,172,175,3,47
6455,sail,sailboat,12.54,3.93,1.93,4.2,125,179,184,5,54
6616,motor,motorboat,16.11,4.68,1.42,13.0,125,185,186,1,60
4179,motor,motorboat,15.88,4.6,1.61,0.0,126,126,133,7,0
4189,sail,sailboat,12.08,4.04,1.81,4.7,126,126,128,2,0
4190,sail,sailboat,14.37,4.39,2.4,3.3,126,126,144,18,0
4192,motor,motorboat,12.79,3.82,1.16,5.0,126,126,138,12,0
4205,small,motorboat,7.66,2.7,0.82,2.3,126,126,128,2,0
4228,sail,sailboat,11.39,3.75,1.98,3.8,126,126,130,4,0
4238,sail,sailboat,15.83,4.96,2.7,9.5,126,127,130,3,1
4258,motor,motorboat,10.78,3.28,1.03,3.8,126,127,129,2,1
4265,motor,motorboat,19.49,5.71,1.89,6.5,126,127,128,1,1
4274,small,motorboat,7.42,2.62,0.77,3.2,126,128,132,4,2
4285,sail,sailboat,13.21,4.32,2.33,6.4,126,128,130,2,2
4297,sail,sailboat,12.23,4.02,2.13,0.0,126,128,131,3,2
4303,sail,sailboat,9.65,2.97,1.58,0.0,126,128,130,2,2
4307,sail,sailboat,13.9,4.7,2.1,6.0,126,128,141,13,2
4313,motor,motorboat,10.46,2.99,0.95,0.0,126,128,131,3,2
4393,motor,motorboat,15.65,4.63,1.38,11.0,126,130,133,3,4
4433,sail,sailboat,13.34,4.11,2.01,4.8,126,130,139,9,4
4457,super,yacht,25.1,7.02,3.36,25.5,126,131,137,6,5
4544,motor,motorboat,12.7,3.59,1.28,6.6,126,132,136,4,6
4551,super,yacht,21.1,5.78,2.38,18.7,126,133,137,4,7
4565,sail,sailboat,12.71,4.07,1.98,5.5,126,133,135,2,7
4566,super,yacht,23.41,6.45,3.07,0.0,126,133,146,13,7
4575,small,motorboat,7.18,2.34,0.69,0.0,126,133,134,1,7
4658,sail,sailboat,15.65,4.75,2.87,0.0,126,135,138,3,9
4670,small,motorboat,6.89,2.32,0.63,0.0,126,135,138,3,9
4705,sail,sailboat,17.0,5.61,2.57,7.2,126,136,154,18,10
4746,sail,sailboat,10.48,3.48,1.83,5.9,126,137,139,2,11
4756,super,yacht,27.04,7.08,3.29,28.0,126,137,141,4,11
4761,motor,motorboat,13.55,3.78,1.43,6.9,126,137,148,11,11
4834,motor,motorboat,18.17,5.63,1.81,11.5,126,138,141,3,12
4859,motor,motorboat,21.3,6.35,2.06,12.2,126,138,143,5,12
4861,sail,sailboat,12.22,3.78,2.01,4.5,126,138,141,3,12
4933,sail,sailboat,17.0,5.12,2.77,9.4,126,140,143,3,14
5008,small,motorboat,9.16,2.99,0.9,2.6,126,142,144,2,16
5061,motor,motorboat,18.54,5.79,1.72,0.0,126,143,171,28,17
5122,motor,motorboat,10.0,2.92,1.03,4.0,126,144,148,4,18
5302,super,yacht,22.41,6.02,2.56,30.9,126,148,151,3,22
5717,motor,motorboat,13.98,4.36,1.36,6.8,126,158,169,11,32
5803,sail,sailboat,16.35,5.25,2.48,6.9,126,160,162,2,34
6434,super,yacht,23.93,6.12,2.78,37.7,126,178,179,1,52
6463,sail,sailboat,12.12,4.04,1.92,6.7,126,179,181,2,53
4232,motor,motorboat,15.4,4.75,1.33,11.5,127,127,139,12,0
4242,motor,motorboat,16.8,5.0,1.55,10.6,127,127,133,6,0
4248,sail,sailboat,13.48,4.09,2.27,5.4,127,127,130,3,0
4255,motor,motorboat,18.37,5.71,1.75,0.0,127,127,128,1,0
4262,sail,sailboat,13.79,4.23,2.06,6.8,127,127,134,7,0
4264,sail,sailboat,17.0,5.18,3.08,13.8,127,127,128,1,0
4269,sail,sailboat,16.52,5.12,2.87,12.7,127,127,129,2,0
4290,motor,motorboat,18.11,5.36,1.85,13.6,127,128,133,5,1
4293,motor,motorboat,14.01,4.0,1.46,4.9,127,128,131,3,1
4295,sail,sailboat,15.24,4.71,2.67,12.9,127,128,129,1,1
4312,motor,motorboat,12.28,3.82,1.26,4.3,127,128,132,4,1
4327,small,motorboat,8.3,2.72,0.8,0.0,127,129,130,1,2
4330,sail,sailboat,14.62,4.77,2.3,4.1,127,129,131,2,2
4347,sail,sailboat,14.17,4.62,2.18,0.0,127,129,134,5,2
4353,small,motorboat,6.25,2.13,0.61,3.2,127,129,136,7,2
4355,motor,motorboat,10.2,3.01,0.94,6.3,127,129,134,5,2
4358,super,yacht,25.4,6.56,3.33,30.7,127,129,132,3,2
4363,sail,sailboat,12.55,4.1,2.07,0.0,127,129,134,5,2
4364,small,motorboat,6.19,2.1,0.69,2.1,127,129,136,7,2
4379,sail,sailboat,9.5,3.17,1.72,2.2,127,129,143,14,2
4380,motor,motorboat,19.18,5.43,1.98,10.0,127,129,132,3,2
4405,motor,motorboat,10.0,3.03,0.92,5.5,127,130,136,6,3
4424,motor,motorboat,14.39,4.43,1.27,0.0,127,130,134,4,3
4444,motor,motorboat,15.12,4.59,1.32,8.5,127,130,141,11,3
4451,sail,sailboat,14.17,4.65,2.57,0.0,127,130,133,3,3
4514,motor,motorboat,10.0,2.81,1.02,0.0,127,132,143,11,5
4529,super,yacht,23.91,6.32,2.69,27.5,127,132,142,10,5
4533,motor,motorboat,11.61,3.4,1.16,6.0,127,132,136,4,5
4552,motor,motorboat,10.0,2.95,0.95,3.6,127,133,134,1,6
4647,motor,motorboat,18.95,5.71,1.84,12.9,127,135,145,10,8
4732,motor,motorboat,14.28,4.12,1.47,7.0,127,136,138,2,9
4740,motor,motorboat,10.92,3.35,1.03,0.0,127,136,139,3,9
4747,sail,sailboat,13.65,4.22,2.33,3.7,127,137,141,4,10
4772,motor,motorboat,10.0,2.9,0.96,0.0,127,137,140,3,10
4794,motor,motorboat,12.35,3.75,1.08,3.5,127,137,138,1,10
4836,small,motorboat,7.7,2.66,0.86,0.0,127,138,139,1,11
4901,motor,motorboat,19.52,5.78,2.07,13.9,127,139,141,2,12
4904,small,motorboat,8.44,2.72,0.92,3.5,127,139,168,29,12
5044,motor,motorboat,10.0,3.11,0.95,0.0,127,143,145,2,16
5248,motor,motorboat,14.88,4.57,1.4,0.0,127,147,148,1,20
5271,motor,motorboat,10.79,3.32,1.15,0.0,127,147,149,2,20
5579,sail,sailboat,10.71,3.28,1.62,0.0,127,154,156,2,27
5638,sail,sailboat,17.0,5.32,3.06,10.6,127,156,161,5,29
5736,motor,motorboat,16.91,4.8,1.47,9.1,127,158,160,2,31
5780,small,motorboat,8.91,2.94,0.82,3.3,127,159,166,7,32
5829,super,yacht,24.51,6.38,3.29,34.6,127,161,162,1,34
6142,motor,motorboat,15.42,4.38,1.5,7.6,127,170,180,10,43
6190,motor,motorboat,10.92,3.21,1.04,5.6,127,171,179,8,44
6494,sail,sailboat,13.71,4.45,2.36,4.5,127,179,183,4,52
6659,super,yacht,25.32,6.43,2.86,25.3,127,187,190,3,60
4288,sail,sailboat,11.03,3.44,1.64,4.9,128,128,134,6,0
4291,small,motorboat,9.06,3.24,0.85,0.0,128,128,145,17,0
4294,sail,sailboat,11.79,3.69,1.87,0.0,128,128,134,6,0
4310,small,motorboat,7.69,2.48,0.75,2.4,128,128,131,3,0
4311,sail,sailboat,13.84,4.48,2.29,0.0,128,128,131,3,0
4335,sail,sailboat,14.11,4.65,2.3,5.2,128,129,131,2,1
4338,sail,sailboat,12.81,4.29,2.22,0.0,128,129,131,2,1
4370,sail,sailboat,12.27,4.03,1.89,5.5,128,129,130,1,1
4373,sail,sailboat,13.47,4.53,2.34,6.0,128,129,130,1,1
4387,small,motorboat,7.42,2.43,0.8,0.0,128,130,141,11,2
4401,motor,motorboat,13.31,3.8,1.18,5.9,128,130,131,1,2
4420,sail,sailboat,11.79,3.56,2.11,4.3,128,130,133,3,2
4422,motor,motorboat,18.65,5.82,1.67,7.4,128,130,133,3,2
4438,sail,sailboat,13.15,4.37,1.97,4.1,128,130,141,11,2
4442,sail,sailboat,17.0,5.28,2.78,7.8,128,130,135,5,2
4491,sail,sailboat,9.52,2.89,1.63,3.4,128,131,149,18,3
4510,sail,sailboat,11.64,3.71,1.89,5.1,128,132,141,9,4
4526,sail,sailboat,14.74,4.72,2.55,6.5,128,132,139,7,4
4530,sail,sailboat,13.12,4.36,2.23,0.0,128,132,134,2,4
4553,super,yacht,28.01,7.67,3.61,26.5,128,133,140,7,5
4560,sail,sailboat,11.72,3.67,1.92,3.6,128,133,136,3,5
4667,sail,sailboat,11.48,3.63,1.92,6.3,128,135,138,3,7
4691,motor,motorboat,15.64,4.55,1.63,8.8,128,135,139,4,7
4694,sail,sailboat,13.13,4.19,2.07,3.6,128,135,140,5,7
4719,small,motorboat,6.59,2.19,0.71,2.0,128,136,139,3,8
4775,sail,sailboat,14.22,4.36,2.3,4.2,128,137,140,3,9
4799,sail,sailboat,16.16,5.42,2.57,0.0,128,137,148,11,9
4810,sail,sailboat,16.77,5.57,2.87,12.2,128,138,141,3,10
4874,small,motorboat,6.07,1.96,0.64,2.0,128,139,140,1,11
4888,sail,sailboat,11.32,3.54,1.76,0.0,128,139,145,6,11
4943,sail,sailboat,9.5,3.2,1.59,2.8,128,140,142,2,12
4972,super,yacht,28.46,8.12,3.6,25.0,128,141,142,1,13
5036,sail,sailboat,11.43,3.72,1.93,3.9,128,143,144,1,15
5183,super,yacht,28.15,7.55,3.6,34.2,128,145,146,1,17
5243,sail,sailboat,9.5,3.14,1.57,2.9,128,146,152,6,18
5765,motor,motorboat,13.76,3.86,1.19,6.4,128,159,160,1,31
5854,motor,motorboat,14.87,4.35,1.33,5.2,128,162,188,26,34
5954,sail,sailboat,15.06,4.71,2.49,10.6,128,164,166,2,36
6268,sail,sailboat,14.75,4.94,2.34,0.0,128,173,180,7,45
6377,small,motorboat,6.04,1.98,0.63,2.0,128,177,180,3,49
6654,sail,sailboat,15.89,5.23,2.92,13.6,128,186,191,5,58
4321,sail,sailboat,13.19,4.05,2.11,6.3,129,129,131,2,0
4324,motor,motorboat,17.31,5.31,1.63,11.6,129,129,131,2,0
4328,sail,sailboat,11.37,3.59,2.0,5.4,129,129,134,5,0
4339,small,motorboat,8.11,2.71,0.73,0.0,129,129,131,2,0
4348,sail,sailboat,12.14,4.11,2.0,6.8,129,129,151,22,0
4362,motor,motorboat,10.0,2.78,0.93,0.0,129,129,132,3,0
4365,motor,motorboat,15.46,4.43,1.54,6.9,129,129,130,1,0
4368,motor,motorboat,21.53,5.99,2.07,15.7,129,129,138,9,0
4372,motor,motorboat,16.18,4.88,1.64,9.6,129,129,131,2,0
4385,small,motorboat,6.43,2.25,0.69,0.0,129,129,134,5,0
4410,sail,sailboat,16.87,5.35,2.51,8.4,129,130,131,1,1
4415,motor,motorboat,16.13,4.9,1.42,9.1,129,130,133,3,1
4425,sail,sailboat,13.67,4.25,2.4,0.0,129,130,137,7,1
4428,motor,motorboat,19.59,5.66,2.07,11.4,129,130,131,1,1
4434,motor,motorboat,15.95,4.43,1.55,12.7,129,130,131,1,1
4440,motor,motorboat,21.88,6.29,2.28,27.8,129,130,159,29,1
4446,motor,motorboat,16.95,4.84,1.72,6.7,129,130,131,1,1
4464,sail,sailboat,13.98,4.58,2.15,6.3,129,131,138,7,2
4467,sail,sailboat,16.5,5.54,2.85,0.0,129,131,137,6,2
4476,motor,motorboat,11.89,3.72,1.11,6.4,129,131,132,1,2
4481,sail,sailboat,16.51,5.2,2.93,8.9,129,131,135,4,2
4483,motor,motorboat,18.96,5.46,1.77,8.8,129,131,134,3,2
4615,sail,sailboat,9.68,3.22,1.46,0.0,129,134,135,1,5
4623,motor,motorboat,19.1,5.77,1.99,10.2,129,134,138,4,5
4627,motor,motorboat,17.52,4.98,1.69,13.9,129,134,136,2,5
4633,motor,motorboat,16.45,4.68,1.63,0.0,129,134,143,9,5
4657,sail,sailboat,11.48,3.5,1.85,4.4,129,135,139,4,6
4704,sail,sailboat,13.72,4.4,2.27,6.8,129,136,142,6,7
4721,sail,sailboat,10.94,3.6,1.91,0.0,129,136,139,3,7
4754,sail,sailboat,12.64,4.1,2.0,6.0,129,137,163,26,8
4807,motor,motorboat,10.0,2.79,0.93,5.1,129,137,138,1,8
4830,small,motorboat,7.4,2.53,0.77,0.0,129,138,141,3,9
4855,small,motorboat,8.95,3.2,0.81,0.0,129,138,142,4,9
4887,motor,motorboat,10.0,2.84,0.95,5.2,129,139,140,1,10
4892,motor,motorboat,14.63,4.51,1.55,4.3,129,139,163,24,10
4903,motor,motorboat,13.78,4.22,1.22,6.8,129,139,145,6,10
4914,sail,sailboat,13.66,4.14,2.37,3.6,129,140,148,8,11
4967,sail,sailboat,12.45,4.15,1.9,3.2,129,141,147,6,12
4986,sail,sailboat,15.65,5.24,2.39,7.2,129,142,144,2,13
5041,super,yacht,23.61,6.7,2.68,14.7,129,143,154,11,14
5529,motor,motorboat,10.7,3.27,1.07,5.9,129,152,153,1,23
5713,motor,motorboat,11.36,3.32,1.15,4.5,129,158,161,3,29
5767,super,yacht,20.63,5.34,2.76,31.8,129,159,161,2,30
6116,super,yacht,26.78,6.9,3.28,36.4,129,170,178,8,41
6247,super,yacht,28.35,7.69,3.41,17.5,129,173,176,3,44
4399,sail,sailboat,9.5,3.22,1.6,2.7,130,130,132,2,0
4402,sail,sailboat,15.08,4.97,2.5,0.0,130,130,135,5,0
4427,sail,sailboat,9.5,2.98,1.69,2.3,130,130,131,1,0
4429,motor,motorboat,14.28,4.42,1.28,5.5,130,130,132,2,0
4431,sail,sailboat,13.32,4.05,2.09,5.9,130,130,134,4,0
4432,motor,motorboat,17.46,4.97,1.72,12.8,130,130,132,2,0
4441,motor,motorboat,18.09,5.1,1.64,10.0,130,130,142,12,0
4443,sail,sailboat,17.0,5.59,2.89,8.2,130,130,133,3,0
4449,motor,motorboat,22.0,6.48,2.26,23.0,130,130,134,4,0
4462,motor,motorboat,17.11,4.85,1.58,0.0,130,131,132,1,1
4470,motor,motorboat,14.78,4.33,1.28,6.0,130,131,138,7,1
4473,sail,sailboat,15.87,4.97,2.67,12.2,130,131,134,3,1
4474,motor,motorboat,15.09,4.26,1.34,7.9,130,131,134,3,1
4482,motor,motorboat,12.28,3.56,1.3,0.0,130,131,138,7,1
4484,sail,sailboat,12.04,4.06,2.07,4.0,130,131,142,11,1
4498,sail,sailboat,13.31,4.29,2.1,3.8,130,131,133,2,1
4503,sail,sailboat,10.92,3.29,1.77,4.3,130,131,137,6,1
4506,sail,sailboat,13.18,4.37,1.97,4.3,130,132,133,1,2
4516,motor,motorboat,20.4,5.77,1.99,25.3,130,132,134,2,2
4527,small,motorboat,8.59,3.01,0.95,0.0,130,132,139,7,2
4532,sail,sailboat,12.82,3.95,2.37,0.0,130,132,160,28,2
4545,sail,sailboat,9.5,3.03,1.46,2.6,130,132,133,1,2
4579,motor,motorboat,14.14,4.12,1.46,4.8,130,133,144,11,3
4580,motor,motorboat,11.51,3.36,1.06,3.1,130,133,136,3,3
4582,motor,motorboat,14.58,4.5,1.42,6.0,130,133,134,1,3
4669,motor,motorboat,13.86,3.95,1.38,5.4,130,135,146,11,5
4671,small,motorboat,6.82,2.26,0.65,0.0,130,135,137,2,5
4683,motor,motorboat,17.88,5.5,1.77,10.9,130,135,138,3,5
4765,motor,motorboat,18.11,5.3,1.69,0.0,130,137,140,3,7
4769,small,motorboat,7.86,2.78,0.76,0.0,130,137,140,3,7
4783,sail,sailboat,11.17,3.7,1.67,0.0,130,137,138,1,7
4844,sail,sailboat,14.04,4.55,2.48,5.0,130,138,139,1,8
4898,sail,sailboat,15.89,4.98,2.52,0.0,130,139,140,1,9
4906,motor,motorboat,15.92,4.67,1.67,0.0,130,139,140,1,9
5001,sail,sailboat,13.77,4.48,2.21,4.3,130,142,143,1,12
5132,motor,motorboat,12.21,3.64,1.29,5.7,130,144,149,5,14
5145,motor,motorboat,10.0,3.0,1.02,5.1,130,144,154,10,14
5213,sail,sailboat,14.46,4.85,2.65,3.8,130,146,155,9,16
5231,small,motorboat,6.6,2.14,0.62,3.1,130,146,149,3,16
5345,sail,sailboat,13.96,4.42,2.55,4.2,130,149,154,5,19
5465,small,motorboat,6.73,2.41,0.64,3.4,130,151,158,7,21
6312,small,motorboat,8.06,2.59,0.79,2.3,130,175,179,4,45
6627,sail,sailboat,13.34,4.39,2.4,6.9,130,185,189,4,55
4458,super,yacht,24.73,6.39,2.85,19.1,131,131,135,4,0
4463,sail,sailboat,12.6,3.99,2.05,0.0,131,131,135,4,0
4479,sail,sailboat,12.75,3.93,2.12,6.4,131,131,133,2,0
4480,sail,sailboat,16.65,5.45,2.72,9.1,131,131,134,3,0
4502,sail,sailboat,15.36,4.85,2.65,8.9,131,131,152,21,0
4504,sail,sailboat,13.85,4.26,2.07,4.1,131,131,146,15,0
4511,motor,motorboat,17.39,5.22,1.78,7.0,131,132,134,2,1
4519,sail,sailboat,17.0,5.73,2.59,10.5,131,132,142,10,1
4522,motor,motorboat,15.09,4.26,1.55,8.1,131,132,139,7,1
4535,sail,sailboat,13.14,4.39,2.35,4.0,131,132,134,2,1
4536,sail,sailboat,10.37,3.32,1.79,6.2,131,132,134,2,1
4537,sail,sailboat,13.59,4.31,2.35,6.3,131,132,135,3,1
4539,small,motorboat,6.52,2.14,0.6,0.0,131,132,135,3,1
4548,small,motorboat,8.36,2.96,0.81,0.0,131,132,135,3,1
4559,motor,motorboat,18.65,5.34,1.77,8.0,131,133,134,1,2
4567,sail,sailboat,12.64,4.04,2.1,5.1,131,133,140,7,2
4578,motor,motorboat,17.76,5.24,1.74,9.1,131,133,136,3,2
4583,sail,sailboat,12.33,3.83,1.94,5.8,131,133,163,30,2
4606,sail,sailboat,14.01,4.22,2.48,0.0,131,134,135,1,3
4620,sail,sailboat,17.0,5.6,2.9,6.1,131,134,145,11,3
4622,motor,motorboat,18.37,5.62,1.88,11.4,131,134,135,1,3
4651,sail,sailboat,17.0,5.54,2.54,7.4,131,135,139,4,4
4695,small,motorboat,6.25,2.07,0.61,2.8,131,136,142,6,5
4713,sail,sailboat,16.5,5.25,2.65,0.0,131,136,138,2,5
4728,sail,sailboat,14.41,4.74,2.66,4.0,131,136,143,7,5
4757,sail,sailboat,12.56,4.12,2.17,0.0,131,137,167,30,6
4829,motor,motorboat,13.42,4.19,1.28,6.0,131,138,141,3,7
4841,motor,motorboat,15.88,4.44,1.52,9.5,131,138,143,5,7
4977,sail,sailboat,9.5,2.91,1.46,0.0,131,141,142,1,10
5003,motor,motorboat,13.42,4.09,1.29,4.6,131,142,146,4,11
5076,motor,motorboat,18.11,5.12,1.76,6.3,131,143,153,10,12
5092,small,motorboat,6.66,2.22,0.68,0.0,131,144,146,2,13
5144,sail,sailboat,13.03,4.26,2.34,5.9,131,144,149,5,13
5234,sail,sailboat,11.48,3.81,1.96,3.5,131,146,150,4,15
5404,sail,sailboat,10.57,3.35,1.95,5.8,131,150,155,5,19
5722,super,yacht,28.87,7.97,3.71,20.2,131,158,164,6,27
4524,small,motorboat,6.56,2.28,0.6,2.0,132,132,134,2,0
4540,motor,motorboat,11.95,3.57,1.07,3.0,132,132,134,2,0
4541,motor,motorboat,13.32,3.99,1.33,4.7,132,132,134,2,0
4550,motor,motorboat,14.13,3.97,1.47,6.3,132,133,136,3,1
4558,sail,sailboat,13.75,4.34,2.08,0.0,132,133,140,7,1
4568,sail,sailboat,9.6,2.9,1.68,0.0,132,133,134,1,1
4585,motor,motorboat,14.13,4.41,1.32,6.4,132,133,134,1,1
4611,sail,sailboat,13.2,4.46,2.37,0.0,132,134,136,2,2
4613,motor,motorboat,19.09,5.61,1.69,6.8,132,134,137,3,2
4619,motor,motorboat,14.04,4.23,1.39,3.4,132,134,138,4,2
4626,sail,sailboat,10.78,3.51,1.94,4.3,132,134,135,1,2
4636,motor,motorboat,12.04,3.57,1.25,3.5,132,135,140,5,3
4637,small,motorboat,7.6,2.69,0.82,0.0,132,135,137,2,3
4706,small,motorboat,8.02,2.63,0.84,3.4,132,136,138,2,4
4707,motor,motorboat,16.29,4.66,1.52,11.8,132,136,142,6,4
4733,sail,sailboat,12.29,3.97,1.99,5.3,132,136,142,6,4
4825,sail,sailboat,9.55,3.09,1.67,2.1,132,138,139,1,6
4831,super,yacht,20.29,5.63,2.62,30.2,132,138,139,1,6
4837,super,yacht,28.37,7.24,3.15,15.7,132,138,144,6,6
4854,sail,sailboat,9.5,2.95,1.72,0.0,132,138,141,3,6
4863,sail,sailboat,12.35,3.72,2.28,3.7,132,138,153,15,6
4878,motor,motorboat,15.34,4.4,1.6,11.7,132,139,140,1,7
4899,sail,sailboat,11.33,3.58,1.92,0.0,132,139,145,6,7
4910,sail,sailboat,14.57,4.73,2.58,5.2,132,139,142,3,7
4923,sail,sailboat,13.28,4.28,2.28,3.2,132,140,145,5,8
4973,small,motorboat,6.5,2.15,0.62,0.0,132,141,144,3,9
5049,small,motorboat,6.03,2.05,0.6,0.0,132,143,144,1,11
5124,motor,motorboat,11.43,3.23,1.19,5.7,132,144,151,7,12
5128,sail,sailboat,14.11,4.58,2.11,6.3,132,144,149,5,12
5169,motor,motorboat,15.52,4.4,1.64,7.9,132,145,171,26,13
5196,sail,sailboat,9.5,3.21,1.57,3.5,132,146,147,1,14
5222,sail,sailboat,9.5,3.08,1.72,3.1,132,146,152,6,14
5224,sail,sailboat,13.93,4.56,2.42,3.3,132,146,147,1,14
5232,motor,motorboat,13.97,3.88,1.33,3.4,132,146,147,1,14
5279,motor,motorboat,17.63,5.26,1.53,6.5,132,148,151,3,16
5330,sail,sailboat,11.97,3.8,2.15,6.9,132,149,152,3,17
5356,sail,sailboat,15.1,4.92,2.63,14.0,132,149,160,11,17
5483,sail,sailboat,13.71,4.55,2.37,3.9,132,151,152,1,19
5545,small,motorboat,7.91,2.68,0.84,0.0,132,152,153,1,20
5569,motor,motorboat,16.93,5.11,1.6,10.9,132,153,155,2,21
5786,motor,motorboat,12.69,3.87,1.11,0.0,132,159,163,4,27
5944,sail,sailboat,15.98,5.21,2.65,13.4,132,164,167,3,32
5961,super,yacht,20.92,5.64,2.31,29.1,132,165,168,3,33
6535,motor,motorboat,22.0,6.15,2.34,14.0,132,181,185,4,49
6600,sail,sailboat,9.85,3.1,1.5,0.0,132,184,186,2,52
4584,motor,motorboat,16.81,4.91,1.44,7.0,133,133,143,10,0
4590,sail,sailboat,14.4,4.65,2.3,4.0,133,134,137,3,1
4592,sail,sailboat,13.02,4.06,2.13,4.5,133,134,146,12,1
4601,motor,motorboat,10.58,3.14,0.99,4.8,133,134,136,2,1
4602,sail,sailboat,16.43,5.55,2.69,10.0,133,134,135,1,1
4605,motor,motorboat,15.5,4.65,1.57,9.0,133,134,137,3,1
4609,small,motorboat,6.16,2.19,0.67,0.0,133,134,137,3,1
4614,motor,motorboat,15.83,4.47,1.63,0.0,133,134,138,4,1
4616,motor,motorboat,13.96,3.91,1.47,6.1,133,134,135,1,1
4630,small,motorboat,8.61,2.76,0.85,0.0,133,134,141,7,1
4632,sail,sailboat,10.64,3.52,1.6,4.6,133,134,141,7,1
4640,sail,sailboat,10.95,3.52,2.01,4.6,133,135,140,5,2
4642,sail,sailboat,11.37,3.46,1.74,5.2,133,135,138,3,2
4648,sail,sailboat,14.43,4.78,2.34,6.1,133,135,138,3,2
4692,small,motorboat,6.22,2.06,0.57,2.1,133,135,136,1,2
4715,motor,motorboat,14.71,4.11,1.26,6.3,133,136,154,18,3
4720,super,yacht,28.58,7.71,3.23,34.0,133,136,160,24,3
4760,motor,motorboat,18.75,5.46,1.71,12.7,133,137,138,1,4
4767,sail,sailboat,9.5,3.0,1.61,2.3,133,137,143,6,4
4791,sail,sailboat,12.4,4.15,2.13,5.9,133,137,142,5,4
4822,sail,sailboat,14.02,4.36,2.17,5.9,133,138,141,3,5
4824,sail,sailboat,10.4,3.38,1.81,4.7,133,138,152,14,5
4833,small,motorboat,9.45,3.06,0.98,0.0,133,138,139,1,5
4845,small,motorboat,8.27,2.8,0.89,0.0,133,138,139,1,5
4976,motor,motorboat,21.36,6.45,1.86,30.1,133,141,143,2,8
4991,sail,sailboat,12.96,3.92,2.29,6.2,133,142,148,6,9
5015,motor,motorboat,14.18,4.33,1.32,6.6,133,142,145,3,9
5032,motor,motorboat,15.4,4.29,1.46,13.1,133,143,146,3,10
5060,motor,motorboat,17.02,4.99,1.46,0.0,133,143,145,2,10
5083,super,yacht,25.44,6.57,3.41,25.1,133,143,165,22,10
5156,sail,sailboat,13.93,4.39,2.09,4.3,133,145,146,1,12
5208,sail,sailboat,12.68,3.83,2.01,4.0,133,146,153,7,13
5229,sail,sailboat,11.69,3.7,1.75,6.4,133,146,152,6,13
5235,sail,sailboat,14.83,4.95,2.54,4.3,133,146,173,27,13
5244,motor,motorboat,15.32,4.65,1.56,11.3,133,146,151,5,13
5464,sail,sailboat,10.2,3.29,1.65,6.0,133,151,152,1,18
5501,super,yacht,20.38,5.63,2.71,19.1,133,152,154,2,19
5804,sail,sailboat,15.24,4.93,2.35,12.2,133,160,162,2,27
5937,sail,sailboat,12.93,4.24,2.06,0.0,133,164,167,3,31
6059,sail,sailboat,11.9,3.64,1.88,0.0,133,167,174,7,34
6175,sail,sailboat,12.69,4.2,2.04,0.0,133,171,181,10,38
6301,sail,sailboat,17.0,5.5,2.68,7.4,133,175,177,2,42
4588,sail,sailboat,10.16,3.38,1.74,5.7,134,134,135,1,0
4593,sail,sailboat,14.6,4.46,2.32,3.8,134,134,136,2,0
4595,small,motorboat,8.68,2.96,0.93,0.0,134,134,149,15,0
4598,motor,motorboat,12.05,3.34,1.12,4.1,134,134,136,2,0
4599,sail,sailboat,13.79,4.56,2.38,3.4,134,134,138,4,0
4608,motor,motorboat,19.44,5.53,1.89,7.2,134,134,135,1,0
4617,sail,sailboat,9.5,2.91,1.73,2.1,134,134,139,5,0
4618,motor,motorboat,16.17,5.01,1.53,11.2,134,134,138,4,0
4621,small,motorboat,9.01,2.94,0.99,0.0,134,134,137,3,0
4638,sail,sailboat,9.76,3.2,1.63,2.7,134,135,137,2,1
4649,motor,motorboat,10.0,3.12,0.98,3.1,134,135,142,7,1
4652,motor,motorboat,19.58,5.69,1.72,10.9,134,135,138,3,1
4674,sail,sailboat,12.56,4.06,2.22,5.3,134,135,145,10,1
4689,sail,sailboat,14.22,4.51,2.47,6.9,134,135,141,6,1
4697,motor,motorboat,19.36,5.65,1.68,6.5,134,136,154,18,2
4710,sail,sailboat,9.5,3.16,1.6,2.1,134,136,137,1,2
4714,small,motorboat,6.51,2.23,0.72,3.0,134,136,137,1,2
4743,motor,motorboat,10.82,3.29,0.97,3.5,134,136,138,2,2
4806,small,motorboat,8.12,2.68,0.75,2.3,134,137,141,4,3
4816,motor,motorboat,17.27,5.01,1.8,11.8,134,138,152,14,4
4870,sail,sailboat,13.77,4.52,2.36,0.0,134,139,141,2,5
4929,motor,motorboat,13.12,3.93,1.35,3.4,134,140,146,6,6
4974,sail,sailboat,17.0,5.14,2.97,0.0,134,141,152,11,7
5120,motor,motorboat,13.63,4.03,1.17,5.8,134,144,145,1,10
5139,sail,sailboat,12.31,4.06,2.09,3.3,134,144,146,2,10
5211,sail,sailboat,14.72,4.77,2.34,5.9,134,146,153,7,12
5246,motor,motorboat,15.34,4.68,1.47,6.6,134,147,154,7,13
5278,sail,sailboat,14.05,4.24,2.11,0.0,134,148,154,6,14
5883,small,motorboat,6.04,2.13,0.61,0.0,134,162,168,6,28
6034,super,yacht,20.34,5.46,2.32,37.6,134,167,171,4,33
6711,motor,motorboat,15.84,4.87,1.54,7.9,134,190,196,6,56
6745,small,motorboat,6.07,2.01,0.64,0.0,134,192,199,7,58
6794,super,yacht,20.95,5.42,2.38,19.7,134,194,199,5,60
4645,motor,motorboat,16.6,4.61,1.64,0.0,135,135,138,3,0
4653,motor,motorboat,18.48,5.56,1.75,8.6,135,135,161,26,0
4660,super,yacht,27.96,7.14,3.68,15.3,135,135,136,1,0
4666,sail,sailboat,9.5,2.99,1.75,2.7,135,135,136,1,0
4684,sail,sailboat,9.5,2.98,1.75,3.1,135,135,140,5,0
4688,super,yacht,27.7,7.38,3.09,21.0,135,135,140,5,0
4699,sail,sailboat,13.19,4.08,2.42,0.0,135,136,138,2,1
4703,sail,sailboat,11.92,3.7,1.95,0.0,135,136,138,2,1
4717,small,motorboat,8.36,2.77,0.9,0.0,135,136,140,4,1
4725,sail,sailboat,12.74,4.3,2.08,0.0,135,136,139,3,1
4730,sail,sailboat,17.0,5.7,2.57,11.6,135,136,139,3,1
4742,motor,motorboat,11.45,3.18,1.0,6.2,135,136,137,1,1
4752,motor,motorboat,13.8,3.91,1.21,5.4,135,137,143,6,2
4763,small,motorboat,6.64,2.19,0.65,0.0,135,137,150,13,2
4771,sail,sailboat,13.45,4.19,2.22,0.0,135,137,138,1,2
4774,motor,motorboat,19.76,5.66,2.09,7.5,135,137,141,4,2
4776,small,motorboat,6.35,2.18,0.61,3.3,135,137,139,2,2
4779,sail,sailboat,15.26,4.88,2.74,6.5,135,137,140,3,2
4781,small,motorboat,8.81,2.87,0.98,0.0,135,137,141,4,2
4788,sail,sailboat,12.55,3.94,2.28,4.5,135,137,141,4,2
4801,motor,motorboat,20.12,6.09,1.91,38.4,135,137,143,6,2
4852,sail,sailboat,17.0,5.12,2.7,11.1,135,138,139,1,3
4856,super,yacht,23.11,6.54,2.57,24.8,135,138,140,2,3
4868,small,motorboat,6.02,1.94,0.61,0.0,135,138,139,1,3
4916,small,motorboat,6.68,2.19,0.71,2.5,135,140,146,6,5
4924,super,yacht,26.55,6.82,2.95,31.3,135,140,143,3,5
4997,motor,motorboat,14.03,4.19,1.26,6.5,135,142,144,2,7
5072,motor,motorboat,16.16,4.98,1.45,0.0,135,143,150,7,8
5116,super,yacht,26.1,6.67,3.1,37.3,135,144,149,5,9
5170,motor,motorboat,11.13,3.19,1.06,6.3,135,145,150,5,10
5193,motor,motorboat,18.8,5.27,1.73,8.9,135,145,173,28,10
5195,sail,sailboat,15.21,4.77,2.77,0.0,135,146,149,3,11
5270,sail,sailboat,10.09,3.4,1.85,0.0,135,147,148,1,12
5293,motor,motorboat,14.48,4.12,1.3,4.9,135,148,151,3,13
5334,small,motorboat,6.42,2.15,0.59,2.5,135,149,151,2,14
5708,sail,sailboat,9.5,2.92,1.45,2.4,135,158,184,26,23
5741,sail,sailboat,12.85,4.06,2.34,3.6,135,158,159,1,23
5835,sail,sailboat,13.39,4.15,2.02,6.2,135,161,162,1,26
6156,motor,motorboat,12.44,3.62,1.1,3.1,135,171,176,5,36
6660,small,motorboat,7.46,2.5,0.69,0.0,135,187,189,2,52
6666,small,motorboat,9.13,3.04,1.01,2.8,135,187,192,5,52
4698,sail,sailboat,13.17,4.17,2.33,6.5,136,136,138,2,0
4700,sail,sailboat,9.5,2.97,1.54,2.0,136,136,162,26,0
4712,motor,motorboat,12.72,3.79,1.22,3.6,136,136,139,3,0
4718,motor,motorboat,10.0,2.92,0.97,0.0,136,136,137,1,0
4723,sail,sailboat,14.26,4.65,2.5,3.2,136,136,143,7,0
4731,small,motorboat,7.85,2.81,0.84,3.2,136,136,139,3,0
4738,motor,motorboat,14.38,4.44,1.47,6.4,136,136,149,13,0
4739,motor,motorboat,14.47,4.34,1.36,6.7,136,136,142,6,0
4744,sail,sailboat,11.74,3.6,1.87,4.1,136,136,138,2,0
4750,sail,sailboat,15.75,5.0,2.54,7.3,136,137,143,6,1
4753,sail,sailboat,12.79,4.08,2.24,5.2,136,137,138,1,1
4759,sail,sailboat,12.8,4.07,2.09,0.0,136,137,141,4,1
4770,motor,motorboat,15.05,4.65,1.5,6.8,136,137,138,1,1
4780,motor,motorboat,17.95,5.06,1.58,7.0,136,137,144,7,1
4787,motor,motorboat,12.73,3.75,1.35,6.7,136,137,144,7,1
4790,sail,sailboat,11.92,3.85,1.86,0.0,136,137,148,11,1
4793,motor,motorboat,10.93,3.3,1.0,6.2,136,137,140,3,1
4797,motor,motorboat,14.64,4.57,1.32,4.2,136,137,142,5,1
4838,sail,sailboat,10.88,3.32,1.99,3.5,136,138,146,8,2
4839,motor,motorboat,12.82,3.63,1.2,6.3,136,138,139,1,2
4842,sail,sailboat,15.61,4.91,2.36,10.9,136,138,144,6,2
4843,sail,sailboat,12.7,4.14,2.14,4.2,136,138,140,2,2
4849,motor,motorboat,18.42,5.13,1.79,0.0,136,138,149,11,2
4872,motor,motorboat,14.71,4.57,1.44,6.8,136,139,145,6,3
4917,motor,motorboat,11.91,3.31,1.17,5.2,136,140,141,1,4
4926,sail,sailboat,14.39,4.38,2.55,5.5,136,140,152,12,4
4946,sail,sailboat,9.5,2.89,1.6,0.0,136,141,143,2,5
4947,super,yacht,27.06,7.43,3.14,37.6,136,141,143,2,5
4970,motor,motorboat,10.0,3.0,0.97,4.8,136,141,143,2,5
5029,motor,motorboat,15.68,4.71,1.4,8.2,136,143,150,7,7
5046,sail,sailboat,12.65,3.97,2.12,4.5,136,143,169,26,7
5090,sail,sailboat,11.07,3.49,1.79,5.8,136,144,147,3,8
5102,sail,sailboat,17.0,5.66,2.81,0.0,136,144,145,1,8
5119,super,yacht,22.79,6.46,2.78,34.0,136,144,145,1,8
5131,sail,sailboat,12.69,4.0,2.01,4.4,136,144,151,7,8
5258,sail,sailboat,12.82,4.19,2.06,3.8,136,147,160,13,11
5309,motor,motorboat,13.19,3.68,1.19,7.0,136,148,158,10,12
5325,motor,motorboat,14.65,4.51,1.28,5.6,136,148,157,9,12
5388,sail,sailboat,9.5,3.22,1.62,2.4,136,150,162,12,14
5466,sail,sailboat,14.02,4.72,2.22,6.8,136,151,173,22,15
5524,small,motorboat,8.15,2.69,0.87,0.0,136,152,155,3,16
5553,motor,motorboat,15.84,4.42,1.48,13.2,136,153,156,3,17
5911,sail,sailboat,12.88,3.88,2.29,0.0,136,163,164,1,27
6288,sail,sailboat,9.5,2.98,1.65,2.6,136,174,181,7,38
6381,sail,sailboat,10.87,3.31,1.65,5.1,136,177,184,7,41
6895,sail,sailboat,11.94,3.71,1.88,4.7,136,200,210,10,64
4745,sail,sailboat,13.38,4.43,2.17,3.1,137,137,138,1,0
4748,motor,motorboat,17.27,4.91,1.5,9.7,137,137,139,2,0
4766,motor,motorboat,15.42,4.44,1.48,8.6,137,137,139,2,0
4773,motor,motorboat,18.56,5.24,1.68,9.6,137,137,138,1,0
4778,motor,motorboat,10.92,3.11,1.0,6.8,137,137,138,1,0
4792,sail,sailboat,13.47,4.12,2.45,0.0,137,137,140,3,0
4808,motor,motorboat,15.13,4.36,1.33,0.0,137,137,138,1,0
4818,sail,sailboat,11.21,3.73,1.71,6.4,137,138,141,3,1
4826,motor,motorboat,13.84,4.04,1.45,5.8,137,138,141,3,1
4862,small,motorboat,8.79,2.94,0.91,0.0,137,138,144,6,1
4864,small,motorboat,7.88,2.73,0.76,0.0,137,138,140,2,1
4865,motor,motorboat,17.01,4.83,1.45,13.9,137,138,149,11,1
4871,sail,sailboat,17.0,5.6,2.79,6.1,137,139,142,3,2
4875,motor,motorboat,16.77,4.76,1.55,0.0,137,139,142,3,2
4885,motor,motorboat,13.05,3.66,1.14,5.8,137,139,146,7,2
4902,sail,sailboat,15.96,5.16,2.84,7.6,137,139,143,4,2
4940,motor,motorboat,10.33,3.07,1.08,6.1,137,140,144,4,3
5058,sail,sailboat,12.0,3.71,1.93,4.2,137,143,146,3,6
5075,motor,motorboat,17.31,5.15,1.81,9.1,137,143,147,4,6
5114,super,yacht,24.93,6.61,3.0,35.8,137,144,146,2,7
5150,sail,sailboat,13.5,4.14,2.09,6.3,137,144,145,1,7
5172,sail,sailboat,17.0,5.64,2.84,8.4,137,145,147,2,8
5184,sail,sailboat,10.61,3.45,1.69,3.5,137,145,146,1,8
5210,motor,motorboat,18.23,5.48,1.74,6.6,137,146,147,1,9
5240,sail,sailboat,11.79,3.83,1.98,6.1,137,146,148,2,9
5286,super,yacht,25.28,7.07,3.18,37.8,137,148,149,1,11
5287,motor,motorboat,10.0,2.98,1.03,7.0,137,148,150,2,11
5315,motor,motorboat,15.61,4.34,1.38,10.1,137,148,151,3,11
5336,super,yacht,20.99,5.46,2.72,18.8,137,149,152,3,12
5355,small,motorboat,6.74,2.31,0.7,0.0,137,149,155,6,12
5423,small,motorboat,7.83,2.78,0.81,3.1,137,150,157,7,13
5426,sail,sailboat,12.94,4.34,2.14,5.6,137,150,153,3,13
5428,sail,sailboat,12.77,3.98,1.95,0.0,137,150,153,3,13
5430,motor,motorboat,20.07,5.68,1.86,17.1,137,150,157,7,13
5451,sail,sailboat,13.5,4.34,2.26,3.1,137,151,153,2,14
5474,sail,sailboat,15.56,4.8,2.83,12.0,137,151,155,4,14
5493,sail,sailboat,13.43,4.41,2.05,4.4,137,151,153,2,14
5563,sail,sailboat,11.06,3.48,1.85,5.0,137,153,154,1,16
6315,sail,sailboat,12.86,4.09,2.37,5.3,137,175,182,7,38
6502,super,yacht,21.76,6.0,2.86,13.5,137,180,183,3,43
6544,super,yacht,23.85,6.47,3.02,20.1,137,181,197,16,44
6580,small,motorboat,8.47,3.02,0.77,3.4,137,182,184,2,45
6826,small,motorboat,8.3,2.69,0.87,3.4,137,197,214,17,60
4812,sail,sailboat,12.27,4.15,2.13,3.1,138,138,139,1,0
4847,sail,sailboat,11.07,3.47,1.82,0.0,138,138,144,6,0
4850,small,motorboat,8.8,2.84,0.82,3.0,138,138,152,14,0
4882,sail,sailboat,9.5,2.91,1.52,2.5,138,139,145,6,1
4889,sail,sailboat,13.27,4.05,2.34,5.6,138,139,147,8,1
4890,motor,motorboat,10.69,3.13,1.09,5.3,138,139,140,1,1
4891,small,motorboat,7.38,2.38,0.7,3.1,138,139,140,1,1
4900,motor,motorboat,17.22,4.79,1.56,7.7,138,139,149,10,1
4911,motor,motorboat,17.79,5.18,1.58,7.9,138,139,142,3,1
4913,sail,sailboat,17.0,5.76,3.04,7.8,138,140,146,6,2
4918,small,motorboat,8.36,2.86,0.89,2.7,138,140,146,6,2
4930,sail,sailboat,13.79,4.33,2.21,6.5,138,140,142,2,2
4931,motor,motorboat,15.28,4.72,1.42,0.0,138,140,141,1,2
4934,sail,sailboat,10.67,3.45,1.75,6.2,138,140,141,1,2
4948,motor,motorboat,10.0,2.85,1.03,5.9,138,141,145,4,3
4958,sail,sailboat,9.5,3.1,1.47,2.4,138,141,149,8,3
5098,small,motorboat,7.23,2.47,0.77,3.3,138,144,146,2,6
5136,small,motorboat,6.75,2.34,0.71,2.7,138,144,146,2,6
5151,motor,motorboat,13.75,3.96,1.43,5.8,138,145,152,7,7
5154,sail,sailboat,13.54,4.11,2.37,4.8,138,145,147,2,7
5216,motor,motorboat,20.45,6.03,1.79,37.1,138,146,148,2,8
5313,sail,sailboat,15.32,4.91,2.75,0.0,138,148,149,1,10
5406,motor,motorboat,14.1,4.11,1.31,4.3,138,150,153,3,12
5422,super,yacht,23.97,6.75,2.86,23.5,138,150,154,4,12
5513,super,yacht,25.25,6.45,2.81,21.6,138,152,155,3,14
5516,motor,motorboat,19.02,5.71,1.8,6.5,138,152,155,3,14
5531,motor,motorboat,18.88,5.61,1.85,6.7,138,152,157,5,14
5546,small,motorboat,7.35,2.37,0.81,3.1,138,152,154,2,14
5582,sail,sailboat,12.17,3.99,1.87,6.6,138,154,156,2,16
5695,super,yacht,27.63,7.77,3.3,14.7,138,157,167,10,19
6126,motor,motorboat,18.2,5.1,1.87,9.4,138,170,176,6,32
6350,motor,motorboat,16.18,4.68,1.45,9.3,138,176,177,1,38
4873,small,motorboat,6.87,2.39,0.71,0.0,139,139,141,2,0
4907,sail,sailboat,11.12,3.71,2.03,0.0,139,139,140,1,0
4921,sail,sailboat,14.45,4.65,2.37,6.7,139,140,141,1,1
4928,sail,sailboat,15.65,5.06,2.75,0.0,139,140,141,1,1
4950,small,motorboat,8.44,2.9,0.76,0.0,139,141,147,6,2
4957,motor,motorboat,18.84,5.65,1.71,12.7,139,141,142,1,2
4964,sail,sailboat,12.59,4.22,2.04,5.4,139,141,144,3,2
4979,super,yacht,26.94,7.16,3.2,38.7,139,141,143,2,2
4985,sail,sailboat,14.1,4.73,2.38,0.0,139,142,143,1,3
4988,motor,motorboat,15.61,4.67,1.55,6.1,139,142,148,6,3
5054,sail,sailboat,12.22,3.71,2.08,4.6,139,143,148,5,4
5081,sail,sailboat,9.5,2.99,1.64,2.4,139,143,150,7,4
5108,motor,motorboat,13.4,3.74,1.39,4.6,139,144,148,4,5
5206,motor,motorboat,10.24,3.19,0.96,3.7,139,146,152,6,7
5214,small,motorboat,6.61,2.37,0.69,0.0,139,146,148,2,7
5233,sail,sailboat,13.28,4.18,2.13,0.0,139,146,148,2,7
5299,sail,sailboat,12.46,3.85,2.06,0.0,139,148,153,5,9
5303,sail,sailboat,15.08,4.92,2.72,7.3,139,148,153,5,9
5317,motor,motorboat,15.6,4.88,1.34,11.3,139,148,150,2,9
5351,motor,motorboat,14.82,4.29,1.38,5.3,139,149,153,4,10
5370,motor,motorboat,19.58,5.92,1.93,0.0,139,149,161,12,10
5390,sail,sailboat,13.93,4.34,2.54,0.0,139,150,155,5,11
5437,motor,motorboat,14.82,4.5,1.5,4.5,139,151,153,2,12
5438,sail,sailboat,13.25,4.06,2.22,5.7,139,151,152,1,12
5441,motor,motorboat,18.26,5.18,1.9,10.0,139,151,155,4,12
5456,sail,sailboat,15.45,4.9,2.55,12.5,139,151,155,4,12
5515,motor,motorboat,17.44,5.17,1.54,10.4,139,152,154,2,13
5521,sail,sailboat,9.5,3.22,1.46,0.0,139,152,165,13,13
5530,super,yacht,25.03,7.05,3.13,23.3,139,152,158,6,13
5549,sail,sailboat,9.89,3.01,1.57,0.0,139,152,166,14,13
5617,sail,sailboat,12.0,4.06,1.79,0.0,139,155,157,2,16
5856,small,motorboat,8.17,2.81,0.89,0.0,139,162,167,5,23
5860,sail,sailboat,11.67,3.81,1.94,3.4,139,162,169,7,23
5888,sail,sailboat,12.93,4.07,2.27,0.0,139,163,166,3,24
6043,motor,motorboat,14.77,4.1,1.31,0.0,139,167,172,5,28
6161,sail,sailboat,14.92,4.92,2.52,0.0,139,171,174,3,32
6398,motor,motorboat,12.24,3.56,1.29,4.5,139,178,184,6,39
6482,sail,sailboat,9.62,2.97,1.56,3.4,139,179,184,5,40
6828,sail,sailboat,11.66,3.56,1.83,0.0,139,197,200,3,58
6880,sail,sailboat,12.12,3.75,2.07,4.4,139,199,202,3,60
4912,sail,sailboat,11.63,3.65,1.9,6.1,140,140,143,3,0
4927,sail,sailboat,13.72,4.26,2.28,6.9,140,140,141,1,0
4937,motor,motorboat,17.55,5.15,1.66,8.4,140,140,141,1,0
4952,motor,motorboat,12.58,3.52,1.25,5.0,140,141,142,1,1
4953,sail,sailboat,14.5,4.61,2.45,4.4,140,141,170,29,1
4954,motor,motorboat,16.08,4.91,1.49,9.7,140,141,144,3,1
4963,motor,motorboat,16.87,4.99,1.65,8.9,140,141,150,9,1
4966,sail,sailboat,12.37,4.13,2.1,5.1,140,141,145,4,1
4969,motor,motorboat,14.74,4.58,1.36,5.5,140,141,144,3,1
4992,small,motorboat,7.15,2.39,0.67,2.0,140,142,147,5,2
4998,super,yacht,23.39,6.5,2.76,31.6,140,142,144,2,2
5006,small,motorboat,8.87,3.04,0.91,3.5,140,142,144,2,2
5009,motor,motorboat,17.03,4.83,1.71,10.1,140,142,143,1,2
5016,sail,sailboat,12.45,3.82,2.22,0.0,140,142,143,1,2
5022,motor,motorboat,17.42,5.13,1.58,9.7,140,142,145,3,2
5023,sail,sailboat,11.78,3.64,2.01,4.8,140,142,149,7,2
5099,sail,sailboat,10.7,3.38,1.66,4.8,140,144,146,2,4
5104,small,motorboat,6.18,2.17,0.6,3.4,140,144,150,6,4
5164,motor,motorboat,19.82,5.59,2.06,8.5,140,145,149,4,5
5168,motor,motorboat,18.52,5.24,1.75,12.5,140,145,146,1,5
5261,motor,motorboat,18.8,5.33,1.73,10.5,140,147,149,2,7
5311,motor,motorboat,13.5,3.97,1.2,4.1,140,148,151,3,8
5327,motor,motorboat,12.05,3.67,1.22,0.0,140,148,171,23,8
5346,motor,motorboat,21.19,6.16,1.95,34.1,140,149,154,5,9
5363,small,motorboat,7.96,2.74,0.72,2.4,140,149,150,1,9
5375,sail,sailboat,11.08,3.73,1.75,4.9,140,150,151,1,10
5378,super,yacht,22.31,5.84,2.43,16.8,140,150,152,2,10
5387,motor,motorboat,11.81,3.64,1.23,5.3,140,150,154,4,10
5413,motor,motorboat,15.04,4.55,1.34,10.9,140,150,160,10,10
5448,sail,sailboat,16.47,5.23,2.5,6.7,140,151,159,8,11
5485,sail,sailboat,15.32,5.19,2.64,11.3,140,151,152,1,11
5525,sail,sailboat,12.9,4.03,2.23,0.0,140,152,155,3,12
5533,small,motorboat,6.62,2.2,0.6,3.3,140,152,153,1,12
5537,motor,motorboat,18.77,5.36,1.86,13.8,140,152,153,1,12
5585,sail,sailboat,9.5,2.99,1.43,0.0,140,154,155,1,14
5704,sail,sailboat,14.22,4.34,2.46,0.0,140,157,161,4,17
5853,super,yacht,22.53,5.96,3.02,12.6,140,162,163,1,22
6213,sail,sailboat,14.59,4.85,2.63,0.0,140,172,185,13,32
6310,motor,motorboat,14.65,4.58,1.35,0.0,140,175,195,20,35
6515,sail,sailboat,10.45,3.49,1.9,6.8,140,180,182,2,40
6622,sail,sailboat,17.0,5.43,3.11,0.0,140,185,188,3,45
6741,motor,motorboat,14.05,4.26,1.25,3.1,140,192,214,22,52
6830,super,yacht,24.61,6.29,3.27,20.4,140,197,199,2,57
4955,small,motorboat,7.86,2.72,0.77,0.0,141,141,148,7,0
4956,motor,motorboat,16.78,5.06,1.54,12.8,141,141,150,9,0
4960,motor,motorboat,19.7,5.56,1.71,0.0,141,141,143,2,0
4962,motor,motorboat,20.12,6.03,1.92,0.0,141,141,144,3,0
4965,small,motorboat,7.32,2.4,0.7,0.0,141,141,145,4,0
4971,sail,sailboat,13.45,4.06,2.11,4.2,141,141,144,3,0
4987,sail,sailboat,14.85,4.52,2.35,4.1,141,142,143,1,1
4999,motor,motorboat,12.92,3.85,1.11,5.0,141,142,144,2,1
5025,small,motorboat,9.26,3.05,0.91,3.4,141,143,145,2,2
5027,sail,sailboat,17.0,5.47,2.72,13.1,141,143,145,2,2
5031,sail,sailboat,14.71,4.85,2.4,3.0,141,143,146,3,2
5045,sail,sailboat,9.83,2.97,1.57,0.0,141,143,149,6,2
5050,sail,sailboat,15.47,5.01,2.49,8.3,141,143,157,14,2
5052,motor,motorboat,15.04,4.38,1.31,11.5,141,143,157,14,2
5053,sail,sailboat,11.89,4.01,2.01,4.0,141,143,145,2,2
5059,small,motorboat,6.81,2.45,0.65,0.0,141,143,158,15,2
5073,motor,motorboat,15.69,4.65,1.42,12.5,141,143,144,1,2
5079,small,motorboat,6.14,2.04,0.67,0.0,141,143,147,4,2
5082,small,motorboat,8.11,2.75,0.78,0.0,141,143,147,4,2
5085,sail,sailboat,10.93,3.33,1.79,3.2,141,143,145,2,2
5094,sail,sailboat,14.67,4.86,2.62,4.0,141,144,170,26,3
5101,small,motorboat,9.26,3.08,0.97,2.9,141,144,145,1,3
5113,motor,motorboat,16.77,4.8,1.46,0.0,141,144,148,4,3
5127,sail,sailboat,16.47,5.48,2.84,10.4,141,144,146,2,3
5138,motor,motorboat,10.0,2.85,0.94,5.9,141,144,147,3,3
5173,motor,motorboat,17.68,5.18,1.58,6.0,141,145,146,1,4
5177,sail,sailboat,10.48,3.27,1.59,4.0,141,145,146,1,4
5230,motor,motorboat,13.69,3.98,1.43,6.6,141,146,170,24,5
5294,motor,motorboat,10.0,2.79,1.05,4.7,141,148,151,3,7
5307,sail,sailboat,9.85,3.02,1.74,2.7,141,148,149,1,7
5335,sail,sailboat,15.22,4.64,2.39,12.1,141,149,155,6,8
5347,sail,sailboat,14.34,4.75,2.55,3.7,141,149,150,1,8
5349,sail,sailboat,10.18,3.08,1.79,4.6,141,149,150,1,8
5398,sail,sailboat,10.93,3.5,1.85,5.7,141,150,159,9,9
5411,super,yacht,24.27,6.51,2.82,15.4,141,150,154,4,9
5414,sail,sailboat,14.26,4.46,2.22,6.0,141,150,152,2,9
5443,sail,sailboat,14.52,4.66,2.18,5.2,141,151,153,2,10
5463,sail,sailboat,13.42,4.5,2.07,5.1,141,151,155,4,10
5527,motor,motorboat,14.26,4.4,1.36,6.8,141,152,156,4,11
5583,sail,sailboat,9.5,3.19,1.49,2.7,141,154,155,1,13
5590,motor,motorboat,11.03,3.26,1.17,0.0,141,154,180,26,13
5628,super,yacht,22.46,6.13,2.68,38.5,141,155,158,3,14
5796,small,motorboat,6.36,2.03,0.64,0.0,141,160,163,3,19
5870,super,yacht,22.25,6.09,2.55,21.1,141,162,163,1,21
6221,super,yacht,24.47,6.29,2.92,36.7,141,172,175,3,31
6447,small,motorboat,8.54,3.01,0.95,0.0,141,179,182,3,38
6691,sail,sailboat,13.85,4.57,2.13,0.0,141,189,192,3,48
6753,motor,motorboat,14.59,4.35,1.28,6.6,141,192,193,1,51
6760,sail,sailboat,12.35,3.81,2.09,0.0,141,192,195,3,51
6812,sail,sailboat,12.5,4.19,2.04,6.5,141,196,199,3,55
6868,motor,motorboat,16.61,5.04,1.6,8.4,141,199,205,6,58
4993,sail,sailboat,14.1,4.78,2.52,6.2,142,142,145,3,0
4996,sail,sailboat,13.94,4.41,2.16,3.9,142,142,148,6,0
5005,sail,sailboat,15.48,4.84,2.35,11.0,142,142,154,12,0
5007,motor,motorboat,19.77,6.11,2.06,11.4,142,142,144,2,0
5010,motor,motorboat,20.06,5.97,1.89,0.0,142,142,148,6,0
5014,small,motorboat,9.1,3.07,0.99,0.0,142,142,144,2,0
5017,motor,motorboat,15.77,4.59,1.52,12.3,142,142,143,1,0
5024,motor,motorboat,14.81,4.31,1.31,4.9,142,142,145,3,0
5026,motor,motorboat,14.05,4.38,1.39,3.2,142,143,149,6,1
5030,sail,sailboat,11.65,3.81,2.09,0.0,142,143,144,1,1
5034,sail,sailboat,13.67,4.43,2.12,3.7,142,143,146,3,1
5035,sail,sailboat,11.73,3.61,1.99,4.0,142,143,145,2,1
5038,sail,sailboat,13.95,4.24,2.12,5.9,142,143,154,11,1
5042,small,motorboat,7.75,2.68,0.72,2.5,142,143,144,1,1
5051,motor,motorboat,16.65,4.97,1.55,13.8,142,143,147,4,1
5063,sail,sailboat,16.86,5.64,2.76,6.4,142,143,145,2,1
5069,sail,sailboat,13.25,3.99,2.17,0.0,142,143,146,3,1
5110,motor,motorboat,15.49,4.54,1.34,10.1,142,144,151,7,2
5117,super,yacht,21.75,5.89,2.85,25.6,142,144,151,7,2
5125,motor,motorboat,12.64,3.92,1.3,4.3,142,144,170,26,2
5198,motor,motorboat,11.84,3.33,1.04,5.0,142,146,147,1,4
5203,small,motorboat,8.92,2.95,0.97,0.0,142,146,148,2,4
5253,super,yacht,28.44,7.82,3.21,36.3,142,147,150,3,5
5319,motor,motorboat,15.66,4.51,1.59,10.7,142,148,153,5,6
5326,small,motorboat,7.6,2.72,0.82,2.7,142,148,152,4,6
5341,motor,motorboat,10.0,2.92,0.99,4.2,142,149,153,4,7
5361,motor,motorboat,13.53,3.99,1.4,0.0,142,149,163,14,7
5396,motor,motorboat,14.54,4.11,1.39,5.7,142,150,153,3,8
5447,sail,sailboat,12.03,3.76,2.18,0.0,142,151,152,1,9
5457,motor,motorboat,18.4,5.29,1.71,12.3,142,151,155,4,9
5520,motor,motorboat,14.04,4.27,1.48,3.2,142,152,157,5,10
5522,sail,sailboat,16.52,5.17,2.88,0.0,142,152,153,1,10
5592,sail,sailboat,13.59,4.19,2.36,6.6,142,154,155,1,12
5646,motor,motorboat,17.14,5.23,1.52,9.7,142,156,164,8,14
5963,sail,sailboat,11.72,3.71,1.94,3.5,142,165,168,3,23
6090,motor,motorboat,16.16,4.58,1.66,10.7,142,169,172,3,27
6147,super,yacht,20.8,5.71,2.45,23.0,142,171,173,2,29
6194,motor,motorboat,16.37,4.94,1.45,9.8,142,171,196,25,29
6348,sail,sailboat,10.21,3.4,1.74,5.4,142,176,180,4,34
6671,sail,sailboat,11.97,3.8,1.94,0.0,142,187,188,1,45
6873,small,motorboat,6.39,2.28,0.58,3.0,142,199,201,2,57
6951,sail,sailboat,13.86,4.51,2.12,5.2,142,204,206,2,62
5033,sail,sailboat,13.06,4.39,2.41,6.4,143,143,144,1,0
5043,sail,sailboat,15.13,4.82,2.3,0.0,143,143,144,1,0
5048,small,motorboat,6.57,2.13,0.65,0.0,143,143,155,12,0
5068,sail,sailboat,11.72,3.94,1.85,0.0,143,143,145,2,0
5096,motor,motorboat,17.0,5.22,1.5,12.6,143,144,147,3,1
5097,sail,sailboat,12.56,4.24,2.09,5.2,143,144,151,7,1
5107,sail,sailboat,13.62,4.52,2.06,0.0,143,144,147,3,1
5109,sail,sailboat,14.66,4.42,2.22,6.0,143,144,145,1,1
5126,motor,motorboat,10.0,3.0,1.05,5.1,143,144,146,2,1
5148,sail,sailboat,15.17,4.83,2.34,8.0,143,144,146,2,1
5157,sail,sailboat,12.65,4.18,1.98,0.0,143,145,147,2,2
5160,sail,sailboat,11.49,3.59,1.72,6.1,143,145,147,2,2
5165,sail,sailboat,12.77,3.97,1.93,6.1,143,145,148,3,2
5174,sail,sailboat,14.06,4.68,2.23,4.6,143,145,150,5,2
5181,sail,sailboat,12.25,3.71,2.03,0.0,143,145,147,2,2
5239,super,yacht,21.49,5.96,2.42,14.4,143,146,148,2,3
5282,sail,sailboat,13.84,4.59,2.17,4.1,143,148,151,3,5
5288,small,motorboat,6.38,2.09,0.65,0.0,143,148,154,6,5
5366,small,motorboat,6.88,2.25,0.68,0.0,143,149,150,1,6
5409,sail,sailboat,11.99,3.9,2.06,0.0,143,150,157,7,7
5420,motor,motorboat,16.44,4.95,1.49,10.0,143,150,172,22,7
5473,sail,sailboat,12.37,3.78,1.86,6.9,143,151,152,1,8
5478,motor,motorboat,14.48,4.35,1.48,3.4,143,151,154,3,8
5534,motor,motorboat,18.08,5.46,1.84,10.6,143,152,154,2,9
5538,sail,sailboat,13.62,4.13,2.51,4.6,143,152,153,1,9
5544,sail,sailboat,16.73,5.43,2.76,0.0,143,152,155,3,9
5570,motor,motorboat,18.47,5.42,1.86,7.9,143,153,155,2,10
5580,sail,sailboat,13.07,4.14,2.08,0.0,143,154,156,2,11
5598,super,yacht,26.11,7.35,2.88,28.1,143,154,160,6,11
5629,sail,sailboat,11.83,3.83,2.01,5.9,143,156,162,6,13
5705,motor,motorboat,11.42,3.32,1.21,6.8,143,157,160,3,14
5810,small,motorboat,8.82,3.15,0.92,2.8,143,160,166,6,17
5844,motor,motorboat,10.69,3.09,1.06,6.0,143,161,168,7,18
5088,motor,motorboat,13.43,3.84,1.33,5.3,144,144,158,14,0
5103,small,motorboat,7.79,2.72,0.85,0.0,144,144,173,29,0
5105,small,motorboat,7.52,2.68,0.8,3.4,144,144,156,12,0
5106,small,motorboat,8.9,3.07,0.82,0.0,144,144,145,1,0
5111,small,motorboat,9.04,3.23,0.92,2.8,144,144,147,3,0
5112,sail,sailboat,9.5,2.94,1.65,2.3,144,144,149,5,0
5115,sail,sailboat,10.02,3.32,1.53,5.0,144,144,145,1,0
5121,sail,sailboat,11.98,3.91,1.82,0.0,144,144,147,3,0
5133,small,motorboat,8.51,2.85,0.8,0.0,144,144,149,5,0
5135,motor,motorboat,13.76,4.26,1.3,5.9,144,144,147,3,0
5140,motor,motorboat,15.34,4.75,1.4,9.3,144,144,158,14,0
5166,sail,sailboat,12.21,4.06,1.85,6.2,144,145,153,8,1
5167,sail,sailboat,14.42,4.69,2.17,5.4,144,145,150,5,1
5182,sail,sailboat,11.71,3.62,2.16,4.5,144,145,151,6,1
5185,sail,sailboat,14.57,4.8,2.52,3.0,144,145,147,2,1
5186,motor,motorboat,15.7,4.88,1.4,11.1,144,145,148,3,1
5187,sail,sailboat,11.49,3.83,1.95,7.0,144,145,152,7,1
5212,sail,sailboat,16.0,5.01,2.72,13.1,144,146,149,3,2
5219,sail,sailboat,13.64,4.38,2.37,5.3,144,146,153,7,2
5220,small,motorboat,6.21,2.14,0.62,0.0,144,146,147,1,2
5226,motor,motorboat,15.28,4.7,1.57,9.9,144,146,148,2,2
5342,motor,motorboat,16.04,4.65,1.71,8.4,144,149,157,8,5
5410,small,motorboat,7.13,2.45,0.69,0.0,144,150,152,2,6
5427,sail,sailboat,10.82,3.4,1.96,3.3,144,150,152,2,6
5446,small,motorboat,8.44,2.96,0.79,2.4,144,151,156,5,7
5496,small,motorboat,7.16,2.49,0.67,3.1,144,151,152,1,7
5595,motor,motorboat,15.93,4.53,1.55,6.2,144,154,165,11,10
5604,small,motorboat,8.56,2.83,0.91,2.3,144,155,157,2,11
5608,motor,motorboat,19.15,5.43,1.94,12.2,144,155,164,9,11
5635,sail,sailboat,12.92,4.15,2.11,6.5,144,156,164,8,12
5984,motor,motorboat,19.02,5.85,2.0,0.0,144,165,171,6,21
6128,sail,sailboat,16.14,4.87,2.64,10.2,144,170,176,6,26
6267,sail,sailboat,11.87,3.67,1.76,0.0,144,173,177,4,29
5163,motor,motorboat,17.06,5.31,1.51,7.7,145,145,159,14,0
5194,motor,motorboat,11.94,3.54,1.06,5.1,145,145,152,7,0
5197,sail,sailboat,15.96,4.94,2.92,7.2,145,146,147,1,1
5205,small,motorboat,9.12,2.93,0.93,3.0,145,146,159,13,1
5215,motor,motorboat,15.29,4.5,1.58,12.0,145,146,147,1,1
5217,small,motorboat,8.18,2.78,0.85,3.4,145,146,151,5,1
5225,motor,motorboat,18.95,5.64,1.89,6.1,145,146,149,3,1
5237,small,motorboat,6.3,2.06,0.65,2.7,145,146,152,6,1
5251,motor,motorboat,14.14,4.14,1.22,0.0,145,147,150,3,2
5260,sail,sailboat,15.05,4.62,2.25,11.3,145,147,172,25,2
5263,motor,motorboat,12.87,3.86,1.2,4.0,145,147,150,3,2
5264,sail,sailboat,12.88,4.08,2.15,0.0,145,147,166,19,2
5267,motor,motorboat,15.24,4.51,1.32,12.0,145,147,150,3,2
5290,super,yacht,23.22,5.97,2.75,24.6,145,148,149,1,3
5359,sail,sailboat,15.45,5.03,2.43,12.4,145,149,150,1,4
5372,motor,motorboat,14.8,4.57,1.51,6.5,145,149,151,2,4
5484,sail,sailboat,12.99,4.22,2.07,6.5,145,151,157,6,6
5552,sail,sailboat,10.77,3.41,1.75,3.6,145,153,156,3,8
5555,sail,sailboat,17.0,5.53,3.12,8.0,145,153,155,2,8
5573,sail,sailboat,11.47,3.64,1.88,5.6,145,154,156,2,9
5575,sail,sailboat,13.58,4.2,2.04,6.6,145,154,156,2,9
5581,sail,sailboat,9.99,3.28,1.69,0.0,145,154,156,2,9
5584,motor,motorboat,12.48,3.9,1.32,0.0,145,154,157,3,9
5588,sail,sailboat,13.79,4.46,2.48,0.0,145,154,156,2,9
5644,motor,motorboat,14.23,3.97,1.37,0.0,145,156,166,10,11
5660,super,yacht,25.26,6.5,3.35,31.2,145,157,171,14,12
5677,small,motorboat,6.14,2.07,0.66,0.0,145,157,166,9,12
5759,small,motorboat,8.74,2.85,0.83,2.8,145,159,163,4,14
5763,motor,motorboat,14.6,4.26,1.31,5.6,145,159,160,1,14
5775,sail,sailboat,13.0,4.07,2.25,5.5,145,159,160,1,14
6386,sail,sailboat,13.65,4.18,2.4,4.1,145,177,182,5,32
6479,small,motorboat,7.02,2.27,0.77,2.6,145,179,193,14,34
6582,super,yacht,27.19,7.02,3.05,23.0,145,182,189,7,37
6635,small,motorboat,7.97,2.74,0.77,3.0,145,185,188,3,40
6636,sail,sailboat,9.8,2.97,1.8,2.4,145,185,187,2,40
6811,super,yacht,28.04,7.17,3.61,19.4,145,196,199,3,51
5199,sail,sailboat,15.94,5.28,2.87,13.5,146,146,171,25,0
5204,small,motorboat,6.14,2.18,0.65,3.1,146,146,149,3,0
5207,sail,sailboat,12.5,4.12,2.01,3.7,146,146,150,4,0
5228,motor,motorboat,15.72,4.63,1.54,12.6,146,146,148,2,0
5236,sail,sailboat,11.57,3.88,2.08,6.3,146,146,149,3,0
5242,super,yacht,25.27,6.92,3.18,39.1,146,146,153,7,0
5245,motor,motorboat,14.49,4.25,1.36,3.4,146,147,148,1,1
5259,motor,motorboat,17.54,5.02,1.71,7.2,146,147,149,2,1
5265,motor,motorboat,13.33,3.82,1.25,3.7,146,147,150,3,1
5269,sail,sailboat,15.48,4.66,2.78,0.0,146,147,149,2,1
5272,sail,sailboat,15.86,5.3,2.38,13.5,146,147,149,2,1
5275,sail,sailboat,15.12,4.85,2.38,12.7,146,148,150,2,2
5291,sail,sailboat,13.97,4.51,2.14,4.4,146,148,154,6,2
5296,motor,motorboat,11.64,3.49,1.1,4.1,146,148,153,5,2
5314,sail,sailboat,14.74,4.47,2.4,0.0,146,148,151,3,2
5316,sail,sailboat,9.56,2.97,1.46,0.0,146,148,149,1,2
5318,sail,sailboat,15.45,5.22,2.5,9.6,146,148,164,16,2
5337,sail,sailboat,10.98,3.68,2.03,4.3,146,149,153,4,3
5354,super,yacht,22.35,6.12,2.5,17.0,146,149,152,3,3
5367,sail,sailboat,10.33,3.49,1.8,4.3,146,149,155,6,3
5453,motor,motorboat,18.54,5.76,1.82,0.0,146,151,153,2,5
5480,motor,motorboat,16.81,4.75,1.75,6.1,146,151,160,9,5
5482,motor,motorboat,16.44,4.87,1.43,9.6,146,151,152,1,5
5560,sail,sailboat,14.68,4.69,2.34,0.0,146,153,154,1,7
5568,motor,motorboat,11.96,3.4,1.03,5.6,146,153,155,2,7
5611,motor,motorboat,20.41,5.72,1.87,18.2,146,155,159,4,9
5656,motor,motorboat,17.43,5.23,1.6,11.3,146,157,160,3,11
5659,sail,sailboat,17.0,5.51,2.91,6.3,146,157,168,11,11
5671,super,yacht,25.16,7.08,3.09,37.4,146,157,162,5,11
5674,sail,sailboat,13.99,4.45,2.33,4.9,146,157,162,5,11
5683,motor,motorboat,13.14,3.87,1.14,0.0,146,157,160,3,11
5686,small,motorboat,8.91,3.09,0.81,2.9,146,157,164,7,11
5707,motor,motorboat,15.5,4.74,1.46,12.4,146,158,165,7,12
5721,sail,sailboat,14.82,4.84,2.54,4.9,146,158,162,4,12
5789,sail,sailboat,14.7,4.96,2.55,5.0,146,159,165,6,13
5876,motor,motorboat,10.0,2.81,0.91,5.3,146,162,164,2,16
6201,super,yacht,26.52,7.55,3.23,0.0,146,172,173,1,26
6781,small,motorboat,9.05,3.2,0.83,2.2,146,193,194,1,47
5255,motor,motorboat,14.74,4.49,1.32,0.0,147,147,149,2,0
5262,sail,sailboat,11.16,3.64,1.8,6.4,147,147,150,3,0
5273,small,motorboat,6.18,2.01,0.6,2.3,147,148,151,3,1
5297,small,motorboat,8.38,2.76,0.9,0.0,147,148,159,11,1
5298,motor,motorboat,14.06,4.13,1.32,0.0,147,148,152,4,1
5300,sail,sailboat,9.5,3.18,1.67,2.6,147,148,154,6,1
5301,motor,motorboat,18.5,5.67,1.9,7.0,147,148,149,1,1
5304,small,motorboat,9.5,3.2,0.88,0.0,147,148,149,1,1
5305,sail,sailboat,11.54,3.9,2.12,0.0,147,148,150,2,1
5306,sail,sailboat,9.5,2.91,1.72,3.4,147,148,149,1,1
5322,sail,sailboat,12.68,4.09,2.31,5.0,147,148,152,4,1
5332,sail,sailboat,15.74,4.92,2.67,0.0,147,149,163,14,2
5353,sail,sailboat,14.7,4.58,2.53,4.3,147,149,152,3,2
5368,motor,motorboat,11.87,3.35,1.12,5.9,147,149,151,2,2
5371,sail,sailboat,10.24,3.31,1.73,3.8,147,149,152,3,2
5380,sail,sailboat,12.11,3.96,1.95,5.4,147,150,152,2,3
5401,sail,sailboat,14.09,4.61,2.6,5.6,147,150,151,1,3
5405,motor,motorboat,17.31,5.02,1.59,11.7,147,150,153,3,3
5462,sail,sailboat,12.98,4.2,1.96,7.0,147,151,165,14,4
5494,sail,sailboat,12.67,4.29,2.17,3.2,147,151,153,2,4
5572,sail,sailboat,13.58,4.34,2.04,4.0,147,153,154,1,6
5601,super,yacht,25.85,7.26,3.22,36.3,147,155,156,1,8
5631,motor,motorboat,11.73,3.45,1.06,4.5,147,156,162,6,9
5639,motor,motorboat,14.86,4.39,1.52,3.1,147,156,158,2,9
5665,sail,sailboat,11.71,3.63,1.87,6.9,147,157,162,5,10
5681,sail,sailboat,13.45,4.11,2.23,5.2,147,157,161,4,10
5682,motor,motorboat,16.55,4.95,1.73,0.0,147,157,160,3,10
5691,motor,motorboat,19.86,6.12,1.92,0.0,147,157,158,1,10
5710,sail,sailboat,16.31,4.93,2.81,10.9,147,158,187,29,11
5711,sail,sailboat,15.7,4.81,2.55,13.1,147,158,170,12,11
5716,sail,sailboat,13.97,4.43,2.43,3.7,147,158,159,1,11
5726,motor,motorboat,18.26,5.13,1.65,9.6,147,158,161,3,11
5772,small,motorboat,8.46,2.75,0.81,0.0,147,159,166,7,12
5834,sail,sailboat,12.3,4.0,2.03,0.0,147,161,162,1,14
5838,sail,sailboat,12.84,4.16,2.04,0.0,147,161,185,24,14
5989,small,motorboat,6.55,2.24,0.7,2.1,147,165,166,1,18
5992,sail,sailboat,9.5,2.96,1.73,3.2,147,165,167,2,18
6718,sail,sailboat,12.22,3.96,2.1,6.8,147,190,197,7,43
6792,sail,sailboat,10.97,3.6,1.81,0.0,147,194,198,4,47
5274,small,motorboat,6.84,2.36,0.69,0.0,148,148,149,1,0
5276,sail,sailboat,10.44,3.45,1.78,6.6,148,148,153,5,0
5284,motor,motorboat,20.26,6.03,1.78,31.6,148,148,151,3,0
5289,sail,sailboat,12.49,3.86,1.99,5.2,148,148,151,3,0
5308,motor,motorboat,16.33,4.67,1.42,6.8,148,148,149,1,0
5321,sail,sailboat,13.81,4.44,2.55,0.0,148,148,151,3,0
5323,motor,motorboat,17.85,5.35,1.77,0.0,148,148,149,1,0
5324,sail,sailboat,13.41,4.23,2.42,4.1,148,148,150,2,0
5329,sail,sailboat,14.37,4.64,2.43,6.5,148,149,152,3,1
5343,motor,motorboat,15.95,4.61,1.47,11.2,148,149,150,1,1
5348,sail,sailboat,12.35,3.77,2.02,0.0,148,149,155,6,1
5350,sail,sailboat,9.5,3.16,1.43,3.5,148,149,163,14,1
5352,sail,sailboat,12.44,3.83,2.3,0.0,148,149,151,2,1
5357,motor,motorboat,11.88,3.55,1.24,4.2,148,149,170,21,1
5365,motor,motorboat,14.37,4.25,1.49,6.2,148,149,152,3,1
5381,small,motorboat,7.32,2.41,0.68,2.4,148,150,152,2,2
5412,sail,sailboat,14.59,4.67,2.39,4.1,148,150,153,3,2
5418,sail,sailboat,11.66,3.69,1.81,0.0,148,150,152,2,2
5421,small,motorboat,7.43,2.46,0.75,0.0,148,150,152,2,2
5439,motor,motorboat,11.81,3.37,1.16,5.9,148,151,155,4,3
5458,sail,sailboat,10.07,3.29,1.61,5.4,148,151,158,7,3
5479,super,yacht,24.95,6.4,3.33,24.4,148,151,156,5,3
5503,sail,sailboat,9.5,3.12,1.41,3.1,148,152,173,21,4
5514,sail,sailboat,15.94,5.18,2.69,0.0,148,152,159,7,4
5554,motor,motorboat,13.96,3.87,1.36,6.9,148,153,159,6,5
5558,sail,sailboat,16.23,5.38,2.82,9.9,148,153,155,2,5
5564,sail,sailboat,10.65,3.25,1.74,0.0,148,153,159,6,5
5600,motor,motorboat,14.34,4.35,1.42,0.0,148,155,165,10,7
5606,motor,motorboat,15.47,4.41,1.62,8.6,148,155,161,6,7
5661,motor,motorboat,12.91,3.62,1.24,6.9,148,157,158,1,9
5690,sail,sailboat,12.7,3.83,2.12,6.8,148,157,162,5,9
5694,super,yacht,23.05,5.93,2.78,39.3,148,157,159,2,9
5725,sail,sailboat,14.46,4.62,2.64,0.0,148,158,165,7,10
5758,motor,motorboat,16.87,5.16,1.53,9.8,148,159,160,1,11
5819,small,motorboat,7.41,2.66,0.76,0.0,148,161,163,2,13
5843,sail,sailboat,12.74,3.95,2.24,0.0,148,161,165,4,13
5875,sail,sailboat,12.12,3.77,2.04,4.5,148,162,163,1,14
6051,small,motorboat,8.36,2.96,0.87,0.0,148,167,170,3,19
6388,sail,sailboat,13.59,4.36,2.3,3.6,148,178,181,3,30
6390,small,motorboat,7.83,2.76,0.86,3.3,148,178,185,7,30
6504,sail,sailboat,17.0,5.64,2.66,13.5,148,180,187,7,32
6690,motor,motorboat,10.0,3.01,0.93,4.6,148,189,192,3,41
6736,super,yacht,27.34,7.75,3.09,32.2,148,191,200,9,43
5397,sail,sailboat,11.53,3.73,2.12,5.5,149,150,151,1,1
5399,sail,sailboat,13.63,4.61,2.2,3.1,149,150,151,1,1
5403,motor,motorboat,15.2,4.53,1.37,10.9,149,150,152,2,1
5408,small,motorboat,9.13,3.21,0.87,0.0,149,150,151,1,1
5415,sail,sailboat,12.03,3.67,2.04,6.5,149,150,155,5,1
5419,sail,sailboat,10.03,3.19,1.55,0.0,149,150,157,7,1
5424,motor,motorboat,14.71,4.44,1.27,5.1,149,150,152,2,1
5429,sail,sailboat,9.5,2.88,1.46,0.0,149,150,155,5,1
5431,motor,motorboat,17.79,5.16,1.53,10.3,149,150,152,2,1
5432,motor,motorboat,10.98,3.09,1.13,4.5,149,150,151,1,1
5449,motor,motorboat,17.7,5.12,1.56,6.0,149,151,175,24,2
5450,small,motorboat,8.03,2.62,0.78,0.0,149,151,154,3,2
5459,sail,sailboat,13.63,4.26,2.33,6.3,149,151,158,7,2
5460,sail,sailboat,14.34,4.38,2.37,3.2,149,151,155,4,2
5475,sail,sailboat,17.0,5.24,2.62,8.6,149,151,152,1,2
5492,motor,motorboat,14.26,4.34,1.22,6.5,149,151,156,5,2
5551,small,motorboat,6.78,2.18,0.69,0.0,149,152,157,5,3
5593,sail,sailboat,10.16,3.18,1.51,3.9,149,154,155,1,5
5647,sail,sailboat,14.41,4.38,2.42,0.0,149,156,160,4,7
5723,small,motorboat,8.52,2.87,0.82,0.0,149,158,169,11,9
5733,sail,sailboat,14.64,4.86,2.53,3.9,149,158,161,3,9
5771,motor,motorboat,15.21,4.39,1.31,10.6,149,159,170,11,10
5798,sail,sailboat,13.74,4.54,2.15,6.3,149,160,161,1,11
5800,motor,motorboat,15.39,4.37,1.58,6.1,149,160,163,3,11
5807,motor,motorboat,14.49,4.11,1.34,4.9,149,160,163,3,11
5814,motor,motorboat,18.96,5.32,1.87,12.7,149,160,165,5,11
5923,sail,sailboat,11.55,3.62,2.11,0.0,149,163,165,2,14
6005,sail,sailboat,13.39,4.39,2.3,5.4,149,166,169,3,17
6021,small,motorboat,6.3,2.21,0.69,2.0,149,166,168,2,17
6203,super,yacht,20.74,5.83,2.48,38.7,149,172,175,3,23
6323,super,yacht,27.14,7.51,3.53,29.6,149,175,182,7,26
6431,motor,motorboat,15.14,4.57,1.5,8.0,149,178,191,13,29
6656,sail,sailboat,10.7,3.54,1.81,4.0,149,186,187,1,37
6907,motor,motorboat,17.65,5.02,1.8,8.3,149,201,203,2,52
6945,motor,motorboat,18.2,5.42,1.93,7.4,149,204,205,1,55
7009,sail,sailboat,14.78,4.73,2.23,4.3,149,207,210,3,58
5377,motor,motorboat,17.24,5.06,1.64,10.5,150,150,156,6,0
5382,motor,motorboat,17.45,5.44,1.54,10.8,150,150,151,1,0
5393,motor,motorboat,10.47,3.24,1.03,3.6,150,150,156,6,0
5395,motor,motorboat,16.7,4.69,1.64,11.3,150,150,153,3,0
5407,motor,motorboat,14.64,4.19,1.54,5.2,150,150,159,9,0
5434,sail,sailboat,12.38,4.02,2.15,4.9,150,151,158,7,1
5454,small,motorboat,8.04,2.65,0.8,2.4,150,151,152,1,1
5455,motor,motorboat,16.71,4.75,1.67,12.8,150,151,157,6,1
5467,small,motorboat,6.85,2.45,0.63,3.0,150,151,161,10,1
5470,motor,motorboat,10.54,2.99,0.93,5.7,150,151,157,6,1
5488,small,motorboat,6.15,2.12,0.61,2.7,150,151,158,7,1
5510,sail,sailboat,15.81,4.76,2.51,13.3,150,152,154,2,2
5518,sail,sailboat,14.15,4.68,2.34,6.4,150,152,154,2,2
5519,motor,motorboat,13.21,3.98,1.15,5.4,150,152,162,10,2
5532,small,motorboat,9.45,3.05,0.94,0.0,150,152,155,3,2
5542,sail,sailboat,14.99,4.55,2.63,3.8,150,152,154,2,2
5543,sail,sailboat,17.0,5.72,3.1,7.6,150,152,156,4,2
5566,motor,motorboat,17.88,4.97,1.85,0.0,150,153,155,2,3
5599,sail,sailboat,11.35,3.43,1.72,6.5,150,155,169,14,5
5614,sail,sailboat,15.72,4.9,2.48,0.0,150,155,162,7,5
5662,sail,sailboat,14.07,4.69,2.55,0.0,150,157,159,2,7
5685,sail,sailboat,14.24,4.5,2.62,4.4,150,157,159,2,7
5687,small,motorboat,8.53,2.79,0.88,2.2,150,157,162,5,7
5697,sail,sailboat,13.7,4.14,2.06,3.9,150,157,158,1,7
5703,motor,motorboat,11.14,3.44,1.06,3.9,150,157,158,1,7
5881,small,motorboat,6.35,2.18,0.67,3.1,150,162,163,1,12
5914,sail,sailboat,12.89,4.33,2.19,0.0,150,163,165,2,13
5924,sail,sailboat,11.29,3.57,1.97,5.6,150,164,182,18,14
5956,motor,motorboat,15.41,4.5,1.45,12.0,150,164,169,5,14
6125,sail,sailboat,13.13,4.35,1.95,5.7,150,170,171,1,20
6230,small,motorboat,6.35,2.06,0.59,0.0,150,172,173,1,22
6321,sail,sailboat,10.63,3.36,1.7,4.5,150,175,178,3,25
6457,sail,sailboat,14.38,4.57,2.23,5.3,150,179,203,24,29
6798,sail,sailboat,11.18,3.44,1.74,5.5,150,195,197,2,45
6910,sail,sailboat,9.82,3.29,1.6,2.3,150,201,208,7,51
7001,super,yacht,24.5,6.5,3.27,36.3,150,207,212,5,57
5435,sail,sailboat,11.58,3.64,1.96,6.8,151,151,154,3,0
5444,sail,sailboat,14.18,4.43,2.25,4.7,151,151,156,5,0
5471,sail,sailboat,12.15,3.89,2.12,4.4,151,151,153,2,0
5486,sail,sailboat,12.12,4.06,1.97,6.8,151,151,152,1,0
5497,small,motorboat,8.92,3.11,0.97,3.0,151,151,155,4,0
5506,sail,sailboat,14.59,4.88,2.38,3.9,151,152,154,2,1
5507,small,motorboat,8.29,2.71,0.87,0.0,151,152,158,6,1
5517,sail,sailboat,15.45,4.92,2.3,7.0,151,152,158,6,1
5528,sail,sailboat,14.56,4.83,2.46,0.0,151,152,154,2,1
5541,sail,sailboat,14.25,4.68,2.4,5.3,151,152,172,20,1
5561,super,yacht,22.26,5.98,2.99,22.5,151,153,157,4,2
5567,sail,sailboat,13.92,4.41,2.23,3.7,151,153,155,2,2
5576,sail,sailboat,9.5,2.94,1.57,0.0,151,154,155,1,3
5597,motor,motorboat,15.36,4.27,1.55,13.8,151,154,157,3,3
5655,sail,sailboat,11.96,4.03,1.83,3.2,151,156,159,3,5
5737,super,yacht,24.23,6.51,2.64,36.0,151,158,160,2,7
5764,sail,sailboat,15.13,4.58,2.78,10.9,151,159,176,17,8
5868,sail,sailboat,14.11,4.34,2.41,6.4,151,162,169,7,11
5998,motor,motorboat,20.15,5.74,2.11,18.1,151,165,174,9,14
6543,sail,sailboat,12.88,4.3,1.99,0.0,151,181,184,3,30
6799,sail,sailboat,9.5,3.08,1.71,0.0,151,195,198,3,44
6847,motor,motorboat,10.21,3.13,0.88,3.4,151,198,199,1,47
6993,sail,sailboat,13.23,4.3,2.32,4.9,151,207,209,2,56
5504,sail,sailboat,16.04,5.26,2.81,6.4,152,152,156,4,0
5512,motor,motorboat,11.49,3.21,0.99,4.5,152,152,156,4,0
5523,small,motorboat,9.22,3.19,0.99,0.0,152,152,157,5,0
5535,small,motorboat,8.4,2.88,0.87,0.0,152,152,156,4,0
5536,motor,motorboat,14.68,4.14,1.32,0.0,152,152,158,6,0
5540,small,motorboat,8.35,2.93,0.84,0.0,152,152,159,7,0
5547,motor,motorboat,16.46,4.63,1.62,8.5,152,152,155,3,0
5548,motor,motorboat,11.76,3.55,1.07,0.0,152,152,155,3,0
5556,sail,sailboat,15.45,4.68,2.3,8.1,152,153,160,7,1
5574,sail,sailboat,15.98,4.84,2.82,0.0,152,154,155,1,2
5596,sail,sailboat,12.34,4.13,2.26,0.0,152,154,155,1,2
5609,motor,motorboat,12.56,3.79,1.16,5.3,152,155,167,12,3
5627,sail,sailboat,13.07,3.98,2.16,3.7,152,155,156,1,3
5734,small,motorboat,9.09,3.12,0.92,0.0,152,158,161,3,6
5745,sail,sailboat,12.2,3.87,1.84,6.1,152,158,160,2,6
5749,sail,sailboat,11.91,3.7,1.78,3.4,152,158,159,1,6
5788,sail,sailboat,12.25,3.79,2.21,4.7,152,159,163,4,7
5793,sail,sailboat,14.35,4.42,2.3,5.2,152,160,163,3,8
5831,sail,sailboat,10.35,3.16,1.78,6.1,152,161,164,3,9
5905,sail,sailboat,12.21,3.8,1.99,3.5,152,163,164,1,11
5908,sail,sailboat,11.76,3.89,1.77,0.0,152,163,166,3,11
5933,sail,sailboat,9.5,2.87,1.6,2.6,152,164,170,6,12
5973,sail,sailboat,11.86,3.63,2.15,6.2,152,165,173,8,13
5990,sail,sailboat,9.5,3.0,1.65,2.3,152,165,168,3,13
5993,small,motorboat,7.09,2.42,0.65,3.1,152,165,169,4,13
6495,sail,sailboat,12.51,3.91,2.26,5.3,152,179,181,2,27
5557,sail,sailboat,10.2,3.34,1.6,5.5,153,153,162,9,0
5562,motor,motorboat,14.79,4.17,1.35,5.2,153,153,157,4,0
5565,motor,motorboat,14.91,4.17,1.38,4.1,153,153,157,4,0
5571,sail,sailboat,16.01,4.94,2.71,0.0,153,153,160,7,0
5612,small,motorboat,8.98,3.03,0.92,2.2,153,155,159,4,2
5613,sail,sailboat,16.06,5.01,2.85,0.0,153,155,156,1,2
5615,small,motorboat,7.02,2.4,0.77,3.0,153,155,157,2,2
5625,small,motorboat,6.17,2.2,0.6,0.0,153,155,168,13,2
5630,small,motorboat,8.95,3.18,0.86,0.0,153,156,161,5,3
5652,motor,motorboat,18.13,5.62,1.87,10.6,153,156,161,5,3
5781,motor,motorboat,17.18,5.14,1.57,0.0,153,159,162,3,6
5790,motor,motorboat,17.39,5.28,1.83,9.7,153,159,171,12,6
5791,sail,sailboat,15.26,4.73,2.34,9.9,153,160,165,5,7
5815,sail,sailboat,9.5,3.02,1.65,0.0,153,160,161,1,7
5817,small,motorboat,8.07,2.75,0.84,3.0,153,160,161,1,7
5846,sail,sailboat,9.71,3.02,1.78,2.9,153,161,175,14,8
5855,motor,motorboat,19.37,5.38,1.76,8.0,153,162,174,12,9
5893,sail,sailboat,14.53,4.4,2.55,3.3,153,163,168,5,10
5897,sail,sailboat,14.18,4.49,2.41,5.8,153,163,170,7,10
5920,sail,sailboat,10.51,3.52,1.89,3.6,153,163,174,11,10
5943,motor,motorboat,17.43,5.4,1.64,6.3,153,164,167,3,11
5965,sail,sailboat,9.77,2.98,1.64,2.6,153,165,166,1,12
5977,super,yacht,23.8,6.25,2.93,19.0,153,165,167,2,12
6255,sail,sailboat,9.5,2.89,1.65,2.2,153,173,202,29,20
6335,sail,sailboat,11.56,3.5,1.73,0.0,153,176,185,9,23
6488,super,yacht,23.6,6.17,2.81,36.6,153,179,181,2,26
6652,motor,motorboat,12.37,3.77,1.26,3.8,153,186,188,2,33
6840,motor,motorboat,16.34,5.0,1.55,10.4,153,197,201,4,44
7006,motor,motorboat,12.13,3.53,1.22,0.0,153,207,211,4,54
5577,sail,sailboat,12.72,3.85,2.04,5.3,154,154,156,2,0
5578,motor,motorboat,13.64,4.21,1.22,0.0,154,154,160,6,0
5591,small,motorboat,7.13,2.36,0.65,2.1,154,154,180,26,0
5594,sail,sailboat,9.5,3.18,1.65,0.0,154,154,158,4,0
5603,sail,sailboat,13.94,4.35,2.53,0.0,154,155,162,7,1
5605,sail,sailboat,12.62,4.16,2.01,0.0,154,155,162,7,1
5607,sail,sailboat,14.79,4.63,2.62,0.0,154,155,169,14,1
5618,motor,motorboat,16.05,4.87,1.6,13.6,154,155,161,6,1
5651,motor,motorboat,17.69,5.29,1.88,0.0,154,156,160,4,2
5653,sail,sailboat,13.44,4.4,2.4,6.8,154,156,159,3,2
5712,sail,sailboat,14.48,4.55,2.42,3.5,154,158,165,7,4
5760,sail,sailboat,15.27,4.74,2.57,9.9,154,159,162,3,5
5778,small,motorboat,6.37,2.29,0.68,3.0,154,159,162,3,5
5805,motor,motorboat,14.31,4.05,1.27,7.0,154,160,166,6,6
5827,sail,sailboat,10.18,3.22,1.66,3.6,154,161,175,14,7
5837,small,motorboat,7.36,2.61,0.79,2.9,154,161,164,3,7
5852,super,yacht,24.62,6.48,3.13,33.5,154,162,163,1,8
5879,small,motorboat,8.44,3.02,0.85,3.1,154,162,164,2,8
5886,sail,sailboat,12.79,4.28,2.01,5.0,154,162,164,2,8
5913,sail,sailboat,14.11,4.74,2.27,5.1,154,163,165,2,9
5949,motor,motorboat,14.35,4.19,1.42,4.6,154,164,169,5,10
5958,motor,motorboat,13.53,4.19,1.41,5.8,154,164,167,3,10
5974,motor,motorboat,11.01,3.07,1.12,5.1,154,165,172,7,11
6006,sail,sailboat,11.04,3.68,1.74,5.8,154,166,173,7,12
6018,super,yacht,24.67,6.42,3.26,39.0,154,166,169,3,12
6081,sail,sailboat,16.98,5.64,2.62,12.8,154,168,170,2,14
6131,super,yacht,28.47,7.89,3.71,19.2,154,170,172,2,16
6248,sail,sailboat,15.18,5.02,2.67,10.3,154,173,174,1,19
6400,motor,motorboat,18.17,5.11,1.65,9.0,154,178,185,7,24
6923,super,yacht,25.03,7.03,2.8,34.6,154,202,204,2,48
6929,super,yacht,21.13,5.49,2.46,33.4,154,203,214,11,49
7059,motor,motorboat,18.03,5.37,1.78,12.1,154,211,214,3,57
5610,small,motorboat,7.17,2.53,0.74,3.0,155,155,162,7,0
5619,motor,motorboat,13.33,4.04,1.29,3.7,155,155,159,4,0
5624,sail,sailboat,14.54,4.41,2.26,4.6,155,155,158,3,0
5626,super,yacht,22.17,6.15,2.47,12.9,155,155,158,3,0
5634,super,yacht,22.33,5.8,2.83,35.7,155,156,157,1,1
5641,motor,motorboat,14.71,4.19,1.45,4.0,155,156,182,26,1
5643,small,motorboat,6.59,2.16,0.74,0.0,155,156,161,5,1
5645,super,yacht,27.58,7.8,2.99,16.4,155,156,157,1,1
5658,motor,motorboat,17.98,5.04,1.69,13.9,155,157,160,3,2
5673,motor,motorboat,16.21,4.85,1.59,13.6,155,157,158,1,2
5693,sail,sailboat,13.16,4.44,2.11,4.5,155,157,159,2,2
5770,motor,motorboat,12.71,3.61,1.23,3.5,155,159,164,5,4
5785,sail,sailboat,12.7,4.14,2.11,4.9,155,159,160,1,4
5826,sail,sailboat,14.57,4.6,2.22,5.2,155,161,165,4,6
5857,small,motorboat,7.14,2.35,0.76,0.0,155,162,168,6,7
5865,small,motorboat,6.61,2.29,0.61,0.0,155,162,167,5,7
5878,sail,sailboat,12.83,3.95,2.24,6.4,155,162,167,5,7
5909,motor,motorboat,11.32,3.37,1.02,5.2,155,163,165,2,8
5942,super,yacht,20.6,5.62,2.47,14.6,155,164,173,9,9
5966,sail,sailboat,16.31,4.93,2.97,9.7,155,165,172,7,10
6011,motor,motorboat,13.57,4.18,1.26,5.3,155,166,167,1,11
6072,sail,sailboat,13.82,4.64,2.33,3.7,155,168,171,3,13
6075,motor,motorboat,17.73,5.08,1.59,11.6,155,168,174,6,13
6079,sail,sailboat,14.18,4.48,2.38,6.1,155,168,174,6,13
6094,sail,sailboat,11.09,3.72,1.95,6.7,155,169,173,4,14
6107,motor,motorboat,16.91,5.04,1.63,10.9,155,169,198,29,14
6250,motor,motorboat,16.24,4.97,1.68,7.4,155,173,175,2,18
6712,motor,motorboat,13.65,4.21,1.39,6.6,155,190,197,7,35
7024,small,motorboat,8.17,2.87,0.9,2.9,155,208,214,6,53
5642,sail,sailboat,14.18,4.73,2.44,0.0,156,156,157,1,0
5664,sail,sailboat,15.83,4.95,2.39,13.4,156,157,161,4,1
5672,motor,motorboat,14.23,4.11,1.25,3.2,156,157,158,1,1
5684,sail,sailboat,12.05,3.81,2.0,5.6,156,157,159,2,1
5688,motor,motorboat,12.44,3.79,1.27,5.5,156,157,164,7,1
5701,motor,motorboat,16.62,4.72,1.69,8.8,156,157,169,12,1
5706,motor,motorboat,10.82,3.06,0.93,3.8,156,158,178,20,2
5709,motor,motorboat,10.07,3.03,1.03,3.9,156,158,163,5,2
5724,motor,motorboat,22.0,6.19,2.06,28.1,156,158,160,2,2
5732,sail,sailboat,13.73,4.3,2.16,6.6,156,158,160,2,2
5735,motor,motorboat,12.02,3.51,1.24,0.0,156,158,175,17,2
5739,motor,motorboat,13.55,3.76,1.4,0.0,156,158,172,14,2
5743,motor,motorboat,17.26,5.35,1.62,10.0,156,158,159,1,2
5746,sail,sailboat,12.78,3.85,2.35,4.5,156,158,159,1,2
5751,sail,sailboat,12.88,4.29,2.2,6.1,156,158,160,2,2
5779,motor,motorboat,12.79,3.66,1.16,3.0,156,159,166,7,3
5824,sail,sailboat,13.86,4.62,2.29,3.8,156,161,162,1,5
5830,super,yacht,20.37,5.38,2.59,24.7,156,161,164,3,5
5847,motor,motorboat,13.37,4.06,1.32,5.1,156,161,163,2,5
5863,motor,motorboat,15.26,4.5,1.52,13.6,156,162,163,1,6
5900,sail,sailboat,13.11,4.02,2.35,4.8,156,163,164,1,7
6022,motor,motorboat,14.01,4.26,1.47,0.0,156,166,168,2,10
6025,motor,motorboat,17.62,5.15,1.75,6.4,156,166,168,2,10
6056,motor,motorboat,10.16,2.89,0.93,4.6,156,167,173,6,11
6104,sail,sailboat,17.0,5.41,2.56,0.0,156,169,170,1,13
6119,small,motorboat,7.1,2.55,0.73,2.2,156,170,173,3,14
6499,motor,motorboat,15.04,4.68,1.39,11.8,156,180,201,21,24
6549,sail,sailboat,13.45,4.56,2.07,0.0,156,181,183,2,25
5667,sail,sailboat,16.12,5.17,2.96,10.0,157,157,160,3,0
5675,motor,motorboat,11.88,3.46,1.05,3.7,157,157,162,5,0
5678,motor,motorboat,10.0,2.92,0.9,0.0,157,157,160,3,0
5680,motor,motorboat,18.73,5.59,1.62,0.0,157,157,161,4,0
5689,motor,motorboat,17.73,5.4,1.68,12.5,157,157,158,1,0
5692,sail,sailboat,14.46,4.45,2.35,3.4,157,157,186,29,0
5698,motor,motorboat,16.07,4.64,1.4,6.8,157,157,159,2,0
5699,sail,sailboat,15.06,4.78,2.51,7.8,157,157,158,1,0
5714,sail,sailboat,14.77,4.48,2.34,0.0,157,158,159,1,1
5715,small,motorboat,7.09,2.54,0.77,0.0,157,158,171,13,1
5730,motor,motorboat,12.15,3.61,1.15,4.3,157,158,172,14,1
5740,sail,sailboat,9.5,3.19,1.43,2.3,157,158,161,3,1
5744,sail,sailboat,12.72,4.09,2.13,3.6,157,158,169,11,1
5750,sail,sailboat,15.37,4.79,2.49,11.9,157,158,165,7,1
5762,motor,motorboat,11.9,3.33,1.24,4.8,157,159,160,1,2
5773,small,motorboat,8.11,2.92,0.76,2.6,157,159,161,2,2
5774,small,motorboat,6.62,2.31,0.64,3.4,157,159,162,3,2
5783,small,motorboat,6.21,2.16,0.63,0.0,157,159,172,13,2
5806,sail,sailboat,14.79,4.85,2.29,5.1,157,160,161,1,3
5859,small,motorboat,7.69,2.6,0.8,3.3,157,162,172,10,5
5894,sail,sailboat,10.92,3.52,1.71,4.5,157,163,166,3,6
5904,motor,motorboat,14.76,4.37,1.27,4.6,157,163,192,29,6
5925,small,motorboat,9.46,3.39,0.99,0.0,157,164,165,1,7
5934,motor,motorboat,12.3,3.6,1.19,3.5,157,164,167,3,7
5959,sail,sailboat,11.69,3.84,1.86,5.2,157,165,171,6,8
5962,motor,motorboat,14.7,4.58,1.39,6.1,157,165,177,12,8
6053,sail,sailboat,13.47,4.41,2.02,0.0,157,167,172,5,10
6095,sail,sailboat,13.46,4.26,2.25,3.4,157,169,174,5,12
6098,motor,motorboat,15.72,4.39,1.61,6.9,157,169,171,2,12
6117,sail,sailboat,14.28,4.36,2.2,4.2,157,170,172,2,13
6118,sail,sailboat,12.93,4.15,2.2,6.4,157,170,173,3,13
6136,motor,motorboat,12.27,3.65,1.09,3.6,157,170,176,6,13
6157,sail,sailboat,12.15,3.67,1.81,0.0,157,171,177,6,14
7070,sail,sailboat,9.5,3.17,1.75,2.6,157,212,214,2,55
5719,motor,motorboat,19.21,5.77,1.82,0.0,158,158,165,7,0
5742,motor,motorboat,15.0,4.55,1.29,6.9,158,158,160,2,0
5769,sail,sailboat,10.72,3.42,1.67,4.1,158,159,165,6,1
5782,small,motorboat,7.73,2.49,0.8,2.6,158,159,164,5,1
5784,motor,motorboat,19.99,6.06,1.89,6.3,158,159,163,4,1
5787,motor,motorboat,12.96,3.61,1.28,5.9,158,159,162,3,1
5794,motor,motorboat,18.38,5.66,1.91,8.5,158,160,167,7,2
5799,motor,motorboat,10.8,3.07,1.06,6.2,158,160,166,6,2
5809,sail,sailboat,15.36,4.63,2.72,9.6,158,160,167,7,2
5811,sail,sailboat,13.28,4.26,2.25,3.7,158,160,161,1,2
5813,sail,sailboat,10.7,3.62,1.82,4.3,158,160,163,3,2
5902,small,motorboat,9.28,3.22,0.84,2.4,158,163,164,1,5
5929,sail,sailboat,12.57,4.0,2.21,4.5,158,164,166,2,6
5955,motor,motorboat,17.1,4.91,1.69,8.5,158,164,166,2,6
5967,motor,motorboat,15.09,4.6,1.46,0.0,158,165,171,6,7
5970,small,motorboat,6.44,2.24,0.64,0.0,158,165,170,5,7
6029,sail,sailboat,15.38,4.64,2.71,11.9,158,167,171,4,9
6085,sail,sailboat,10.48,3.51,1.59,5.5,158,168,169,1,10
6232,small,motorboat,6.04,2.04,0.55,3.2,158,172,175,3,14
6243,sail,sailboat,14.24,4.58,2.35,6.8,158,172,175,3,14
6487,small,motorboat,7.52,2.61,0.82,2.6,158,179,202,23,21
6509,motor,motorboat,18.36,5.64,1.68,7.9,158,180,182,2,22
6716,super,yacht,24.18,6.85,3.03,16.7,158,190,197,7,32
6806,sail,sailboat,12.72,4.04,2.23,5.4,158,196,203,7,38
7039,sail,sailboat,15.52,4.69,2.87,9.1,158,210,214,4,52
7046,sail,sailboat,16.79,5.21,2.62,10.3,158,210,214,4,52
5757,motor,motorboat,15.38,4.56,1.34,13.4,159,159,164,5,0
5761,sail,sailboat,11.43,3.52,1.92,5.7,159,159,162,3,0
5777,motor,motorboat,20.42,6.12,1.83,28.1,159,159,160,1,0
5825,small,motorboat,6.85,2.44,0.75,2.0,159,161,163,2,2
5833,sail,sailboat,12.11,4.01,2.2,0.0,159,161,164,3,2
5836,small,motorboat,7.02,2.26,0.66,0.0,159,161,163,2,2
5841,sail,sailboat,11.96,3.61,2.17,5.2,159,161,165,4,2
5871,motor,motorboat,14.88,4.2,1.35,6.4,159,162,171,9,3
5916,motor,motorboat,17.85,5.31,1.67,7.3,159,163,165,2,4
5926,motor,motorboat,17.41,4.94,1.74,12.4,159,164,165,1,5
5931,motor,motorboat,10.0,2.93,0.86,3.8,159,164,172,8,5
5969,small,motorboat,9.49,3.41,1.02,2.3,159,165,172,7,6
5972,sail,sailboat,15.08,5.1,2.57,8.2,159,165,168,3,6
6009,motor,motorboat,18.3,5.55,1.6,10.9,159,166,173,7,7
6014,small,motorboat,9.43,3.22,0.95,3.0,159,166,167,1,7
6060,sail,sailboat,16.53,5.18,2.82,12.9,159,167,169,2,8
6093,small,motorboat,6.14,2.1,0.67,2.4,159,169,171,2,10
6101,sail,sailboat,10.32,3.33,1.7,0.0,159,169,172,3,10
6182,motor,motorboat,19.49,6.08,2.05,9.9,159,171,182,11,12
6185,sail,sailboat,13.4,4.53,2.31,5.6,159,171,174,3,12
6189,sail,sailboat,15.72,5.05,2.59,0.0,159,171,173,2,12
6280,sail,sailboat,16.59,5.11,2.96,11.2,159,174,177,3,15
6697,small,motorboat,9.11,3.2,1.01,0.0,159,189,196,7,30
6726,super,yacht,24.96,6.36,3.22,18.8,159,190,195,5,31
7074,motor,motorboat,15.64,4.44,1.47,13.6,159,212,213,1,53
5795,sail,sailboat,15.72,5.02,2.57,0.0,160,160,163,3,0
5802,sail,sailboat,11.06,3.67,1.76,5.4,160,160,163,3,0
5808,sail,sailboat,13.72,4.2,2.16,5.9,160,160,166,6,0
5812,motor,motorboat,12.17,3.52,1.19,3.1,160,160,161,1,0
5828,small,motorboat,6.74,2.35,0.75,0.0,160,161,163,2,1
5832,motor,motorboat,19.49,6.05,1.96,11.7,160,161,172,11,1
5842,sail,sailboat,16.3,5.11,2.74,0.0,160,161,162,1,1
5858,sail,sailboat,13.04,4.38,2.04,5.3,160,162,164,2,2
5869,sail,sailboat,11.52,3.55,2.07,0.0,160,162,165,3,2
5889,motor,motorboat,18.02,5.28,1.91,13.3,160,163,165,2,3
5910,small,motorboat,9.33,3.21,0.94,2.4,160,163,172,9,3
5948,motor,motorboat,11.17,3.1,1.02,0.0,160,164,171,7,4
5982,sail,sailboat,14.54,4.64,2.25,3.9,160,165,171,6,5
6024,sail,sailboat,15.38,4.89,2.76,11.7,160,166,173,7,6
6026,motor,motorboat,12.42,3.48,1.13,4.5,160,166,172,6,6
6054,sail,sailboat,13.45,4.08,2.04,3.3,160,167,181,14,7
6062,motor,motorboat,17.82,5.2,1.82,0.0,160,167,170,3,7
6120,small,motorboat,6.23,2.2,0.56,2.4,160,170,174,4,10
6139,sail,sailboat,15.9,5.14,2.84,0.0,160,170,174,4,10
6173,small,motorboat,8.01,2.85,0.75,0.0,160,171,173,2,11
6179,sail,sailboat,16.05,5.36,2.49,10.5,160,171,175,4,11
6215,sail,sailboat,13.58,4.4,2.43,5.7,160,172,179,7,12
6287,super,yacht,26.83,7.08,3.3,25.1,160,174,177,3,14
6359,motor,motorboat,10.0,2.93,1.06,4.0,160,177,179,2,17
6519,motor,motorboat,14.14,4.0,1.23,4.5,160,180,183,3,20
6628,sail,sailboat,9.86,3.29,1.69,3.1,160,185,187,2,25
6998,sail,sailboat,15.73,5.09,2.4,6.3,160,207,210,3,47
5821,sail,sailboat,15.9,5.31,2.81,7.2,161,161,166,5,0
5845,motor,motorboat,19.57,5.72,1.74,8.0,161,161,183,22,0
5850,motor,motorboat,15.97,4.65,1.42,10.4,161,162,166,4,1
5864,sail,sailboat,11.2,3.75,1.84,6.0,161,162,164,2,1
5892,sail,sailboat,11.16,3.56,1.95,0.0,161,163,166,3,2
5898,sail,sailboat,11.27,3.53,2.08,4.6,161,163,164,1,2
5921,super,yacht,26.28,6.95,2.89,31.5,161,163,165,2,2
5927,small,motorboat,6.8,2.36,0.65,0.0,161,164,165,1,3
5964,sail,sailboat,9.5,3.2,1.67,0.0,161,165,166,1,4
5981,motor,motorboat,14.78,4.14,1.41,6.3,161,165,168,3,4
6038,sail,sailboat,9.5,2.99,1.58,0.0,161,167,169,2,6
6042,motor,motorboat,14.12,4.18,1.3,5.5,161,167,170,3,6
6046,sail,sailboat,13.2,4.38,2.27,6.4,161,167,170,3,6
6063,motor,motorboat,11.45,3.57,1.06,5.6,161,167,170,3,6
6067,sail,sailboat,13.88,4.33,2.16,6.0,161,168,171,3,7
6071,sail,sailboat,13.91,4.56,2.38,6.5,161,168,174,6,7
6133,super,yacht,21.82,5.99,2.47,37.8,161,170,174,4,9
6154,sail,sailboat,14.6,4.79,2.47,0.0,161,171,174,3,10
6160,motor,motorboat,18.31,5.21,1.7,7.7,161,171,174,3,10
6191,motor,motorboat,22.0,6.57,1.95,21.6,161,171,184,13,10
6207,small,motorboat,7.08,2.54,0.76,3.3,161,172,175,3,11
6253,motor,motorboat,18.32,5.53,1.85,13.0,161,173,176,3,12
6293,motor,motorboat,10.0,3.12,0.89,0.0,161,174,176,2,13
6771,small,motorboat,8.11,2.85,0.73,0.0,161,193,195,2,32
6984,sail,sailboat,13.84,4.26,2.2,3.6,161,206,207,1,45
6987,super,yacht,25.77,7.17,3.28,17.6,161,206,213,7,45
7056,sail,sailboat,16.22,4.98,2.89,11.2,161,211,214,3,50
5849,small,motorboat,7.55,2.44,0.82,0.0,162,162,169,7,0
5851,motor,motorboat,17.1,5.27,1.55,10.9,162,162,165,3,0
5861,sail,sailboat,17.0,5.7,2.64,12.7,162,162,168,6,0
5862,motor,motorboat,11.63,3.63,1.01,6.0,162,162,169,7,0
5872,small,motorboat,7.67,2.58,0.74,0.0,162,162,165,3,0
5874,sail,sailboat,14.17,4.8,2.61,0.0,162,162,170,8,0
5945,motor,motorboat,18.19,5.63,1.66,0.0,162,164,167,3,2
5946,small,motorboat,8.72,2.82,0.86,0.0,162,164,193,29,2
5952,sail,sailboat,13.42,4.29,2.13,4.3,162,164,177,13,2
5957,sail,sailboat,10.72,3.31,1.71,4.2,162,164,165,1,2
5995,motor,motorboat,13.41,3.92,1.22,7.0,162,165,168,3,3
6003,motor,motorboat,11.73,3.65,1.25,3.5,162,166,172,6,4
6008,motor,motorboat,12.66,3.65,1.29,5.5,162,166,167,1,4
6015,small,motorboat,6.34,2.12,0.63,3.1,162,166,167,1,4
6023,motor,motorboat,20.05,5.72,1.86,28.5,162,166,172,6,4
6031,motor,motorboat,14.63,4.39,1.29,5.0,162,167,168,1,5
6035,sail,sailboat,12.71,4.23,2.24,6.2,162,167,171,4,5
6055,small,motorboat,7.36,2.62,0.77,0.0,162,167,178,11,5
6108,sail,sailboat,16.62,5.16,3.06,0.0,162,169,183,14,7
6123,sail,sailboat,12.14,3.79,2.16,0.0,162,170,177,7,8
6140,motor,motorboat,16.86,4.99,1.67,0.0,162,170,172,2,8
6183,sail,sailboat,15.8,5.1,2.7,0.0,162,171,173,2,9
6186,sail,sailboat,11.63,3.68,1.78,5.6,162,171,174,3,9
6192,motor,motorboat,10.0,3.07,0.93,4.6,162,171,172,1,9
6202,motor,motorboat,15.85,4.94,1.5,10.2,162,172,174,2,10
6206,small,motorboat,8.72,3.13,0.96,0.0,162,172,173,1,10
6211,sail,sailboat,11.97,3.75,2.05,0.0,162,172,174,2,10
6222,super,yacht,22.45,6.42,2.52,23.7,162,172,174,2,10
6262,motor,motorboat,17.58,5.46,1.54,7.0,162,173,177,4,11
6276,sail,sailboat,15.4,4.73,2.69,6.2,162,174,188,14,12
6281,motor,motorboat,14.56,4.47,1.51,0.0,162,174,188,14,12
6284,super,yacht,20.2,5.63,2.39,16.3,162,174,176,2,12
6333,small,motorboat,7.3,2.62,0.71,3.5,162,176,179,3,14
6343,motor,motorboat,14.55,4.34,1.27,4.6,162,176,187,11,14
6392,motor,motorboat,11.04,3.35,1.11,6.6,162,178,180,2,16
6394,motor,motorboat,20.24,5.9,1.89,15.4,162,178,181,3,16
5890,sail,sailboat,14.09,4.42,2.44,6.8,163,163,165,2,0
5901,sail,sailboat,12.65,3.86,2.32,0.0,163,163,164,1,0
5912,sail,sailboat,12.21,3.98,2.17,4.3,163,163,167,4,0
5917,sail,sailboat,15.23,5.07,2.73,0.0,163,163,165,2,0
5930,super,yacht,20.05,5.73,2.41,28.9,163,164,166,2,1
5932,small,motorboat,8.69,3.07,0.93,3.4,163,164,166,2,1
5938,sail,sailboat,10.56,3.49,1.59,6.5,163,164,165,1,1
5939,sail,sailboat,13.58,4.17,2.21,0.0,163,164,169,5,1
5940,small,motorboat,7.33,2.35,0.75,0.0,163,164,165,1,1
5941,small,motorboat,9.27,2.99,0.86,3.3,163,164,168,4,1
5980,sail,sailboat,12.28,3.78,2.18,4.2,163,165,195,30,2
5985,motor,motorboat,14.22,4.37,1.27,5.0,163,165,176,11,2
5999,sail,sailboat,16.35,5.3,2.78,6.8,163,165,169,4,2
6001,sail,sailboat,11.8,3.99,2.09,6.3,163,165,167,2,2
6013,sail,sailboat,12.78,4.16,1.96,0.0,163,166,169,3,3
6033,small,motorboat,6.88,2.29,0.75,0.0,163,167,175,8,4
6048,sail,sailboat,11.01,3.71,1.89,5.2,163,167,168,1,4
6050,sail,sailboat,11.99,3.79,2.07,3.4,163,167,196,29,4
6066,motor,motorboat,21.4,6.24,2.25,19.9,163,168,171,3,5
6082,small,motorboat,8.13,2.76,0.83,3.2,163,168,169,1,5
6083,motor,motorboat,18.01,5.19,1.6,6.1,163,168,171,3,5
6099,small,motorboat,8.82,3.0,0.85,0.0,163,169,179,10,6
6111,motor,motorboat,17.26,4.81,1.48,10.1,163,169,177,8,6
6246,motor,motorboat,13.81,4.03,1.32,5.0,163,173,177,4,10
6261,small,motorboat,7.38,2.36,0.68,0.0,163,173,174,1,10
6269,sail,sailboat,15.95,5.21,2.53,0.0,163,174,180,6,11
6307,motor,motorboat,11.06,3.07,1.12,3.6,163,175,179,4,12
6450,motor,motorboat,17.68,4.98,1.72,7.5,163,179,184,5,16
6569,small,motorboat,8.52,2.76,0.94,2.7,163,181,200,19,18
6709,motor,motorboat,17.63,5.07,1.59,10.7,163,190,191,1,27
6818,motor,motorboat,17.68,5.01,1.87,10.3,163,196,205,9,33
7076,sail,sailboat,14.89,4.97,2.43,4.3,163,212,213,1,49
5947,motor,motorboat,16.9,4.94,1.65,10.1,164,164,172,8,0
5951,motor,motorboat,11.65,3.6,1.06,3.0,164,164,167,3,0
5953,sail,sailboat,14.27,4.38,2.32,6.5,164,164,168,4,0
5968,sail,sailboat,14.28,4.47,2.55,3.0,164,165,166,1,1
5986,motor,motorboat,11.74,3.32,1.06,5.3,164,165,169,4,1
6000,motor,motorboat,16.71,4.8,1.5,12.2,164,165,179,14,1
6002,sail,sailboat,14.96,4.9,2.4,0.0,164,166,173,7,2
6016,super,yacht,24.22,6.45,3.02,19.1,164,166,174,8,2
6039,motor,motorboat,14.93,4.58,1.45,0.0,164,167,168,1,3
6044,sail,sailboat,16.89,5.26,2.61,0.0,164,167,173,6,3
6069,motor,motorboat,10.0,2.87,1.0,6.9,164,168,169,1,4
6080,motor,motorboat,12.05,3.48,1.08,0.0,164,168,173,5,4
6150,super,yacht,26.53,7.34,2.99,36.6,164,171,174,3,7
6168,sail,sailboat,14.46,4.51,2.31,0.0,164,171,176,5,7
6172,sail,sailboat,11.49,3.49,2.03,0.0,164,171,179,8,7
6184,motor,motorboat,16.33,4.66,1.58,8.6,164,171,174,3,7
6200,sail,sailboat,12.13,3.84,2.18,3.6,164,172,175,3,8
6303,sail,sailboat,10.53,3.23,1.85,4.3,164,175,180,5,11
6330,sail,sailboat,11.99,3.74,2.04,5.6,164,176,183,7,12
6352,sail,sailboat,13.31,4.02,2.21,0.0,164,176,185,9,12
6565,small,motorboat,6.82,2.18,0.7,0.0,164,181,187,6,17
6633,sail,sailboat,10.31,3.46,1.74,3.8,164,185,189,4,21
6677,sail,sailboat,13.47,4.53,2.41,5.8,164,187,214,27,23
6746,sail,sailboat,14.71,4.48,2.29,5.2,164,192,214,22,28
6784,super,yacht,22.36,6.32,2.82,30.7,164,193,194,1,29
7019,motor,motorboat,14.78,4.32,1.46,4.2,164,208,211,3,44
5960,small,motorboat,9.17,2.94,0.93,3.3,165,165,172,7,0
5971,motor,motorboat,13.24,3.72,1.27,4.9,165,165,168,3,0
5975,sail,sailboat,10.58,3.43,1.77,4.2,165,165,166,1,0
5978,sail,sailboat,12.9,4.13,2.17,0.0,165,165,185,20,0
5991,motor,motorboat,16.59,4.91,1.76,7.7,165,165,167,2,0
5996,motor,motorboat,10.0,2.79,1.03,6.5,165,165,166,1,0
6019,small,motorboat,8.42,2.82,0.8,2.4,165,166,167,1,1
6020,motor,motorboat,17.37,5.02,1.61,12.9,165,166,167,1,1
6032,motor,motorboat,12.08,3.4,1.05,3.5,165,167,169,2,2
6036,sail,sailboat,12.74,3.94,2.08,3.6,165,167,169,2,2
6040,small,motorboat,6.22,2.01,0.61,0.0,165,167,168,1,2
6041,sail,sailboat,12.34,4.13,1.85,3.7,165,167,180,13,2
6058,sail,sailboat,15.51,4.94,2.58,7.6,165,167,170,3,2
6086,small,motorboat,6.22,2.16,0.68,2.3,165,168,170,2,3
6110,sail,sailboat,15.33,5.19,2.8,7.4,165,169,175,6,4
6112,motor,motorboat,13.32,3.85,1.38,5.3,165,169,170,1,4
6174,motor,motorboat,13.01,3.87,1.17,4.0,165,171,172,1,6
6195,sail,sailboat,11.55,3.78,2.08,6.1,165,171,173,2,6
6196,motor,motorboat,10.54,3.11,1.12,4.7,165,171,174,3,6
6223,super,yacht,23.52,6.38,2.74,20.3,165,172,173,1,7
6308,sail,sailboat,14.73,4.74,2.22,4.6,165,175,177,2,10
6336,sail,sailboat,12.14,3.67,2.02,5.2,165,176,178,2,11
6360,sail,sailboat,12.89,4.03,2.17,4.0,165,177,179,2,12
6387,sail,sailboat,12.63,4.19,1.94,4.4,165,177,180,3,12
6391,small,motorboat,6.72,2.32,0.73,0.0,165,178,185,7,13
6458,sail,sailboat,16.11,4.85,2.59,9.5,165,179,182,3,14
6472,small,motorboat,6.17,2.12,0.65,0.0,165,179,180,1,14
6004,small,motorboat,6.39,2.21,0.67,0.0,166,166,170,4,0
6030,motor,motorboat,13.31,4.09,1.21,3.3,166,167,173,6,1
6052,sail,sailboat,9.91,3.19,1.81,0.0,166,167,173,6,1
6057,motor,motorboat,13.06,3.77,1.37,4.9,166,167,170,3,1
6061,motor,motorboat,15.13,4.48,1.53,0.0,166,167,172,5,1
6074,super,yacht,27.1,7.09,3.22,17.6,166,168,170,2,2
6091,super,yacht,20.16,5.44,2.23,14.5,166,169,173,4,3
6106,sail,sailboat,9.89,3.33,1.67,2.1,166,169,170,1,3
6115,motor,motorboat,13.77,4.28,1.21,4.6,166,170,171,1,4
6141,motor,motorboat,14.16,4.3,1.42,4.7,166,170,175,5,4
6169,small,motorboat,8.99,2.89,0.96,0.0,166,171,187,16,5
6227,motor,motorboat,18.41,5.59,1.75,7.4,166,172,177,5,6
6229,motor,motorboat,13.93,4.12,1.26,3.9,166,172,174,2,6
6231,sail,sailboat,12.18,3.98,1.89,5.1,166,172,175,3,6
6274,small,motorboat,7.2,2.5,0.72,0.0,166,174,179,5,8
6278,motor,motorboat,10.73,3.08,1.04,6.6,166,174,178,4,8
6319,sail,sailboat,13.94,4.57,2.12,3.4,166,175,179,4,9
6369,sail,sailboat,12.08,3.66,2.06,0.0,166,177,180,3,11
6385,sail,sailboat,14.22,4.51,2.36,0.0,166,177,179,2,11
6428,sail,sailboat,11.33,3.65,1.93,5.5,166,178,181,3,12
6435,motor,motorboat,16.35,5.08,1.61,11.6,166,178,185,7,12
6452,small,motorboat,6.19,2.11,0.59,2.5,166,179,181,2,13
6454,sail,sailboat,14.61,4.78,2.62,5.6,166,179,181,2,13
6931,sail,sailboat,14.73,4.57,2.45,3.3,166,203,205,2,37
6028,sail,sailboat,14.13,4.79,2.35,6.2,167,167,169,2,0
6045,sail,sailboat,9.5,3.02,1.45,2.5,167,167,168,1,0
6047,motor,motorboat,15.02,4.29,1.48,11.0,167,167,168,1,0
6065,motor,motorboat,18.67,5.49,1.79,6.7,167,168,170,2,1
6073,sail,sailboat,9.5,2.92,1.72,3.3,167,168,171,3,1
6096,motor,motorboat,14.28,4.32,1.41,6.3,167,169,171,2,2
6097,motor,motorboat,12.73,3.62,1.22,4.3,167,169,198,29,2
6102,small,motorboat,8.55,3.02,0.93,2.3,167,169,172,3,2
6109,sail,sailboat,17.0,5.62,3.04,0.0,167,169,172,3,2
6127,motor,motorboat,16.03,4.84,1.44,8.9,167,170,173,3,3
6170,sail,sailboat,14.54,4.9,2.18,5.8,167,171,178,7,4
6176,small,motorboat,7.58,2.58,0.77,0.0,167,171,174,3,4
6214,small,motorboat,9.05,3.09,0.82,2.4,167,172,175,3,5
6252,sail,sailboat,12.02,3.87,1.84,5.1,167,173,174,1,6
6260,small,motorboat,8.24,2.9,0.86,3.4,167,173,181,8,6
6324,small,motorboat,9.34,3.35,0.85,3.2,167,175,177,2,8
6356,small,motorboat,8.24,2.82,0.76,2.6,167,176,179,3,9
6411,motor,motorboat,21.53,6.2,1.93,32.0,167,178,180,2,11
6416,sail,sailboat,9.5,2.96,1.7,2.7,167,178,184,6,11
6420,sail,sailboat,10.71,3.37,1.82,0.0,167,178,179,1,11
6426,sail,sailboat,12.63,4.1,2.06,5.4,167,178,179,1,11
6429,motor,motorboat,12.31,3.46,1.12,5.8,167,178,180,2,11
6566,sail,sailboat,12.81,4.24,2.05,4.1,167,181,188,7,14
7071,sail,sailboat,12.47,3.89,2.18,3.6,167,212,214,2,45
6077,super,yacht,20.69,5.64,2.34,32.0,168,168,169,1,0
6084,small,motorboat,7.34,2.37,0.74,0.0,168,168,170,2,0
6087,sail,sailboat,16.16,4.97,2.83,12.2,168,168,169,1,0
6088,motor,motorboat,13.56,4.09,1.35,0.0,168,169,175,6,1
6092,sail,sailboat,10.34,3.36,1.66,6.4,168,169,172,3,1
6105,motor,motorboat,16.75,5.04,1.75,11.6,168,169,170,1,1
6130,motor,motorboat,16.49,5.1,1.75,6.4,168,170,171,1,2
6163,motor,motorboat,11.67,3.31,1.14,3.6,168,171,174,3,3
6171,sail,sailboat,16.83,5.42,2.66,13.1,168,171,174,3,3
6187,motor,motorboat,11.22,3.2,1.07,4.0,168,171,177,6,3
6309,motor,motorboat,16.75,4.65,1.62,8.1,168,175,178,3,7
6314,small,motorboat,8.73,3.1,0.98,2.0,168,175,186,11,7
6345,sail,sailboat,14.04,4.26,2.32,6.1,168,176,181,5,8
6357,sail,sailboat,11.63,3.51,2.1,0.0,168,176,179,3,8
6362,sail,sailboat,12.28,4.14,2.26,0.0,168,177,180,3,9
6373,motor,motorboat,10.0,3.0,0.89,4.7,168,177,183,6,9
6403,small,motorboat,7.7,2.77,0.81,0.0,168,178,180,2,10
6409,motor,motorboat,16.34,4.78,1.53,7.6,168,178,182,4,10
6418,sail,sailboat,11.61,3.6,1.73,4.3,168,178,190,12,10
6422,motor,motorboat,18.65,5.56,1.83,11.0,168,178,180,2,10
6473,motor,motorboat,13.68,4.22,1.26,0.0,168,179,183,4,11
6503,sail,sailboat,13.72,4.3,2.37,5.0,168,180,187,7,12
6508,sail,sailboat,13.98,4.43,2.31,5.2,168,180,181,1,12
6512,motor,motorboat,13.3,4.09,1.38,0.0,168,180,181,1,12
6522,motor,motorboat,10.0,2.88,1.06,0.0,168,180,186,6,12
6526,small,motorboat,7.31,2.41,0.81,0.0,168,180,187,7,12
6572,small,motorboat,6.42,2.27,0.61,2.9,168,182,185,3,14
6662,sail,sailboat,13.39,4.3,2.15,4.6,168,187,190,3,19
6744,sail,sailboat,15.92,5.02,2.65,12.8,168,192,198,6,24
7080,super,yacht,21.12,5.81,2.37,35.6,168,212,213,1,44
6089,motor,motorboat,12.44,3.71,1.2,5.1,169,169,179,10,0
6122,motor,motorboat,17.19,5.35,1.77,7.3,169,170,183,13,1
6129,sail,sailboat,14.49,4.42,2.3,0.0,169,170,171,1,1
6134,motor,motorboat,13.11,3.98,1.2,5.2,169,170,176,6,1
6137,sail,sailboat,12.89,4.05,2.21,4.8,169,170,175,5,1
6138,sail,sailboat,11.51,3.47,1.83,6.7,169,170,174,4,1
6143,sail,sailboat,15.32,5.01,2.65,6.5,169,170,177,7,1
6146,sail,sailboat,11.09,3.75,1.91,5.0,169,171,196,25,2
6152,sail,sailboat,13.12,4.27,2.15,5.0,169,171,200,29,2
6153,small,motorboat,8.52,2.79,0.87,2.1,169,171,172,1,2
6155,motor,motorboat,13.44,4.06,1.36,5.9,169,171,177,6,2
6162,sail,sailboat,9.9,3.21,1.79,2.6,169,171,184,13,2
6167,sail,sailboat,9.82,3.24,1.5,2.6,169,171,176,5,2
6178,small,motorboat,8.34,2.89,0.93,3.2,169,171,177,6,2
6240,motor,motorboat,13.66,3.84,1.23,0.0,169,172,173,1,3
6244,sail,sailboat,10.15,3.09,1.72,4.2,169,172,175,3,3
6249,small,motorboat,7.03,2.44,0.65,0.0,169,173,176,3,4
6306,super,yacht,21.62,5.69,2.36,16.8,169,175,180,5,6
6334,sail,sailboat,9.7,3.19,1.53,2.2,169,176,181,5,7
6338,sail,sailboat,12.79,4.23,2.05,0.0,169,176,177,1,7
6358,motor,motorboat,16.78,4.72,1.59,9.8,169,176,177,1,7
6365,small,motorboat,9.33,3.08,0.98,0.0,169,177,181,4,8
6395,motor,motorboat,16.27,5.0,1.56,9.7,169,178,181,3,9
6425,motor,motorboat,18.23,5.62,1.67,10.4,169,178,190,12,9
6439,small,motorboat,9.38,3.23,1.05,2.8,169,178,183,5,9
6445,small,motorboat,7.19,2.54,0.75,3.4,169,179,181,2,10
6462,motor,motorboat,13.85,4.12,1.38,6.9,169,179,180,1,10
6496,sail,sailboat,14.6,4.76,2.56,3.9,169,179,186,7,10
6497,sail,sailboat,12.18,3.75,2.23,3.2,169,179,187,8,10
6513,sail,sailboat,11.98,3.68,1.92,3.1,169,180,182,2,11
6548,small,motorboat,6.55,2.11,0.61,2.5,169,181,184,3,12
6586,sail,sailboat,12.5,4.17,2.05,3.4,169,183,184,1,14
6620,sail,sailboat,12.62,4.03,2.06,5.1,169,185,208,23,16
7057,motor,motorboat,18.55,5.66,1.85,9.7,169,211,214,3,42
6121,sail,sailboat,11.96,3.64,1.94,6.2,170,170,180,10,0
6145,small,motorboat,7.07,2.49,0.66,3.3,170,171,174,3,1
6151,motor,motorboat,12.79,3.56,1.23,4.3,170,171,182,11,1
6164,small,motorboat,7.91,2.75,0.87,0.0,170,171,174,3,1
6181,motor,motorboat,11.6,3.62,1.13,5.5,170,171,185,14,1
6198,motor,motorboat,10.0,2.92,0.88,3.6,170,172,173,1,2
6199,sail,sailboat,11.8,3.73,1.87,6.7,170,172,193,21,2
6220,sail,sailboat,12.35,3.84,1.97,5.6,170,172,173,1,2
6224,sail,sailboat,12.2,3.99,2.14,6.4,170,172,176,4,2
6238,sail,sailboat,13.29,4.46,2.36,4.6,170,172,175,3,2
6245,motor,motorboat,18.98,5.51,1.94,0.0,170,172,175,3,2
6258,sail,sailboat,17.0,5.41,2.93,0.0,170,173,175,2,3
6265,super,yacht,22.58,6.45,2.46,16.8,170,173,178,5,3
6300,motor,motorboat,14.4,4.18,1.47,5.0,170,175,195,20,5
6304,motor,motorboat,15.34,4.27,1.62,0.0,170,175,201,26,5
6320,motor,motorboat,18.78,5.59,1.79,8.7,170,175,177,2,5
6328,motor,motorboat,13.33,3.72,1.34,3.5,170,175,177,2,5
6342,sail,sailboat,16.64,5.23,2.74,0.0,170,176,182,6,6
6380,sail,sailboat,17.0,5.52,2.73,8.3,170,177,197,20,7
6417,motor,motorboat,18.27,5.24,1.59,8.9,170,178,208,30,8
6481,sail,sailboat,12.61,4.01,2.23,0.0,170,179,180,1,9
6489,small,motorboat,6.8,2.28,0.64,2.1,170,179,181,2,9
6511,small,motorboat,6.71,2.38,0.75,0.0,170,180,186,6,10
6550,sail,sailboat,16.86,5.14,2.88,11.2,170,181,185,4,11
6555,sail,sailboat,15.94,4.81,2.56,6.5,170,181,190,9,11
6597,sail,sailboat,11.06,3.48,1.69,4.1,170,184,187,3,14
6772,motor,motorboat,18.42,5.5,1.77,0.0,170,193,195,2,23
6822,sail,sailboat,11.72,3.55,2.13,5.2,170,196,214,18,26
7015,small,motorboat,6.76,2.25,0.65,2.2,170,208,210,2,38
7022,sail,sailboat,11.84,3.7,1.92,0.0,170,208,214,6,38
6148,sail,sailboat,10.48,3.5,1.85,0.0,171,171,172,1,0
6149,sail,sailboat,9.5,3.12,1.53,0.0,171,171,173,2,0
6159,motor,motorboat,11.41,3.38,1.18,5.9,171,171,184,13,0
6188,sail,sailboat,11.17,3.43,1.75,6.2,171,171,174,3,0
6208,sail,sailboat,10.51,3.49,1.74,4.4,171,172,174,2,1
6234,motor,motorboat,14.47,4.11,1.26,6.6,171,172,174,2,1
6242,sail,sailboat,10.64,3.38,1.92,4.0,171,172,175,3,1
6254,sail,sailboat,12.56,3.81,1.91,5.7,171,173,180,7,2
6263,motor,motorboat,10.0,2.88,1.03,5.3,171,173,176,3,2
6264,small,motorboat,6.83,2.38,0.62,2.8,171,173,175,2,2
6272,motor,motorboat,15.97,4.88,1.66,11.4,171,174,175,1,3
6273,motor,motorboat,16.7,4.66,1.52,7.2,171,174,176,2,3
6290,small,motorboat,6.5,2.26,0.59,0.0,171,174,185,11,3
6327,sail,sailboat,12.29,4.14,1.88,4.8,171,175,178,3,4
6344,sail,sailboat,13.91,4.6,2.31,5.1,171,176,177,1,5
6366,sail,sailboat,11.76,3.74,2.1,4.1,171,177,178,1,6
6408,sail,sailboat,15.34,5.17,2.63,0.0,171,178,181,3,7
6433,motor,motorboat,11.99,3.35,1.24,5.5,171,178,181,3,7
6480,small,motorboat,8.86,2.98,0.95,2.4,171,179,184,5,8
6542,motor,motorboat,17.0,5.1,1.48,7.0,171,181,182,1,10
6557,motor,motorboat,16.6,5.09,1.57,0.0,171,181,184,3,10
6595,motor,motorboat,15.19,4.32,1.34,0.0,171,183,185,2,12
6602,sail,sailboat,12.17,3.79,1.84,5.3,171,184,186,2,13
6612,motor,motorboat,18.3,5.3,1.92,13.1,171,184,202,18,13
6623,small,motorboat,6.79,2.41,0.72,0.0,171,185,188,3,14
6808,sail,sailboat,14.15,4.35,2.41,4.2,171,196,203,7,25
6825,sail,sailboat,12.47,3.97,1.9,0.0,171,197,198,1,26
6863,sail,sailboat,14.16,4.43,2.4,6.8,171,198,199,1,27
6991,motor,motorboat,10.0,2.85,0.93,6.8,171,207,210,3,36
6204,motor,motorboat,18.18,5.33,1.6,12.8,172,172,175,3,0
6209,sail,sailboat,13.34,4.09,2.33,6.0,172,172,180,8,0
6210,sail,sailboat,14.14,4.51,2.13,5.9,172,172,175,3,0
6216,motor,motorboat,15.23,4.64,1.35,11.8,172,172,177,5,0
6219,sail,sailboat,11.17,3.46,1.92,6.0,172,172,173,1,0
6228,sail,sailboat,13.45,4.5,2.45,0.0,172,172,175,3,0
6235,sail,sailboat,11.61,3.63,1.96,4.7,172,172,173,1,0
6236,sail,sailboat,11.01,3.34,1.97,6.1,172,172,173,1,0
6237,sail,sailboat,14.05,4.34,2.2,3.9,172,172,183,11,0
6259,sail,sailboat,15.2,4.74,2.59,6.8,172,173,174,1,1
6270,sail,sailboat,14.26,4.68,2.21,3.9,172,174,177,3,2
6283,sail,sailboat,12.65,4.07,2.02,5.8,172,174,188,14,2
6295,sail,sailboat,11.4,3.53,1.82,0.0,172,174,176,2,2
6370,motor,motorboat,13.41,4.08,1.39,5.6,172,177,180,3,5
6470,sail,sailboat,9.99,3.19,1.83,2.6,172,179,180,1,7
6552,motor,motorboat,14.94,4.24,1.29,4.8,172,181,184,3,9
6563,sail,sailboat,14.61,4.92,2.2,5.8,172,181,184,3,9
6638,sail,sailboat,16.91,5.23,2.56,8.3,172,185,187,2,13
6669,super,yacht,24.62,6.83,2.88,30.7,172,187,190,3,15
6919,small,motorboat,6.63,2.14,0.72,0.0,172,202,209,7,30
6930,sail,sailboat,11.44,3.68,1.91,4.1,172,203,210,7,31
6959,small,motorboat,8.19,2.85,0.92,0.0,172,205,207,2,33
7082,sail,sailboat,11.05,3.34,1.67,4.7,172,212,214,2,40
6251,small,motorboat,7.11,2.34,0.69,3.5,173,173,179,6,0
6256,small,motorboat,6.67,2.26,0.6,0.0,173,173,174,1,0
6257,sail,sailboat,11.61,3.82,1.82,0.0,173,173,179,6,0
6271,sail,sailboat,11.14,3.38,1.84,3.8,173,174,177,3,1
6289,super,yacht,20.96,5.83,2.64,14.2,173,174,176,2,1
6296,sail,sailboat,13.17,4.1,2.11,5.5,173,174,175,1,1
6297,small,motorboat,8.45,2.76,0.94,0.0,173,174,179,5,1
6298,sail,sailboat,11.22,3.56,1.86,6.5,173,175,200,25,2
6299,small,motorboat,8.28,2.85,0.79,3.4,173,175,178,3,2
6302,small,motorboat,7.67,2.57,0.73,0.0,173,175,178,3,2
6305,sail,sailboat,15.3,4.92,2.61,9.4,173,175,176,1,2
6311,small,motorboat,8.87,3.05,0.97,2.4,173,175,177,2,2
6329,small,motorboat,8.96,3.12,0.83,2.5,173,175,181,6,2
6347,motor,motorboat,18.92,5.5,1.7,9.1,173,176,190,14,3
6361,sail,sailboat,11.61,3.56,2.13,0.0,173,177,182,5,4
6364,small,motorboat,9.13,3.25,1.02,2.2,173,177,180,3,4
6376,sail,sailboat,10.02,3.25,1.5,5.4,173,177,182,5,4
6401,sail,sailboat,12.11,3.83,2.08,0.0,173,178,179,1,5
6404,motor,motorboat,17.87,5.59,1.64,12.6,173,178,180,2,5
6406,motor,motorboat,16.7,5.12,1.66,0.0,173,178,180,2,5
6412,motor,motorboat,16.83,4.91,1.52,9.5,173,178,183,5,5
6469,small,motorboat,8.34,3.0,0.85,2.0,173,179,186,7,6
6532,sail,sailboat,15.7,5.11,2.46,8.5,173,180,198,18,7
6551,sail,sailboat,13.37,4.32,2.4,0.0,173,181,187,6,8
6579,sail,sailboat,12.05,3.64,1.91,0.0,173,182,184,2,9
6611,motor,motorboat,10.74,3.27,1.08,4.5,173,184,190,6,11
6632,sail,sailboat,11.57,3.83,1.85,0.0,173,185,194,9,12
6637,motor,motorboat,10.0,2.78,0.87,4.1,173,185,187,2,12
6651,sail,sailboat,10.24,3.32,1.59,0.0,173,186,193,7,13
6657,sail,sailboat,16.13,5.27,2.48,8.4,173,187,189,2,14
6747,super,yacht,21.5,5.57,2.74,23.0,173,192,206,14,19
6815,motor,motorboat,20.18,5.8,1.99,27.2,173,196,198,2,23
6978,sail,sailboat,9.93,3.0,1.74,3.4,173,206,209,3,33
6277,sail,sailboat,14.2,4.71,2.49,0.0,174,174,177,3,0
6285,small,motorboat,9.3,3.19,0.99,0.0,174,174,175,1,0
6286,sail,sailboat,9.5,3.2,1.5,2.0,174,174,180,6,0
6291,motor,motorboat,10.0,2.96,1.05,0.0,174,174,175,1,0
6292,motor,motorboat,14.89,4.25,1.46,0.0,174,174,177,3,0
6294,sail,sailboat,14.31,4.71,2.57,4.7,174,174,204,30,0
6407,sail,sailboat,12.23,3.77,2.13,3.0,174,178,184,6,4
6436,sail,sailboat,11.72,3.95,2.11,6.8,174,178,181,3,4
6437,sail,sailboat,11.09,3.56,1.75,5.1,174,178,181,3,4
6443,sail,sailboat,13.13,4.43,2.08,0.0,174,179,184,5,5
6451,sail,sailboat,13.75,4.43,2.47,6.0,174,179,186,7,5
6456,sail,sailboat,9.5,2.92,1.66,2.6,174,179,180,1,5
6464,sail,sailboat,13.77,4.25,2.07,3.7,174,179,180,1,5
6491,sail,sailboat,14.65,4.52,2.56,4.4,174,179,190,11,5
6518,sail,sailboat,13.22,4.14,2.3,3.4,174,180,181,1,6
6588,motor,motorboat,16.52,5.02,1.54,6.6,174,183,213,30,9
6617,sail,sailboat,14.43,4.74,2.6,5.8,174,185,189,4,11
6644,sail,sailboat,13.33,4.2,2.45,3.1,174,186,211,25,12
6650,sail,sailboat,13.25,4.37,2.22,0.0,174,186,189,3,12
6683,motor,motorboat,17.75,4.98,1.81,0.0,174,188,193,5,14
6686,sail,sailboat,13.95,4.7,2.11,4.2,174,188,190,2,14
6318,sail,sailboat,13.58,4.59,2.4,0.0,175,175,176,1,0
6325,small,motorboat,7.06,2.27,0.78,3.1,175,175,182,7,0
6331,sail,sailboat,11.98,4.01,2.16,6.9,175,176,189,13,1
6332,sail,sailboat,13.04,4.35,2.19,3.6,175,176,181,5,1
6346,motor,motorboat,14.66,4.27,1.38,4.9,175,176,179,3,1
6355,motor,motorboat,14.56,4.52,1.49,5.5,175,176,181,5,1
6363,motor,motorboat,19.69,5.89,1.7,9.6,175,177,182,5,2
6367,small,motorboat,6.99,2.32,0.63,0.0,175,177,179,2,2
6375,sail,sailboat,17.0,5.6,3.13,8.3,175,177,182,5,2
6384,motor,motorboat,18.76,5.85,1.89,11.0,175,177,183,6,2
6444,sail,sailboat,12.76,4.1,2.03,5.6,175,179,193,14,4
6466,motor,motorboat,16.83,4.84,1.56,11.5,175,179,180,1,4
6604,small,motorboat,8.96,3.03,0.98,2.8,175,184,185,1,9
6640,super,yacht,20.75,5.73,2.62,29.7,175,185,186,1,10
6653,motor,motorboat,14.2,4.22,1.44,0.0,175,186,187,1,11
6665,sail,sailboat,13.28,4.07,2.13,0.0,175,187,189,2,12
6678,motor,motorboat,13.5,4.08,1.19,4.7,175,188,198,10,13
6689,super,yacht,28.51,8.09,3.67,36.2,175,188,191,3,13
6692,motor,motorboat,11.78,3.61,1.21,3.0,175,189,214,25,14
6695,motor,motorboat,14.66,4.15,1.36,3.4,175,189,195,6,14
6787,motor,motorboat,15.44,4.41,1.36,0.0,175,194,198,4,19
6340,sail,sailboat,15.92,4.95,2.37,9.0,176,176,186,10,0
6341,sail,sailboat,13.74,4.55,2.33,3.6,176,176,177,1,0
6351,sail,sailboat,12.27,4.13,1.94,5.1,176,176,178,2,0
6353,sail,sailboat,11.31,3.68,2.07,5.4,176,176,193,17,0
6371,sail,sailboat,12.94,4.11,2.39,3.7,176,177,178,1,1
6374,sail,sailboat,15.97,5.15,2.41,9.6,176,177,181,4,1
6378,small,motorboat,7.6,2.53,0.85,2.8,176,177,181,4,1
6379,small,motorboat,9.33,2.99,0.91,2.3,176,177,180,3,1
6383,small,motorboat,8.12,2.66,0.85,3.4,176,177,179,2,1
6389,sail,sailboat,13.66,4.17,2.38,3.7,176,178,181,3,2
6402,motor,motorboat,10.35,3.2,0.9,5.8,176,178,179,1,2
6415,sail,sailboat,15.81,4.88,2.71,10.0,176,178,180,2,2
6438,motor,motorboat,21.12,6.12,2.24,12.1,176,178,179,1,2
6477,sail,sailboat,14.69,4.65,2.51,5.6,176,179,185,6,3
6490,small,motorboat,7.86,2.53,0.87,0.0,176,179,181,2,3
6591,sail,sailboat,13.91,4.71,2.4,6.5,176,183,184,1,7
6618,sail,sailboat,13.32,4.06,2.21,5.6,176,185,193,8,9
6723,sail,sailboat,17.0,5.58,3.13,7.5,176,190,207,17,14
6775,motor,motorboat,12.96,3.76,1.14,3.3,176,193,196,3,17
6935,super,yacht,23.9,6.26,3.08,26.1,176,203,204,1,27
6368,sail,sailboat,13.66,4.31,2.43,4.6,177,177,201,24,0
6413,small,motorboat,6.99,2.46,0.78,2.9,177,178,191,13,1
6414,small,motorboat,8.76,3.0,0.81,0.0,177,178,183,5,1
6424,sail,sailboat,12.77,4.27,2.07,4.6,177,178,180,2,1
6430,sail,sailboat,14.09,4.67,2.58,6.1,177,178,181,3,1
6432,sail,sailboat,14.1,4.34,2.25,5.3,177,178,180,2,1
6449,sail,sailboat,12.32,4.14,2.24,0.0,177,179,181,2,2
6453,sail,sailboat,11.16,3.58,1.97,5.8,177,179,182,3,2
6467,motor,motorboat,14.48,4.12,1.3,5.6,177,179,182,3,2
6492,motor,motorboat,16.08,4.97,1.43,7.0,177,179,180,1,2
6514,motor,motorboat,14.28,4.36,1.26,5.5,177,180,207,27,3
6536,motor,motorboat,14.27,4.1,1.32,3.0,177,181,202,21,4
6540,sail,sailboat,16.23,5.38,2.94,11.1,177,181,184,3,4
6546,motor,motorboat,13.52,3.91,1.32,6.8,177,181,195,14,4
6556,sail,sailboat,11.25,3.71,2.0,0.0,177,181,188,7,4
6577,sail,sailboat,10.36,3.3,1.83,6.9,177,182,184,2,5
6603,sail,sailboat,14.52,4.62,2.21,3.4,177,184,188,4,7
6641,sail,sailboat,12.79,4.11,2.08,4.0,177,185,195,10,8
6699,sail,sailboat,10.42,3.19,1.91,0.0,177,189,190,1,12
6920,sail,sailboat,14.17,4.26,2.49,3.1,177,202,208,6,25
7094,sail,sailboat,17.0,5.52,2.58,6.2,177,213,214,1,36
6396,motor,motorboat,11.78,3.39,1.11,4.5,178,178,187,9,0
6397,motor,motorboat,14.06,4.12,1.42,0.0,178,178,192,14,0
6399,motor,motorboat,15.26,4.33,1.61,6.5,178,178,181,3,0
6410,motor,motorboat,15.56,4.51,1.34,11.7,178,178,181,3,0
6419,motor,motorboat,16.01,4.64,1.57,0.0,178,178,180,2,0
6421,motor,motorboat,10.0,2.97,0.98,6.8,178,178,179,1,0
6427,super,yacht,23.35,6.52,3.05,33.7,178,178,186,8,0
6441,small,motorboat,6.12,2.13,0.6,0.0,178,179,193,14,1
6442,motor,motorboat,13.88,4.22,1.44,3.3,178,179,180,1,1
6460,sail,sailboat,16.8,5.24,2.96,0.0,178,179,181,2,1
6461,sail,sailboat,14.92,4.73,2.66,5.5,178,179,186,7,1
6468,sail,sailboat,9.54,2.91,1.63,2.8,178,179,187,8,1
6474,sail,sailboat,12.4,3.83,1.95,0.0,178,179,181,2,1
6475,motor,motorboat,14.96,4.66,1.38,4.8,178,179,182,3,1
6476,motor,motorboat,13.29,3.83,1.3,6.9,178,179,184,5,1
6484,sail,sailboat,15.52,4.9,2.46,6.9,178,179,180,1,1
6485,sail,sailboat,10.28,3.47,1.6,0.0,178,179,181,2,1
6493,small,motorboat,8.92,3.15,0.97,0.0,178,179,193,14,1
6500,sail,sailboat,16.04,4.84,2.44,10.8,178,180,182,2,2
6505,motor,motorboat,13.24,3.73,1.16,0.0,178,180,184,4,2
6507,sail,sailboat,14.08,4.27,2.31,5.1,178,180,197,17,2
6529,sail,sailboat,14.57,4.38,2.2,3.6,178,180,185,5,2
6533,motor,motorboat,13.76,3.99,1.25,0.0,178,180,182,2,2
6534,sail,sailboat,13.75,4.39,2.52,6.8,178,181,184,3,3
6581,small,motorboat,6.76,2.24,0.73,2.2,178,182,189,7,4
6596,super,yacht,21.79,6.21,2.8,0.0,178,183,184,1,5
6598,sail,sailboat,11.07,3.48,1.95,3.2,178,184,186,2,6
6609,sail,sailboat,11.85,3.79,1.87,5.9,178,184,197,13,6
6615,motor,motorboat,17.33,5.36,1.6,6.9,178,185,186,1,7
6619,small,motorboat,9.12,3.14,0.92,0.0,178,185,187,2,7
6684,sail,sailboat,13.5,4.3,2.4,0.0,178,188,191,3,10
6797,motor,motorboat,21.5,6.59,2.17,17.3,178,195,201,6,17
6881,sail,sailboat,14.78,4.78,2.44,5.6,178,199,211,12,21
6962,small,motorboat,8.49,3.01,0.94,0.0,178,205,207,2,27
6448,small,motorboat,8.6,3.09,0.87,0.0,179,179,184,5,0
6459,motor,motorboat,12.09,3.6,1.11,4.2,179,179,182,3,0
6501,motor,motorboat,14.86,4.24,1.56,5.6,179,180,182,2,1
6516,sail,sailboat,14.2,4.28,2.46,3.8,179,180,183,3,1
6517,sail,sailboat,13.46,4.34,2.06,6.6,179,180,182,2,1
6539,small,motorboat,6.58,2.22,0.61,2.2,179,181,184,3,2
6541,motor,motorboat,16.04,4.66,1.38,8.9,179,181,186,5,2
6561,super,yacht,20.48,5.75,2.54,0.0,179,181,182,1,2
6562,sail,sailboat,13.3,4.18,2.21,0.0,179,181,182,1,2
6564,sail,sailboat,11.51,3.86,1.8,5.4,179,181,183,2,2
6587,sail,sailboat,14.35,4.72,2.25,4.0,179,183,192,9,4
6631,sail,sailboat,15.72,4.8,2.37,7.0,179,185,186,1,6
6676,motor,motorboat,18.78,5.76,1.74,9.8,179,187,198,11,8
6702,sail,sailboat,11.38,3.45,1.98,3.9,179,189,196,7,10
6735,motor,motorboat,16.33,4.89,1.45,0.0,179,191,197,6,12
6778,motor,motorboat,14.68,4.36,1.37,5.5,179,193,199,6,14
6780,sail,sailboat,11.62,3.72,1.75,4.1,179,193,202,9,14
6898,motor,motorboat,13.04,3.87,1.18,4.5,179,200,205,5,21
6904,sail,sailboat,11.74,3.64,1.91,0.0,179,201,206,5,22
7021,sail,sailboat,12.81,4.07,2.27,3.2,179,208,210,2,29
6498,sail,sailboat,15.45,5.13,2.6,8.8,180,180,181,1,0
6506,sail,sailboat,14.54,4.89,2.36,0.0,180,180,181,1,0
6510,small,motorboat,8.97,2.91,0.82,0.0,180,180,185,5,0
6521,sail,sailboat,14.49,4.67,2.63,3.2,180,180,186,6,0
6523,small,motorboat,7.95,2.75,0.77,2.5,180,180,183,3,0
6524,sail,sailboat,12.41,3.83,1.92,0.0,180,180,186,6,0
6525,motor,motorboat,16.65,4.73,1.63,9.7,180,180,182,2,0
6527,small,motorboat,6.61,2.31,0.71,0.0,180,180,181,1,0
6528,sail,sailboat,12.95,4.28,2.19,4.1,180,180,182,2,0
6530,small,motorboat,7.03,2.25,0.67,0.0,180,180,189,9,0
6531,small,motorboat,9.27,3.01,0.97,2.3,180,180,181,1,0
6545,motor,motorboat,18.0,5.56,1.72,9.9,180,181,193,12,1
6553,motor,motorboat,13.37,4.05,1.15,6.8,180,181,186,5,1
6554,sail,sailboat,15.64,4.8,2.55,0.0,180,181,182,1,1
6558,motor,motorboat,18.12,5.16,1.67,9.7,180,181,193,12,1
6570,sail,sailboat,16.39,4.97,2.66,13.7,180,181,184,3,1
6571,motor,motorboat,15.0,4.24,1.53,5.7,180,181,205,24,1
6573,small,motorboat,7.3,2.4,0.67,2.5,180,182,184,2,2
6575,motor,motorboat,19.11,5.77,2.03,12.9,180,182,184,2,2
6585,motor,motorboat,18.97,5.3,1.94,8.2,180,182,184,2,2
6634,motor,motorboat,10.74,3.3,0.97,3.0,180,185,187,2,5
6680,sail,sailboat,11.75,3.89,1.82,0.0,180,188,194,6,8
6719,super,yacht,27.34,7.27,2.98,30.6,180,190,191,1,10
6721,motor,motorboat,17.43,5.19,1.83,9.7,180,190,191,1,10
6809,small,motorboat,6.74,2.38,0.61,2.8,180,196,201,5,16
6833,sail,sailboat,12.88,3.88,2.21,0.0,180,197,201,4,17
6559,motor,motorboat,16.15,4.73,1.66,13.4,181,181,188,7,0
6567,sail,sailboat,14.24,4.81,2.61,4.0,181,181,183,2,0
6576,sail,sailboat,12.58,4.08,1.95,0.0,181,182,183,1,1
6578,sail,sailboat,11.35,3.81,1.78,0.0,181,182,191,9,1
6584,small,motorboat,6.44,2.2,0.65,0.0,181,182,186,4,1
6589,sail,sailboat,12.33,4.09,2.24,5.9,181,183,186,3,2
6626,small,motorboat,6.99,2.34,0.75,0.0,181,185,188,3,4
6672,motor,motorboat,17.59,5.17,1.75,8.3,181,187,193,6,6
6715,sail,sailboat,15.71,5.1,2.73,0.0,181,190,193,3,9
6739,motor,motorboat,15.92,4.9,1.59,13.3,181,191,196,5,10
6764,small,motorboat,8.57,3.03,0.9,3.4,181,193,197,4,12
6858,sail,sailboat,9.5,3.14,1.69,2.2,181,198,200,2,17
6599,small,motorboat,6.97,2.26,0.74,0.0,182,184,188,4,2
6605,sail,sailboat,10.41,3.34,1.56,6.7,182,184,187,3,2
6607,sail,sailboat,15.11,4.87,2.79,8.6,182,184,186,2,2
6663,sail,sailboat,11.08,3.36,2.0,0.0,182,187,189,2,5
6673,motor,motorboat,12.69,3.61,1.29,6.2,182,187,192,5,5
6752,motor,motorboat,20.36,5.92,2.11,24.3,182,192,199,7,10
6590,sail,sailboat,10.99,3.48,1.99,0.0,183,183,188,5,0
6592,sail,sailboat,14.48,4.88,2.34,3.2,183,183,185,2,0
6594,sail,sailboat,16.91,5.25,2.53,0.0,183,183,194,11,0
6610,sail,sailboat,12.41,4.11,1.93,5.3,183,184,187,3,1
6614,motor,motorboat,15.26,4.72,1.48,8.7,183,185,195,10,2
6621,sail,sailboat,12.12,3.8,1.93,6.3,183,185,190,5,2
6630,small,motorboat,6.27,2.11,0.62,2.1,183,185,186,1,2
6647,super,yacht,23.56,6.57,2.72,33.4,183,186,188,2,3
6681,sail,sailboat,15.72,5.11,2.54,6.2,183,188,191,3,5
6740,sail,sailboat,14.66,4.93,2.5,4.6,183,192,193,1,9
6742,motor,motorboat,13.34,3.96,1.15,0.0,183,192,197,5,9
6791,super,yacht,26.9,7.06,3.2,17.3,183,194,198,4,11
6807,motor,motorboat,17.37,5.24,1.59,0.0,183,196,198,2,13
6601,small,motorboat,6.33,2.1,0.64,3.3,184,184,194,10,0
6606,small,motorboat,6.15,2.1,0.57,2.3,184,184,190,6,0
6608,motor,motorboat,13.35,3.95,1.33,5.5,184,184,187,3,0
6645,small,motorboat,7.26,2.56,0.71,2.2,184,186,188,2,2
6664,sail,sailboat,12.52,3.98,1.94,6.4,184,187,188,1,3
6705,sail,sailboat,16.05,5.12,2.53,0.0,184,189,191,2,5
6819,motor,motorboat,15.36,4.41,1.38,12.3,184,196,198,2,12
6613,small,motorboat,6.81,2.37,0.65,3.4,185,185,190,5,0
6624,motor,motorboat,18.23,5.13,1.92,0.0,185,185,187,2,0
6625,sail,sailboat,11.72,3.68,2.15,0.0,185,185,192,7,0
6629,small,motorboat,7.3,2.41,0.68,2.7,185,185,187,2,0
6639,motor,motorboat,16.87,5.05,1.54,9.8,185,185,187,2,0
6643,sail,sailboat,14.61,4.53,2.58,5.1,185,186,188,2,1
6655,motor,motorboat,19.6,5.69,1.78,8.1,185,186,189,3,1
6668,sail,sailboat,10.29,3.14,1.59,6.5,185,187,189,2,2
6687,motor,motorboat,14.81,4.62,1.45,4.5,185,188,195,7,3
6728,sail,sailboat,15.79,5.28,2.69,13.9,185,191,200,9,6
6783,sail,sailboat,13.9,4.46,2.09,6.2,185,193,194,1,8
6816,motor,motorboat,11.58,3.21,1.17,4.0,185,196,198,2,11
6886,sail,sailboat,12.76,3.97,2.08,3.2,185,199,205,6,14
6642,super,yacht,25.08,6.93,2.89,29.7,186,186,193,7,0
6646,motor,motorboat,13.59,4.22,1.34,4.0,186,186,193,7,0
6649,motor,motorboat,10.75,3.0,1.14,4.6,186,186,190,4,0
6661,sail,sailboat,16.8,5.54,2.52,6.2,186,187,191,4,1
6674,small,motorboat,7.34,2.49,0.77,0.0,186,187,190,3,1
6685,motor,motorboat,16.65,4.88,1.48,6.8,186,188,190,2,2
6693,motor,motorboat,14.35,4.03,1.48,7.0,186,189,190,1,3
6696,super,yacht,26.48,6.91,2.99,18.4,186,189,192,3,3
6698,motor,motorboat,15.83,4.64,1.47,10.3,186,189,202,13,3
6708,super,yacht,28.32,7.37,3.19,38.9,186,189,192,3,3
6720,motor,motorboat,12.57,3.74,1.28,4.0,186,190,192,2,4
6731,super,yacht,28.67,7.78,3.38,20.2,186,191,194,3,5
6749,small,motorboat,6.99,2.49,0.66,3.4,186,192,205,13,6
6845,small,motorboat,9.09,3.12,0.99,0.0,186,198,205,7,12
6874,motor,motorboat,13.16,3.87,1.24,3.9,186,199,210,11,13
6879,super,yacht,21.27,5.45,2.67,39.9,186,199,201,2,13
6960,sail,sailboat,10.87,3.67,1.64,0.0,186,205,214,9,19
6658,sail,sailboat,10.87,3.6,1.82,6.9,187,187,192,5,0
6670,sail,sailboat,11.41,3.59,1.7,3.3,187,187,188,1,0
6688,sail,sailboat,14.61,4.75,2.6,0.0,187,188,190,2,1
6694,motor,motorboat,14.77,4.32,1.37,3.4,187,189,195,6,2
6701,sail,sailboat,13.43,4.12,2.25,4.0,187,189,190,1,2
6704,motor,motorboat,15.66,4.72,1.46,0.0,187,189,190,1,2
6767,sail,sailboat,11.17,3.54,1.97,0.0,187,193,201,8,6
6827,motor,motorboat,12.76,3.96,1.1,6.0,187,197,211,14,10
6836,motor,motorboat,15.08,4.6,1.49,7.8,187,197,202,5,10
6853,motor,motorboat,14.38,4.37,1.43,4.7,187,198,214,16,11
6859,motor,motorboat,17.84,5.53,1.87,6.5,187,198,200,2,11
6870,small,motorboat,9.41,3.25,1.04,0.0,187,199,203,4,12
6878,small,motorboat,6.98,2.27,0.68,3.2,187,199,202,3,12
6903,motor,motorboat,13.53,3.86,1.29,0.0,187,201,203,2,14
6915,sail,sailboat,10.8,3.38,1.97,5.0,187,201,206,5,14
6992,sail,sailboat,10.53,3.23,1.74,3.2,187,207,210,3,20
6682,small,motorboat,7.46,2.68,0.75,0.0,188,188,189,1,0
6703,motor,motorboat,14.76,4.4,1.31,0.0,188,189,192,3,1
6713,sail,sailboat,10.93,3.7,1.67,6.9,188,190,194,4,2
6717,sail,sailboat,9.95,3.13,1.48,2.7,188,190,194,4,2
6727,sail,sailboat,11.84,3.74,2.02,6.1,188,191,196,5,3
6789,motor,motorboat,17.64,5.47,1.81,13.9,188,194,196,2,6
6805,small,motorboat,7.82,2.5,0.79,0.0,188,196,203,7,8
6831,sail,sailboat,12.54,3.82,1.99,5.5,188,197,203,6,9
6856,sail,sailboat,9.5,3.08,1.73,0.0,188,198,205,7,10
6857,sail,sailboat,13.69,4.29,2.1,0.0,188,198,204,6,10
6917,sail,sailboat,13.12,4.07,2.05,5.1,188,201,204,3,13
6700,small,motorboat,8.54,2.98,0.93,0.0,189,189,190,1,0
6706,motor,motorboat,16.05,4.5,1.44,0.0,189,189,190,1,0
6707,motor,motorboat,10.0,3.08,0.9,0.0,189,189,190,1,0
6710,sail,sailboat,14.85,4.96,2.35,5.7,189,190,193,3,1
6714,motor,motorboat,15.85,4.43,1.38,8.9,189,190,194,4,1
6725,sail,sailboat,14.08,4.26,2.14,4.2,189,190,191,1,1
6738,sail,sailboat,12.71,4.09,2.17,4.3,189,191,193,2,2
6743,sail,sailboat,9.5,3.12,1.52,3.3,189,192,194,2,3
6754,small,motorboat,6.38,2.26,0.59,0.0,189,192,193,1,3
6851,sail,sailboat,13.51,4.07,2.4,0.0,189,198,204,6,9
6890,super,yacht,21.51,5.75,2.63,14.6,189,200,202,2,11
6896,small,motorboat,9.16,3.13,0.93,2.1,189,200,201,1,11
6905,small,motorboat,6.39,2.26,0.58,0.0,189,201,204,3,12
6918,sail,sailboat,14.46,4.61,2.17,6.8,189,202,208,6,13
6953,sail,sailboat,11.36,3.69,1.72,0.0,189,204,207,3,15
6966,sail,sailboat,17.0,5.65,3.06,6.7,189,205,214,9,16
6729,motor,motorboat,15.16,4.27,1.55,13.4,190,191,194,3,1
6732,sail,sailboat,13.1,4.27,2.4,4.3,190,191,197,6,1
6750,motor,motorboat,19.19,5.81,1.66,12.9,190,192,204,12,2
6751,motor,motorboat,10.87,3.28,1.12,5.7,190,192,196,4,2
6835,sail,sailboat,12.55,3.91,1.97,4.0,190,197,200,3,7
6860,sail,sailboat,13.44,4.29,2.31,0.0,190,198,200,2,8
6916,sail,sailboat,12.38,3.81,2.09,5.0,190,201,203,2,11
6927,motor,motorboat,16.04,4.46,1.57,0.0,190,203,213,10,13
6939,sail,sailboat,15.96,5.1,2.57,7.3,190,204,206,2,14
7038,motor,motorboat,12.88,3.8,1.15,4.0,190,209,212,3,19
6730,sail,sailboat,12.61,4.11,1.97,4.7,191,191,207,16,0
6733,motor,motorboat,12.52,3.71,1.25,4.5,191,191,192,1,0
6734,motor,motorboat,14.15,4.05,1.27,3.4,191,191,194,3,0
6737,sail,sailboat,9.87,3.09,1.55,2.9,191,191,198,7,0
6755,sail,sailboat,13.62,4.21,2.09,6.7,191,192,194,2,1
6757,motor,motorboat,14.98,4.68,1.33,3.2,191,192,197,5,1
6762,sail,sailboat,12.09,3.71,2.1,5.4,191,193,214,21,2
6763,small,motorboat,6.8,2.28,0.67,0.0,191,193,194,1,2
6766,motor,motorboat,11.7,3.4,1.06,3.4,191,193,194,1,2
6770,motor,motorboat,14.86,4.5,1.31,0.0,191,193,208,15,2
6786,sail,sailboat,12.98,4.17,2.09,5.1,191,194,197,3,3
6839,sail,sailboat,14.27,4.69,2.44,4.6,191,197,201,4,6
6842,sail,sailboat,14.32,4.67,2.46,0.0,191,198,204,6,7
6921,motor,motorboat,14.86,4.38,1.5,4.1,191,202,203,1,11
6955,sail,sailboat,12.28,3.73,1.93,0.0,191,205,208,3,14
6971,motor,motorboat,18.23,5.08,1.75,10.3,191,205,212,7,14
6748,sail,sailboat,10.04,3.23,1.75,0.0,192,192,194,2,0
6756,motor,motorboat,15.57,4.51,1.34,13.1,192,192,195,3,0
6758,super,yacht,20.93,5.53,2.81,15.3,192,192,193,1,0
6759,sail,sailboat,16.74,5.45,2.53,11.2,192,192,210,18,0
6761,sail,sailboat,15.81,5.19,2.4,9.4,192,193,200,7,1
6765,motor,motorboat,17.17,5.24,1.66,11.3,192,193,198,5,1
6776,sail,sailboat,17.0,5.65,2.8,0.0,192,193,198,5,1
6777,motor,motorboat,10.0,2.9,0.93,3.7,192,193,195,2,1
6790,motor,motorboat,12.12,3.51,1.15,3.5,192,194,195,1,2
6793,motor,motorboat,18.34,5.61,1.75,8.0,192,194,197,3,2
6824,sail,sailboat,10.7,3.49,1.69,0.0,192,197,203,6,5
6832,sail,sailboat,10.41,3.33,1.87,3.0,192,197,201,4,5
6834,small,motorboat,7.78,2.58,0.76,2.1,192,197,203,6,5
6864,motor,motorboat,16.54,5.14,1.57,11.5,192,199,203,4,7
6872,sail,sailboat,12.04,3.85,2.13,6.2,192,199,208,9,7
6932,super,yacht,27.25,7.79,3.23,39.1,192,203,205,2,11
6947,super,yacht,20.09,5.54,2.64,26.9,192,204,205,1,12
6979,super,yacht,24.62,6.43,3.08,28.4,192,206,209,3,14
7023,sail,sailboat,12.8,4.33,1.96,5.0,192,208,214,6,16
6768,sail,sailboat,14.51,4.9,2.16,5.9,193,193,194,1,0
6769,sail,sailboat,12.24,3.84,1.86,4.5,193,193,196,3,0
6773,motor,motorboat,13.23,3.93,1.39,3.8,193,193,196,3,0
6779,sail,sailboat,14.94,4.81,2.43,5.8,193,193,195,2,0
6782,sail,sailboat,9.5,3.05,1.49,0.0,193,193,201,8,0
6785,sail,sailboat,16.49,5.25,2.54,9.4,193,194,201,7,1
6788,motor,motorboat,17.79,5.52,1.68,0.0,193,194,200,6,1
6795,sail,sailboat,9.88,3.18,1.66,2.1,193,195,197,2,2
6796,sail,sailboat,14.14,4.47,2.24,4.0,193,195,198,3,2
6810,sail,sailboat,14.99,4.86,2.23,6.6,193,196,201,5,3
6837,sail,sailboat,12.25,4.11,2.09,6.1,193,197,199,2,4
6855,small,motorboat,7.25,2.48,0.74,0.0,193,198,200,2,5
6894,sail,sailboat,14.14,4.43,2.47,3.4,193,200,204,4,7
6990,sail,sailboat,16.53,5.55,2.74,7.7,193,207,214,7,14
7079,motor,motorboat,13.01,3.68,1.34,4.4,193,212,214,2,19
7083,super,yacht,24.39,6.79,2.93,20.2,193,212,214,2,19
6802,sail,sailboat,14.94,4.9,2.33,5.3,194,195,201,6,1
6813,motor,motorboat,11.24,3.15,1.18,6.0,194,196,199,3,2
6814,small,motorboat,7.08,2.36,0.76,3.5,194,196,198,2,2
6817,sail,sailboat,15.94,4.81,2.47,0.0,194,196,200,4,2
6820,motor,motorboat,14.28,4.38,1.3,4.4,194,196,201,5,2
6922,sail,sailboat,13.28,4.3,2.41,0.0,194,202,214,12,8
7005,sail,sailboat,13.47,4.54,2.18,0.0,194,207,213,6,13
7017,motor,motorboat,14.36,4.22,1.31,4.3,194,208,211,3,14
6801,sail,sailboat,10.13,3.43,1.6,6.4,195,195,196,1,0
6803,motor,motorboat,12.69,3.63,1.21,3.7,195,195,200,5,0
6804,motor,motorboat,15.61,4.75,1.51,11.6,195,195,197,2,0
6882,sail,sailboat,12.93,4.11,1.97,6.9,195,199,201,2,4
6911,sail,sailboat,14.89,4.73,2.24,4.6,195,201,204,3,6
6950,small,motorboat,6.15,2.06,0.63,0.0,195,204,205,1,9
6969,super,yacht,20.15,5.63,2.5,0.0,195,205,209,4,10
7014,motor,motorboat,17.16,5.25,1.63,9.2,195,208,214,6,13
7036,motor,motorboat,12.06,3.56,1.21,4.4,195,209,212,3,14
6823,motor,motorboat,14.36,4.12,1.42,0.0,196,196,198,2,0
6843,motor,motorboat,14.98,4.4,1.44,6.5,196,198,199,1,2
6848,motor,motorboat,13.57,4.06,1.19,4.6,196,198,199,1,2
6852,sail,sailboat,13.51,4.5,2.01,0.0,196,198,204,6,2
6861,sail,sailboat,12.48,4.23,2.24,0.0,196,198,214,16,2
6900,super,yacht,25.95,7.02,2.99,35.6,196,200,202,2,4
6940,sail,sailboat,9.5,2.93,1.46,2.7,196,204,207,3,8
6946,sail,sailboat,12.1,4.1,1.83,4.5,196,204,206,2,8
6980,sail,sailboat,11.33,3.41,1.74,6.1,196,206,214,8,10
7020,motor,motorboat,13.19,3.74,1.34,6.5,196,208,214,6,12
7047,sail,sailboat,11.51,3.62,1.76,3.1,196,210,214,4,14
6829,motor,motorboat,14.49,4.4,1.31,0.0,197,197,199,2,0
6838,motor,motorboat,10.29,3.06,0.89,4.1,197,197,200,3,0
6841,sail,sailboat,9.5,2.96,1.45,0.0,197,198,201,3,1
6846,sail,sailboat,9.5,2.92,1.66,3.0,197,198,200,2,1
6849,sail,sailboat,15.59,5.05,2.65,6.4,197,198,208,10,1
6862,small,motorboat,6.03,1.99,0.61,2.3,197,198,201,3,1
6866,motor,motorboat,12.95,3.77,1.33,5.4,197,199,206,7,2
6875,sail,sailboat,11.44,3.7,1.95,5.7,197,199,212,13,2
6883,sail,sailboat,11.31,3.48,1.82,5.8,197,199,206,7,2
6885,sail,sailboat,11.73,3.97,2.09,4.7,197,199,200,1,2
6897,small,motorboat,9.06,3.14,1.0,0.0,197,200,201,1,3
6913,sail,sailboat,13.31,4.44,2.08,3.5,197,201,214,13,4
6949,small,motorboat,6.37,2.19,0.7,3.2,197,204,207,3,7
6977,sail,sailboat,17.0,5.31,2.62,10.7,197,206,211,5,9
6986,motor,motorboat,15.62,4.52,1.65,9.1,197,206,208,2,9
7003,small,motorboat,9.17,3.13,0.94,2.8,197,207,209,2,10
7040,motor,motorboat,19.42,5.43,1.73,6.1,197,210,213,3,13
7042,motor,motorboat,15.92,4.45,1.67,11.3,197,210,211,1,13
6844,small,motorboat,6.95,2.25,0.74,0.0,198,198,199,1,0
6869,sail,sailboat,13.43,4.05,2.11,4.3,198,199,204,5,1
6887,super,yacht,25.16,7.14,3.09,36.7,198,199,206,7,1
6889,small,motorboat,7.37,2.36,0.77,2.5,198,200,204,4,2
6891,sail,sailboat,15.66,4.88,2.88,12.5,198,200,202,2,2
6892,sail,sailboat,11.96,3.94,1.91,6.5,198,200,202,2,2
6893,sail,sailboat,10.33,3.13,1.66,3.7,198,200,203,3,2
6906,super,yacht,21.36,5.96,2.51,17.4,198,201,209,8,3
6944,super,yacht,21.72,5.59,2.72,27.9,198,204,208,4,6
7010,motor,motorboat,14.74,4.43,1.46,3.5,198,207,213,6,9
7043,super,yacht,24.38,6.94,3.03,0.0,198,210,213,3,12
7054,sail,sailboat,11.51,3.72,1.82,5.8,198,211,214,3,13
7073,small,motorboat,7.17,2.45,0.8,0.0,198,212,214,2,14
7078,motor,motorboat,17.57,4.92,1.55,9.3,198,212,214,2,14
6867,motor,motorboat,10.0,2.79,0.93,0.0,199,199,205,6,0
6871,sail,sailboat,11.89,3.84,1.94,6.2,199,199,201,2,0
6876,small,motorboat,6.58,2.16,0.59,0.0,199,199,202,3,0
6884,sail,sailboat,9.71,3.09,1.79,0.0,199,199,202,3,0
6888,sail,sailboat,12.74,4.0,2.32,0.0,199,200,205,5,1
6899,motor,motorboat,16.24,4.74,1.46,10.9,199,200,201,1,1
6908,sail,sailboat,13.71,4.63,2.42,5.6,199,201,205,4,2
6926,sail,sailboat,16.7,5.66,2.55,7.2,199,202,209,7,3
6928,motor,motorboat,16.2,4.97,1.46,8.8,199,203,205,2,4
6996,sail,sailboat,12.68,4.15,2.08,3.3,199,207,210,3,8
7025,small,motorboat,7.34,2.52,0.76,0.0,199,208,209,1,9
7030,sail,sailboat,12.45,3.94,2.19,6.0,199,208,209,1,9
7049,motor,motorboat,20.55,6.12,1.93,19.8,199,210,214,4,11
7062,motor,motorboat,16.11,4.79,1.59,6.8,199,211,214,3,12
7102,sail,sailboat,13.0,4.32,2.18,0.0,199,213,214,1,14
6914,sail,sailboat,12.37,4.15,2.11,0.0,200,201,208,7,1
6938,motor,motorboat,14.7,4.54,1.53,4.9,200,204,205,1,4
6948,small,motorboat,8.19,2.76,0.75,0.0,200,204,214,10,4
6956,sail,sailboat,15.82,4.89,2.77,12.6,200,205,207,2,5
6957,motor,motorboat,18.99,5.42,1.96,12.0,200,205,207,2,5
6976,motor,motorboat,10.66,3.04,1.01,4.4,200,206,212,6,6
6989,sail,sailboat,12.29,4.04,2.25,0.0,200,206,214,8,6
7002,sail,sailboat,13.6,4.4,2.41,0.0,200,207,209,2,7
7065,sail,sailboat,9.5,3.07,1.49,3.2,200,211,214,3,11
7104,sail,sailboat,13.5,4.18,2.13,3.0,200,213,214,1,13
6901,sail,sailboat,11.86,3.66,1.78,7.0,201,201,214,13,0
6909,motor,motorboat,13.42,3.72,1.42,5.9,201,201,204,3,0
6912,sail,sailboat,14.43,4.65,2.33,6.4,201,201,214,13,0
6934,motor,motorboat,15.09,4.51,1.41,0.0,201,203,204,1,2
6973,small,motorboat,9.47,3.31,0.99,0.0,201,205,207,2,4
6999,motor,motorboat,13.9,4.12,1.45,6.3,201,207,210,3,6
7028,small,motorboat,6.26,2.24,0.64,0.0,201,208,209,1,7
7045,motor,motorboat,15.25,4.32,1.37,13.0,201,210,214,4,9
7081,sail,sailboat,17.0,5.33,2.81,0.0,201,212,214,2,11
6924,sail,sailboat,9.5,3.05,1.52,0.0,202,202,206,4,0
6933,sail,sailboat,13.97,4.47,2.21,6.3,202,203,207,4,1
6936,sail,sailboat,10.43,3.51,1.85,5.7,202,203,205,2,1
6941,sail,sailboat,12.2,3.82,1.94,5.4,202,204,208,4,2
6942,sail,sailboat,12.84,4.07,2.36,3.8,202,204,211,7,2
6964,motor,motorboat,16.38,5.09,1.53,0.0,202,205,206,1,3
6981,motor,motorboat,11.95,3.49,1.08,6.3,202,206,207,1,4
6982,motor,motorboat,14.98,4.45,1.55,3.2,202,206,214,8,4
6985,motor,motorboat,11.81,3.66,1.05,6.8,202,206,209,3,4
7029,small,motorboat,6.04,2.14,0.55,0.0,202,208,209,1,6
7088,sail,sailboat,15.78,5.17,2.75,0.0,202,212,214,2,10
7091,small,motorboat,8.78,2.9,0.96,3.1,202,213,214,1,11
7103,super,yacht,25.54,7.29,3.01,23.9,202,213,214,1,11
6952,sail,sailboat,17.0,5.45,2.61,9.3,203,204,206,2,1
6961,sail,sailboat,9.5,3.0,1.44,2.6,203,205,207,2,2
6965,sail,sailboat,15.45,4.75,2.47,10.8,203,205,206,1,2
6983,sail,sailboat,14.82,4.54,2.45,0.0,203,206,210,4,3
6988,motor,motorboat,13.6,3.99,1.34,6.9,203,206,209,3,3
6997,sail,sailboat,11.68,3.67,1.77,3.2,203,207,208,1,4
7026,small,motorboat,9.49,3.29,1.01,3.2,203,208,209,1,5
7032,motor,motorboat,11.27,3.17,1.09,3.9,203,209,211,2,6
7033,sail,sailboat,14.53,4.46,2.45,0.0,203,209,210,1,6
7041,sail,sailboat,13.87,4.6,2.38,3.6,203,210,214,4,7
7058,sail,sailboat,14.68,4.84,2.69,0.0,203,211,214,3,8
7064,sail,sailboat,10.41,3.49,1.74,4.4,203,211,214,3,8
7075,motor,motorboat,16.49,4.93,1.44,7.8,203,212,214,2,9
6943,sail,sailboat,15.2,4.76,2.66,9.3,204,204,205,1,0
6954,sail,sailboat,9.5,3.12,1.42,0.0,204,205,208,3,1
6967,motor,motorboat,13.87,3.96,1.31,4.0,204,205,212,7,1
6968,sail,sailboat,10.82,3.45,1.96,0.0,204,205,210,5,1
6974,motor,motorboat,17.83,5.57,1.89,8.1,204,206,207,1,2
7007,sail,sailboat,16.33,4.98,2.6,0.0,204,207,210,3,3
7018,small,motorboat,8.26,2.93,0.92,2.4,204,208,210,2,4
7055,motor,motorboat,15.88,4.51,1.55,12.1,204,211,214,3,7
7060,sail,sailboat,13.23,4.29,1.97,0.0,204,211,214,3,7
7068,small,motorboat,8.08,2.85,0.77,0.0,204,211,214,3,7
7085,sail,sailboat,15.42,4.91,2.3,9.9,204,212,214,2,8
6958,small,motorboat,6.27,2.21,0.63,0.0,205,205,210,5,0
6963,motor,motorboat,17.47,5.37,1.82,10.5,205,205,208,3,0
6970,motor,motorboat,17.69,5.25,1.81,8.5,205,205,207,2,0
6972,sail,sailboat,10.55,3.3,1.82,3.1,205,205,214,9,0
6975,sail,sailboat,13.28,4.32,2.34,6.5,205,206,214,8,1
7089,sail,sailboat,13.84,4.2,2.39,5.8,205,213,214,1,8
7092,small,motorboat,8.13,2.75,0.83,0.0,205,213,214,1,8
7093,motor,motorboat,17.74,5.51,1.76,10.3,205,213,214,1,8
7004,small,motorboat,8.86,2.91,0.94,0.0,206,207,209,2,1
7011,sail,sailboat,17.0,5.62,2.65,11.4,206,207,209,2,1
7027,sail,sailboat,14.62,4.44,2.28,0.0,206,208,210,2,2
7031,sail,sailboat,17.0,5.21,2.97,0.0,206,208,214,6,2
6994,small,motorboat,8.96,3.13,0.88,0.0,207,207,210,3,0
6995,small,motorboat,9.43,3.14,0.93,2.7,207,207,214,7,0
7000,super,yacht,24.78,6.4,3.07,12.7,207,207,208,1,0
7008,sail,sailboat,12.94,4.08,2.35,0.0,207,207,209,2,0
7012,sail,sailboat,14.79,4.92,2.47,0.0,207,207,211,4,0
7013,small,motorboat,7.91,2.82,0.88,0.0,207,207,214,7,0
7016,sail,sailboat,13.7,4.49,2.41,6.0,207,208,212,4,1
7034,sail,sailboat,17.0,5.38,3.1,11.6,207,209,214,5,2
7061,motor,motorboat,12.31,3.57,1.15,0.0,207,211,214,3,4
7090,sail,sailboat,12.91,4.31,2.05,0.0,207,213,214,1,6
7048,small,motorboat,7.12,2.29,0.77,3.1,208,210,211,1,2
7053,sail,sailboat,10.95,3.48,1.86,4.5,208,210,214,4,2
7087,super,yacht,28.43,7.58,3.46,14.8,208,212,214,2,4
7098,small,motorboat,9.36,3.17,0.97,2.1,208,213,214,1,5
7099,motor,motorboat,11.76,3.35,1.18,6.0,208,213,214,1,5
7035,motor,motorboat,19.9,6.09,2.11,0.0,209,209,214,5,0
7037,small,motorboat,6.62,2.14,0.6,3.2,209,209,210,1,0
7051,sail,sailboat,15.74,4.82,2.79,8.9,209,210,212,2,1
7052,motor,motorboat,15.79,4.55,1.44,12.9,209,210,214,4,1
7050,motor,motorboat,13.91,4.26,1.47,3.6,210,210,214,4,0
7086,sail,sailboat,17.0,5.34,2.93,10.9,210,212,214,2,2
7066,motor,motorboat,18.14,5.49,1.9,0.0,211,211,213,2,0
7067,sail,sailboat,12.03,3.91,1.87,5.2,211,211,214,3,0
7077,sail,sailboat,15.81,4.77,2.76,0.0,211,212,214,2,1
7097,sail,sailboat,10.48,3.5,1.78,0.0,211,213,214,1,2
7101,sail,sailboat,13.56,4.4,2.19,4.1,211,213,214,1,2
7106,sail,sailboat,11.1,3.35,1.68,0.0,211,213,214,1,2
7107,motor,motorboat,13.82,4.06,1.41,3.2,211,213,214,1,2
7069,motor,motorboat,14.49,4.43,1.47,0.0,212,212,214,2,0
7084,small,motorboat,8.23,2.86,0.79,0.0,212,212,214,2,0
7095,motor,motorboat,14.87,4.62,1.48,6.8,212,213,214,1,1
7108,small,motorboat,7.48,2.63,0.8,2.3,212,213,214,1,1
7100,motor,motorboat,15.27,4.63,1.55,10.9,213,213,214,1,0
7105,sail,sailboat,9.5,2.96,1.75,2.3,213,213,214,1,0
