request_id,segment,boat_type,length_m,beam_m,draft_m,power_kw,booking_day,arrival_day,departure_day,nights,lead_days
95,sail,sailboat,10.85,3.68,1.72,0.0,-146,4,8,4,150
175,small,motorboat,6.58,2.2,0.66,3.0,-135,10,35,25,145
151,sail,sailboat,17.0,5.19,2.72,12.3,-117,8,10,2,125
305,sail,sailboat,11.83,3.65,1.94,0.0,-117,18,19,1,135
1,sail,sailboat,12.94,4.17,2.39,0.0,-116,0,6,6,116
203,small,motorboat,8.57,3.02,0.93,0.0,-113,11,35,24,124
143,motor,motorboat,15.71,4.56,1.53,0.0,-111,8,11,3,119
471,super,yacht,20.3,5.2,2.3,22.9,-111,27,29,2,138
918,small,motorboat,6.76,2.33,0.71,2.7,-106,43,47,4,149
334,motor,motorboat,14.3,4.09,1.5,5.3,-103,19,22,3,122
772,small,motorboat,6.14,2.04,0.64,2.1,-102,38,41,3,140
685,sail,sailboat,10.03,3.29,1.49,0.0,-100,36,49,13,136
315,motor,motorboat,20.65,6.11,1.81,19.3,-99,18,20,2,117
879,sail,sailboat,12.43,4.21,2.06,4.9,-99,42,53,11,141
267,sail,sailboat,14.98,5.04,2.48,6.6,-98,16,19,3,114
312,super,yacht,28.71,8.01,3.1,26.4,-95,18,20,2,113
902,motor,motorboat,13.75,4.02,1.23,5.9,-95,43,45,2,138
945,motor,motorboat,16.52,4.75,1.46,0.0,-92,44,45,1,136
199,sail,sailboat,12.63,3.97,2.33,0.0,-91,11,14,3,102
1028,sail,sailboat,10.08,3.13,1.54,5.2,-90,46,47,1,136
322,super,yacht,22.64,6.32,2.49,27.3,-88,18,21,3,106
1428,sail,sailboat,10.23,3.12,1.71,5.3,-86,59,65,6,145
14,sail,sailboat,9.5,3.2,1.61,3.5,-85,0,1,1,85
1421,motor,motorboat,16.12,4.52,1.67,11.0,-84,59,60,1,143
1449,small,motorboat,8.38,2.71,0.79,2.5,-84,60,62,2,144
61,sail,sailboat,13.2,4.04,2.03,0.0,-83,3,6,3,86
1538,sail,sailboat,12.93,3.92,2.19,5.4,-83,62,64,2,145
1752,sail,sailboat,10.75,3.54,1.89,4.2,-83,66,71,5,149
280,sail,sailboat,11.34,3.53,1.98,6.0,-82,17,24,7,99
1987,motor,motorboat,11.95,3.7,1.24,0.0,-79,71,73,2,150
634,motor,motorboat,14.93,4.43,1.59,4.8,-76,33,38,5,109
717,motor,motorboat,21.06,6.02,2.21,12.8,-74,37,44,7,111
800,small,motorboat,6.95,2.36,0.72,3.1,-74,39,42,3,113
1479,sail,sailboat,10.24,3.37,1.85,3.6,-74,61,66,5,135
1558,super,yacht,21.93,5.75,2.91,23.0,-74,63,69,6,137
588,super,yacht,22.76,6.4,2.61,33.4,-73,32,57,25,105
1299,sail,sailboat,14.89,4.71,2.61,5.3,-73,55,61,6,128
111,motor,motorboat,11.9,3.71,1.24,6.5,-72,5,12,7,77
664,sail,sailboat,17.0,5.55,2.76,6.5,-72,34,35,1,106
2356,motor,motorboat,17.98,5.14,1.8,0.0,-71,78,79,1,149
2372,super,yacht,24.24,6.2,3.0,36.6,-71,78,98,20,149
877,super,yacht,27.86,7.79,3.3,0.0,-70,42,43,1,112
1164,sail,sailboat,14.43,4.69,2.44,3.2,-70,51,52,1,121
2012,super,yacht,24.76,6.75,3.1,18.6,-69,71,74,3,140
2272,motor,motorboat,13.65,4.22,1.17,6.5,-69,76,78,2,145
2417,super,yacht,28.39,7.62,3.26,33.1,-69,79,83,4,148
347,motor,motorboat,16.3,4.55,1.51,10.0,-66,20,27,7,86
1748,super,yacht,20.56,5.76,2.35,17.8,-66,66,69,3,132
2525,super,yacht,26.55,7.17,3.4,27.9,-65,81,83,2,146
94,sail,sailboat,17.0,5.5,2.62,0.0,-64,4,8,4,68
2389,super,yacht,27.5,7.29,3.33,23.7,-64,78,82,4,142
2689,super,yacht,26.62,7.25,3.33,22.7,-62,85,87,2,147
1628,sail,sailboat,14.01,4.58,2.22,4.4,-61,64,71,7,125
207,super,yacht,28.7,7.32,3.81,32.0,-60,12,13,1,72
528,sail,sailboat,15.97,4.82,2.42,0.0,-60,30,32,2,90
1050,sail,sailboat,11.81,3.73,1.86,5.9,-60,47,48,1,107
1332,motor,motorboat,14.57,4.17,1.3,6.8,-60,56,57,1,116
1999,motor,motorboat,19.76,5.65,1.77,9.2,-60,71,74,3,131
606,super,yacht,27.93,7.18,3.63,25.1,-59,32,35,3,91
1224,sail,sailboat,12.09,3.73,1.89,4.9,-59,53,58,5,112
2122,motor,motorboat,14.58,4.45,1.25,6.3,-59,73,76,3,132
805,small,motorboat,6.37,2.22,0.66,0.0,-58,39,41,2,97
1408,sail,sailboat,10.46,3.49,1.69,4.1,-58,59,61,2,117
2966,super,yacht,27.06,7.59,3.04,35.4,-58,90,94,4,148
391,super,yacht,21.15,5.99,2.38,36.1,-57,23,24,1,80
687,super,yacht,24.59,6.65,2.91,18.5,-57,36,39,3,93
1505,motor,motorboat,14.32,4.37,1.5,5.1,-57,61,64,3,118
2679,super,yacht,22.18,6.13,2.96,23.3,-57,85,86,1,142
3044,super,yacht,20.54,5.27,2.24,39.6,-57,92,96,4,149
3067,motor,motorboat,12.65,3.58,1.1,3.5,-57,92,93,1,149
523,sail,sailboat,13.41,4.13,2.37,4.1,-56,30,33,3,86
2523,super,yacht,22.38,6.1,2.81,25.5,-56,81,84,3,137
162,super,yacht,26.49,6.85,3.25,17.3,-55,9,12,3,64
63,motor,motorboat,16.38,4.78,1.68,6.4,-54,3,5,2,57
1243,sail,sailboat,10.73,3.56,1.72,0.0,-54,53,54,1,107
692,small,motorboat,9.18,3.29,1.03,3.1,-53,36,42,6,89
1003,super,yacht,21.71,5.7,2.54,18.8,-53,45,48,3,98
1203,sail,sailboat,14.32,4.38,2.64,5.3,-53,52,57,5,105
1597,sail,sailboat,13.79,4.16,2.38,5.5,-53,64,90,26,117
2150,sail,sailboat,13.79,4.67,2.24,6.8,-53,74,83,9,127
2168,super,yacht,26.21,6.76,2.9,28.5,-53,74,85,11,127
134,motor,motorboat,12.58,3.6,1.08,0.0,-52,7,10,3,59
185,motor,motorboat,13.04,3.63,1.24,5.1,-52,10,13,3,62
421,super,yacht,27.38,7.26,3.6,31.1,-52,24,29,5,76
540,sail,sailboat,11.66,3.69,1.82,6.4,-51,31,36,5,82
744,motor,motorboat,16.31,4.6,1.7,7.7,-51,37,39,2,88
2826,small,motorboat,8.75,2.93,0.9,2.7,-51,87,92,5,138
2895,super,yacht,25.59,6.73,3.41,12.8,-51,88,89,1,139
3072,sail,sailboat,10.24,3.27,1.63,0.0,-51,92,93,1,143
1840,motor,motorboat,19.44,5.66,1.79,7.7,-50,67,76,9,117
2782,motor,motorboat,18.2,5.5,1.8,10.2,-50,87,89,2,137
103,small,motorboat,7.55,2.47,0.8,0.0,-49,5,7,2,54
951,super,yacht,23.1,5.97,2.71,19.2,-49,44,57,13,93
2096,motor,motorboat,17.52,5.13,1.54,6.5,-49,73,74,1,122
2500,motor,motorboat,16.86,5.19,1.52,10.1,-49,80,82,2,129
2713,sail,sailboat,16.85,5.14,2.54,0.0,-49,85,90,5,134
3510,motor,motorboat,13.07,3.89,1.32,3.4,-49,99,101,2,148
3590,sail,sailboat,16.9,5.54,2.89,9.0,-49,100,104,4,149
33,motor,motorboat,17.01,4.95,1.68,9.6,-48,1,4,3,49
25,motor,motorboat,14.82,4.54,1.52,3.6,-47,1,2,1,48
89,motor,motorboat,10.0,2.83,1.02,4.1,-47,4,6,2,51
651,sail,sailboat,13.28,4.37,2.26,5.5,-47,34,36,2,81
704,sail,sailboat,12.55,4.04,2.1,5.6,-47,36,37,1,83
3050,motor,motorboat,18.0,5.46,1.81,13.6,-47,92,93,1,139
3728,sail,sailboat,13.9,4.21,2.09,0.0,-47,102,115,13,149
43,sail,sailboat,12.88,4.25,2.3,5.9,-46,1,8,7,47
121,sail,sailboat,14.06,4.43,2.24,5.3,-46,6,10,4,52
239,motor,motorboat,10.84,3.14,1.12,6.3,-46,14,16,2,60
719,sail,sailboat,11.92,3.73,2.1,0.0,-46,37,42,5,83
1210,small,motorboat,6.58,2.27,0.63,0.0,-46,52,55,3,98
1482,super,yacht,23.11,6.05,3.05,23.0,-46,61,62,1,107
45,super,yacht,25.18,7.05,2.91,24.1,-45,2,7,5,47
201,sail,sailboat,13.31,4.13,2.12,5.8,-45,11,12,1,56
442,super,yacht,26.74,7.34,3.02,14.4,-45,25,28,3,70
1457,motor,motorboat,16.9,4.95,1.49,12.5,-45,60,61,1,105
3035,motor,motorboat,15.28,4.43,1.53,12.5,-45,91,92,1,136
949,super,yacht,20.28,5.33,2.45,28.3,-44,44,45,1,88
2309,small,motorboat,6.95,2.28,0.72,0.0,-44,77,83,6,121
3103,super,yacht,27.22,7.32,2.98,25.7,-44,93,96,3,137
3805,super,yacht,22.23,6.01,2.52,30.2,-44,103,110,7,147
215,motor,motorboat,19.23,5.54,1.87,12.0,-43,12,18,6,55
357,motor,motorboat,15.97,4.86,1.42,7.3,-43,21,26,5,64
2810,sail,sailboat,15.77,5.08,2.57,0.0,-43,87,89,2,130
259,motor,motorboat,13.0,3.68,1.38,4.2,-42,15,38,23,57
325,small,motorboat,7.54,2.66,0.71,3.0,-42,18,19,1,60
1340,sail,sailboat,12.28,4.15,1.88,3.2,-42,57,60,3,99
1702,sail,sailboat,10.72,3.58,1.86,6.1,-42,65,71,6,107
1777,super,yacht,20.02,5.65,2.5,36.9,-42,66,67,1,108
3763,sail,sailboat,15.18,5.01,2.36,13.8,-42,103,108,5,145
1206,sail,sailboat,13.37,4.09,2.07,5.2,-41,52,55,3,93
2937,motor,motorboat,10.0,2.93,0.87,5.9,-41,89,90,1,130
3161,sail,sailboat,14.45,4.47,2.52,3.0,-41,94,100,6,135
3163,motor,motorboat,11.21,3.16,1.04,4.8,-41,94,102,8,135
4207,sail,sailboat,10.24,3.28,1.67,0.0,-41,109,112,3,150
352,motor,motorboat,13.97,4.04,1.45,3.9,-40,20,21,1,60
389,super,yacht,20.81,5.51,2.59,23.5,-40,22,24,2,62
156,super,yacht,27.56,7.57,3.11,35.2,-39,9,16,7,48
181,sail,sailboat,9.5,3.0,1.42,0.0,-39,10,15,5,49
224,super,yacht,23.44,6.65,2.9,16.4,-39,13,14,1,52
264,motor,motorboat,14.25,4.02,1.22,6.0,-39,15,17,2,54
639,super,yacht,26.53,7.33,3.2,31.2,-39,33,34,1,72
2419,motor,motorboat,10.0,2.82,0.98,5.5,-39,79,80,1,118
2722,sail,sailboat,12.91,4.08,1.96,6.7,-39,86,87,1,125
1978,sail,sailboat,11.68,3.58,1.77,0.0,-38,71,73,2,109
2470,sail,sailboat,10.14,3.19,1.61,6.0,-38,80,85,5,118
3769,sail,sailboat,12.75,3.88,2.21,0.0,-38,103,110,7,141
88,super,yacht,20.3,5.76,2.52,32.6,-37,4,6,2,41
991,super,yacht,26.81,7.47,3.33,29.0,-37,45,56,11,82
1631,motor,motorboat,14.12,4.21,1.5,4.8,-37,64,71,7,101
3403,super,yacht,21.14,6.01,2.56,39.6,-37,97,98,1,134
3732,small,motorboat,7.99,2.77,0.86,0.0,-37,102,104,2,139
2,sail,sailboat,10.21,3.09,1.53,5.1,-36,0,3,3,36
128,sail,sailboat,15.51,5.23,2.49,9.8,-36,7,8,1,43
341,small,motorboat,8.49,2.95,0.95,0.0,-36,20,22,2,56
555,motor,motorboat,10.0,2.8,0.99,0.0,-36,31,59,28,67
3012,sail,sailboat,10.44,3.31,1.81,6.4,-36,91,97,6,127
287,sail,sailboat,14.16,4.76,2.52,5.2,-35,17,18,1,52
356,motor,motorboat,17.65,5.06,1.6,12.6,-35,21,24,3,56
381,motor,motorboat,12.32,3.42,1.29,4.0,-35,22,30,8,57
2707,super,yacht,22.66,5.94,2.74,21.4,-35,85,86,1,120
4125,super,yacht,28.05,7.21,3.63,0.0,-35,108,109,1,143
4298,motor,motorboat,11.73,3.54,1.13,3.6,-35,110,115,5,145
4542,motor,motorboat,18.43,5.3,1.82,6.9,-35,115,117,2,150
15,sail,sailboat,12.4,4.16,2.18,6.7,-34,0,7,7,34
221,sail,sailboat,12.64,3.82,2.01,3.9,-34,13,20,7,47
385,motor,motorboat,14.95,4.24,1.39,0.0,-34,22,25,3,56
1158,small,motorboat,6.16,2.03,0.66,0.0,-34,51,59,8,85
49,sail,sailboat,10.74,3.31,1.94,5.2,-33,2,5,3,35
1045,super,yacht,21.05,5.71,2.39,38.1,-33,46,50,4,79
2462,sail,sailboat,13.75,4.26,2.17,4.6,-33,80,86,6,113
4324,super,yacht,21.12,5.42,2.47,25.7,-33,111,116,5,144
4405,super,yacht,28.16,7.84,3.57,25.6,-33,112,117,5,145
136,motor,motorboat,14.56,4.24,1.55,7.0,-32,7,11,4,39
1258,super,yacht,25.44,6.96,2.77,26.1,-32,54,57,3,86
4000,super,yacht,22.0,5.87,2.5,18.4,-32,106,109,3,138
4064,small,motorboat,8.01,2.81,0.79,3.2,-32,107,109,2,139
4496,sail,sailboat,12.77,4.21,2.21,0.0,-32,114,116,2,146
4748,motor,motorboat,18.95,5.29,1.98,0.0,-32,118,120,2,150
66,sail,sailboat,12.77,3.85,2.23,4.3,-31,3,9,6,34
132,sail,sailboat,11.19,3.58,2.06,4.0,-31,7,10,3,38
266,sail,sailboat,10.06,3.13,1.5,0.0,-31,16,23,7,47
2228,super,yacht,20.91,5.9,2.36,39.6,-31,75,87,12,106
2432,motor,motorboat,13.91,4.13,1.45,0.0,-31,79,84,5,110
3089,super,yacht,23.4,6.57,2.59,19.3,-31,92,96,4,123
124,motor,motorboat,16.05,4.48,1.57,0.0,-30,6,21,15,36
202,sail,sailboat,13.9,4.37,2.55,6.2,-30,11,12,1,41
410,super,yacht,20.94,5.86,2.49,36.6,-30,23,24,1,53
4462,super,yacht,26.55,7.13,2.93,34.8,-30,114,116,2,144
4493,motor,motorboat,18.14,5.15,1.68,13.0,-30,114,116,2,144
85,sail,sailboat,12.88,4.0,2.1,4.2,-29,4,11,7,33
372,small,motorboat,7.23,2.5,0.71,3.1,-29,22,40,18,51
564,sail,sailboat,11.23,3.41,2.0,0.0,-29,31,32,1,60
2056,motor,motorboat,11.0,3.09,1.17,6.7,-29,72,75,3,101
51,motor,motorboat,14.86,4.37,1.5,6.4,-28,2,3,1,30
118,motor,motorboat,14.87,4.65,1.5,5.6,-28,6,9,3,34
403,sail,sailboat,11.12,3.58,1.77,4.5,-28,23,24,1,51
970,super,yacht,20.78,5.85,2.78,17.9,-28,45,51,6,73
1626,small,motorboat,9.48,3.13,1.06,0.0,-28,64,67,3,92
2262,motor,motorboat,13.15,4.04,1.37,4.3,-28,76,78,2,104
4719,sail,sailboat,11.21,3.68,1.98,4.4,-28,117,119,2,145
314,motor,motorboat,11.27,3.26,1.17,4.8,-27,18,19,1,45
580,small,motorboat,6.07,2.04,0.58,2.4,-27,32,35,3,59
804,super,yacht,27.14,7.05,3.34,0.0,-27,39,42,3,66
1772,motor,motorboat,16.06,4.97,1.61,0.0,-27,66,72,6,93
2616,small,motorboat,9.01,3.1,0.92,0.0,-27,83,87,4,110
2801,super,yacht,20.46,5.24,2.28,37.7,-27,87,89,2,114
3679,sail,sailboat,15.46,5.0,2.65,0.0,-27,102,103,1,129
4567,super,yacht,22.57,6.18,2.6,14.7,-27,115,116,1,142
4568,super,yacht,20.81,5.31,2.34,34.5,-27,115,116,1,142
4840,super,yacht,20.46,5.45,2.38,29.9,-27,119,132,13,146
59,sail,sailboat,12.87,4.22,2.0,6.7,-26,3,4,1,29
2337,super,yacht,23.04,6.19,2.94,32.1,-26,77,83,6,103
2688,sail,sailboat,10.27,3.15,1.59,4.9,-26,85,107,22,111
2780,sail,sailboat,9.56,3.24,1.45,2.6,-26,87,94,7,113
2919,super,yacht,23.43,6.59,2.7,30.7,-26,89,96,7,115
3302,super,yacht,23.8,6.75,2.95,36.2,-26,95,97,2,121
3317,super,yacht,23.09,6.29,3.07,24.7,-26,95,100,5,121
4370,super,yacht,26.81,6.91,3.48,0.0,-26,112,118,6,138
596,motor,motorboat,18.78,5.43,1.75,9.2,-25,32,33,1,57
619,motor,motorboat,20.48,5.81,1.77,29.2,-25,33,34,1,58
1095,super,yacht,27.81,7.44,3.39,18.1,-25,49,50,1,74
3388,sail,sailboat,10.99,3.66,1.92,4.3,-25,97,99,2,122
382,super,yacht,23.78,6.41,3.01,33.5,-24,22,28,6,46
409,sail,sailboat,12.18,3.94,2.04,4.4,-24,23,25,2,47
514,motor,motorboat,10.52,3.17,1.11,3.3,-24,30,32,2,54
574,small,motorboat,6.62,2.2,0.62,0.0,-24,31,37,6,55
611,sail,sailboat,15.23,4.66,2.81,12.3,-24,32,34,2,56
2724,sail,sailboat,10.8,3.52,1.79,0.0,-24,86,89,3,110
4801,sail,sailboat,13.03,4.19,2.33,4.8,-24,118,124,6,142
8,motor,motorboat,17.07,5.28,1.66,7.4,-23,0,2,2,23
402,motor,motorboat,12.07,3.77,1.08,4.5,-23,23,27,4,46
721,sail,sailboat,10.98,3.36,1.65,4.8,-23,37,43,6,60
1015,motor,motorboat,18.55,5.73,1.87,10.3,-23,46,53,7,69
2519,sail,sailboat,13.79,4.53,2.05,5.2,-23,81,83,2,104
4182,sail,sailboat,16.78,5.07,2.68,12.2,-23,109,111,2,132
5079,sail,sailboat,14.83,4.95,2.26,6.5,-23,123,137,14,146
36,super,yacht,21.11,5.42,2.83,33.0,-22,1,2,1,23
119,motor,motorboat,15.36,4.73,1.46,11.6,-22,6,9,3,28
144,super,yacht,25.99,7.27,3.24,26.2,-22,8,20,12,30
165,super,yacht,26.7,7.52,3.38,23.8,-22,10,13,3,32
219,motor,motorboat,10.82,3.34,1.07,5.1,-22,13,26,13,35
246,motor,motorboat,15.82,4.81,1.5,9.1,-22,15,18,3,37
358,motor,motorboat,10.77,3.0,1.05,3.8,-22,21,23,2,43
431,sail,sailboat,11.67,3.88,1.94,3.1,-22,25,27,2,47
1633,motor,motorboat,15.95,4.51,1.61,11.1,-22,64,68,4,86
1723,sail,sailboat,13.92,4.48,2.35,0.0,-22,66,67,1,88
2276,small,motorboat,7.15,2.54,0.71,0.0,-22,76,83,7,98
2869,sail,sailboat,9.5,3.14,1.71,2.2,-22,88,90,2,110
6,super,yacht,25.31,6.92,3.16,23.3,-21,0,7,7,21
169,small,motorboat,8.98,3.1,1.0,2.1,-21,10,12,2,31
339,motor,motorboat,15.85,4.77,1.68,6.1,-21,19,25,6,40
461,sail,sailboat,10.73,3.39,1.8,7.0,-21,26,32,6,47
538,motor,motorboat,10.0,2.99,1.05,4.8,-21,31,34,3,52
823,motor,motorboat,13.23,3.99,1.2,6.1,-21,39,42,3,60
3147,super,yacht,26.62,6.92,2.97,33.9,-21,93,94,1,114
142,sail,sailboat,12.0,3.72,1.85,4.4,-20,8,10,2,28
197,motor,motorboat,17.42,5.35,1.83,8.8,-20,11,15,4,31
592,sail,sailboat,15.72,5.12,2.4,0.0,-20,32,34,2,52
780,sail,sailboat,12.08,3.96,2.2,4.4,-20,38,40,2,58
795,super,yacht,21.96,6.04,2.42,39.5,-20,39,40,1,59
840,small,motorboat,6.25,2.04,0.63,2.6,-20,40,47,7,60
2774,sail,sailboat,9.5,2.92,1.51,3.1,-20,87,89,2,107
3087,sail,sailboat,15.04,4.98,2.38,12.5,-20,92,95,3,112
4691,super,yacht,27.52,7.13,3.21,38.4,-20,117,122,5,137
19,small,motorboat,7.44,2.61,0.8,3.3,-19,1,8,7,20
152,sail,sailboat,13.85,4.6,2.43,5.4,-19,9,12,3,28
205,motor,motorboat,19.23,5.56,1.83,9.7,-19,12,18,6,31
304,small,motorboat,8.76,3.06,0.97,0.0,-19,17,20,3,36
330,sail,sailboat,12.51,4.02,1.89,0.0,-19,18,23,5,37
440,motor,motorboat,15.01,4.33,1.38,0.0,-19,25,28,3,44
678,sail,sailboat,15.86,5.36,2.9,7.9,-19,35,41,6,54
1973,super,yacht,21.9,6.07,2.73,23.5,-19,70,77,7,89
2118,motor,motorboat,13.05,4.08,1.13,3.3,-19,73,74,1,92
3393,motor,motorboat,12.39,3.49,1.28,3.2,-19,97,102,5,116
3808,sail,sailboat,11.4,3.84,2.06,4.2,-19,103,106,3,122
68,motor,motorboat,16.74,4.64,1.71,7.7,-18,3,4,1,21
198,small,motorboat,9.04,3.13,0.86,0.0,-18,11,17,6,29
812,small,motorboat,7.26,2.42,0.73,2.5,-18,39,45,6,57
1053,super,yacht,23.17,6.23,2.59,38.3,-18,47,49,2,65
2041,sail,sailboat,11.95,4.02,1.83,6.5,-18,72,75,3,90
4105,sail,sailboat,13.51,4.44,2.45,0.0,-18,108,109,1,126
4455,super,yacht,22.03,6.07,2.76,33.7,-18,113,127,14,131
108,sail,sailboat,13.15,4.21,2.09,5.0,-17,5,12,7,22
163,small,motorboat,8.28,2.8,0.75,0.0,-17,9,15,6,26
275,motor,motorboat,10.0,2.95,0.9,5.9,-17,16,22,6,33
891,sail,sailboat,13.9,4.56,2.18,0.0,-17,42,43,1,59
1327,motor,motorboat,18.5,5.6,1.7,9.8,-17,56,57,1,73
1724,sail,sailboat,17.0,5.56,2.88,8.3,-17,66,69,3,83
2558,sail,sailboat,11.78,3.98,2.16,3.8,-17,81,91,10,98
2734,motor,motorboat,16.54,4.76,1.59,8.9,-17,86,87,1,103
5573,small,motorboat,6.83,2.33,0.76,0.0,-17,130,131,1,147
5600,small,motorboat,9.26,3.2,0.88,2.4,-17,131,145,14,148
82,sail,sailboat,13.56,4.26,2.5,6.1,-16,4,11,7,20
676,sail,sailboat,13.75,4.26,2.43,6.6,-16,35,40,5,51
882,motor,motorboat,15.57,4.79,1.62,12.4,-16,42,45,3,58
940,motor,motorboat,10.0,2.79,1.02,6.5,-16,44,47,3,60
1273,sail,sailboat,12.59,4.0,2.09,5.3,-16,54,55,1,70
1281,sail,sailboat,9.8,3.27,1.55,0.0,-16,54,61,7,70
3333,sail,sailboat,11.84,3.84,1.98,0.0,-16,96,98,2,112
3658,super,yacht,22.43,5.95,2.71,18.0,-16,101,103,2,117
4573,motor,motorboat,14.01,4.3,1.43,3.6,-16,115,128,13,131
4877,sail,sailboat,12.99,4.36,2.23,3.9,-16,120,123,3,136
22,motor,motorboat,13.63,4.08,1.22,6.4,-15,1,6,5,16
191,sail,sailboat,12.1,3.71,1.93,0.0,-15,11,14,3,26
309,sail,sailboat,10.59,3.26,1.7,5.3,-15,18,30,12,33
1351,sail,sailboat,15.07,4.96,2.73,0.0,-15,57,58,1,72
5768,super,yacht,24.37,6.97,3.03,32.1,-15,134,137,3,149
179,sail,sailboat,11.49,3.62,1.96,4.8,-14,10,13,3,24
225,motor,motorboat,19.12,5.35,1.69,0.0,-14,13,15,2,27
759,motor,motorboat,15.71,4.73,1.42,10.1,-14,38,45,7,52
943,small,motorboat,6.8,2.41,0.66,2.4,-14,44,54,10,58
1378,motor,motorboat,11.56,3.37,1.17,4.7,-14,58,61,3,72
1841,motor,motorboat,15.63,4.43,1.55,11.7,-14,67,70,3,81
3242,sail,sailboat,14.57,4.56,2.49,4.7,-14,94,96,2,108
3390,sail,sailboat,13.5,4.53,2.02,5.3,-14,97,98,1,111
3720,super,yacht,26.97,7.22,3.29,28.5,-14,102,106,4,116
4847,motor,motorboat,14.05,4.07,1.35,6.0,-14,119,125,6,133
4930,sail,sailboat,16.6,5.42,2.79,0.0,-14,121,126,5,135
5778,sail,sailboat,13.23,4.09,2.13,5.8,-14,134,136,2,148
7,small,motorboat,9.39,3.08,0.98,0.0,-13,0,2,2,13
293,motor,motorboat,13.76,3.83,1.25,3.9,-13,17,39,22,30
419,super,yacht,20.13,5.51,2.31,32.0,-13,24,25,1,37
551,motor,motorboat,12.36,3.56,1.1,6.7,-13,31,34,3,44
641,sail,sailboat,11.85,3.95,2.15,3.3,-13,33,34,1,46
811,super,yacht,26.8,7.03,3.36,20.1,-13,39,41,2,52
1345,super,yacht,21.4,5.75,2.37,27.1,-13,57,61,4,70
1517,motor,motorboat,15.56,4.59,1.63,11.6,-13,61,62,1,74
2659,sail,sailboat,16.43,5.5,3.01,0.0,-13,84,85,1,97
4229,small,motorboat,7.4,2.65,0.79,0.0,-13,109,112,3,122
5166,motor,motorboat,13.3,4.1,1.31,0.0,-13,124,125,1,137
5674,super,yacht,20.34,5.79,2.51,19.9,-13,132,133,1,145
12,super,yacht,21.36,6.07,2.31,34.8,-12,0,6,6,12
16,small,motorboat,7.5,2.56,0.83,2.9,-12,0,3,3,12
39,small,motorboat,6.12,2.08,0.57,0.0,-12,1,3,2,13
423,small,motorboat,6.71,2.3,0.66,2.7,-12,24,31,7,36
515,super,yacht,28.83,7.54,3.6,36.0,-12,30,32,2,42
566,sail,sailboat,11.12,3.55,1.93,0.0,-12,31,60,29,43
1036,motor,motorboat,13.98,4.03,1.24,5.4,-12,46,49,3,58
4252,sail,sailboat,14.2,4.43,2.36,4.2,-12,110,112,2,122
5113,sail,sailboat,10.07,3.15,1.76,5.7,-12,123,124,1,135
11,sail,sailboat,13.36,4.47,2.15,6.1,-11,0,5,5,11
27,motor,motorboat,17.23,5.01,1.52,10.3,-11,1,7,6,12
52,motor,motorboat,11.76,3.56,1.01,5.7,-11,2,5,3,13
186,super,yacht,28.42,7.38,3.38,33.3,-11,11,14,3,22
351,motor,motorboat,16.44,4.78,1.66,7.9,-11,20,22,2,31
363,sail,sailboat,12.44,3.83,2.28,4.9,-11,21,34,13,32
510,sail,sailboat,14.49,4.66,2.53,4.5,-11,30,38,8,41
590,super,yacht,25.94,7.1,3.38,14.7,-11,32,35,3,43
628,super,yacht,24.11,6.6,2.73,18.9,-11,33,34,1,44
643,super,yacht,28.25,8.07,3.07,37.8,-11,33,37,4,44
872,small,motorboat,7.41,2.6,0.75,0.0,-11,41,44,3,52
986,sail,sailboat,9.93,3.0,1.73,3.0,-11,45,52,7,56
2652,sail,sailboat,9.51,3.18,1.55,2.7,-11,84,86,2,95
4596,super,yacht,23.33,6.17,2.87,29.4,-11,116,119,3,127
5395,motor,motorboat,19.06,5.89,1.73,0.0,-11,128,133,5,139
139,small,motorboat,6.83,2.43,0.63,0.0,-10,7,9,2,17
400,small,motorboat,7.08,2.35,0.72,0.0,-10,23,28,5,33
418,sail,sailboat,14.1,4.35,2.54,3.6,-10,24,31,7,34
553,motor,motorboat,13.91,4.24,1.27,4.7,-10,31,34,3,41
642,sail,sailboat,13.05,3.98,1.95,3.6,-10,33,36,3,43
994,motor,motorboat,12.35,3.5,1.26,5.3,-10,45,47,2,55
1070,small,motorboat,9.18,3.21,0.98,0.0,-10,48,50,2,58
4167,super,yacht,25.45,7.14,3.3,14.0,-10,108,110,2,118
18,sail,sailboat,12.54,3.92,2.3,0.0,-9,1,2,1,10
24,small,motorboat,8.68,3.09,0.82,0.0,-9,1,6,5,10
32,motor,motorboat,16.0,4.51,1.43,13.5,-9,1,6,5,10
40,motor,motorboat,14.38,4.26,1.31,6.2,-9,1,4,3,10
47,motor,motorboat,14.47,4.5,1.38,3.3,-9,2,3,1,11
104,sail,sailboat,14.62,4.68,2.22,0.0,-9,5,7,2,14
147,small,motorboat,7.9,2.73,0.87,0.0,-9,8,16,8,17
375,motor,motorboat,16.11,4.83,1.62,13.2,-9,22,29,7,31
384,sail,sailboat,13.17,3.97,2.14,3.5,-9,22,29,7,31
454,super,yacht,25.15,7.18,2.87,24.5,-9,26,27,1,35
739,sail,sailboat,14.22,4.59,2.29,5.1,-9,37,44,7,46
754,super,yacht,27.65,7.69,3.06,32.3,-9,38,42,4,47
831,sail,sailboat,13.49,4.39,2.16,3.9,-9,40,47,7,49
5017,super,yacht,25.38,6.93,2.97,34.9,-9,122,129,7,131
48,sail,sailboat,13.74,4.63,2.06,0.0,-8,2,3,1,10
50,motor,motorboat,13.45,4.02,1.38,4.6,-8,2,8,6,10
65,motor,motorboat,16.13,5.04,1.59,10.9,-8,3,10,7,11
91,sail,sailboat,12.75,4.05,1.96,6.2,-8,4,7,3,12
272,sail,sailboat,9.5,3.11,1.69,3.0,-8,16,20,4,24
284,super,yacht,27.96,7.5,3.12,34.9,-8,17,42,25,25
736,super,yacht,20.09,5.73,2.47,17.8,-8,37,42,5,45
947,sail,sailboat,13.12,4.25,2.16,5.6,-8,44,45,1,52
1071,sail,sailboat,11.45,3.45,1.94,3.1,-8,48,58,10,56
1420,motor,motorboat,14.29,4.12,1.4,6.9,-8,59,65,6,67
1606,small,motorboat,8.31,2.79,0.83,0.0,-8,64,67,3,72
3727,sail,sailboat,12.58,4.21,2.23,0.0,-8,102,108,6,110
5639,sail,sailboat,12.97,3.93,2.36,0.0,-8,131,133,2,139
346,sail,sailboat,14.12,4.25,2.4,3.4,-7,20,21,1,27
598,sail,sailboat,13.12,4.42,2.19,0.0,-7,32,39,7,39
673,sail,sailboat,17.0,5.71,2.63,9.4,-7,35,45,10,42
846,motor,motorboat,15.15,4.73,1.33,12.8,-7,40,42,2,47
997,motor,motorboat,16.91,5.14,1.47,8.1,-7,45,51,6,52
1114,small,motorboat,8.97,3.12,0.86,2.7,-7,50,51,1,57
1223,motor,motorboat,16.78,5.15,1.73,11.2,-7,53,56,3,60
2182,sail,sailboat,14.17,4.33,2.37,3.3,-7,74,78,4,81
2290,motor,motorboat,11.88,3.62,1.22,5.5,-7,76,77,1,83
4342,super,yacht,27.55,7.31,3.44,34.6,-7,111,116,5,118
34,sail,sailboat,11.73,3.54,2.1,4.5,-6,1,2,1,7
77,sail,sailboat,13.47,4.09,2.28,5.3,-6,3,27,24,9
78,motor,motorboat,12.78,3.91,1.24,5.5,-6,3,5,2,9
116,sail,sailboat,9.5,2.97,1.45,0.0,-6,6,12,6,12
135,motor,motorboat,15.68,4.89,1.58,0.0,-6,7,21,14,13
234,sail,sailboat,9.5,3.09,1.58,3.3,-6,14,16,2,20
1012,sail,sailboat,13.79,4.59,2.52,5.4,-6,46,53,7,52
2914,sail,sailboat,17.0,5.42,2.97,8.1,-6,89,94,5,95
4326,super,yacht,28.85,7.72,3.8,19.5,-6,111,114,3,117
343,sail,sailboat,12.0,4.06,1.94,6.3,-5,20,24,4,25
420,super,yacht,21.52,5.63,2.67,37.4,-5,24,25,1,29
446,sail,sailboat,10.86,3.37,1.83,4.3,-5,25,29,4,30
745,sail,sailboat,11.88,4.02,1.96,0.0,-5,37,39,2,42
1005,super,yacht,20.86,5.88,2.32,31.7,-5,45,47,2,50
1098,sail,sailboat,16.07,5.13,2.39,12.9,-5,49,54,5,54
1965,motor,motorboat,17.88,5.58,1.75,10.0,-5,70,76,6,75
4700,sail,sailboat,11.35,3.69,1.94,0.0,-5,117,120,3,122
5249,super,yacht,27.82,7.36,3.08,14.4,-5,126,129,3,131
6322,sail,sailboat,10.35,3.38,1.68,0.0,-5,142,145,3,147
53,motor,motorboat,16.14,4.72,1.44,8.8,-4,2,4,2,6
71,motor,motorboat,14.52,4.42,1.43,4.5,-4,3,7,4,7
113,small,motorboat,6.05,2.0,0.56,0.0,-4,5,8,3,9
170,sail,sailboat,12.57,4.11,2.07,5.1,-4,10,13,3,14
254,motor,motorboat,11.37,3.48,0.99,3.9,-4,15,16,1,19
271,sail,sailboat,14.79,4.76,2.68,5.7,-4,16,22,6,20
470,motor,motorboat,17.77,5.2,1.63,0.0,-4,27,29,2,31
526,super,yacht,21.96,6.16,2.53,29.5,-4,30,34,4,34
858,motor,motorboat,12.17,3.4,1.22,6.3,-4,41,46,5,45
1008,sail,sailboat,12.06,3.78,2.08,5.9,-4,46,51,5,50
1150,sail,sailboat,11.88,3.75,2.19,0.0,-4,50,55,5,54
1284,sail,sailboat,14.67,4.42,2.35,4.0,-4,54,55,1,58
3158,super,yacht,26.39,6.86,3.51,28.3,-4,94,97,3,98
3303,motor,motorboat,16.24,4.7,1.61,7.8,-4,95,99,4,99
46,sail,sailboat,14.02,4.67,2.25,3.3,-3,2,7,5,5
55,motor,motorboat,10.33,3.18,0.95,6.3,-3,2,3,1,5
60,motor,motorboat,13.35,4.07,1.35,3.6,-3,3,4,1,6
72,small,motorboat,9.37,3.27,0.89,2.7,-3,3,8,5,6
79,motor,motorboat,14.67,4.35,1.48,5.7,-3,3,5,2,6
84,sail,sailboat,11.65,3.6,1.79,3.1,-3,4,5,1,7
90,sail,sailboat,11.34,3.82,1.84,4.9,-3,4,16,12,7
141,sail,sailboat,10.96,3.71,1.9,4.5,-3,8,10,2,11
146,motor,motorboat,18.18,5.44,1.72,8.9,-3,8,11,3,11
148,motor,motorboat,14.9,4.3,1.43,4.5,-3,8,10,2,11
168,super,yacht,25.35,6.72,2.98,12.1,-3,10,15,5,13
354,motor,motorboat,13.99,3.97,1.23,3.6,-3,20,23,3,23
373,super,yacht,20.32,5.54,2.29,30.2,-3,22,29,7,25
395,sail,sailboat,11.72,3.56,1.88,4.7,-3,23,24,1,26
741,motor,motorboat,16.34,4.93,1.72,13.5,-3,37,48,11,40
1348,motor,motorboat,11.72,3.5,1.17,3.6,-3,57,59,2,60
2245,motor,motorboat,13.97,4.07,1.26,3.3,-3,75,77,2,78
3039,motor,motorboat,12.88,3.87,1.34,4.1,-3,91,112,21,94
5540,sail,sailboat,14.7,4.9,2.32,3.8,-3,130,137,7,133
5957,small,motorboat,7.99,2.77,0.76,0.0,-3,136,145,9,139
6380,small,motorboat,7.6,2.51,0.74,0.0,-3,143,150,7,146
4,sail,sailboat,13.24,4.24,2.37,5.0,-2,0,4,4,2
138,motor,motorboat,14.26,4.0,1.37,5.5,-2,7,8,1,9
196,sail,sailboat,11.32,3.41,1.89,6.4,-2,11,12,1,13
212,motor,motorboat,14.26,4.0,1.38,4.6,-2,12,18,6,14
348,super,yacht,20.31,5.3,2.68,28.9,-2,20,21,1,22
459,sail,sailboat,14.04,4.31,2.49,6.8,-2,26,29,3,28
610,motor,motorboat,10.95,3.24,1.06,6.4,-2,32,33,1,34
674,super,yacht,21.62,5.8,2.59,25.5,-2,35,38,3,37
948,sail,sailboat,14.72,4.97,2.58,3.4,-2,44,49,5,46
988,small,motorboat,8.11,2.65,0.89,3.0,-2,45,55,10,47
1170,small,motorboat,7.72,2.5,0.72,3.2,-2,51,54,3,53
0,sail,sailboat,10.82,3.26,1.93,4.0,-1,0,4,4,1
3,sail,sailboat,11.95,3.68,2.07,3.6,-1,0,3,3,1
17,sail,sailboat,9.97,3.02,1.56,2.7,-1,1,14,13,2
23,small,motorboat,7.19,2.39,0.66,3.2,-1,1,5,4,2
29,motor,motorboat,15.14,4.27,1.34,12.7,-1,1,4,3,2
30,motor,motorboat,18.28,5.35,1.9,12.2,-1,1,2,1,2
31,motor,motorboat,16.14,4.69,1.4,10.3,-1,1,4,3,2
35,motor,motorboat,13.82,4.02,1.22,6.3,-1,1,8,7,2
38,motor,motorboat,12.28,3.43,1.31,3.9,-1,1,10,9,2
41,motor,motorboat,16.78,4.73,1.47,7.7,-1,1,31,30,2
183,motor,motorboat,14.08,4.25,1.28,0.0,-1,10,15,5,11
222,motor,motorboat,11.72,3.28,1.06,5.1,-1,13,15,2,14
378,small,motorboat,6.0,2.05,0.61,0.0,-1,22,36,14,23
568,super,yacht,24.62,6.94,2.71,35.1,-1,31,38,7,32
1049,super,yacht,23.09,6.04,2.96,28.9,-1,47,51,4,48
1100,sail,sailboat,12.75,4.16,1.91,6.5,-1,49,52,3,50
1188,motor,motorboat,22.0,6.16,2.26,15.2,-1,52,53,1,53
1367,motor,motorboat,18.27,5.14,1.6,9.2,-1,58,59,1,59
4839,super,yacht,26.29,6.89,3.01,37.7,-1,119,122,3,120
5,motor,motorboat,21.0,6.27,1.82,22.6,0,0,2,2,0
9,motor,motorboat,14.41,4.29,1.35,4.9,0,0,1,1,0
10,sail,sailboat,15.31,5.05,2.29,11.3,0,0,3,3,0
13,small,motorboat,8.2,2.89,0.83,0.0,0,0,4,4,0
26,small,motorboat,8.28,2.72,0.85,0.0,0,1,15,14,1
28,sail,sailboat,9.5,3.02,1.44,0.0,0,1,8,7,1
37,sail,sailboat,14.01,4.33,2.47,4.2,0,1,2,1,1
42,sail,sailboat,9.5,3.19,1.42,0.0,0,1,3,2,1
44,motor,motorboat,13.83,4.29,1.36,3.4,0,2,5,3,2
57,small,motorboat,8.56,3.02,0.85,2.6,0,2,3,1,2
75,motor,motorboat,13.68,4.08,1.42,6.0,0,3,11,8,3
131,motor,motorboat,22.0,6.2,2.11,34.4,0,7,10,3,7
166,motor,motorboat,18.6,5.34,1.78,0.0,0,10,16,6,10
539,motor,motorboat,12.56,3.51,1.1,0.0,0,31,37,6,31
747,motor,motorboat,13.37,4.03,1.25,6.4,0,37,42,5,37
856,super,yacht,24.86,6.91,3.03,20.4,0,41,42,1,41
887,small,motorboat,9.0,3.21,0.96,0.0,0,42,48,6,42
1215,sail,sailboat,12.05,3.99,2.02,3.5,0,52,63,11,52
1290,motor,motorboat,13.52,4.22,1.38,6.6,0,54,67,13,54
1333,sail,sailboat,11.94,3.63,1.91,4.2,0,56,61,5,56
1358,super,yacht,20.29,5.57,2.64,23.3,0,57,63,6,57
1384,motor,motorboat,19.21,5.68,2.02,12.4,0,58,64,6,58
1958,motor,motorboat,14.01,4.03,1.32,4.8,0,70,72,2,70
2790,sail,sailboat,12.46,3.79,2.21,4.8,0,87,105,18,87
3625,sail,sailboat,10.51,3.18,1.7,5.4,0,101,106,5,101
3816,motor,motorboat,17.42,4.99,1.61,8.9,0,103,107,4,103
6204,sail,sailboat,12.12,3.81,1.92,0.0,0,140,147,7,140
6239,sail,sailboat,12.74,4.01,2.18,7.0,0,140,141,1,140
20,sail,sailboat,11.88,3.6,1.78,0.0,1,1,2,1,0
21,sail,sailboat,11.76,3.8,1.82,5.2,1,1,5,4,0
54,sail,sailboat,9.5,3.07,1.74,2.7,1,2,15,13,1
64,motor,motorboat,10.46,3.19,0.94,3.1,1,3,18,15,2
67,small,motorboat,6.46,2.11,0.62,3.0,1,3,5,2,2
69,sail,sailboat,14.97,4.66,2.61,3.1,1,3,4,1,2
76,small,motorboat,6.93,2.44,0.7,0.0,1,3,6,3,2
93,small,motorboat,8.44,2.96,0.81,2.4,1,4,10,6,3
126,sail,sailboat,10.36,3.36,1.89,5.2,1,6,8,2,5
159,small,motorboat,8.65,3.07,0.88,2.3,1,9,15,6,8
184,super,yacht,25.19,6.62,3.01,22.2,1,10,11,1,9
223,motor,motorboat,15.09,4.37,1.32,6.4,1,13,15,2,12
229,sail,sailboat,16.77,5.46,2.54,11.9,1,13,14,1,12
255,super,yacht,26.14,6.92,3.41,13.7,1,15,18,3,14
321,small,motorboat,7.21,2.36,0.76,2.3,1,18,22,4,17
749,sail,sailboat,13.87,4.4,2.08,6.1,1,37,38,1,36
954,super,yacht,20.72,5.64,2.26,37.3,1,44,45,1,43
1272,sail,sailboat,12.03,3.74,1.83,4.2,1,54,56,2,53
1375,sail,sailboat,14.34,4.49,2.48,0.0,1,58,61,3,57
2042,small,motorboat,8.76,3.05,0.98,2.8,1,72,74,2,71
3091,motor,motorboat,18.42,5.2,1.64,6.2,1,93,97,4,92
3473,super,yacht,20.53,5.58,2.76,16.2,1,98,110,12,97
4535,super,yacht,20.17,5.77,2.62,26.1,1,115,116,1,114
56,sail,sailboat,12.22,3.89,1.98,6.1,2,2,3,1,0
70,sail,sailboat,16.74,5.09,2.65,9.6,2,3,10,7,1
86,motor,motorboat,14.79,4.17,1.4,4.9,2,4,11,7,2
99,small,motorboat,6.44,2.23,0.59,0.0,2,4,7,3,2
102,motor,motorboat,16.99,4.82,1.47,9.2,2,4,14,10,2
106,motor,motorboat,18.58,5.53,1.67,9.8,2,5,10,5,3
107,super,yacht,24.85,6.35,2.97,0.0,2,5,10,5,3
123,motor,motorboat,18.41,5.18,1.86,10.4,2,6,7,1,4
153,motor,motorboat,10.96,3.33,1.08,4.2,2,9,11,2,7
161,motor,motorboat,12.31,3.5,1.08,5.1,2,9,11,2,7
192,sail,sailboat,12.09,3.78,1.9,6.4,2,11,14,3,9
210,sail,sailboat,13.68,4.3,2.41,6.6,2,12,15,3,10
238,sail,sailboat,15.29,4.78,2.59,13.4,2,14,15,1,12
274,motor,motorboat,14.22,4.32,1.42,3.1,2,16,19,3,14
276,sail,sailboat,11.77,3.94,2.15,4.7,2,16,20,4,14
941,small,motorboat,6.09,2.05,0.6,3.4,2,44,46,2,42
1325,sail,sailboat,15.11,4.91,2.31,0.0,2,56,57,1,54
1547,sail,sailboat,10.89,3.62,1.78,5.3,2,62,72,10,60
2398,sail,sailboat,11.89,3.61,2.0,0.0,2,79,82,3,77
2454,sail,sailboat,11.29,3.48,1.83,3.5,2,80,83,3,78
2571,super,yacht,21.35,5.44,2.61,18.6,2,82,85,3,80
5234,super,yacht,24.93,6.46,2.94,22.8,2,125,132,7,123
6382,sail,sailboat,9.98,3.17,1.53,0.0,2,143,155,12,141
58,sail,sailboat,12.85,4.18,2.0,3.3,3,3,23,20,0
62,sail,sailboat,13.2,4.21,1.97,3.7,3,3,4,1,0
73,sail,sailboat,14.08,4.28,2.2,3.9,3,3,4,1,0
74,motor,motorboat,17.03,4.89,1.66,9.8,3,3,5,2,0
80,sail,sailboat,17.0,5.65,3.09,13.3,3,3,5,2,0
81,small,motorboat,7.16,2.35,0.72,0.0,3,3,17,14,0
83,small,motorboat,9.05,2.95,0.91,0.0,3,4,8,4,1
92,sail,sailboat,9.8,3.05,1.56,2.3,3,4,10,6,1
97,sail,sailboat,11.24,3.41,1.68,3.0,3,4,18,14,1
109,sail,sailboat,17.0,5.3,3.02,13.4,3,5,8,3,2
114,sail,sailboat,13.79,4.3,2.25,4.2,3,5,8,3,2
125,motor,motorboat,11.44,3.53,1.17,4.1,3,6,17,11,3
133,sail,sailboat,11.69,3.93,1.77,6.6,3,7,10,3,4
190,small,motorboat,8.05,2.74,0.81,0.0,3,11,17,6,8
206,motor,motorboat,15.33,4.66,1.52,6.9,3,12,13,1,9
236,small,motorboat,6.31,2.06,0.69,0.0,3,14,20,6,11
289,small,motorboat,6.17,2.14,0.6,3.1,3,17,20,3,14
290,super,yacht,20.6,5.49,2.74,37.1,3,17,20,3,14
297,sail,sailboat,13.81,4.37,2.19,0.0,3,17,19,2,14
849,motor,motorboat,16.66,5.05,1.5,0.0,3,41,48,7,38
857,sail,sailboat,10.97,3.31,1.69,5.1,3,41,42,1,38
1260,super,yacht,23.61,6.15,2.92,0.0,3,54,60,6,51
2674,sail,sailboat,12.79,3.86,1.92,4.2,3,84,86,2,81
6198,sail,sailboat,11.31,3.66,1.74,6.5,3,140,145,5,137
87,small,motorboat,9.4,3.27,0.87,0.0,4,4,18,14,0
96,sail,sailboat,9.5,3.11,1.53,2.1,4,4,7,3,0
98,sail,sailboat,14.69,4.92,2.52,0.0,4,4,7,3,0
100,small,motorboat,8.79,3.05,0.9,3.4,4,4,8,4,0
101,motor,motorboat,15.92,4.71,1.37,12.5,4,4,14,10,0
154,sail,sailboat,12.28,4.02,2.02,4.9,4,9,13,4,5
173,motor,motorboat,18.55,5.36,1.6,12.4,4,10,23,13,6
187,motor,motorboat,15.57,4.44,1.5,6.2,4,11,16,5,7
188,sail,sailboat,12.47,4.22,1.95,0.0,4,11,12,1,7
231,motor,motorboat,13.57,3.94,1.27,3.2,4,13,15,2,9
249,sail,sailboat,11.23,3.47,1.94,6.5,4,15,19,4,11
279,super,yacht,27.74,7.59,3.59,30.8,4,17,24,7,13
432,sail,sailboat,13.82,4.48,2.09,0.0,4,25,26,1,21
463,sail,sailboat,12.07,3.64,1.93,4.5,4,27,32,5,23
755,small,motorboat,7.65,2.52,0.76,3.1,4,38,42,4,34
896,super,yacht,28.83,7.54,3.22,38.8,4,42,46,4,38
1006,small,motorboat,9.08,3.12,1.01,2.1,4,45,50,5,41
1368,super,yacht,24.27,6.27,3.0,35.8,4,58,59,1,54
2643,motor,motorboat,15.88,4.6,1.55,9.5,4,83,85,2,79
5213,sail,sailboat,15.12,4.8,2.79,13.3,4,125,131,6,121
105,sail,sailboat,13.15,4.18,2.41,6.3,5,5,14,9,0
110,small,motorboat,8.83,3.02,0.87,2.1,5,5,8,3,0
112,motor,motorboat,16.49,4.69,1.59,13.4,5,5,7,2,0
115,motor,motorboat,16.31,4.81,1.69,6.2,5,5,12,7,0
117,sail,sailboat,12.87,4.08,2.31,6.1,5,6,9,3,1
120,sail,sailboat,14.95,5.04,2.24,3.2,5,6,27,21,1
122,small,motorboat,7.3,2.62,0.68,2.4,5,6,19,13,1
129,motor,motorboat,12.71,3.96,1.16,5.4,5,7,8,1,2
130,sail,sailboat,13.78,4.56,2.08,0.0,5,7,34,27,2
149,motor,motorboat,10.23,3.06,0.97,4.5,5,8,14,6,3
157,sail,sailboat,15.16,4.86,2.44,9.4,5,9,12,3,4
243,sail,sailboat,15.55,5.1,2.71,12.9,5,14,20,6,9
257,sail,sailboat,14.43,4.47,2.63,4.1,5,15,17,2,10
258,small,motorboat,7.64,2.49,0.69,0.0,5,15,29,14,10
335,small,motorboat,8.09,2.66,0.8,2.3,5,19,20,1,14
340,sail,sailboat,9.8,3.3,1.67,0.0,5,19,21,2,14
516,sail,sailboat,17.0,5.65,2.54,12.7,5,30,33,3,25
638,sail,sailboat,15.2,5.09,2.53,11.4,5,33,45,12,28
933,sail,sailboat,13.45,4.25,2.18,6.5,5,44,53,9,39
1029,sail,sailboat,11.72,3.58,2.07,5.8,5,46,51,5,41
1217,super,yacht,23.56,6.65,2.57,22.0,5,53,56,3,48
1289,motor,motorboat,17.07,4.79,1.64,0.0,5,54,56,2,49
1595,super,yacht,22.53,5.76,2.98,21.0,5,63,64,1,58
1665,motor,motorboat,12.38,3.54,1.15,4.5,5,65,66,1,60
1677,small,motorboat,6.04,2.09,0.65,3.0,5,65,78,13,60
3812,motor,motorboat,13.61,3.84,1.32,3.6,5,103,104,1,98
3970,motor,motorboat,18.16,5.17,1.87,12.5,5,106,108,2,101
4639,small,motorboat,9.28,3.23,0.9,0.0,5,116,121,5,111
5222,super,yacht,20.55,5.74,2.44,24.3,5,125,128,3,120
5714,small,motorboat,8.4,2.72,0.81,0.0,5,133,137,4,128
127,motor,motorboat,17.28,4.84,1.64,9.1,6,7,20,13,1
140,sail,sailboat,13.63,4.47,2.49,6.9,6,7,14,7,1
189,motor,motorboat,11.19,3.38,0.99,4.0,6,11,23,12,5
214,motor,motorboat,14.21,4.18,1.46,4.1,6,12,14,2,6
235,sail,sailboat,14.32,4.6,2.51,3.9,6,14,15,1,8
241,small,motorboat,9.36,3.12,1.05,0.0,6,14,19,5,8
247,small,motorboat,9.15,3.29,0.93,0.0,6,15,18,3,9
282,motor,motorboat,17.12,5.18,1.55,6.0,6,17,21,4,11
300,sail,sailboat,11.14,3.38,1.7,5.7,6,17,24,7,11
360,sail,sailboat,12.55,4.14,2.17,0.0,6,21,27,6,15
874,sail,sailboat,10.25,3.36,1.67,6.9,6,42,44,2,36
959,super,yacht,28.39,7.2,3.54,27.5,6,45,55,10,39
1184,motor,motorboat,14.07,4.23,1.41,6.3,6,52,53,1,46
1465,small,motorboat,6.19,2.08,0.61,2.3,6,60,84,24,54
1543,super,yacht,25.11,6.75,3.31,31.5,6,62,64,2,56
1640,sail,sailboat,17.0,5.72,2.84,12.1,6,64,65,1,58
2384,sail,sailboat,11.7,3.74,2.0,0.0,6,78,80,2,72
4116,super,yacht,27.34,7.52,3.56,14.9,6,108,111,3,102
137,super,yacht,23.28,6.15,2.59,28.7,7,7,17,10,0
145,motor,motorboat,17.68,4.94,1.8,6.7,7,8,13,5,1
150,small,motorboat,8.3,2.95,0.81,2.2,7,8,9,1,1
160,sail,sailboat,12.26,4.15,1.97,6.4,7,9,12,3,2
178,sail,sailboat,11.69,3.61,1.9,4.1,7,10,12,2,3
200,sail,sailboat,14.76,4.49,2.69,5.8,7,11,15,4,4
302,motor,motorboat,16.98,4.98,1.55,11.5,7,17,21,4,10
316,small,motorboat,7.82,2.64,0.77,2.9,7,18,22,4,11
361,sail,sailboat,12.51,4.05,2.2,4.9,7,21,24,3,14
1011,motor,motorboat,17.97,5.57,1.74,6.5,7,46,47,1,39
1023,super,yacht,28.36,7.27,3.07,29.4,7,46,47,1,39
1132,sail,sailboat,12.37,3.91,2.16,6.4,7,50,56,6,43
1232,super,yacht,26.07,6.79,2.83,14.5,7,53,66,13,46
1393,super,yacht,21.34,5.96,2.47,22.6,7,58,60,2,51
4655,motor,motorboat,12.06,3.42,1.08,6.2,7,116,118,2,109
6842,sail,sailboat,12.36,3.92,1.87,0.0,7,150,153,3,143
155,sail,sailboat,14.18,4.67,2.2,6.3,8,9,10,1,1
158,motor,motorboat,12.27,3.7,1.3,6.8,8,9,10,1,1
167,sail,sailboat,10.93,3.4,1.92,6.2,8,10,26,16,2
180,motor,motorboat,15.06,4.63,1.54,8.0,8,10,17,7,2
226,small,motorboat,9.49,3.15,0.96,2.1,8,13,15,2,5
269,motor,motorboat,13.63,3.96,1.41,4.1,8,16,17,1,8
283,sail,sailboat,15.23,4.71,2.3,12.8,8,17,20,3,9
294,small,motorboat,6.76,2.25,0.67,0.0,8,17,20,3,9
298,motor,motorboat,11.67,3.57,1.06,6.9,8,17,19,2,9
308,sail,sailboat,10.72,3.6,1.8,5.7,8,18,23,5,10
311,sail,sailboat,9.5,3.15,1.44,3.2,8,18,19,1,10
327,sail,sailboat,14.35,4.76,2.15,6.3,8,18,29,11,10
894,motor,motorboat,10.0,2.92,0.91,6.3,8,42,45,3,34
1035,super,yacht,21.12,5.73,2.52,20.6,8,46,49,3,38
1242,sail,sailboat,12.04,3.93,2.03,0.0,8,53,54,1,45
1455,small,motorboat,9.34,3.04,0.92,2.7,8,60,61,1,52
2387,motor,motorboat,16.62,4.95,1.7,6.1,8,78,88,10,70
5267,super,yacht,23.27,5.97,2.78,18.4,8,126,138,12,118
171,small,motorboat,6.83,2.2,0.64,0.0,9,10,12,2,1
172,motor,motorboat,16.25,4.57,1.66,7.8,9,10,12,2,1
174,motor,motorboat,10.0,3.07,0.95,6.3,9,10,12,2,1
177,small,motorboat,6.81,2.42,0.74,3.1,9,10,15,5,1
182,motor,motorboat,11.5,3.2,1.03,4.4,9,10,12,2,1
194,sail,sailboat,15.32,4.85,2.61,13.1,9,11,14,3,2
204,sail,sailboat,9.5,2.89,1.56,2.4,9,11,15,4,2
273,motor,motorboat,15.92,4.93,1.65,12.1,9,16,21,5,7
345,small,motorboat,6.34,2.26,0.62,2.7,9,20,25,5,11
377,motor,motorboat,14.44,4.02,1.37,5.1,9,22,28,6,13
529,sail,sailboat,10.47,3.17,1.87,0.0,9,30,32,2,21
533,sail,sailboat,11.64,3.82,1.82,3.6,9,31,39,8,22
646,motor,motorboat,15.89,4.81,1.37,11.3,9,33,35,2,24
1271,sail,sailboat,15.59,5.2,2.4,6.9,9,54,56,2,45
1586,super,yacht,28.35,7.91,3.4,33.6,9,63,66,3,54
1787,sail,sailboat,11.24,3.41,1.98,5.6,9,67,74,7,58
1838,motor,motorboat,16.57,4.71,1.71,0.0,9,67,71,4,58
2531,small,motorboat,6.4,2.23,0.64,2.5,9,81,100,19,72
2538,sail,sailboat,10.22,3.08,1.67,4.2,9,81,94,13,72
4798,super,yacht,23.65,6.62,2.71,39.3,9,118,121,3,109
5236,motor,motorboat,14.88,4.19,1.5,4.0,9,125,132,7,116
5701,motor,motorboat,11.88,3.55,1.19,0.0,9,133,135,2,124
6688,sail,sailboat,12.33,4.08,1.87,5.9,9,147,149,2,138
164,motor,motorboat,20.12,6.15,1.75,18.9,10,10,12,2,0
176,sail,sailboat,9.5,2.86,1.7,3.1,10,10,11,1,0
195,super,yacht,28.14,7.9,3.21,12.2,10,11,14,3,1
208,motor,motorboat,13.79,3.85,1.42,6.5,10,12,17,5,2
213,sail,sailboat,10.8,3.62,1.93,4.9,10,12,19,7,2
216,motor,motorboat,14.54,4.43,1.52,6.1,10,12,13,1,2
217,sail,sailboat,17.0,5.44,2.61,12.4,10,12,17,5,2
232,motor,motorboat,16.59,4.77,1.63,0.0,10,14,27,13,4
233,motor,motorboat,13.97,3.9,1.41,4.3,10,14,18,4,4
237,sail,sailboat,9.5,3.04,1.63,2.5,10,14,15,1,4
288,motor,motorboat,10.32,2.9,0.94,3.8,10,17,21,4,7
332,sail,sailboat,14.88,4.81,2.41,5.0,10,19,20,1,9
349,small,motorboat,6.13,2.06,0.55,0.0,10,20,23,3,10
386,small,motorboat,9.48,3.24,0.98,2.4,10,22,23,1,12
1680,sail,sailboat,11.18,3.57,2.06,0.0,10,65,70,5,55
6386,sail,sailboat,11.77,3.67,1.86,0.0,10,143,145,2,133
6989,super,yacht,22.18,5.95,2.72,19.0,10,151,152,1,141
193,sail,sailboat,10.97,3.48,1.72,5.4,11,11,31,20,0
211,sail,sailboat,13.5,4.42,2.05,6.3,11,12,29,17,1
220,super,yacht,25.39,6.86,3.27,17.0,11,13,14,1,2
228,motor,motorboat,13.87,3.86,1.21,3.8,11,13,17,4,2
270,sail,sailboat,13.18,4.22,2.0,3.6,11,16,21,5,5
296,super,yacht,22.96,5.89,2.5,35.7,11,17,31,14,6
323,small,motorboat,7.5,2.51,0.84,2.1,11,18,24,6,7
404,motor,motorboat,13.71,4.08,1.4,5.8,11,23,37,14,12
875,sail,sailboat,13.34,4.03,2.29,0.0,11,42,44,2,31
1138,motor,motorboat,15.16,4.74,1.61,8.2,11,50,61,11,39
1897,sail,sailboat,13.35,4.5,2.24,6.7,11,69,70,1,58
2237,small,motorboat,8.35,2.74,0.9,0.0,11,75,78,3,64
4613,sail,sailboat,12.83,3.94,2.11,4.5,11,116,119,3,105
5752,super,yacht,20.48,5.47,2.42,13.8,11,133,136,3,122
5895,super,yacht,21.37,5.69,2.73,12.5,11,136,155,19,125
209,sail,sailboat,13.79,4.33,2.05,4.7,12,12,14,2,0
218,sail,sailboat,14.53,4.65,2.28,5.8,12,13,16,3,1
230,motor,motorboat,18.97,5.73,1.67,0.0,12,13,15,2,1
242,small,motorboat,8.2,2.88,0.9,3.4,12,14,15,1,2
252,sail,sailboat,17.0,5.56,2.96,12.0,12,15,32,17,3
286,motor,motorboat,16.28,4.94,1.73,10.1,12,17,24,7,5
301,sail,sailboat,10.74,3.26,1.68,4.7,12,17,21,4,5
336,sail,sailboat,12.96,3.96,2.37,4.9,12,19,20,1,7
350,motor,motorboat,21.22,6.55,2.08,19.2,12,20,26,6,8
450,sail,sailboat,13.43,4.44,2.27,3.6,12,25,26,1,13
490,sail,sailboat,13.31,4.4,2.45,6.1,12,29,32,3,17
531,super,yacht,21.57,5.98,2.41,32.9,12,30,32,2,18
843,small,motorboat,6.44,2.22,0.67,0.0,12,40,46,6,28
1110,sail,sailboat,16.22,5.46,2.6,13.9,12,49,53,4,37
1139,motor,motorboat,17.08,4.99,1.49,7.3,12,50,53,3,38
1436,sail,sailboat,15.91,5.0,2.79,9.0,12,59,64,5,47
1500,super,yacht,22.09,6.24,2.59,35.5,12,61,63,2,49
1915,small,motorboat,6.92,2.26,0.68,3.4,12,69,88,19,57
1926,sail,sailboat,12.69,4.16,1.93,0.0,12,69,74,5,57
2821,super,yacht,23.86,6.69,2.84,33.3,12,87,89,2,75
2861,small,motorboat,7.31,2.5,0.67,0.0,12,88,90,2,76
6502,sail,sailboat,13.99,4.64,2.29,0.0,12,144,148,4,132
227,motor,motorboat,17.36,5.16,1.62,6.0,13,13,14,1,0
248,sail,sailboat,9.5,2.97,1.43,3.2,13,15,18,3,2
250,sail,sailboat,15.09,4.7,2.76,6.8,13,15,21,6,2
260,motor,motorboat,13.64,4.08,1.19,6.1,13,15,17,2,2
261,motor,motorboat,12.79,3.93,1.27,4.6,13,15,26,11,2
262,sail,sailboat,11.78,3.94,1.76,6.9,13,15,18,3,2
263,motor,motorboat,13.83,3.9,1.26,4.5,13,15,38,23,2
277,sail,sailboat,15.24,4.71,2.5,11.1,13,16,17,1,3
292,sail,sailboat,16.54,5.54,2.49,9.8,13,17,19,2,4
307,motor,motorboat,14.35,4.42,1.4,4.3,13,18,19,1,5
376,motor,motorboat,13.71,4.21,1.46,6.9,13,22,47,25,9
397,sail,sailboat,10.98,3.56,2.0,5.6,13,23,36,13,10
408,sail,sailboat,12.52,4.06,2.01,4.6,13,23,26,3,10
413,small,motorboat,9.33,3.11,1.03,0.0,13,23,24,1,10
609,motor,motorboat,14.38,4.21,1.24,3.8,13,32,36,4,19
668,super,yacht,21.17,5.41,2.31,32.5,13,35,36,1,22
842,sail,sailboat,10.4,3.39,1.87,3.3,13,40,53,13,27
913,sail,sailboat,16.74,5.31,2.86,7.5,13,43,49,6,30
1127,sail,sailboat,14.12,4.54,2.15,3.5,13,50,55,5,37
1334,super,yacht,25.16,7.05,2.98,23.6,13,56,68,12,43
1637,sail,sailboat,12.86,4.0,2.37,0.0,13,64,69,5,51
1776,sail,sailboat,13.47,4.12,2.42,6.5,13,66,69,3,53
3062,motor,motorboat,19.01,5.72,1.95,6.6,13,92,95,3,79
3236,motor,motorboat,16.73,5.02,1.5,7.1,13,94,100,6,81
4286,motor,motorboat,16.02,4.63,1.67,13.2,13,110,111,1,97
4410,sail,sailboat,13.01,4.41,2.13,4.4,13,113,119,6,100
5291,super,yacht,25.29,6.58,2.74,17.5,13,126,127,1,113
5793,sail,sailboat,16.79,5.35,3.1,0.0,13,134,140,6,121
6794,super,yacht,23.6,6.5,2.87,36.9,13,149,151,2,136
6922,sail,sailboat,14.66,4.97,2.21,3.7,13,151,152,1,138
6987,super,yacht,25.38,6.71,3.32,33.4,13,151,158,7,138
240,sail,sailboat,15.18,4.64,2.8,12.1,14,14,18,4,0
251,sail,sailboat,13.73,4.23,2.42,3.3,14,15,18,3,1
265,motor,motorboat,19.4,5.68,1.97,9.1,14,16,25,9,2
299,super,yacht,23.08,6.3,2.57,20.4,14,17,20,3,3
313,sail,sailboat,14.21,4.42,2.25,5.9,14,18,19,1,4
317,motor,motorboat,18.28,5.68,1.94,8.4,14,18,26,8,4
324,motor,motorboat,13.89,4.06,1.39,0.0,14,18,21,3,4
412,sail,sailboat,9.5,2.96,1.56,0.0,14,23,27,4,9
447,motor,motorboat,19.47,5.9,1.73,7.9,14,25,28,3,11
1002,sail,sailboat,15.71,4.77,2.4,0.0,14,45,49,4,31
1057,super,yacht,23.8,6.28,2.88,28.9,14,47,49,2,33
1337,motor,motorboat,14.92,4.29,1.35,5.9,14,56,57,1,42
1409,super,yacht,25.67,7.03,3.08,34.0,14,59,63,4,45
1889,sail,sailboat,11.09,3.54,1.66,3.2,14,68,71,3,54
1917,motor,motorboat,13.99,4.08,1.2,7.0,14,69,77,8,55
5724,sail,sailboat,9.61,2.97,1.63,2.7,14,133,136,3,119
6497,sail,sailboat,16.27,5.33,2.89,8.7,14,144,147,3,130
244,motor,motorboat,16.4,4.65,1.47,0.0,15,15,21,6,0
245,sail,sailboat,12.43,3.75,2.06,7.0,15,15,22,7,0
253,motor,motorboat,17.9,5.02,1.82,6.7,15,15,22,7,0
256,motor,motorboat,13.87,4.06,1.37,3.9,15,15,16,1,0
268,sail,sailboat,12.61,4.21,2.23,0.0,15,16,24,8,1
278,motor,motorboat,10.0,2.86,0.93,0.0,15,17,21,4,2
281,small,motorboat,6.39,2.23,0.71,3.3,15,17,22,5,2
295,sail,sailboat,11.2,3.38,1.96,5.1,15,17,20,3,2
303,super,yacht,25.98,7.35,3.18,29.0,15,17,21,4,2
337,sail,sailboat,15.32,4.77,2.37,12.3,15,19,22,3,4
365,sail,sailboat,14.98,5.03,2.72,0.0,15,21,24,3,6
370,sail,sailboat,14.06,4.69,2.14,3.5,15,22,27,5,7
406,super,yacht,23.25,5.96,2.99,15.7,15,23,26,3,8
452,small,motorboat,6.04,2.14,0.54,2.3,15,25,26,1,10
484,super,yacht,20.71,5.47,2.71,14.4,15,28,36,8,13
585,motor,motorboat,10.72,3.09,0.92,6.6,15,32,33,1,17
612,super,yacht,21.48,5.9,2.32,23.3,15,32,38,6,17
752,motor,motorboat,14.12,3.99,1.25,6.8,15,38,41,3,23
844,sail,sailboat,13.8,4.36,2.55,3.7,15,40,41,1,25
1133,super,yacht,21.51,5.56,2.88,12.3,15,50,53,3,35
1212,sail,sailboat,11.69,3.56,2.16,3.8,15,52,55,3,37
1415,sail,sailboat,11.5,3.65,1.79,6.0,15,59,62,3,44
1584,small,motorboat,6.42,2.18,0.65,0.0,15,63,65,2,48
1623,small,motorboat,7.81,2.67,0.78,3.2,15,64,76,12,49
1635,motor,motorboat,14.96,4.61,1.49,3.2,15,64,71,7,49
2146,motor,motorboat,20.69,6.11,2.11,12.8,15,73,83,10,58
4400,super,yacht,20.17,5.32,2.49,15.6,15,112,113,1,97
4971,sail,sailboat,14.4,4.5,2.23,3.6,15,122,126,4,107
5014,super,yacht,25.79,6.82,2.83,28.6,15,122,129,7,107
5863,sail,sailboat,12.9,3.89,2.32,3.5,15,135,140,5,120
7382,sail,sailboat,11.34,3.69,2.03,3.2,15,160,167,7,145
285,sail,sailboat,12.12,3.75,2.18,0.0,16,17,21,4,1
291,sail,sailboat,13.27,4.47,2.08,0.0,16,17,38,21,1
329,small,motorboat,8.59,2.93,0.9,2.7,16,18,22,4,2
342,sail,sailboat,13.18,4.12,2.01,6.6,16,20,27,7,4
434,motor,motorboat,16.6,4.72,1.45,12.5,16,25,31,6,9
435,motor,motorboat,15.48,4.47,1.49,6.4,16,25,50,25,9
437,sail,sailboat,12.04,3.63,2.17,4.6,16,25,28,3,9
451,sail,sailboat,14.57,4.71,2.41,0.0,16,25,31,6,9
457,small,motorboat,7.31,2.42,0.8,0.0,16,26,27,1,10
482,sail,sailboat,12.15,3.76,1.84,4.6,16,28,31,3,12
487,super,yacht,28.19,7.86,3.23,15.8,16,28,41,13,12
498,sail,sailboat,10.44,3.21,1.65,3.2,16,29,30,1,13
522,small,motorboat,7.62,2.49,0.72,2.6,16,30,31,1,14
532,motor,motorboat,15.67,4.44,1.34,13.3,16,30,31,1,14
758,motor,motorboat,11.65,3.46,1.16,4.7,16,38,39,1,22
821,sail,sailboat,13.54,4.57,2.02,3.4,16,39,41,2,23
1131,sail,sailboat,12.9,4.03,2.3,5.8,16,50,52,2,34
1355,sail,sailboat,14.02,4.23,2.47,4.5,16,57,64,7,41
1417,motor,motorboat,17.27,4.96,1.73,13.3,16,59,66,7,43
1938,super,yacht,26.67,6.8,2.94,28.9,16,69,71,2,53
2085,sail,sailboat,16.16,5.32,2.9,0.0,16,73,76,3,57
2134,super,yacht,25.58,7.28,3.24,37.7,16,73,76,3,57
2220,motor,motorboat,16.5,5.09,1.72,8.4,16,75,83,8,59
3742,sail,sailboat,16.6,5.61,2.54,7.5,16,102,104,2,86
310,small,motorboat,8.65,3.0,0.83,0.0,17,18,26,8,1
318,motor,motorboat,12.86,3.66,1.21,4.3,17,18,21,3,1
319,sail,sailboat,15.27,4.92,2.29,0.0,17,18,19,1,1
328,small,motorboat,6.06,2.06,0.58,3.0,17,18,21,3,1
333,sail,sailboat,12.54,4.03,2.15,5.9,17,19,21,2,2
338,small,motorboat,7.39,2.6,0.72,0.0,17,19,23,4,2
367,motor,motorboat,18.81,5.42,1.93,13.6,17,21,25,4,4
368,sail,sailboat,10.38,3.51,1.7,0.0,17,21,26,5,4
371,motor,motorboat,13.77,4.09,1.36,3.8,17,22,23,1,5
416,super,yacht,23.71,6.67,3.0,33.1,17,24,27,3,7
509,sail,sailboat,9.5,3.2,1.53,3.1,17,30,33,3,13
512,motor,motorboat,15.57,4.33,1.54,8.0,17,30,31,1,13
537,super,yacht,24.12,6.76,2.97,39.5,17,31,34,3,14
561,motor,motorboat,15.91,4.46,1.67,13.0,17,31,37,6,14
813,sail,sailboat,11.73,3.56,1.76,5.1,17,39,45,6,22
1117,super,yacht,20.73,5.83,2.71,32.9,17,50,55,5,33
1181,sail,sailboat,11.53,3.75,1.92,0.0,17,51,55,4,34
1450,sail,sailboat,12.15,3.68,1.93,4.7,17,60,64,4,43
1565,super,yacht,25.52,6.65,3.25,0.0,17,63,66,3,46
1596,motor,motorboat,17.65,5.46,1.72,0.0,17,64,76,12,47
1849,sail,sailboat,14.02,4.75,2.36,6.2,17,68,69,1,51
2023,sail,sailboat,11.41,3.61,1.84,0.0,17,72,77,5,55
2318,small,motorboat,7.66,2.59,0.69,0.0,17,77,95,18,60
2771,super,yacht,22.72,5.85,3.03,17.3,17,87,93,6,70
3466,sail,sailboat,13.61,4.3,2.47,4.4,17,98,103,5,81
3694,sail,sailboat,15.43,4.91,2.78,6.8,17,102,103,1,85
3938,motor,motorboat,15.52,4.34,1.57,8.7,17,105,116,11,88
4225,motor,motorboat,10.0,2.88,0.86,4.9,17,109,110,1,92
306,small,motorboat,6.01,2.15,0.55,0.0,18,18,24,6,0
320,motor,motorboat,11.96,3.43,1.16,6.5,18,18,25,7,0
326,sail,sailboat,11.59,3.75,1.92,6.1,18,18,20,2,0
364,motor,motorboat,18.16,5.17,1.9,9.4,18,21,24,3,3
388,motor,motorboat,13.91,3.92,1.35,3.8,18,22,25,3,4
401,sail,sailboat,12.68,4.22,2.29,5.5,18,23,24,1,5
417,small,motorboat,9.24,3.13,0.91,0.0,18,24,31,7,6
426,motor,motorboat,16.72,5.03,1.59,8.7,18,24,25,1,6
427,sail,sailboat,9.5,3.14,1.7,2.4,18,25,32,7,7
438,small,motorboat,7.5,2.48,0.73,2.3,18,25,28,3,7
467,sail,sailboat,13.94,4.45,2.51,0.0,18,27,28,1,9
511,motor,motorboat,13.07,3.95,1.26,6.1,18,30,36,6,12
546,sail,sailboat,13.82,4.4,2.21,6.2,18,31,33,2,13
567,motor,motorboat,12.76,3.93,1.25,3.3,18,31,32,1,13
586,motor,motorboat,10.0,2.84,0.9,5.9,18,32,57,25,14
593,sail,sailboat,11.84,3.71,1.79,0.0,18,32,34,2,14
1173,sail,sailboat,14.72,4.75,2.26,6.0,18,51,52,1,33
1364,super,yacht,21.88,6.25,2.38,0.0,18,57,63,6,39
1459,sail,sailboat,12.87,4.29,2.13,5.2,18,60,61,1,42
1522,sail,sailboat,11.12,3.39,1.84,4.8,18,61,68,7,43
1847,motor,motorboat,12.85,3.88,1.12,5.6,18,68,82,14,50
2363,super,yacht,26.27,7.03,2.87,32.9,18,78,80,2,60
3480,super,yacht,28.1,7.56,3.69,12.7,18,99,105,6,81
3736,super,yacht,23.62,6.71,3.08,24.3,18,102,103,1,84
331,small,motorboat,9.1,2.98,0.95,2.1,19,19,25,6,0
355,motor,motorboat,17.16,5.24,1.7,12.4,19,20,21,1,1
392,sail,sailboat,10.01,3.3,1.58,0.0,19,23,25,2,4
424,sail,sailboat,10.64,3.32,1.72,0.0,19,24,25,1,5
441,sail,sailboat,15.13,4.6,2.57,8.2,19,25,49,24,6
543,super,yacht,21.51,5.94,2.86,24.1,19,31,33,2,12
549,super,yacht,21.19,5.43,2.72,26.6,19,31,54,23,12
552,sail,sailboat,10.56,3.26,1.78,0.0,19,31,41,10,12
579,motor,motorboat,13.47,3.74,1.41,0.0,19,31,34,3,12
632,motor,motorboat,14.6,4.27,1.37,0.0,19,33,36,3,14
633,small,motorboat,8.62,2.8,0.79,0.0,19,33,34,1,14
734,sail,sailboat,10.81,3.53,1.97,3.9,19,37,45,8,18
1407,super,yacht,28.36,7.49,3.59,19.5,19,59,60,1,40
1491,sail,sailboat,14.34,4.37,2.38,6.6,19,61,64,3,42
2064,sail,sailboat,11.52,3.82,1.81,4.5,19,72,74,2,53
2071,sail,sailboat,14.15,4.69,2.11,6.5,19,72,73,1,53
2300,sail,sailboat,14.43,4.56,2.62,4.9,19,76,80,4,57
2381,small,motorboat,6.97,2.34,0.71,0.0,19,78,79,1,59
4074,motor,motorboat,13.11,3.92,1.18,4.5,19,107,112,5,88
4892,sail,sailboat,12.66,4.04,2.17,5.3,19,120,121,1,101
5500,motor,motorboat,15.27,4.52,1.38,0.0,19,130,133,3,111
5787,motor,motorboat,15.74,4.77,1.37,0.0,19,134,136,2,115
5791,super,yacht,25.31,7.17,3.03,17.5,19,134,146,12,115
344,sail,sailboat,10.39,3.38,1.89,3.0,20,20,21,1,0
353,sail,sailboat,12.95,4.31,2.03,5.0,20,20,23,3,0
366,sail,sailboat,10.7,3.22,1.89,4.2,20,21,26,5,1
369,sail,sailboat,9.8,3.11,1.49,0.0,20,22,25,3,2
379,sail,sailboat,10.66,3.27,1.95,5.7,20,22,47,25,2
425,motor,motorboat,13.85,3.89,1.28,3.6,20,24,25,1,4
428,motor,motorboat,12.21,3.56,1.08,6.9,20,25,29,4,5
483,motor,motorboat,10.0,2.87,0.88,5.9,20,28,33,5,8
491,small,motorboat,6.12,2.11,0.64,0.0,20,29,35,6,9
502,small,motorboat,7.61,2.44,0.85,0.0,20,29,34,5,9
575,motor,motorboat,13.86,4.16,1.42,6.0,20,31,32,1,11
595,motor,motorboat,18.48,5.76,1.84,12.2,20,32,52,20,12
742,motor,motorboat,11.88,3.64,1.06,5.2,20,37,56,19,17
841,sail,sailboat,10.94,3.44,1.93,0.0,20,40,45,5,20
1361,sail,sailboat,14.25,4.72,2.16,6.8,20,57,61,4,37
1374,sail,sailboat,17.0,5.2,2.86,0.0,20,58,61,3,38
1435,sail,sailboat,16.21,4.98,2.65,0.0,20,59,61,2,39
1968,motor,motorboat,14.54,4.18,1.53,4.4,20,70,91,21,50
2453,sail,sailboat,12.72,4.04,2.17,3.5,20,80,82,2,60
2456,small,motorboat,8.42,2.87,0.8,2.1,20,80,83,3,60
6176,motor,motorboat,14.11,3.96,1.5,3.4,20,139,144,5,119
6673,motor,motorboat,15.7,4.37,1.44,13.5,20,147,154,7,127
6892,super,yacht,27.23,7.36,3.14,22.8,20,150,153,3,130
359,sail,sailboat,11.66,3.51,1.79,6.8,21,21,23,2,0
362,small,motorboat,6.04,2.09,0.6,0.0,21,21,24,3,0
394,sail,sailboat,14.18,4.56,2.27,5.0,21,23,24,1,2
405,motor,motorboat,11.22,3.17,0.99,4.1,21,23,28,5,2
411,small,motorboat,7.76,2.72,0.71,0.0,21,23,25,2,2
444,super,yacht,23.34,6.07,2.7,26.3,21,25,26,1,4
445,motor,motorboat,11.56,3.27,1.13,4.5,21,25,32,7,4
492,small,motorboat,7.22,2.47,0.69,0.0,21,29,32,3,8
525,sail,sailboat,11.64,3.91,2.08,4.3,21,30,33,3,9
556,sail,sailboat,16.12,5.45,2.5,11.1,21,31,37,6,10
589,small,motorboat,6.31,2.11,0.69,0.0,21,32,42,10,11
667,motor,motorboat,17.82,5.33,1.62,11.6,21,34,35,1,13
672,small,motorboat,8.29,2.79,0.8,2.5,21,35,36,1,14
677,motor,motorboat,15.36,4.71,1.52,8.4,21,35,39,4,14
814,super,yacht,21.19,5.59,2.57,16.1,21,39,56,17,18
864,super,yacht,25.48,6.76,2.79,24.8,21,41,49,8,20
946,motor,motorboat,17.13,4.8,1.52,13.9,21,44,57,13,23
960,sail,sailboat,16.85,5.22,2.51,10.8,21,45,46,1,24
1040,sail,sailboat,10.71,3.51,1.71,0.0,21,46,52,6,25
1171,sail,sailboat,13.58,4.39,2.33,6.8,21,51,73,22,30
1180,small,motorboat,7.43,2.38,0.78,3.2,21,51,54,3,30
1526,sail,sailboat,15.14,4.62,2.27,9.8,21,62,63,1,41
1766,sail,sailboat,12.98,4.08,2.1,5.5,21,66,69,3,45
1944,sail,sailboat,13.13,4.08,2.2,3.4,21,69,78,9,48
1989,motor,motorboat,11.91,3.55,1.05,5.3,21,71,72,1,50
2001,sail,sailboat,9.5,3.13,1.43,0.0,21,71,73,2,50
2349,sail,sailboat,12.1,3.71,1.87,0.0,21,77,91,14,56
3664,super,yacht,28.55,8.08,3.56,33.2,21,101,102,1,80
5335,super,yacht,25.7,7.06,2.9,30.0,21,127,133,6,106
5731,super,yacht,21.68,6.0,2.35,34.3,21,133,160,27,112
6347,small,motorboat,6.17,2.19,0.65,0.0,21,142,144,2,121
374,motor,motorboat,14.64,4.51,1.39,6.6,22,22,29,7,0
380,motor,motorboat,13.19,3.72,1.35,5.1,22,22,25,3,0
383,sail,sailboat,13.21,4.44,2.37,6.8,22,22,27,5,0
387,motor,motorboat,11.13,3.14,1.09,0.0,22,22,28,6,0
390,motor,motorboat,12.24,3.48,1.29,3.5,22,23,24,1,1
407,sail,sailboat,14.48,4.52,2.5,3.8,22,23,32,9,1
436,small,motorboat,8.76,3.14,0.8,0.0,22,25,28,3,3
456,motor,motorboat,14.61,4.08,1.43,0.0,22,26,30,4,4
462,motor,motorboat,14.35,4.05,1.25,5.4,22,26,29,3,4
542,motor,motorboat,14.51,4.03,1.46,4.2,22,31,36,5,9
550,motor,motorboat,15.12,4.22,1.44,13.8,22,31,37,6,9
624,sail,sailboat,12.16,3.93,2.04,4.0,22,33,35,2,11
636,motor,motorboat,16.68,4.96,1.71,12.1,22,33,34,1,11
640,sail,sailboat,13.08,4.41,2.24,3.6,22,33,34,1,11
655,sail,sailboat,16.56,5.41,3.06,0.0,22,34,37,3,12
699,super,yacht,24.41,6.22,2.74,39.3,22,36,37,1,14
1193,motor,motorboat,20.39,6.35,1.86,33.8,22,52,60,8,30
1220,sail,sailboat,12.96,4.11,2.16,4.9,22,53,60,7,31
1335,small,motorboat,7.24,2.48,0.7,0.0,22,56,58,2,34
1961,motor,motorboat,11.42,3.36,1.01,6.6,22,70,81,11,48
2158,small,motorboat,9.32,3.1,0.98,0.0,22,74,77,3,52
2864,motor,motorboat,12.91,3.97,1.34,5.5,22,88,94,6,66
5259,super,yacht,20.82,5.86,2.39,24.6,22,126,130,4,104
393,motor,motorboat,12.56,3.6,1.08,0.0,23,23,34,11,0
396,sail,sailboat,14.77,4.57,2.64,4.3,23,23,34,11,0
398,super,yacht,26.19,7.24,3.31,39.8,23,23,26,3,0
399,motor,motorboat,13.95,3.93,1.32,6.2,23,23,25,2,0
443,sail,sailboat,11.48,3.79,1.94,5.3,23,25,39,14,2
448,sail,sailboat,10.09,3.17,1.54,6.3,23,25,28,3,2
460,sail,sailboat,13.59,4.37,2.26,3.2,23,26,31,5,3
494,small,motorboat,8.27,2.67,0.91,2.2,23,29,33,4,6
503,motor,motorboat,10.0,2.93,0.91,0.0,23,29,30,1,6
505,sail,sailboat,9.5,2.98,1.71,3.3,23,29,31,2,6
508,motor,motorboat,14.8,4.54,1.43,4.5,23,30,37,7,7
517,motor,motorboat,17.79,5.43,1.85,12.2,23,30,32,2,7
541,sail,sailboat,11.19,3.49,2.04,5.7,23,31,34,3,8
554,small,motorboat,6.01,1.98,0.65,0.0,23,31,36,5,8
597,small,motorboat,9.41,3.27,1.05,3.3,23,32,39,7,9
602,sail,sailboat,10.01,3.1,1.68,0.0,23,32,34,2,9
615,motor,motorboat,15.4,4.58,1.43,10.6,23,32,39,7,9
661,small,motorboat,7.48,2.45,0.78,2.3,23,34,39,5,11
663,motor,motorboat,15.44,4.49,1.58,9.9,23,34,36,2,11
670,motor,motorboat,13.76,4.1,1.42,5.4,23,35,38,3,12
714,motor,motorboat,14.01,4.23,1.41,0.0,23,36,40,4,13
720,sail,sailboat,10.04,3.33,1.7,0.0,23,37,42,5,14
732,motor,motorboat,19.71,6.09,2.02,10.3,23,37,38,1,14
733,motor,motorboat,12.71,3.9,1.1,3.7,23,37,67,30,14
863,sail,sailboat,14.89,4.5,2.47,0.0,23,41,44,3,18
867,sail,sailboat,12.7,3.84,2.25,3.2,23,41,70,29,18
920,sail,sailboat,16.3,5.35,2.8,11.7,23,43,60,17,20
1141,sail,sailboat,13.48,4.47,2.01,6.4,23,50,60,10,27
1520,motor,motorboat,17.58,5.36,1.83,10.3,23,61,62,1,38
1578,motor,motorboat,12.28,3.83,1.08,5.0,23,63,66,3,40
1664,sail,sailboat,14.35,4.59,2.63,0.0,23,65,68,3,42
1673,sail,sailboat,13.1,4.41,2.05,4.8,23,65,71,6,42
1697,motor,motorboat,13.65,4.16,1.28,0.0,23,65,66,1,42
1698,sail,sailboat,14.33,4.83,2.35,4.6,23,65,67,2,42
2007,super,yacht,27.02,7.32,3.28,14.2,23,71,75,4,48
2163,motor,motorboat,12.68,3.62,1.17,0.0,23,74,77,3,51
2569,motor,motorboat,14.02,4.3,1.42,6.1,23,82,84,2,59
2705,small,motorboat,8.18,2.68,0.77,2.3,23,85,91,6,62
3054,super,yacht,20.05,5.37,2.23,26.5,23,92,95,3,69
5604,sail,sailboat,9.9,3.0,1.76,3.3,23,131,135,4,108
7069,sail,sailboat,11.47,3.52,1.85,6.0,23,153,155,2,130
7829,sail,sailboat,9.98,3.17,1.75,0.0,23,171,174,3,148
414,small,motorboat,7.04,2.3,0.68,0.0,24,24,25,1,0
415,motor,motorboat,16.9,5.28,1.6,0.0,24,24,34,10,0
422,motor,motorboat,15.73,4.73,1.67,9.4,24,24,27,3,0
429,small,motorboat,6.26,2.14,0.69,2.2,24,25,26,1,1
449,motor,motorboat,15.08,4.7,1.38,0.0,24,25,34,9,1
472,small,motorboat,8.19,2.92,0.76,0.0,24,27,32,5,3
479,sail,sailboat,13.93,4.28,2.33,0.0,24,28,35,7,4
486,super,yacht,28.07,8.02,3.61,13.7,24,28,29,1,4
496,sail,sailboat,11.01,3.71,1.87,5.2,24,29,33,4,5
500,sail,sailboat,11.85,3.77,2.12,0.0,24,29,32,3,5
520,sail,sailboat,9.5,3.18,1.55,2.9,24,30,32,2,6
536,small,motorboat,9.12,3.2,0.89,0.0,24,31,35,4,7
544,motor,motorboat,13.87,4.31,1.19,3.1,24,31,32,1,7
562,sail,sailboat,12.42,4.12,1.89,5.3,24,31,34,3,7
659,sail,sailboat,13.71,4.53,2.42,5.0,24,34,37,3,10
697,sail,sailboat,13.85,4.35,2.36,0.0,24,36,44,8,12
708,sail,sailboat,13.68,4.2,2.44,5.4,24,36,37,1,12
750,sail,sailboat,12.63,4.2,1.92,4.0,24,37,42,5,13
763,motor,motorboat,12.24,3.7,1.3,5.5,24,38,42,4,14
770,sail,sailboat,15.04,4.9,2.69,8.0,24,38,39,1,14
781,sail,sailboat,13.62,4.45,2.16,0.0,24,38,40,2,14
787,sail,sailboat,16.41,5.26,2.45,10.4,24,38,44,6,14
788,sail,sailboat,13.61,4.3,2.19,3.5,24,38,40,2,14
791,super,yacht,22.55,5.89,2.65,20.6,24,38,43,5,14
862,small,motorboat,7.98,2.65,0.81,0.0,24,41,48,7,17
922,sail,sailboat,14.5,4.8,2.55,6.3,24,43,44,1,19
938,sail,sailboat,14.68,4.69,2.29,3.6,24,44,48,4,20
1062,motor,motorboat,13.51,3.92,1.17,3.9,24,47,50,3,23
1084,super,yacht,26.18,6.84,3.05,26.6,24,48,49,1,24
1593,motor,motorboat,11.14,3.28,1.14,3.7,24,63,65,2,39
1689,small,motorboat,8.53,2.81,0.91,0.0,24,65,66,1,41
1898,super,yacht,21.52,5.76,2.54,29.4,24,69,74,5,45
1925,motor,motorboat,15.23,4.33,1.39,0.0,24,69,72,3,45
2298,sail,sailboat,9.5,2.9,1.6,0.0,24,76,78,2,52
430,motor,motorboat,10.0,3.0,0.91,3.8,25,25,26,1,0
433,motor,motorboat,19.18,5.51,1.88,0.0,25,25,26,1,0
439,motor,motorboat,10.88,3.06,0.93,5.8,25,25,33,8,0
453,sail,sailboat,11.26,3.58,1.95,6.6,25,26,29,3,1
468,small,motorboat,8.95,2.98,0.94,0.0,25,27,30,3,2
478,sail,sailboat,13.11,4.39,2.12,0.0,25,28,33,5,3
527,small,motorboat,6.21,2.23,0.59,2.6,25,30,31,1,5
559,sail,sailboat,14.84,4.81,2.37,0.0,25,31,36,5,6
569,super,yacht,21.5,6.06,2.39,27.7,25,31,32,1,6
594,motor,motorboat,13.87,3.99,1.26,6.5,25,32,34,2,7
637,small,motorboat,9.42,3.38,1.02,0.0,25,33,34,1,8
665,sail,sailboat,15.52,4.91,2.37,11.4,25,34,36,2,9
679,small,motorboat,8.66,3.04,0.92,3.0,25,35,39,4,10
712,sail,sailboat,11.12,3.51,1.75,0.0,25,36,39,3,11
785,small,motorboat,7.07,2.44,0.75,2.9,25,38,43,5,13
936,super,yacht,25.43,6.54,3.4,30.5,25,44,66,22,19
1009,sail,sailboat,14.35,4.36,2.14,3.2,25,46,59,13,21
1112,motor,motorboat,16.81,4.8,1.64,8.7,25,49,50,1,24
1197,sail,sailboat,13.65,4.13,2.11,6.2,25,52,56,4,27
1229,sail,sailboat,15.76,4.87,2.5,13.4,25,53,59,6,28
1276,super,yacht,27.57,7.55,3.16,28.9,25,54,60,6,29
1775,sail,sailboat,11.73,3.76,2.02,0.0,25,66,67,1,41
2407,motor,motorboat,11.9,3.62,1.02,3.5,25,79,86,7,54
2498,super,yacht,25.9,7.26,2.91,27.4,25,80,94,14,55
3063,motor,motorboat,16.46,4.62,1.61,11.0,25,92,95,3,67
3322,super,yacht,20.96,5.96,2.45,21.8,25,95,96,1,70
3495,motor,motorboat,14.4,4.02,1.34,0.0,25,99,101,2,74
4652,super,yacht,23.58,6.02,2.68,26.3,25,116,120,4,91
5338,motor,motorboat,15.27,4.41,1.52,11.6,25,127,129,2,102
6505,super,yacht,26.28,7.23,3.23,25.0,25,144,157,13,119
455,small,motorboat,8.45,2.78,0.92,0.0,26,26,29,3,0
458,sail,sailboat,9.83,3.05,1.48,2.7,26,26,37,11,0
464,small,motorboat,6.98,2.4,0.67,3.0,26,27,28,1,1
466,sail,sailboat,14.31,4.68,2.26,3.9,26,27,28,1,1
469,sail,sailboat,14.55,4.39,2.35,5.8,26,27,28,1,1
473,super,yacht,27.87,7.12,3.38,23.4,26,27,29,2,1
474,small,motorboat,7.66,2.73,0.7,2.7,26,27,37,10,1
476,sail,sailboat,13.0,4.06,2.04,3.9,26,28,30,2,2
477,sail,sailboat,9.81,3.1,1.59,2.5,26,28,34,6,2
480,small,motorboat,7.71,2.61,0.8,0.0,26,28,40,12,2
481,motor,motorboat,18.13,5.46,1.74,13.1,26,28,31,3,2
488,sail,sailboat,12.46,3.78,2.04,4.3,26,28,31,3,2
534,motor,motorboat,15.95,4.76,1.45,11.8,26,31,33,2,5
535,motor,motorboat,10.36,3.0,1.05,6.9,26,31,48,17,5
614,super,yacht,25.0,6.52,3.03,13.1,26,32,33,1,6
616,motor,motorboat,18.54,5.72,1.92,0.0,26,32,38,6,6
629,sail,sailboat,11.82,3.7,2.11,4.4,26,33,36,3,7
675,sail,sailboat,15.04,4.89,2.37,13.4,26,35,41,6,9
690,motor,motorboat,17.35,5.16,1.61,7.1,26,36,37,1,10
695,sail,sailboat,13.93,4.3,2.34,4.3,26,36,53,17,10
696,motor,motorboat,15.66,4.57,1.6,12.9,26,36,38,2,10
707,small,motorboat,8.64,2.96,0.8,2.3,26,36,44,8,10
726,small,motorboat,9.19,3.08,0.96,2.4,26,37,40,3,11
731,motor,motorboat,11.1,3.3,1.03,3.6,26,37,44,7,11
769,sail,sailboat,14.38,4.48,2.32,5.0,26,38,39,1,12
809,motor,motorboat,15.55,4.82,1.4,12.5,26,39,41,2,13
816,motor,motorboat,17.33,5.41,1.83,10.8,26,39,46,7,13
839,motor,motorboat,18.0,5.24,1.69,10.8,26,40,42,2,14
915,super,yacht,24.77,6.43,3.18,37.3,26,43,61,18,17
1380,super,yacht,26.3,7.19,3.26,20.5,26,58,60,2,32
1579,motor,motorboat,10.0,3.06,0.98,0.0,26,63,64,1,37
1676,motor,motorboat,10.0,2.91,0.9,5.6,26,65,72,7,39
2043,super,yacht,27.4,7.47,3.3,33.2,26,72,73,1,46
2204,motor,motorboat,15.46,4.53,1.42,0.0,26,75,76,1,49
2653,sail,sailboat,11.69,3.58,1.92,5.4,26,84,109,25,58
6367,super,yacht,28.53,7.68,3.77,31.1,26,143,145,2,117
6610,sail,sailboat,9.5,2.98,1.46,2.0,26,146,148,2,120
7424,motor,motorboat,13.17,3.83,1.16,5.6,26,162,163,1,136
465,motor,motorboat,15.88,4.86,1.47,6.9,27,27,32,5,0
475,sail,sailboat,13.04,4.36,2.0,5.0,27,27,28,1,0
501,motor,motorboat,17.47,5.05,1.78,0.0,27,29,30,1,2
521,motor,motorboat,14.19,4.37,1.24,4.0,27,30,33,3,3
558,small,motorboat,8.17,2.76,0.89,0.0,27,31,59,28,4
571,small,motorboat,8.88,2.9,0.86,0.0,27,31,33,2,4
630,small,motorboat,8.57,2.78,0.93,2.6,27,33,35,2,6
666,motor,motorboat,14.63,4.17,1.35,3.0,27,34,35,1,7
705,sail,sailboat,11.15,3.46,1.72,6.1,27,36,50,14,9
723,sail,sailboat,14.07,4.66,2.26,4.8,27,37,41,4,10
738,sail,sailboat,11.9,4.02,1.88,6.0,27,37,41,4,10
757,sail,sailboat,12.25,4.09,1.99,5.6,27,38,41,3,11
854,motor,motorboat,11.91,3.55,1.26,4.5,27,41,45,4,14
861,sail,sailboat,15.09,5.06,2.7,10.3,27,41,62,21,14
873,sail,sailboat,13.44,4.08,2.18,5.3,27,41,43,2,14
914,small,motorboat,6.92,2.23,0.72,2.8,27,43,48,5,16
1509,motor,motorboat,16.15,4.63,1.42,13.5,27,61,74,13,34
1511,motor,motorboat,10.86,3.1,0.94,5.4,27,61,64,3,34
1948,small,motorboat,9.06,3.07,0.85,0.0,27,70,97,27,43
2153,motor,motorboat,18.51,5.53,1.64,12.8,27,74,103,29,47
2178,small,motorboat,7.6,2.49,0.75,2.0,27,74,75,1,47
2189,sail,sailboat,10.99,3.65,1.96,3.6,27,74,76,2,47
2574,sail,sailboat,13.66,4.54,2.04,5.5,27,82,83,1,55
2588,sail,sailboat,14.45,4.47,2.44,6.5,27,82,85,3,55
2733,motor,motorboat,17.59,5.11,1.83,8.0,27,86,97,11,59
5553,motor,motorboat,21.25,5.91,1.99,19.2,27,130,132,2,103
6980,sail,sailboat,14.0,4.34,2.1,0.0,27,151,156,5,124
7081,super,yacht,26.11,7.04,3.29,29.8,27,153,155,2,126
485,sail,sailboat,10.91,3.39,1.79,3.0,28,28,30,2,0
493,super,yacht,28.49,7.27,3.44,12.9,28,29,32,3,1
495,sail,sailboat,9.5,2.97,1.51,3.4,28,29,31,2,1
504,super,yacht,22.32,6.06,2.45,16.6,28,29,35,6,1
524,sail,sailboat,9.5,2.92,1.56,2.4,28,30,32,2,2
607,motor,motorboat,14.84,4.56,1.37,6.6,28,32,34,2,4
669,sail,sailboat,11.84,3.92,1.83,5.3,28,35,38,3,7
737,sail,sailboat,15.73,4.89,2.71,12.8,28,37,43,6,9
756,motor,motorboat,14.97,4.29,1.53,0.0,28,38,41,3,10
847,sail,sailboat,9.94,3.15,1.69,2.8,28,40,43,3,12
881,small,motorboat,8.64,2.95,0.88,0.0,28,42,45,3,14
919,motor,motorboat,21.77,6.7,1.97,34.9,28,43,65,22,15
1063,sail,sailboat,14.9,4.53,2.24,6.7,28,47,51,4,19
1222,small,motorboat,6.35,2.16,0.65,2.2,28,53,55,2,25
2141,motor,motorboat,12.66,3.79,1.16,4.6,28,73,76,3,45
2254,sail,sailboat,13.76,4.49,2.16,3.9,28,75,80,5,47
2330,sail,sailboat,10.24,3.15,1.69,4.2,28,77,81,4,49
2345,sail,sailboat,14.56,4.84,2.19,4.6,28,77,87,10,49
2437,sail,sailboat,9.76,3.15,1.56,0.0,28,79,82,3,51
2482,sail,sailboat,14.56,4.73,2.48,4.2,28,80,82,2,52
2650,super,yacht,26.32,6.88,2.98,36.6,28,84,87,3,56
2730,small,motorboat,6.81,2.24,0.7,0.0,28,86,90,4,58
2753,motor,motorboat,13.98,4.16,1.38,5.5,28,86,92,6,58
2843,small,motorboat,8.92,3.16,0.96,0.0,28,88,90,2,60
2885,motor,motorboat,14.75,4.12,1.35,0.0,28,88,93,5,60
5710,motor,motorboat,13.84,4.02,1.25,6.6,28,133,137,4,105
6873,sail,sailboat,13.04,4.3,2.18,5.5,28,150,155,5,122
489,motor,motorboat,17.0,4.89,1.55,6.4,29,29,32,3,0
497,sail,sailboat,14.34,4.8,2.49,0.0,29,29,47,18,0
499,sail,sailboat,11.15,3.37,1.68,5.4,29,29,31,2,0
513,motor,motorboat,13.66,4.21,1.27,6.9,29,30,32,2,1
519,sail,sailboat,12.25,3.78,1.84,0.0,29,30,33,3,1
530,sail,sailboat,9.99,3.08,1.78,3.4,29,30,33,3,1
548,super,yacht,23.07,5.98,2.57,16.7,29,31,35,4,2
557,sail,sailboat,15.35,5.04,2.63,0.0,29,31,32,1,2
560,sail,sailboat,11.29,3.68,1.91,5.5,29,31,38,7,2
563,motor,motorboat,12.14,3.41,1.12,3.5,29,31,40,9,2
570,sail,sailboat,14.36,4.83,2.47,3.7,29,31,36,5,2
576,small,motorboat,8.92,2.86,0.89,2.5,29,31,36,5,2
578,small,motorboat,9.24,3.32,1.02,0.0,29,31,33,2,2
583,motor,motorboat,16.74,5.07,1.68,0.0,29,32,35,3,3
621,super,yacht,27.11,7.03,3.01,20.8,29,33,36,3,4
650,motor,motorboat,13.79,3.95,1.42,5.3,29,34,41,7,5
761,motor,motorboat,14.73,4.24,1.51,6.9,29,38,42,4,9
762,sail,sailboat,15.49,4.99,2.82,10.5,29,38,49,11,9
838,super,yacht,25.99,6.92,3.36,36.0,29,40,45,5,11
866,motor,motorboat,15.84,4.49,1.45,8.9,29,41,69,28,12
870,sail,sailboat,13.1,4.41,2.23,0.0,29,41,43,2,12
890,motor,motorboat,13.21,3.77,1.14,3.4,29,42,62,20,13
992,motor,motorboat,11.11,3.27,1.09,4.5,29,45,48,3,16
1330,small,motorboat,7.86,2.67,0.73,0.0,29,56,57,1,27
1542,super,yacht,20.37,5.73,2.56,24.6,29,62,65,3,33
1660,sail,sailboat,13.11,4.37,2.33,4.2,29,65,72,7,36
1679,motor,motorboat,13.6,4.09,1.2,0.0,29,65,71,6,36
1859,motor,motorboat,16.44,4.88,1.54,10.8,29,68,85,17,39
2458,sail,sailboat,12.47,4.02,1.88,5.6,29,80,91,11,51
2488,motor,motorboat,14.01,3.98,1.25,5.5,29,80,81,1,51
2499,motor,motorboat,13.7,4.07,1.28,6.4,29,80,86,6,51
2561,motor,motorboat,15.8,4.8,1.61,7.6,29,81,84,3,52
2575,super,yacht,26.95,7.31,3.18,37.0,29,82,85,3,53
2673,motor,motorboat,18.9,5.71,1.81,0.0,29,84,86,2,55
2761,super,yacht,24.76,6.45,2.72,23.4,29,86,92,6,57
2850,super,yacht,22.75,6.0,3.04,28.7,29,88,95,7,59
4295,motor,motorboat,13.15,4.0,1.14,5.9,29,110,126,16,81
4336,motor,motorboat,10.0,3.06,1.01,6.8,29,111,113,2,82
4746,super,yacht,26.4,6.86,3.34,21.1,29,118,120,2,89
7714,sail,sailboat,11.74,3.97,1.88,0.0,29,169,175,6,140
506,sail,sailboat,12.36,3.83,2.21,6.7,30,30,35,5,0
507,sail,sailboat,17.0,5.72,2.77,0.0,30,30,44,14,0
518,motor,motorboat,13.43,3.78,1.36,0.0,30,30,36,6,0
545,sail,sailboat,12.58,4.11,2.04,0.0,30,31,38,7,1
547,sail,sailboat,9.5,2.88,1.64,3.0,30,31,34,3,1
572,small,motorboat,8.11,2.74,0.76,2.6,30,31,38,7,1
582,motor,motorboat,13.86,4.15,1.23,5.5,30,32,35,3,2
599,small,motorboat,6.32,2.13,0.62,2.8,30,32,57,25,2
601,sail,sailboat,12.13,3.99,2.17,4.8,30,32,58,26,2
603,sail,sailboat,17.0,5.49,2.56,7.7,30,32,36,4,2
613,motor,motorboat,16.46,5.13,1.57,13.5,30,32,34,2,2
618,small,motorboat,6.34,2.08,0.57,3.0,30,33,36,3,3
660,motor,motorboat,16.02,4.9,1.39,11.6,30,34,40,6,4
746,motor,motorboat,10.0,2.92,0.95,4.9,30,37,58,21,7
802,super,yacht,25.07,6.72,3.15,23.4,30,39,41,2,9
850,motor,motorboat,16.45,5.06,1.61,7.0,30,41,44,3,11
851,sail,sailboat,15.14,4.83,2.26,9.3,30,41,42,1,11
901,sail,sailboat,15.21,4.61,2.8,7.7,30,43,44,1,13
1077,super,yacht,20.85,5.88,2.26,33.9,30,48,56,8,18
1252,motor,motorboat,11.99,3.73,1.27,5.6,30,54,60,6,24
1292,motor,motorboat,17.58,5.1,1.65,9.9,30,55,57,2,25
1556,small,motorboat,8.43,2.71,0.85,3.3,30,63,66,3,33
1820,super,yacht,25.28,6.66,3.17,33.3,30,67,74,7,37
1919,super,yacht,27.85,7.22,3.49,12.7,30,69,75,6,39
2160,small,motorboat,8.08,2.68,0.89,0.0,30,74,78,4,44
2442,sail,sailboat,15.01,4.74,2.31,7.3,30,80,85,5,50
2636,sail,sailboat,15.54,4.87,2.52,12.8,30,83,90,7,53
2654,sail,sailboat,12.99,3.99,2.1,0.0,30,84,86,2,54
2751,super,yacht,24.47,7.0,3.17,23.0,30,86,87,1,56
2757,sail,sailboat,12.83,3.9,2.23,3.9,30,86,96,10,56
2794,sail,sailboat,17.0,5.48,3.06,12.6,30,87,92,5,57
3409,sail,sailboat,12.99,4.3,2.14,5.1,30,97,98,1,67
3830,sail,sailboat,10.35,3.35,1.65,0.0,30,104,108,4,74
4516,super,yacht,22.45,6.06,2.58,14.0,30,114,116,2,84
5693,motor,motorboat,13.66,3.85,1.33,5.9,30,132,134,2,102
6993,sail,sailboat,12.3,3.84,1.85,3.1,30,151,154,3,121
7482,small,motorboat,7.37,2.63,0.74,0.0,30,163,170,7,133
565,motor,motorboat,12.99,3.73,1.3,6.8,31,31,34,3,0
573,small,motorboat,7.01,2.31,0.64,2.2,31,31,32,1,0
577,small,motorboat,7.16,2.48,0.66,0.0,31,31,35,4,0
581,motor,motorboat,12.15,3.6,1.1,4.9,31,32,34,2,1
584,motor,motorboat,15.32,4.26,1.63,6.1,31,32,35,3,1
587,sail,sailboat,10.93,3.6,2.01,3.3,31,32,55,23,1
604,sail,sailboat,15.26,4.73,2.34,12.5,31,32,33,1,1
605,motor,motorboat,16.97,4.71,1.6,0.0,31,32,34,2,1
622,sail,sailboat,15.38,5.21,2.61,8.3,31,33,36,3,2
631,sail,sailboat,12.53,3.82,1.99,3.1,31,33,45,12,2
644,sail,sailboat,14.89,4.68,2.6,4.2,31,33,35,2,2
680,sail,sailboat,13.96,4.54,2.36,0.0,31,35,36,1,4
686,sail,sailboat,11.06,3.55,1.74,4.4,31,36,38,2,5
710,sail,sailboat,14.01,4.49,2.24,3.4,31,36,41,5,5
796,sail,sailboat,10.21,3.44,1.73,3.7,31,39,41,2,8
798,motor,motorboat,17.7,5.3,1.61,13.3,31,39,42,3,8
815,motor,motorboat,19.08,5.53,1.85,6.3,31,39,52,13,8
822,small,motorboat,6.29,2.2,0.67,2.2,31,39,44,5,8
860,super,yacht,21.88,5.97,2.71,17.2,31,41,42,1,10
900,sail,sailboat,14.89,4.88,2.36,4.3,31,43,45,2,12
927,small,motorboat,9.28,3.08,0.92,2.0,31,43,53,10,12
942,motor,motorboat,15.05,4.22,1.3,0.0,31,44,47,3,13
998,sail,sailboat,11.47,3.47,1.93,3.1,31,45,48,3,14
1201,sail,sailboat,9.5,2.88,1.42,2.9,31,52,53,1,21
1214,sail,sailboat,13.53,4.18,2.41,6.8,31,52,53,1,21
2144,motor,motorboat,16.45,4.9,1.68,13.0,31,73,76,3,42
2520,sail,sailboat,14.83,4.76,2.29,0.0,31,81,85,4,50
2539,super,yacht,22.82,5.9,3.02,35.8,31,81,92,11,50
3620,sail,sailboat,10.14,3.12,1.58,3.2,31,101,102,1,70
4956,super,yacht,27.34,7.46,3.13,19.3,31,121,123,2,90
5195,super,yacht,26.21,7.08,3.05,24.5,31,125,129,4,94
5377,super,yacht,27.88,7.44,3.29,23.7,31,128,156,28,97
6132,super,yacht,20.65,5.41,2.41,24.3,31,139,145,6,108
591,motor,motorboat,16.23,4.86,1.45,10.7,32,32,44,12,0
600,motor,motorboat,10.0,3.05,0.86,4.7,32,32,33,1,0
608,small,motorboat,8.82,3.16,0.94,0.0,32,32,34,2,0
625,motor,motorboat,13.39,4.11,1.15,3.9,32,33,35,2,1
627,sail,sailboat,17.0,5.6,2.91,6.8,32,33,34,1,1
647,small,motorboat,7.08,2.52,0.73,2.4,32,33,38,5,1
653,sail,sailboat,13.34,4.51,2.23,0.0,32,34,39,5,2
656,sail,sailboat,13.85,4.23,2.11,6.1,32,34,41,7,2
728,small,motorboat,7.55,2.56,0.77,0.0,32,37,39,2,5
748,sail,sailboat,13.9,4.32,2.36,3.8,32,37,42,5,5
835,super,yacht,24.25,6.37,2.83,26.3,32,40,51,11,8
848,sail,sailboat,11.45,3.76,1.88,0.0,32,41,45,4,9
903,motor,motorboat,10.0,2.94,0.97,3.7,32,43,44,1,11
910,motor,motorboat,18.56,5.6,1.92,7.0,32,43,60,17,11
929,super,yacht,21.3,5.75,2.85,29.0,32,43,46,3,11
967,small,motorboat,8.96,3.18,0.85,2.4,32,45,51,6,13
974,motor,motorboat,19.48,5.62,1.93,7.7,32,45,48,3,13
1001,sail,sailboat,11.34,3.59,2.07,4.9,32,45,48,3,13
1020,sail,sailboat,12.63,4.02,2.29,4.7,32,46,60,14,14
1608,super,yacht,26.34,7.52,3.53,14.7,32,64,65,1,32
1853,sail,sailboat,15.75,5.04,2.87,8.7,32,68,71,3,36
1913,sail,sailboat,14.89,4.75,2.62,3.6,32,69,70,1,37
1998,motor,motorboat,14.19,4.07,1.24,3.5,32,71,72,1,39
2468,sail,sailboat,9.5,3.03,1.53,3.4,32,80,84,4,48
2603,super,yacht,28.61,7.41,3.71,22.3,32,82,89,7,50
2706,sail,sailboat,9.92,3.01,1.77,3.1,32,85,88,3,53
2797,super,yacht,25.3,6.84,3.06,35.6,32,87,100,13,55
3327,small,motorboat,7.46,2.53,0.68,0.0,32,95,96,1,63
4431,sail,sailboat,11.06,3.56,1.95,0.0,32,113,117,4,81
5102,sail,sailboat,15.44,5.19,2.3,11.4,32,123,135,12,91
5255,motor,motorboat,12.54,3.79,1.13,5.9,32,126,127,1,94
5307,super,yacht,20.49,5.8,2.44,15.0,32,127,128,1,95
7762,sail,sailboat,16.47,5.51,2.93,12.1,32,170,171,1,138
617,motor,motorboat,20.86,5.88,2.07,21.5,33,33,39,6,0
620,motor,motorboat,17.76,5.08,1.82,10.4,33,33,38,5,0
623,sail,sailboat,11.98,3.75,1.85,3.5,33,33,49,16,0
626,motor,motorboat,10.47,3.26,0.92,5.6,33,33,36,3,0
635,motor,motorboat,12.64,3.83,1.18,5.0,33,33,35,2,0
645,small,motorboat,9.09,3.03,0.97,2.4,33,33,46,13,0
648,small,motorboat,8.68,3.02,0.85,0.0,33,34,36,2,1
649,sail,sailboat,13.24,4.08,2.14,6.2,33,34,41,7,1
652,small,motorboat,8.0,2.76,0.85,0.0,33,34,51,17,1
657,sail,sailboat,15.99,5.39,2.69,12.3,33,34,37,3,1
671,small,motorboat,6.75,2.21,0.69,0.0,33,35,39,4,2
683,super,yacht,21.1,6.03,2.75,21.9,33,35,36,1,2
684,sail,sailboat,12.44,3.76,2.24,6.7,33,35,37,2,2
689,small,motorboat,7.93,2.64,0.75,0.0,33,36,38,2,3
691,small,motorboat,9.08,3.13,0.84,3.1,33,36,43,7,3
722,motor,motorboat,10.0,2.9,1.05,0.0,33,37,41,4,4
777,sail,sailboat,11.6,3.71,1.99,4.4,33,38,39,1,5
818,small,motorboat,8.7,3.11,0.92,0.0,33,39,44,5,6
895,small,motorboat,7.01,2.25,0.77,0.0,33,42,43,1,9
924,sail,sailboat,13.11,4.26,2.14,0.0,33,43,48,5,10
984,super,yacht,27.68,7.39,3.65,12.8,33,45,48,3,12
1024,sail,sailboat,13.73,4.15,2.34,5.6,33,46,49,3,13
1026,small,motorboat,8.0,2.74,0.82,0.0,33,46,53,7,13
1034,motor,motorboat,15.36,4.58,1.35,13.8,33,46,53,7,13
1046,sail,sailboat,11.4,3.47,1.81,6.4,33,46,48,2,13
1099,sail,sailboat,12.74,4.18,2.19,6.5,33,49,51,2,16
1200,sail,sailboat,13.52,4.56,2.2,3.2,33,52,58,6,19
1395,small,motorboat,7.57,2.54,0.8,0.0,33,58,61,3,25
1580,sail,sailboat,13.64,4.45,2.23,6.8,33,63,74,11,30
1795,small,motorboat,8.26,2.86,0.76,2.8,33,67,72,5,34
1950,small,motorboat,8.06,2.9,0.77,2.8,33,70,72,2,37
1982,sail,sailboat,14.41,4.87,2.47,7.0,33,71,77,6,38
2376,super,yacht,21.06,5.42,2.31,18.8,33,78,79,1,45
2405,super,yacht,21.86,5.75,2.75,14.0,33,79,80,1,46
2849,motor,motorboat,12.71,3.67,1.1,5.1,33,88,89,1,55
2878,sail,sailboat,11.48,3.51,1.93,4.9,33,88,95,7,55
2985,super,yacht,27.95,7.71,3.64,39.7,33,90,92,2,57
2996,motor,motorboat,15.38,4.41,1.47,11.4,33,91,105,14,58
3033,motor,motorboat,16.99,4.79,1.69,0.0,33,91,97,6,58
3088,sail,sailboat,15.73,5.25,2.43,10.0,33,92,119,27,59
3127,sail,sailboat,14.52,4.52,2.65,3.5,33,93,99,6,60
4172,sail,sailboat,13.41,4.29,2.19,5.5,33,109,113,4,76
5509,super,yacht,26.35,7.52,2.95,28.2,33,130,139,9,97
6220,sail,sailboat,11.86,3.83,2.08,0.0,33,140,150,10,107
8313,sail,sailboat,9.5,2.96,1.63,3.3,33,182,191,9,149
654,sail,sailboat,15.1,4.63,2.66,9.8,34,34,40,6,0
658,motor,motorboat,16.05,4.63,1.53,7.3,34,34,36,2,0
662,super,yacht,28.44,7.25,3.5,0.0,34,34,38,4,0
682,sail,sailboat,9.5,3.1,1.51,0.0,34,35,36,1,1
694,sail,sailboat,13.7,4.54,2.08,6.3,34,36,37,1,2
703,sail,sailboat,10.68,3.24,1.67,3.5,34,36,37,1,2
706,motor,motorboat,16.47,4.57,1.7,11.1,34,36,38,2,2
709,sail,sailboat,13.67,4.45,2.1,0.0,34,36,45,9,2
711,sail,sailboat,14.52,4.91,2.31,4.5,34,36,38,2,2
713,sail,sailboat,11.08,3.69,1.79,4.9,34,36,43,7,2
743,sail,sailboat,13.01,4.05,2.27,0.0,34,37,51,14,3
810,super,yacht,27.99,7.8,3.35,31.1,34,39,44,5,5
819,super,yacht,26.34,6.96,3.46,0.0,34,39,46,7,5
828,sail,sailboat,14.51,4.91,2.65,0.0,34,40,43,3,6
830,small,motorboat,9.07,3.07,1.01,0.0,34,40,41,1,6
888,sail,sailboat,14.1,4.49,2.25,6.1,34,42,45,3,8
905,motor,motorboat,17.72,5.36,1.83,10.2,34,43,45,2,9
981,sail,sailboat,15.61,4.9,2.64,0.0,34,45,51,6,11
985,sail,sailboat,11.52,3.6,1.95,0.0,34,45,46,1,11
990,super,yacht,27.56,7.05,3.1,18.0,34,45,46,1,11
1061,motor,motorboat,13.14,4.08,1.18,4.6,34,47,77,30,13
1304,motor,motorboat,13.2,3.83,1.26,4.0,34,55,61,6,21
1356,motor,motorboat,17.48,5.22,1.55,13.8,34,57,59,2,23
1879,sail,sailboat,9.83,3.02,1.68,3.3,34,68,71,3,34
2284,sail,sailboat,17.0,5.29,2.59,9.7,34,76,82,6,42
2351,sail,sailboat,12.42,4.15,1.92,0.0,34,78,79,1,44
2709,sail,sailboat,15.1,4.82,2.6,7.0,34,85,87,2,51
2916,motor,motorboat,16.85,4.92,1.69,7.9,34,89,91,2,55
3796,sail,sailboat,14.72,4.6,2.5,4.4,34,103,110,7,69
3996,sail,sailboat,13.94,4.54,2.16,6.1,34,106,109,3,72
4049,sail,sailboat,13.68,4.54,2.38,3.5,34,107,109,2,73
4789,motor,motorboat,15.16,4.29,1.58,9.9,34,118,120,2,84
681,motor,motorboat,16.44,5.01,1.53,12.2,35,35,46,11,0
688,sail,sailboat,14.61,4.75,2.22,6.7,35,36,38,2,1
693,motor,motorboat,16.82,5.17,1.67,13.9,35,36,38,2,1
698,motor,motorboat,18.14,5.07,1.7,9.6,35,36,48,12,1
700,sail,sailboat,14.9,5.02,2.7,4.0,35,36,38,2,1
701,sail,sailboat,13.44,4.11,2.34,4.2,35,36,38,2,1
724,motor,motorboat,17.22,5.33,1.51,8.9,35,37,50,13,2
727,sail,sailboat,12.99,3.96,2.39,3.8,35,37,44,7,2
729,sail,sailboat,13.78,4.51,2.41,5.1,35,37,49,12,2
730,sail,sailboat,14.24,4.5,2.4,5.9,35,37,38,1,2
735,motor,motorboat,13.73,3.83,1.28,3.3,35,37,44,7,2
768,motor,motorboat,15.46,4.81,1.51,8.0,35,38,39,1,3
793,motor,motorboat,14.51,4.44,1.4,6.7,35,39,42,3,4
853,small,motorboat,8.32,2.71,0.8,0.0,35,41,43,2,6
955,sail,sailboat,13.32,4.42,2.35,5.3,35,44,51,7,9
987,motor,motorboat,16.39,4.96,1.49,13.0,35,45,48,3,10
1056,small,motorboat,8.51,3.0,0.77,0.0,35,47,50,3,12
1076,sail,sailboat,14.99,4.86,2.64,4.8,35,48,52,4,13
1106,sail,sailboat,15.17,4.89,2.52,13.4,35,49,50,1,14
1111,motor,motorboat,11.7,3.42,1.21,3.6,35,49,52,3,14
1137,motor,motorboat,19.46,5.44,2.05,6.3,35,50,53,3,15
1167,super,yacht,26.54,6.83,3.54,29.9,35,51,53,2,16
1204,motor,motorboat,17.17,5.36,1.75,10.7,35,52,53,1,17
1475,sail,sailboat,10.58,3.36,1.7,0.0,35,61,91,30,26
2260,sail,sailboat,13.71,4.27,2.19,5.1,35,76,79,3,41
2261,sail,sailboat,9.5,3.21,1.45,2.8,35,76,81,5,41
2516,super,yacht,24.57,6.53,2.67,35.9,35,81,82,1,46
2563,super,yacht,24.68,6.54,3.0,16.5,35,81,86,5,46
2568,small,motorboat,6.52,2.11,0.61,2.2,35,82,83,1,47
2929,sail,sailboat,11.52,3.76,1.72,4.8,35,89,90,1,54
3116,super,yacht,20.9,5.51,2.55,17.0,35,93,98,5,58
3119,motor,motorboat,15.0,4.16,1.53,13.4,35,93,94,1,58
3240,sail,sailboat,11.49,3.73,1.93,3.1,35,94,96,2,59
8320,sail,sailboat,16.85,5.12,3.03,0.0,35,183,184,1,148
702,sail,sailboat,14.87,4.57,2.58,3.2,36,36,37,1,0
715,super,yacht,25.11,6.87,3.11,35.9,36,36,37,1,0
716,motor,motorboat,15.44,4.46,1.33,7.4,36,36,39,3,0
740,sail,sailboat,11.46,3.57,1.96,0.0,36,37,50,13,1
751,sail,sailboat,12.39,3.93,2.13,0.0,36,38,45,7,2
760,sail,sailboat,11.83,3.61,2.08,4.8,36,38,41,3,2
765,motor,motorboat,12.94,3.92,1.26,5.8,36,38,45,7,2
767,small,motorboat,6.56,2.28,0.63,0.0,36,38,39,1,2
773,sail,sailboat,13.39,4.51,2.47,4.9,36,38,42,4,2
776,sail,sailboat,11.59,3.61,1.94,7.0,36,38,40,2,2
784,sail,sailboat,10.3,3.13,1.65,0.0,36,38,45,7,2
790,motor,motorboat,17.62,4.94,1.7,10.8,36,38,39,1,2
806,small,motorboat,8.26,2.68,0.84,2.5,36,39,40,1,3
824,sail,sailboat,12.92,4.23,2.12,4.9,36,39,43,4,3
832,motor,motorboat,13.34,3.77,1.28,3.2,36,40,42,2,4
906,sail,sailboat,12.77,3.99,2.1,6.4,36,43,45,2,7
908,motor,motorboat,16.18,4.98,1.6,7.1,36,43,49,6,7
912,small,motorboat,8.85,3.0,0.85,0.0,36,43,44,1,7
923,motor,motorboat,14.33,4.29,1.36,4.9,36,43,45,2,7
930,motor,motorboat,18.22,5.44,1.72,10.8,36,43,46,3,7
957,motor,motorboat,16.6,4.66,1.55,12.6,36,44,46,2,8
999,motor,motorboat,17.92,5.26,1.63,11.3,36,45,48,3,9
1013,super,yacht,28.02,7.12,3.12,14.5,36,46,76,30,10
1079,motor,motorboat,10.33,2.93,1.07,4.5,36,48,51,3,12
1128,sail,sailboat,14.01,4.32,2.5,5.4,36,50,54,4,14
1268,super,yacht,26.21,6.71,2.96,26.0,36,54,68,14,18
1359,sail,sailboat,10.88,3.46,1.79,3.8,36,57,63,6,21
1502,small,motorboat,6.15,1.99,0.59,2.6,36,61,64,3,25
1602,sail,sailboat,12.44,4.04,1.98,3.6,36,64,66,2,28
1730,motor,motorboat,12.38,3.68,1.31,6.1,36,66,67,1,30
1768,sail,sailboat,13.5,4.5,2.22,4.8,36,66,68,2,30
1823,motor,motorboat,11.3,3.33,0.99,5.0,36,67,71,4,31
1934,motor,motorboat,18.84,5.6,1.97,11.0,36,69,70,1,33
2147,sail,sailboat,11.8,3.77,2.15,6.2,36,73,81,8,37
2304,super,yacht,23.48,6.69,2.9,15.8,36,76,77,1,40
2338,small,motorboat,8.69,3.03,0.86,0.0,36,77,78,1,41
2340,motor,motorboat,17.26,5.32,1.66,12.4,36,77,79,2,41
2460,sail,sailboat,17.0,5.36,2.72,0.0,36,80,89,9,44
2581,super,yacht,27.68,7.12,3.64,17.9,36,82,83,1,46
2684,super,yacht,24.58,6.27,2.9,20.6,36,85,88,3,49
2698,motor,motorboat,14.03,3.91,1.35,5.5,36,85,88,3,49
3213,sail,sailboat,14.31,4.81,2.51,4.6,36,94,105,11,58
3395,sail,sailboat,17.0,5.23,2.84,0.0,36,97,125,28,61
4165,super,yacht,21.66,5.59,2.91,19.0,36,108,111,3,72
4246,sail,sailboat,12.55,4.25,1.96,5.4,36,109,111,2,73
4605,small,motorboat,7.97,2.62,0.83,3.1,36,116,123,7,80
6025,super,yacht,26.64,6.84,3.36,14.0,36,137,139,2,101
6995,sail,sailboat,12.07,3.74,1.94,3.5,36,151,155,4,115
7095,super,yacht,21.04,5.57,2.58,20.7,36,154,183,29,118
7657,sail,sailboat,13.58,4.58,2.43,5.7,36,167,172,5,131
8399,super,yacht,25.72,6.85,2.83,17.4,36,186,189,3,150
718,small,motorboat,7.09,2.47,0.73,3.0,37,37,41,4,0
725,sail,sailboat,12.46,4.1,2.07,7.0,37,37,44,7,0
753,motor,motorboat,17.34,5.22,1.73,0.0,37,38,40,2,1
771,small,motorboat,6.12,2.0,0.59,0.0,37,38,40,2,1
778,motor,motorboat,18.69,5.52,1.75,7.0,37,38,45,7,1
779,motor,motorboat,13.67,4.17,1.32,6.3,37,38,44,6,1
794,motor,motorboat,15.52,4.59,1.48,10.0,37,39,43,4,2
803,sail,sailboat,13.52,4.57,2.35,6.5,37,39,40,1,2
826,motor,motorboat,18.7,5.57,1.77,9.3,37,39,40,1,2
833,sail,sailboat,9.73,3.13,1.65,2.9,37,40,42,2,3
837,motor,motorboat,15.04,4.28,1.6,0.0,37,40,47,7,3
865,small,motorboat,7.47,2.39,0.8,0.0,37,41,46,5,4
889,motor,motorboat,10.49,3.04,0.98,5.7,37,42,48,6,5
898,motor,motorboat,20.53,6.35,2.11,21.4,37,43,47,4,6
962,small,motorboat,9.1,3.04,0.82,0.0,37,45,51,6,8
980,motor,motorboat,16.59,4.97,1.62,8.8,37,45,48,3,8
1030,small,motorboat,7.9,2.8,0.85,0.0,37,46,60,14,9
1038,small,motorboat,6.77,2.35,0.71,3.0,37,46,49,3,9
1052,motor,motorboat,15.14,4.55,1.34,10.3,37,47,51,4,10
1064,sail,sailboat,11.63,3.77,2.13,0.0,37,47,49,2,10
1083,small,motorboat,8.39,2.74,0.8,3.2,37,48,49,1,11
1085,sail,sailboat,16.58,5.6,2.75,10.8,37,48,51,3,11
1097,motor,motorboat,19.47,5.87,1.94,8.1,37,49,56,7,12
1151,sail,sailboat,13.29,4.29,2.27,6.0,37,51,54,3,14
1175,sail,sailboat,16.09,5.06,2.73,12.0,37,51,53,2,14
1179,small,motorboat,7.19,2.52,0.66,0.0,37,51,55,4,14
1256,motor,motorboat,18.66,5.18,1.72,12.7,37,54,66,12,17
1489,sail,sailboat,13.11,4.0,2.36,0.0,37,61,62,1,24
1510,small,motorboat,8.8,3.08,0.9,0.0,37,61,63,2,24
1647,small,motorboat,6.53,2.26,0.64,0.0,37,65,71,6,28
1686,super,yacht,25.57,6.49,2.9,29.0,37,65,68,3,28
1718,motor,motorboat,17.65,5.25,1.57,10.6,37,66,74,8,29
2312,sail,sailboat,11.36,3.82,1.76,0.0,37,77,84,7,40
2723,motor,motorboat,13.82,4.28,1.25,4.7,37,86,92,6,49
2880,motor,motorboat,18.18,5.62,1.62,14.0,37,88,90,2,51
2939,sail,sailboat,13.23,4.2,2.05,5.6,37,89,102,13,52
3011,small,motorboat,8.04,2.82,0.75,3.3,37,91,98,7,54
3194,super,yacht,24.25,6.71,3.0,36.5,37,94,95,1,57
3205,sail,sailboat,9.5,3.15,1.44,2.1,37,94,97,3,57
3609,motor,motorboat,13.1,4.06,1.25,4.0,37,101,105,4,64
3634,super,yacht,23.09,5.91,2.73,22.6,37,101,104,3,64
5593,sail,sailboat,14.93,4.54,2.4,0.0,37,131,134,3,94
7559,sail,sailboat,14.53,4.87,2.55,3.6,37,165,168,3,128
764,motor,motorboat,13.62,3.86,1.27,6.9,38,38,43,5,0
766,motor,motorboat,18.82,5.5,1.77,13.7,38,38,39,1,0
774,sail,sailboat,10.25,3.3,1.88,0.0,38,38,39,1,0
775,sail,sailboat,15.81,5.34,2.54,0.0,38,38,39,1,0
782,sail,sailboat,14.9,4.59,2.46,3.2,38,38,43,5,0
783,small,motorboat,8.87,3.08,0.89,3.0,38,38,48,10,0
786,motor,motorboat,10.58,3.3,0.94,4.6,38,38,42,4,0
789,motor,motorboat,13.26,3.97,1.29,3.8,38,38,42,4,0
799,motor,motorboat,18.2,5.56,1.62,6.9,38,39,45,6,1
801,sail,sailboat,9.5,3.15,1.72,3.2,38,39,67,28,1
808,motor,motorboat,14.12,3.93,1.25,6.7,38,39,45,6,1
825,sail,sailboat,11.32,3.81,1.76,0.0,38,39,45,6,1
845,sail,sailboat,12.51,3.79,2.03,4.1,38,40,45,5,2
899,sail,sailboat,12.0,3.74,1.92,0.0,38,43,44,1,5
909,motor,motorboat,18.32,5.1,1.63,10.7,38,43,44,1,5
931,sail,sailboat,12.02,4.02,1.98,0.0,38,44,45,1,6
932,super,yacht,23.73,6.03,2.75,34.0,38,44,55,11,6
976,small,motorboat,6.46,2.29,0.64,0.0,38,45,48,3,7
1000,motor,motorboat,15.24,4.7,1.32,6.6,38,45,49,4,7
1105,sail,sailboat,10.46,3.17,1.9,0.0,38,49,51,2,11
1143,motor,motorboat,19.7,5.9,1.7,10.5,38,50,57,7,12
1152,super,yacht,21.58,5.66,2.88,24.1,38,51,55,4,13
1186,small,motorboat,6.46,2.18,0.72,0.0,38,52,54,2,14
1189,motor,motorboat,13.39,4.12,1.18,5.4,38,52,60,8,14
1192,sail,sailboat,13.25,4.45,2.15,4.8,38,52,54,2,14
1205,sail,sailboat,15.37,4.65,2.37,8.7,38,52,54,2,14
1211,sail,sailboat,13.02,4.07,2.07,3.4,38,52,59,7,14
1213,sail,sailboat,16.8,5.35,3.07,11.5,38,52,54,2,14
1567,sail,sailboat,12.8,4.04,2.03,4.5,38,63,73,10,25
1605,sail,sailboat,13.9,4.27,2.5,6.4,38,64,69,5,26
1620,super,yacht,22.98,5.96,2.56,24.0,38,64,80,16,26
1638,sail,sailboat,11.21,3.39,1.77,5.0,38,64,71,7,26
1969,motor,motorboat,16.38,4.66,1.51,6.0,38,70,75,5,32
2130,motor,motorboat,16.82,4.67,1.73,7.7,38,73,74,1,35
2508,motor,motorboat,19.2,5.41,1.65,10.5,38,81,101,20,43
2555,small,motorboat,6.02,2.16,0.55,2.8,38,81,88,7,43
2744,sail,sailboat,14.37,4.52,2.15,0.0,38,86,89,3,48
2785,sail,sailboat,15.46,4.87,2.67,10.0,38,87,90,3,49
3412,small,motorboat,8.74,2.93,0.87,0.0,38,97,99,2,59
3414,motor,motorboat,10.0,2.94,0.99,6.5,38,97,100,3,59
4665,super,yacht,27.22,7.18,3.11,20.1,38,116,117,1,78
5734,sail,sailboat,14.19,4.73,2.36,7.0,38,133,136,3,95
792,motor,motorboat,13.45,3.93,1.41,5.1,39,39,40,1,0
797,sail,sailboat,15.27,4.65,2.34,10.9,39,39,40,1,0
807,sail,sailboat,17.0,5.27,2.68,6.7,39,39,42,3,0
817,motor,motorboat,14.2,4.33,1.3,6.1,39,39,41,2,0
820,motor,motorboat,12.57,3.61,1.27,0.0,39,39,42,3,0
827,motor,motorboat,11.92,3.59,1.09,4.5,39,40,43,3,1
834,motor,motorboat,13.44,3.93,1.41,6.6,39,40,41,1,1
836,sail,sailboat,13.49,4.44,2.01,4.7,39,40,65,25,1
884,sail,sailboat,10.64,3.42,1.94,0.0,39,42,72,30,3
911,motor,motorboat,18.25,5.53,1.7,13.6,39,43,44,1,4
956,motor,motorboat,17.14,5.02,1.62,9.1,39,44,54,10,5
966,super,yacht,26.49,7.43,2.99,21.8,39,45,73,28,6
977,sail,sailboat,13.72,4.6,2.37,4.4,39,45,56,11,6
1025,motor,motorboat,13.38,3.9,1.42,3.3,39,46,59,13,7
1044,sail,sailboat,13.5,4.39,2.45,5.0,39,46,48,2,7
1059,sail,sailboat,14.87,4.84,2.33,3.2,39,47,50,3,8
1082,motor,motorboat,16.79,4.94,1.75,9.8,39,48,51,3,9
1124,motor,motorboat,12.31,3.77,1.1,6.6,39,50,51,1,11
1125,sail,sailboat,16.17,5.09,2.59,13.0,39,50,53,3,11
1144,sail,sailboat,14.17,4.33,2.4,3.7,39,50,51,1,11
1187,small,motorboat,6.29,2.24,0.66,0.0,39,52,58,6,13
1228,sail,sailboat,13.75,4.24,2.43,6.6,39,53,60,7,14
1490,small,motorboat,7.3,2.38,0.66,0.0,39,61,66,5,22
1655,sail,sailboat,13.23,4.45,2.16,0.0,39,65,67,2,26
1707,motor,motorboat,15.61,4.41,1.52,6.6,39,66,70,4,27
1980,sail,sailboat,10.21,3.26,1.65,6.8,39,71,73,2,32
2052,super,yacht,20.29,5.8,2.52,20.4,39,72,75,3,33
2303,super,yacht,25.95,6.87,3.4,21.6,39,76,77,1,37
2463,sail,sailboat,14.28,4.69,2.56,0.0,39,80,82,2,41
2863,motor,motorboat,19.21,5.92,1.65,8.9,39,88,90,2,49
2945,super,yacht,28.2,8.06,3.31,26.8,39,89,92,3,50
3312,sail,sailboat,14.16,4.68,2.23,3.0,39,95,100,5,56
3349,super,yacht,27.62,7.17,3.31,22.0,39,96,99,3,57
4731,sail,sailboat,13.23,4.45,2.42,0.0,39,117,120,3,78
5317,sail,sailboat,11.08,3.47,1.82,3.2,39,127,129,2,88
5831,super,yacht,27.34,7.19,3.23,32.0,39,135,139,4,96
5842,super,yacht,24.88,6.75,3.15,27.7,39,135,137,2,96
6109,motor,motorboat,13.86,4.0,1.37,4.3,39,138,140,2,99
6393,motor,motorboat,12.9,3.72,1.21,6.9,39,143,146,3,104
6869,small,motorboat,9.47,3.07,0.97,2.9,39,150,152,2,111
829,motor,motorboat,14.7,4.1,1.36,6.1,40,40,42,2,0
852,sail,sailboat,11.5,3.56,1.73,3.9,40,41,43,2,1
855,motor,motorboat,15.23,4.58,1.4,10.3,40,41,54,13,1
871,small,motorboat,9.37,3.03,1.0,0.0,40,41,43,2,1
878,sail,sailboat,15.8,4.84,2.88,0.0,40,42,44,2,2
883,super,yacht,26.69,7.41,3.47,15.4,40,42,53,11,2
886,sail,sailboat,11.81,4.0,1.89,5.9,40,42,51,9,2
939,sail,sailboat,12.86,4.09,2.23,0.0,40,44,47,3,4
983,motor,motorboat,17.07,4.77,1.64,13.4,40,45,46,1,5
1019,super,yacht,28.86,7.81,3.35,16.0,40,46,60,14,6
1041,small,motorboat,6.13,2.11,0.6,3.4,40,46,50,4,6
1058,sail,sailboat,14.66,4.55,2.2,4.4,40,47,53,6,7
1090,sail,sailboat,13.3,4.49,2.39,0.0,40,49,60,11,9
1096,small,motorboat,9.3,3.32,0.97,2.8,40,49,50,1,9
1109,small,motorboat,7.04,2.26,0.65,0.0,40,49,52,3,9
1160,sail,sailboat,12.19,3.85,2.01,5.3,40,51,57,6,11
1163,super,yacht,20.4,5.4,2.53,16.5,40,51,54,3,11
1230,motor,motorboat,16.28,4.81,1.46,9.3,40,53,55,2,13
1240,motor,motorboat,14.38,4.17,1.48,4.0,40,53,55,2,13
1247,motor,motorboat,13.6,4.22,1.36,6.6,40,54,57,3,14
1251,sail,sailboat,12.02,3.91,1.83,3.9,40,54,55,1,14
1267,sail,sailboat,14.78,4.95,2.5,3.5,40,54,57,3,14
1365,sail,sailboat,16.87,5.61,3.01,13.0,40,57,63,6,17
1532,sail,sailboat,13.18,4.11,2.27,5.7,40,62,65,3,22
1669,motor,motorboat,20.71,6.33,2.03,17.8,40,65,79,14,25
1955,sail,sailboat,12.31,4.11,2.12,4.2,40,70,73,3,30
2027,sail,sailboat,10.35,3.28,1.57,3.2,40,72,73,1,32
2171,super,yacht,21.34,5.48,2.4,17.7,40,74,80,6,34
2587,sail,sailboat,9.5,2.89,1.57,2.8,40,82,88,6,42
2837,motor,motorboat,14.63,4.19,1.25,3.8,40,88,93,5,48
2915,small,motorboat,7.82,2.7,0.83,3.5,40,89,95,6,49
2943,sail,sailboat,11.9,3.76,2.04,6.6,40,89,93,4,49
2947,super,yacht,27.39,7.16,3.15,37.3,40,89,101,12,49
3516,sail,sailboat,16.07,5.35,2.93,7.5,40,99,102,3,59
3558,small,motorboat,8.82,3.11,0.97,3.3,40,100,102,2,60
4241,sail,sailboat,13.94,4.41,2.43,6.3,40,109,115,6,69
4623,small,motorboat,6.41,2.24,0.59,3.4,40,116,117,1,76
5355,super,yacht,28.43,7.45,3.51,21.3,40,128,132,4,88
859,small,motorboat,9.5,3.26,0.98,2.9,41,41,46,5,0
868,sail,sailboat,13.17,4.15,2.14,5.6,41,41,42,1,0
869,motor,motorboat,14.99,4.49,1.56,5.2,41,41,45,4,0
885,motor,motorboat,13.66,3.84,1.26,6.8,41,42,43,1,1
892,motor,motorboat,14.08,3.99,1.44,5.5,41,42,44,2,1
893,sail,sailboat,9.5,3.15,1.52,3.0,41,42,44,2,1
897,motor,motorboat,11.4,3.46,1.08,4.1,41,42,65,23,1
904,super,yacht,20.7,5.73,2.6,21.5,41,43,46,3,2
907,sail,sailboat,15.1,4.79,2.74,7.6,41,43,50,7,2
916,small,motorboat,8.82,2.89,0.92,0.0,41,43,50,7,2
921,motor,motorboat,13.93,4.12,1.47,5.8,41,43,46,3,2
925,motor,motorboat,12.31,3.8,1.21,0.0,41,43,50,7,2
926,motor,motorboat,13.48,4.19,1.35,6.7,41,43,44,1,2
953,super,yacht,20.89,5.92,2.48,38.2,41,44,47,3,3
1042,small,motorboat,9.32,3.17,0.99,2.8,41,46,60,14,5
1165,sail,sailboat,12.31,3.84,2.17,4.5,41,51,54,3,10
1177,sail,sailboat,12.54,4.24,2.05,4.0,41,51,52,1,10
1182,motor,motorboat,12.15,3.79,1.13,6.5,41,51,62,11,10
1202,sail,sailboat,12.18,3.96,1.84,5.1,41,52,54,2,11
1241,sail,sailboat,13.72,4.23,2.16,6.9,41,53,54,1,12
1733,sail,sailboat,13.43,4.52,2.18,5.1,41,66,67,1,25
1770,sail,sailboat,11.89,3.99,1.86,0.0,41,66,70,4,25
2897,sail,sailboat,12.47,3.98,2.14,6.3,41,88,90,2,47
3291,super,yacht,28.99,7.47,3.26,34.0,41,95,102,7,54
3397,small,motorboat,8.08,2.66,0.76,3.0,41,97,100,3,56
3561,motor,motorboat,16.72,5.22,1.68,13.5,41,100,103,3,59
4082,sail,sailboat,12.66,3.93,2.32,4.0,41,107,114,7,66
5742,sail,sailboat,12.26,3.74,2.26,6.8,41,133,139,6,92
6490,motor,motorboat,16.36,4.77,1.64,12.7,41,144,150,6,103
7724,super,yacht,20.94,5.33,2.68,17.3,41,169,194,25,128
876,sail,sailboat,14.81,5.0,2.62,0.0,42,42,43,1,0
880,small,motorboat,7.34,2.45,0.68,0.0,42,42,48,6,0
917,small,motorboat,6.44,2.1,0.6,0.0,42,43,55,12,1
928,motor,motorboat,14.63,4.52,1.26,6.4,42,43,44,1,1
934,sail,sailboat,12.62,4.06,2.19,4.5,42,44,48,4,2
952,sail,sailboat,10.69,3.4,1.86,3.7,42,44,45,1,2
982,sail,sailboat,9.5,2.9,1.61,0.0,42,45,51,6,3
1031,sail,sailboat,11.93,4.01,2.15,3.7,42,46,49,3,4
1072,sail,sailboat,13.58,4.39,2.37,0.0,42,48,73,25,6
1087,small,motorboat,6.55,2.35,0.7,0.0,42,48,50,2,6
1101,sail,sailboat,11.08,3.48,1.86,3.8,42,49,51,2,7
1126,sail,sailboat,12.7,4.22,2.13,5.4,42,50,54,4,8
1135,motor,motorboat,11.4,3.21,1.06,5.3,42,50,55,5,8
1149,small,motorboat,8.96,2.93,0.82,0.0,42,50,51,1,8
1194,sail,sailboat,11.34,3.44,1.96,0.0,42,52,54,2,10
1235,sail,sailboat,16.15,5.12,2.92,8.7,42,53,60,7,11
1301,sail,sailboat,16.78,5.47,2.8,0.0,42,55,58,3,13
1315,sail,sailboat,12.17,4.09,1.92,4.9,42,55,57,2,13
1639,small,motorboat,8.98,3.02,0.85,0.0,42,64,66,2,22
1812,motor,motorboat,16.75,4.8,1.72,7.2,42,67,71,4,25
1821,small,motorboat,6.22,2.15,0.68,0.0,42,67,79,12,25
1834,small,motorboat,9.31,3.1,0.9,0.0,42,67,69,2,25
2194,small,motorboat,8.31,2.73,0.86,0.0,42,74,76,2,32
2529,sail,sailboat,11.32,3.48,2.06,0.0,42,81,83,2,39
2669,small,motorboat,8.68,3.1,0.87,0.0,42,84,86,2,42
2831,motor,motorboat,17.73,5.44,1.75,8.9,42,87,89,2,45
2932,sail,sailboat,12.86,4.35,2.37,5.5,42,89,94,5,47
3156,motor,motorboat,13.44,3.94,1.23,3.4,42,93,99,6,51
3529,sail,sailboat,12.63,3.87,1.91,4.1,42,99,102,3,57
3533,motor,motorboat,16.71,4.82,1.67,8.8,42,99,101,2,57
3803,super,yacht,20.41,5.24,2.25,34.0,42,103,104,1,61
6125,super,yacht,28.7,7.63,3.25,39.4,42,138,143,5,96
7488,motor,motorboat,14.43,4.19,1.42,6.7,42,163,170,7,121
8087,sail,sailboat,9.5,2.92,1.49,2.4,42,177,189,12,135
944,sail,sailboat,9.66,2.91,1.76,2.7,43,44,47,3,1
950,small,motorboat,7.5,2.43,0.74,2.7,43,44,45,1,1
964,sail,sailboat,13.49,4.25,2.48,6.8,43,45,46,1,2
965,motor,motorboat,16.7,4.95,1.54,0.0,43,45,49,4,2
968,sail,sailboat,11.22,3.73,1.73,5.8,43,45,47,2,2
969,sail,sailboat,14.41,4.52,2.24,4.8,43,45,48,3,2
975,sail,sailboat,9.5,2.87,1.7,2.9,43,45,50,5,2
978,sail,sailboat,13.64,4.25,2.23,4.3,43,45,46,1,2
993,sail,sailboat,11.05,3.73,1.86,6.7,43,45,51,6,2
1017,motor,motorboat,15.62,4.72,1.48,0.0,43,46,48,2,3
1021,motor,motorboat,15.25,4.32,1.34,11.5,43,46,48,2,3
1032,motor,motorboat,20.15,6.21,1.87,26.4,43,46,47,1,3
1073,motor,motorboat,10.0,2.95,0.96,3.4,43,48,54,6,5
1086,motor,motorboat,15.6,4.68,1.53,12.0,43,48,52,4,5
1102,motor,motorboat,18.59,5.8,1.68,11.3,43,49,50,1,6
1119,sail,sailboat,13.68,4.25,2.48,6.9,43,50,64,14,7
1168,motor,motorboat,15.47,4.34,1.52,6.8,43,51,57,6,8
1264,small,motorboat,7.86,2.66,0.86,0.0,43,54,57,3,11
1294,sail,sailboat,15.49,4.81,2.39,11.1,43,55,58,3,12
1320,sail,sailboat,12.07,3.72,1.9,3.2,43,56,57,1,13
1326,super,yacht,24.69,6.5,2.95,14.0,43,56,64,8,13
1360,sail,sailboat,14.82,4.7,2.66,4.5,43,57,59,2,14
1387,sail,sailboat,12.06,3.96,1.79,4.4,43,58,64,6,15
1501,sail,sailboat,11.58,3.65,2.07,4.1,43,61,68,7,18
1825,super,yacht,23.66,6.07,2.62,37.2,43,67,78,11,24
1887,motor,motorboat,16.21,4.67,1.68,7.2,43,68,70,2,25
1893,sail,sailboat,11.36,3.72,1.79,0.0,43,69,72,3,26
1981,sail,sailboat,14.06,4.32,2.12,3.4,43,71,80,9,28
2026,motor,motorboat,16.75,5.14,1.54,10.1,43,72,76,4,29
2710,sail,sailboat,9.5,2.88,1.63,3.1,43,85,91,6,42
2923,super,yacht,26.42,7.16,3.08,21.3,43,89,91,2,46
3153,motor,motorboat,17.78,5.47,1.76,8.6,43,93,100,7,50
3542,motor,motorboat,12.59,3.66,1.3,0.0,43,100,101,1,57
3684,sail,sailboat,10.79,3.58,1.93,4.4,43,102,103,1,59
3795,super,yacht,22.43,5.89,2.77,0.0,43,103,125,22,60
5281,motor,motorboat,14.93,4.18,1.56,3.2,43,126,127,1,83
6221,motor,motorboat,17.01,5.03,1.52,13.8,43,140,147,7,97
6611,sail,sailboat,14.37,4.86,2.59,4.8,43,146,147,1,103
935,motor,motorboat,15.55,4.78,1.56,13.2,44,44,46,2,0
937,motor,motorboat,15.16,4.37,1.4,6.4,44,44,49,5,0
971,super,yacht,20.78,5.36,2.25,36.7,44,45,51,6,1
973,motor,motorboat,13.68,4.27,1.18,5.0,44,45,46,1,1
989,motor,motorboat,13.8,3.93,1.39,5.6,44,45,47,2,1
1018,sail,sailboat,12.5,4.19,2.23,6.0,44,46,48,2,2
1033,sail,sailboat,13.81,4.56,2.21,0.0,44,46,57,11,2
1043,motor,motorboat,19.91,6.22,1.98,9.0,44,46,49,3,2
1054,small,motorboat,8.32,2.86,0.87,0.0,44,47,53,6,3
1092,small,motorboat,6.79,2.39,0.71,0.0,44,49,51,2,5
1107,super,yacht,21.65,6.12,2.63,37.3,44,49,54,5,5
1113,small,motorboat,6.56,2.16,0.66,3.3,44,49,52,3,5
1136,small,motorboat,7.33,2.62,0.66,0.0,44,50,57,7,6
1142,motor,motorboat,14.09,3.93,1.33,5.7,44,50,57,7,6
1263,motor,motorboat,11.11,3.32,1.07,3.5,44,54,60,6,10
1280,motor,motorboat,15.28,4.48,1.33,10.2,44,54,56,2,10
1286,motor,motorboat,14.85,4.17,1.57,0.0,44,54,61,7,10
1308,super,yacht,26.8,6.92,3.06,14.6,44,55,58,3,11
1331,sail,sailboat,12.62,4.26,1.99,5.6,44,56,61,5,12
1336,motor,motorboat,14.59,4.33,1.34,6.1,44,56,58,2,12
1343,motor,motorboat,11.97,3.49,1.1,0.0,44,57,60,3,13
1963,small,motorboat,8.93,2.96,0.88,0.0,44,70,74,4,26
2409,sail,sailboat,13.7,4.53,2.14,5.1,44,79,86,7,35
2701,sail,sailboat,10.74,3.57,1.8,6.9,44,85,92,7,41
3071,super,yacht,25.83,7.39,3.4,13.3,44,92,98,6,48
3176,sail,sailboat,9.5,3.2,1.59,3.3,44,94,101,7,50
3186,sail,sailboat,17.0,5.64,2.8,13.7,44,94,117,23,50
3239,small,motorboat,6.19,2.2,0.59,2.8,44,94,97,3,50
3596,sail,sailboat,15.06,4.97,2.24,7.9,44,100,105,5,56
3885,super,yacht,20.34,5.56,2.49,31.4,44,104,105,1,60
4695,super,yacht,23.13,6.62,2.84,28.7,44,117,120,3,73
958,motor,motorboat,15.67,4.85,1.4,7.1,45,45,54,9,0
961,sail,sailboat,11.14,3.43,1.81,3.8,45,45,46,1,0
963,small,motorboat,8.24,2.77,0.9,0.0,45,45,47,2,0
972,small,motorboat,8.24,2.69,0.83,2.7,45,45,48,3,0
979,motor,motorboat,15.56,4.33,1.5,0.0,45,45,47,2,0
995,sail,sailboat,14.78,4.76,2.24,4.8,45,45,46,1,0
996,small,motorboat,7.19,2.38,0.69,0.0,45,45,46,1,0
1004,small,motorboat,8.71,2.83,0.88,0.0,45,45,53,8,0
1010,motor,motorboat,12.88,4.03,1.25,5.6,45,46,57,11,1
1014,sail,sailboat,12.68,3.95,1.99,4.3,45,46,47,1,1
1016,motor,motorboat,16.93,4.98,1.49,10.6,45,46,57,11,1
1022,sail,sailboat,10.73,3.52,1.9,3.4,45,46,48,2,1
1027,motor,motorboat,20.28,6.25,2.03,25.9,45,46,53,7,1
1039,motor,motorboat,12.12,3.73,1.15,4.5,45,46,49,3,1
1048,sail,sailboat,11.38,3.76,1.99,4.7,45,47,52,5,2
1051,sail,sailboat,12.74,4.29,2.1,5.4,45,47,49,2,2
1065,motor,motorboat,22.0,6.73,2.27,16.2,45,47,49,2,2
1081,sail,sailboat,13.71,4.58,2.18,6.0,45,48,54,6,3
1091,sail,sailboat,16.62,5.34,2.73,0.0,45,49,51,2,4
1116,motor,motorboat,14.31,4.4,1.47,5.8,45,50,63,13,5
1123,motor,motorboat,16.22,5.05,1.66,8.9,45,50,52,2,5
1257,sail,sailboat,14.06,4.71,2.17,4.4,45,54,55,1,9
1269,motor,motorboat,10.0,2.99,1.04,4.3,45,54,61,7,9
1275,sail,sailboat,11.01,3.62,1.85,0.0,45,54,56,2,9
1293,motor,motorboat,13.68,4.11,1.43,0.0,45,55,57,2,10
1346,sail,sailboat,12.05,4.03,2.12,0.0,45,57,58,1,12
1377,motor,motorboat,14.43,4.31,1.48,5.4,45,58,85,27,13
1401,small,motorboat,8.8,2.85,0.93,2.4,45,58,61,3,13
1404,motor,motorboat,15.42,4.81,1.38,0.0,45,58,70,12,13
1720,sail,sailboat,13.78,4.24,2.5,0.0,45,66,69,3,21
1835,small,motorboat,8.94,3.12,0.84,2.1,45,67,70,3,22
2165,motor,motorboat,16.11,5.0,1.48,6.3,45,74,80,6,29
2481,motor,motorboat,16.48,4.94,1.68,8.5,45,80,85,5,35
2781,super,yacht,25.4,6.94,3.3,18.9,45,87,88,1,42
2830,sail,sailboat,12.09,3.83,1.99,5.0,45,87,94,7,42
3015,motor,motorboat,13.92,4.17,1.41,3.5,45,91,93,2,46
3255,small,motorboat,8.12,2.64,0.91,0.0,45,95,99,4,50
3277,super,yacht,27.86,7.91,3.12,20.1,45,95,99,4,50
3386,small,motorboat,6.31,2.16,0.58,2.9,45,97,103,6,52
3392,motor,motorboat,10.27,3.06,1.06,3.2,45,97,101,4,52
3485,motor,motorboat,17.62,5.48,1.69,13.9,45,99,113,14,54
3556,small,motorboat,7.66,2.66,0.81,3.4,45,100,104,4,55
3784,sail,sailboat,16.4,5.5,2.75,12.7,45,103,110,7,58
3823,sail,sailboat,16.05,5.03,2.56,10.5,45,103,105,2,58
3878,sail,sailboat,10.24,3.41,1.85,0.0,45,104,106,2,59
4121,sail,sailboat,11.74,3.67,1.99,6.0,45,108,110,2,63
1007,motor,motorboat,17.92,5.35,1.84,0.0,46,46,49,3,0
1037,small,motorboat,9.18,3.29,0.87,2.6,46,46,49,3,0
1055,sail,sailboat,10.59,3.42,1.93,0.0,46,47,55,8,1
1060,sail,sailboat,17.0,5.76,2.88,6.3,46,47,48,1,1
1066,motor,motorboat,10.45,3.2,0.89,4.2,46,48,49,1,2
1074,small,motorboat,6.84,2.31,0.7,2.6,46,48,52,4,2
1075,motor,motorboat,12.18,3.69,1.22,3.9,46,48,51,3,2
1078,sail,sailboat,15.14,5.06,2.57,0.0,46,48,54,6,2
1088,small,motorboat,9.39,3.08,1.0,0.0,46,48,52,4,2
1129,motor,motorboat,12.49,3.62,1.13,6.4,46,50,56,6,4
1155,super,yacht,20.92,5.51,2.69,31.7,46,51,54,3,5
1231,sail,sailboat,12.04,3.81,2.13,3.8,46,53,54,1,7
1237,small,motorboat,6.54,2.26,0.72,0.0,46,53,58,5,7
1254,small,motorboat,7.72,2.62,0.71,0.0,46,54,56,2,8
1296,motor,motorboat,13.16,3.87,1.24,5.4,46,55,61,6,9
1316,motor,motorboat,12.75,3.85,1.3,0.0,46,55,58,3,9
1349,sail,sailboat,14.33,4.39,2.25,0.0,46,57,84,27,11
1424,sail,sailboat,13.21,4.0,2.09,4.6,46,59,65,6,13
1468,sail,sailboat,11.46,3.58,1.72,6.6,46,60,61,1,14
1711,small,motorboat,7.36,2.39,0.7,2.5,46,66,69,3,20
1747,sail,sailboat,14.5,4.8,2.34,6.7,46,66,72,6,20
1759,small,motorboat,6.64,2.33,0.63,0.0,46,66,71,5,20
1807,sail,sailboat,13.36,4.16,2.22,0.0,46,67,68,1,21
1967,motor,motorboat,14.77,4.28,1.36,4.1,46,70,71,1,24
2090,sail,sailboat,11.76,3.78,2.05,0.0,46,73,76,3,27
2125,sail,sailboat,11.9,3.94,2.11,4.5,46,73,76,3,27
2323,small,motorboat,8.19,2.69,0.78,0.0,46,77,82,5,31
2448,super,yacht,28.62,7.28,3.38,27.9,46,80,81,1,34
2474,sail,sailboat,17.0,5.75,2.94,7.2,46,80,86,6,34
2526,motor,motorboat,14.98,4.53,1.4,4.1,46,81,82,1,35
2819,super,yacht,23.32,5.99,2.82,27.2,46,87,94,7,41
3043,small,motorboat,8.58,2.78,0.93,3.4,46,92,100,8,46
3624,motor,motorboat,18.0,5.07,1.75,6.8,46,101,104,3,55
4059,super,yacht,21.46,5.78,2.85,17.6,46,107,120,13,61
5373,super,yacht,24.55,6.71,3.03,33.5,46,128,150,22,82
5855,sail,sailboat,17.0,5.27,3.12,6.9,46,135,136,1,89
5938,sail,sailboat,9.64,3.21,1.61,3.4,46,136,141,5,90
1047,motor,motorboat,14.83,4.41,1.39,3.6,47,47,50,3,0
1067,motor,motorboat,13.35,4.13,1.17,5.1,47,48,51,3,1
1069,motor,motorboat,16.65,4.78,1.56,7.4,47,48,50,2,1
1080,sail,sailboat,14.19,4.54,2.19,0.0,47,48,49,1,1
1104,motor,motorboat,18.57,5.46,1.87,13.3,47,49,51,2,2
1147,sail,sailboat,12.99,3.96,2.4,3.7,47,50,57,7,3
1196,motor,motorboat,10.0,2.87,1.01,7.0,47,52,65,13,5
1226,motor,motorboat,10.0,2.94,0.87,3.7,47,53,56,3,6
1255,sail,sailboat,9.5,3.09,1.75,2.2,47,54,57,3,7
1285,small,motorboat,6.43,2.25,0.59,2.2,47,54,61,7,7
1295,sail,sailboat,13.46,4.28,2.04,3.2,47,55,56,1,8
1318,super,yacht,21.5,6.05,2.62,30.7,47,55,58,3,8
1412,sail,sailboat,11.77,3.57,1.9,5.1,47,59,61,2,12
1413,sail,sailboat,15.88,4.96,2.49,0.0,47,59,64,5,12
1432,super,yacht,27.46,7.31,3.24,21.5,47,59,63,4,12
1451,motor,motorboat,14.9,4.26,1.58,6.3,47,60,62,2,13
1483,motor,motorboat,17.71,5.01,1.78,6.3,47,61,63,2,14
1521,small,motorboat,6.76,2.29,0.72,2.6,47,61,70,9,14
1524,sail,sailboat,16.18,5.06,2.92,11.9,47,61,67,6,14
1577,sail,sailboat,15.48,5.13,2.83,14.0,47,63,78,15,16
1590,super,yacht,24.5,6.75,3.14,36.9,47,63,65,2,16
1995,motor,motorboat,15.95,4.46,1.58,11.9,47,71,73,2,24
2187,sail,sailboat,11.84,3.74,1.93,3.5,47,74,84,10,27
2249,super,yacht,27.77,7.82,3.54,24.1,47,75,85,10,28
2380,motor,motorboat,10.11,3.05,1.03,5.1,47,78,89,11,31
2424,motor,motorboat,19.25,5.52,1.92,10.8,47,79,83,4,32
2619,super,yacht,28.31,7.63,3.64,17.4,47,83,86,3,36
2805,small,motorboat,8.93,3.02,0.83,2.2,47,87,99,12,40
2829,sail,sailboat,16.59,5.05,2.88,11.8,47,87,88,1,40
2860,super,yacht,26.03,7.09,3.35,21.0,47,88,90,2,41
3009,motor,motorboat,15.21,4.45,1.37,8.7,47,91,110,19,44
3346,sail,sailboat,11.42,3.75,1.84,0.0,47,96,100,4,49
3496,super,yacht,20.25,5.15,2.31,27.8,47,99,100,1,52
4037,sail,sailboat,10.59,3.55,1.69,5.4,47,107,117,10,60
6587,super,yacht,24.12,6.45,2.65,29.3,47,146,150,4,99
7478,sail,sailboat,12.46,3.9,2.3,3.4,47,163,170,7,116
8159,sail,sailboat,12.25,3.85,1.98,4.7,47,178,182,4,131
1068,motor,motorboat,13.15,4.02,1.32,0.0,48,48,50,2,0
1089,motor,motorboat,17.52,5.1,1.58,7.9,48,48,49,1,0
1094,small,motorboat,7.97,2.64,0.79,0.0,48,49,58,9,1
1103,small,motorboat,7.44,2.55,0.83,0.0,48,49,59,10,1
1120,motor,motorboat,17.28,4.82,1.71,10.7,48,50,54,4,2
1121,sail,sailboat,15.22,4.6,2.65,12.3,48,50,52,2,2
1140,sail,sailboat,10.71,3.31,1.73,6.0,48,50,57,7,2
1146,motor,motorboat,15.27,4.26,1.5,0.0,48,50,56,6,2
1154,small,motorboat,8.06,2.66,0.87,3.1,48,51,52,1,3
1245,sail,sailboat,12.54,4.15,1.93,0.0,48,53,55,2,5
1350,small,motorboat,7.16,2.34,0.78,0.0,48,57,59,2,9
1366,sail,sailboat,12.66,4.1,2.31,0.0,48,58,59,1,10
1383,super,yacht,23.38,6.45,2.56,20.6,48,58,62,4,10
1440,sail,sailboat,10.93,3.4,2.01,4.4,48,59,64,5,11
1470,super,yacht,21.71,5.96,2.43,17.4,48,60,62,2,12
1471,sail,sailboat,13.35,4.19,2.09,4.0,48,60,61,1,12
1486,motor,motorboat,15.09,4.48,1.43,7.4,48,61,63,2,13
1507,sail,sailboat,15.6,5.25,2.47,10.0,48,61,62,1,13
1519,sail,sailboat,16.27,5.46,2.54,8.5,48,61,64,3,13
1541,sail,sailboat,13.66,4.49,2.38,5.1,48,62,63,1,14
2250,super,yacht,24.77,6.76,2.75,30.4,48,75,81,6,27
2784,motor,motorboat,15.89,4.5,1.45,10.2,48,87,99,12,39
2911,motor,motorboat,14.49,4.24,1.52,6.5,48,89,90,1,41
2998,super,yacht,23.54,6.38,3.01,31.9,48,91,94,3,43
3075,motor,motorboat,11.55,3.27,1.1,6.2,48,92,95,3,44
3599,super,yacht,22.57,6.12,2.47,23.0,48,100,102,2,52
3605,motor,motorboat,18.59,5.79,1.67,0.0,48,101,102,1,53
3666,super,yacht,26.53,6.75,3.3,33.2,48,101,103,2,53
3779,super,yacht,26.08,6.89,3.17,25.6,48,103,106,3,55
3793,small,motorboat,6.22,2.18,0.64,2.4,48,103,104,1,55
3919,sail,sailboat,12.61,4.17,2.19,0.0,48,105,108,3,57
4811,super,yacht,22.6,6.4,2.75,38.4,48,119,121,2,71
5902,sail,sailboat,9.61,3.0,1.72,3.0,48,136,137,1,88
6351,sail,sailboat,12.52,4.01,1.92,4.4,48,142,143,1,94
6904,small,motorboat,9.4,3.27,0.89,0.0,48,150,152,2,102
8023,motor,motorboat,19.02,5.56,1.67,13.1,48,176,186,10,128
1093,sail,sailboat,15.28,4.65,2.59,13.2,49,49,51,2,0
1108,sail,sailboat,11.1,3.64,1.66,6.8,49,49,58,9,0
1145,sail,sailboat,12.55,3.99,2.19,4.6,49,50,53,3,1
1166,sail,sailboat,9.91,3.25,1.63,3.2,49,51,53,2,2
1178,sail,sailboat,16.76,5.44,2.87,13.5,49,51,59,8,2
1183,small,motorboat,9.47,3.24,0.97,3.1,49,51,53,2,2
1208,motor,motorboat,18.5,5.66,1.67,9.7,49,52,53,1,3
1259,motor,motorboat,19.13,5.82,1.78,9.3,49,54,56,2,5
1265,small,motorboat,7.46,2.45,0.7,2.7,49,54,55,1,5
1323,sail,sailboat,10.2,3.35,1.78,6.2,49,56,61,5,7
1353,small,motorboat,8.61,3.09,0.81,0.0,49,57,63,6,8
1410,super,yacht,20.82,5.3,2.3,38.4,49,59,71,12,10
1431,sail,sailboat,12.48,3.87,2.18,3.7,49,59,62,3,10
1448,motor,motorboat,12.26,3.73,1.14,3.2,49,60,67,7,11
1452,sail,sailboat,14.75,4.81,2.37,6.4,49,60,63,3,11
1495,sail,sailboat,15.45,4.89,2.37,12.6,49,61,62,1,12
1496,sail,sailboat,13.75,4.59,2.23,3.1,49,61,63,2,12
1497,motor,motorboat,15.41,4.5,1.41,11.5,49,61,64,3,12
1582,motor,motorboat,18.04,5.54,1.81,10.2,49,63,64,1,14
1613,sail,sailboat,15.33,4.9,2.75,6.3,49,64,67,3,15
1951,small,motorboat,6.05,2.04,0.56,0.0,49,70,72,2,21
2055,sail,sailboat,15.51,4.74,2.8,9.8,49,72,77,5,23
2131,motor,motorboat,17.19,5.37,1.75,9.4,49,73,77,4,24
2268,motor,motorboat,15.1,4.72,1.54,13.1,49,76,78,2,27
2629,small,motorboat,8.04,2.89,0.89,0.0,49,83,101,18,34
2694,super,yacht,27.59,7.38,3.41,29.3,49,85,92,7,36
2858,motor,motorboat,16.44,4.58,1.66,6.4,49,88,94,6,39
2999,small,motorboat,7.01,2.25,0.74,2.5,49,91,96,5,42
3102,small,motorboat,9.1,3.12,0.84,0.0,49,93,96,3,44
3160,sail,sailboat,15.42,5.09,2.48,9.3,49,94,95,1,45
3216,motor,motorboat,16.22,4.84,1.43,13.4,49,94,96,2,45
3375,sail,sailboat,17.0,5.71,2.93,12.1,49,96,98,2,47
3437,motor,motorboat,19.97,5.61,1.72,6.9,49,98,124,26,49
3926,super,yacht,25.77,7.34,2.88,35.9,49,105,119,14,56
4100,sail,sailboat,17.0,5.18,3.04,11.7,49,108,119,11,59
6199,motor,motorboat,12.84,3.73,1.27,6.8,49,140,145,5,91
8661,motor,motorboat,19.71,5.57,1.75,12.8,49,199,201,2,150
1115,sail,sailboat,11.84,3.61,1.81,5.8,50,50,53,3,0
1118,sail,sailboat,13.7,4.49,2.08,3.5,50,50,52,2,0
1122,sail,sailboat,17.0,5.48,3.1,9.8,50,50,53,3,0
1130,motor,motorboat,14.65,4.57,1.39,0.0,50,50,53,3,0
1134,sail,sailboat,14.94,4.55,2.46,5.2,50,50,64,14,0
1148,motor,motorboat,13.74,4.11,1.25,4.4,50,50,51,1,0
1159,motor,motorboat,18.75,5.5,1.93,11.6,50,51,64,13,1
1169,motor,motorboat,19.18,5.46,1.69,9.6,50,51,53,2,1
1174,sail,sailboat,13.26,4.07,2.16,6.6,50,51,58,7,1
1190,motor,motorboat,18.06,5.55,1.68,0.0,50,52,55,3,2
1207,sail,sailboat,14.4,4.35,2.48,4.6,50,52,54,2,2
1278,sail,sailboat,16.76,5.09,2.82,13.9,50,54,79,25,4
1307,motor,motorboat,18.74,5.3,1.7,9.2,50,55,60,5,5
1389,super,yacht,23.47,6.54,2.97,16.0,50,58,63,5,8
1487,sail,sailboat,15.0,4.89,2.63,3.8,50,61,68,7,11
1508,super,yacht,26.11,7.28,2.84,37.8,50,61,64,3,11
1515,sail,sailboat,14.78,4.71,2.59,3.2,50,61,65,4,11
1533,motor,motorboat,10.0,2.93,1.0,0.0,50,62,64,2,12
1535,sail,sailboat,11.77,3.98,1.83,3.9,50,62,86,24,12
1551,sail,sailboat,14.04,4.45,2.39,0.0,50,62,64,2,12
1557,motor,motorboat,13.88,4.24,1.21,4.0,50,63,66,3,13
1559,sail,sailboat,14.41,4.55,2.32,3.8,50,63,68,5,13
1571,motor,motorboat,14.01,3.94,1.42,6.6,50,63,66,3,13
1572,sail,sailboat,11.13,3.39,1.72,0.0,50,63,64,1,13
1573,sail,sailboat,16.7,5.06,2.57,0.0,50,63,65,2,13
1618,super,yacht,25.74,7.06,3.3,12.6,50,64,65,1,14
1630,motor,motorboat,12.98,3.99,1.35,5.9,50,64,66,2,14
2239,super,yacht,22.75,5.81,2.76,36.0,50,75,81,6,25
2560,super,yacht,23.09,6.05,3.06,28.9,50,81,84,3,31
2626,motor,motorboat,10.0,2.99,1.05,6.6,50,83,85,2,33
2804,motor,motorboat,15.32,4.47,1.34,0.0,50,87,88,1,37
2908,motor,motorboat,17.58,4.97,1.57,13.6,50,89,91,2,39
2926,sail,sailboat,14.06,4.3,2.2,5.2,50,89,90,1,39
2989,small,motorboat,9.11,3.26,0.89,0.0,50,91,94,3,41
3021,sail,sailboat,9.5,2.99,1.5,2.7,50,91,97,6,41
3023,super,yacht,28.56,7.48,3.37,17.4,50,91,104,13,41
3029,sail,sailboat,12.94,3.91,2.06,5.3,50,91,103,12,41
3418,motor,motorboat,14.03,4.2,1.48,4.6,50,97,104,7,47
3421,super,yacht,22.39,6.21,2.42,33.2,50,97,109,12,47
3475,motor,motorboat,11.44,3.42,0.99,5.0,50,98,100,2,48
3714,motor,motorboat,10.68,3.06,0.99,7.0,50,102,105,3,52
3739,motor,motorboat,15.91,4.84,1.37,13.2,50,102,113,11,52
4244,sail,sailboat,14.41,4.87,2.66,0.0,50,109,114,5,59
4293,super,yacht,22.87,5.94,2.77,30.4,50,110,127,17,60
6605,super,yacht,22.44,5.9,2.85,22.8,50,146,150,4,96
1153,motor,motorboat,13.17,3.89,1.24,5.6,51,51,53,2,0
1156,motor,motorboat,11.02,3.32,1.11,6.5,51,51,61,10,0
1157,motor,motorboat,11.4,3.42,1.05,6.2,51,51,57,6,0
1161,motor,motorboat,13.74,3.85,1.42,0.0,51,51,55,4,0
1162,sail,sailboat,12.64,3.9,1.99,6.4,51,51,57,6,0
1172,motor,motorboat,10.0,3.13,0.94,5.9,51,51,56,5,0
1176,sail,sailboat,14.52,4.62,2.22,0.0,51,51,53,2,0
1199,motor,motorboat,15.18,4.68,1.55,9.1,51,52,57,5,1
1209,motor,motorboat,17.99,5.33,1.73,0.0,51,52,53,1,1
1234,motor,motorboat,18.19,5.61,1.81,6.6,51,53,56,3,2
1238,small,motorboat,6.22,2.13,0.64,3.0,51,53,56,3,2
1283,sail,sailboat,14.96,4.83,2.32,6.8,51,54,56,2,3
1288,small,motorboat,8.34,2.67,0.77,2.4,51,54,56,2,3
1396,motor,motorboat,15.96,4.77,1.42,9.7,51,58,66,8,7
1463,sail,sailboat,14.45,4.72,2.17,5.4,51,60,64,4,9
1476,super,yacht,22.57,6.4,2.86,39.4,51,61,72,11,10
1525,motor,motorboat,17.04,5.33,1.56,0.0,51,61,66,5,10
1537,motor,motorboat,21.65,6.01,2.02,38.8,51,62,91,29,11
1575,small,motorboat,6.72,2.32,0.72,3.2,51,63,66,3,12
1646,sail,sailboat,13.49,4.39,2.13,0.0,51,65,66,1,14
1652,sail,sailboat,14.23,4.41,2.36,4.0,51,65,66,1,14
1659,sail,sailboat,11.1,3.68,1.93,6.7,51,65,78,13,14
1667,motor,motorboat,13.91,4.33,1.27,6.7,51,65,72,7,14
1693,sail,sailboat,13.68,4.34,2.41,0.0,51,65,68,3,14
1714,sail,sailboat,12.2,4.08,2.05,6.8,51,66,68,2,15
1837,motor,motorboat,17.81,5.46,1.76,0.0,51,67,68,1,16
1854,sail,sailboat,10.74,3.51,1.92,4.5,51,68,72,4,17
2003,motor,motorboat,17.07,4.84,1.68,8.8,51,71,72,1,20
2175,small,motorboat,8.75,2.92,0.84,2.3,51,74,76,2,23
2232,sail,sailboat,10.44,3.22,1.66,4.0,51,75,79,4,24
2578,super,yacht,22.59,6.2,2.58,31.2,51,82,109,27,31
2617,motor,motorboat,10.0,3.12,1.0,0.0,51,83,84,1,32
2803,sail,sailboat,12.03,3.74,1.96,5.4,51,87,117,30,36
2874,super,yacht,23.28,6.47,3.09,15.1,51,88,92,4,37
2917,motor,motorboat,18.2,5.48,1.65,13.0,51,89,112,23,38
3052,sail,sailboat,16.77,5.66,3.05,9.6,51,92,97,5,41
3382,sail,sailboat,10.92,3.44,1.91,5.3,51,97,104,7,46
3474,sail,sailboat,13.71,4.22,2.24,3.5,51,98,100,2,47
3929,super,yacht,24.18,6.22,3.24,18.5,51,105,108,3,54
4057,sail,sailboat,11.16,3.62,1.7,6.7,51,107,108,1,56
4214,super,yacht,21.62,5.62,2.56,28.6,51,109,113,4,58
6465,sail,sailboat,12.59,4.26,2.0,0.0,51,144,158,14,93
6736,motor,motorboat,14.95,4.42,1.35,3.0,51,148,151,3,97
1185,small,motorboat,9.01,3.23,0.91,0.0,52,52,66,14,0
1191,motor,motorboat,20.7,5.91,2.07,24.6,52,52,55,3,0
1195,small,motorboat,6.47,2.24,0.69,3.3,52,52,63,11,0
1198,sail,sailboat,13.14,4.17,2.05,6.7,52,52,53,1,0
1216,sail,sailboat,15.36,4.95,2.52,9.7,52,53,54,1,1
1218,sail,sailboat,16.43,5.09,2.49,8.6,52,53,59,6,1
1219,motor,motorboat,10.0,2.88,1.05,0.0,52,53,56,3,1
1221,small,motorboat,9.12,3.05,0.95,2.7,52,53,58,5,1
1239,small,motorboat,6.95,2.37,0.73,0.0,52,53,57,4,1
1248,small,motorboat,8.52,2.99,0.89,0.0,52,54,57,3,2
1261,sail,sailboat,14.89,4.61,2.63,6.4,52,54,76,22,2
1274,motor,motorboat,16.14,4.81,1.5,8.8,52,54,60,6,2
1282,sail,sailboat,14.34,4.44,2.46,0.0,52,54,56,2,2
1322,small,motorboat,6.84,2.4,0.69,0.0,52,56,62,6,4
1347,sail,sailboat,11.77,3.74,1.82,5.6,52,57,64,7,5
1369,motor,motorboat,17.55,5.35,1.64,13.9,52,58,61,3,6
1382,small,motorboat,6.08,2.14,0.6,3.4,52,58,67,9,6
1503,sail,sailboat,15.09,4.85,2.37,11.8,52,61,63,2,9
1523,sail,sailboat,9.84,3.17,1.64,3.2,52,61,67,6,9
1581,motor,motorboat,15.74,4.66,1.37,10.0,52,63,67,4,11
1644,sail,sailboat,13.33,4.44,2.14,6.4,52,64,66,2,12
1651,sail,sailboat,13.02,4.07,2.12,6.4,52,65,68,3,13
1719,sail,sailboat,12.08,3.87,1.92,3.4,52,66,68,2,14
1732,sail,sailboat,14.11,4.26,2.56,3.2,52,66,72,6,14
1794,super,yacht,21.23,5.94,2.34,0.0,52,67,70,3,15
2114,super,yacht,20.33,5.7,2.7,24.3,52,73,76,3,21
2235,sail,sailboat,10.19,3.43,1.64,0.0,52,75,77,2,23
2573,small,motorboat,7.35,2.4,0.69,3.0,52,82,87,5,30
2658,sail,sailboat,13.46,4.24,2.19,5.4,52,84,85,1,32
2793,small,motorboat,7.6,2.56,0.75,2.4,52,87,89,2,35
3311,motor,motorboat,13.03,3.97,1.29,4.2,52,95,100,5,43
3416,sail,sailboat,12.22,4.08,1.84,6.9,52,97,98,1,45
3451,super,yacht,24.73,7.06,2.98,23.4,52,98,100,2,46
3673,motor,motorboat,16.2,5.0,1.56,9.0,52,101,102,1,49
3770,motor,motorboat,12.4,3.48,1.25,0.0,52,103,104,1,51
4333,sail,sailboat,15.29,4.65,2.28,0.0,52,111,116,5,59
5951,super,yacht,25.24,7.03,3.15,21.0,52,136,166,30,84
6328,sail,sailboat,13.37,4.48,2.11,6.4,52,142,172,30,90
6518,super,yacht,23.18,6.34,2.66,37.3,52,144,166,22,92
6894,super,yacht,26.27,7.2,3.32,29.5,52,150,151,1,98
1225,sail,sailboat,12.73,4.12,2.25,6.0,53,53,57,4,0
1227,small,motorboat,8.5,2.97,0.95,3.1,53,53,56,3,0
1233,sail,sailboat,12.83,3.99,2.35,6.0,53,53,57,4,0
1236,sail,sailboat,13.26,4.12,2.3,0.0,53,53,56,3,0
1244,sail,sailboat,9.5,3.02,1.54,3.2,53,53,61,8,0
1246,sail,sailboat,16.26,5.5,2.64,0.0,53,53,56,3,0
1249,motor,motorboat,15.56,4.46,1.49,11.1,53,54,60,6,1
1253,motor,motorboat,14.94,4.56,1.35,6.5,53,54,55,1,1
1277,sail,sailboat,12.13,3.92,2.15,6.8,53,54,57,3,1
1279,sail,sailboat,14.78,4.78,2.62,6.2,53,54,67,13,1
1287,sail,sailboat,13.89,4.64,2.17,5.7,53,54,57,3,1
1291,sail,sailboat,16.02,5.01,2.79,0.0,53,55,62,7,2
1298,sail,sailboat,17.0,5.2,3.0,12.9,53,55,62,7,2
1300,sail,sailboat,12.4,4.18,2.28,0.0,53,55,57,2,2
1302,sail,sailboat,12.43,4.08,2.14,0.0,53,55,56,1,2
1310,small,motorboat,6.68,2.28,0.61,0.0,53,55,56,1,2
1312,motor,motorboat,15.61,4.44,1.45,6.9,53,55,58,3,2
1313,motor,motorboat,12.45,3.81,1.15,6.1,53,55,58,3,2
1314,sail,sailboat,13.54,4.47,2.1,5.2,53,55,74,19,2
1317,sail,sailboat,16.95,5.37,2.99,7.9,53,55,58,3,2
1324,motor,motorboat,15.36,4.72,1.58,10.8,53,56,58,2,3
1341,super,yacht,25.82,6.95,3.09,23.1,53,57,67,10,4
1392,sail,sailboat,17.0,5.44,2.68,6.2,53,58,60,2,5
1399,sail,sailboat,10.35,3.48,1.69,3.5,53,58,62,4,5
1441,sail,sailboat,14.58,4.82,2.6,5.8,53,59,61,2,6
1442,motor,motorboat,10.0,3.03,1.0,3.7,53,60,67,7,7
1514,sail,sailboat,13.06,4.01,2.37,0.0,53,61,71,10,8
1536,small,motorboat,7.73,2.49,0.73,2.4,53,62,63,1,9
1583,sail,sailboat,13.8,4.2,2.35,6.0,53,63,64,1,10
1587,super,yacht,24.92,6.53,2.7,15.7,53,63,66,3,10
1624,motor,motorboat,15.55,4.73,1.39,8.6,53,64,66,2,11
1629,sail,sailboat,14.33,4.49,2.34,3.6,53,64,70,6,11
1634,super,yacht,24.84,6.84,3.06,37.2,53,64,70,6,11
1713,small,motorboat,8.56,2.84,0.82,0.0,53,66,73,7,13
1725,super,yacht,27.36,7.61,3.12,23.7,53,66,68,2,13
1763,sail,sailboat,11.77,3.99,1.96,0.0,53,66,67,1,13
1771,small,motorboat,9.32,3.11,0.88,0.0,53,66,68,2,13
1784,sail,sailboat,12.08,3.95,1.87,5.7,53,67,71,4,14
1804,motor,motorboat,16.27,4.65,1.6,10.8,53,67,73,6,14
1808,sail,sailboat,14.51,4.59,2.49,4.7,53,67,69,2,14
1824,motor,motorboat,11.8,3.36,1.03,5.7,53,67,72,5,14
1836,sail,sailboat,11.37,3.69,2.03,6.6,53,67,75,8,14
1911,sail,sailboat,10.27,3.29,1.65,4.1,53,69,72,3,16
2018,motor,motorboat,22.0,6.55,2.05,31.6,53,72,81,9,19
2185,motor,motorboat,14.63,4.25,1.49,6.1,53,74,79,5,21
2978,sail,sailboat,10.89,3.49,1.63,3.9,53,90,93,3,37
3252,motor,motorboat,15.62,4.63,1.66,13.5,53,95,101,6,42
3586,small,motorboat,8.25,2.82,0.9,2.6,53,100,106,6,47
3829,motor,motorboat,15.89,4.45,1.36,9.2,53,104,105,1,51
3871,small,motorboat,6.17,2.07,0.66,2.0,53,104,105,1,51
3887,motor,motorboat,14.61,4.13,1.26,0.0,53,104,105,1,51
3891,super,yacht,27.6,7.61,3.23,0.0,53,105,107,2,52
3930,sail,sailboat,16.97,5.22,3.04,8.1,53,105,106,1,52
4008,sail,sailboat,15.41,5.17,2.45,13.3,53,106,117,11,53
4322,sail,sailboat,13.18,3.98,2.36,4.6,53,111,113,2,58
5426,super,yacht,22.37,6.3,2.79,27.2,53,129,135,6,76
6412,super,yacht,22.32,6.0,2.89,38.0,53,143,146,3,90
6460,super,yacht,25.16,6.44,2.74,12.4,53,144,148,4,91
7257,super,yacht,26.39,6.82,3.04,27.3,53,157,162,5,104
8203,small,motorboat,9.26,3.25,1.01,3.2,53,179,180,1,126
8311,sail,sailboat,12.71,4.0,1.93,0.0,53,182,187,5,129
1250,motor,motorboat,20.11,5.71,2.05,15.7,54,54,56,2,0
1262,motor,motorboat,13.94,4.0,1.36,5.9,54,54,55,1,0
1266,sail,sailboat,9.5,3.07,1.71,2.9,54,54,59,5,0
1270,motor,motorboat,18.86,5.31,1.95,11.8,54,54,57,3,0
1297,small,motorboat,7.26,2.58,0.68,0.0,54,55,56,1,1
1306,sail,sailboat,15.21,4.88,2.45,0.0,54,55,58,3,1
1319,sail,sailboat,11.31,3.73,1.96,4.8,54,55,61,6,1
1329,motor,motorboat,10.5,3.18,0.97,3.9,54,56,62,6,2
1371,small,motorboat,8.85,2.84,0.93,0.0,54,58,80,22,4
1419,sail,sailboat,12.16,3.66,1.87,5.4,54,59,63,4,5
1433,motor,motorboat,11.96,3.72,1.11,5.3,54,59,71,12,5
1444,sail,sailboat,11.74,3.83,2.15,0.0,54,60,63,3,6
1454,super,yacht,20.84,5.33,2.74,17.8,54,60,62,2,6
1458,sail,sailboat,14.41,4.83,2.37,5.5,54,60,63,3,6
1460,motor,motorboat,16.95,4.75,1.69,11.3,54,60,61,1,6
1466,sail,sailboat,15.55,5.13,2.34,9.7,54,60,61,1,6
1544,sail,sailboat,9.5,3.05,1.75,2.2,54,62,69,7,8
1555,sail,sailboat,14.57,4.43,2.43,5.3,54,63,64,1,9
1576,small,motorboat,8.55,2.99,0.86,0.0,54,63,65,2,9
1589,sail,sailboat,15.46,5.03,2.32,0.0,54,63,66,3,9
1607,sail,sailboat,15.5,4.93,2.39,13.0,54,64,71,7,10
1706,sail,sailboat,11.98,3.88,2.17,3.8,54,66,68,2,12
1734,super,yacht,26.71,7.24,3.43,16.5,54,66,70,4,12
1738,motor,motorboat,14.82,4.28,1.53,4.7,54,66,73,7,12
1757,sail,sailboat,11.13,3.49,1.81,0.0,54,66,69,3,12
1758,sail,sailboat,9.5,2.92,1.65,2.5,54,66,67,1,12
1797,small,motorboat,6.07,2.17,0.57,0.0,54,67,69,2,13
1809,motor,motorboat,15.4,4.42,1.64,8.3,54,67,69,2,13
1860,motor,motorboat,16.79,4.77,1.7,9.3,54,68,73,5,14
1874,motor,motorboat,16.11,4.75,1.52,10.4,54,68,72,4,14
1888,super,yacht,21.51,5.94,2.6,36.2,54,68,79,11,14
1890,motor,motorboat,15.96,4.8,1.48,10.1,54,68,70,2,14
2097,sail,sailboat,12.75,4.03,2.1,3.3,54,73,74,1,19
2112,sail,sailboat,13.47,4.52,2.0,5.2,54,73,76,3,19
2174,sail,sailboat,16.87,5.29,2.76,7.1,54,74,79,5,20
2199,sail,sailboat,12.34,3.98,2.11,0.0,54,75,82,7,21
2608,motor,motorboat,14.03,4.34,1.24,4.1,54,82,84,2,28
2752,motor,motorboat,20.39,5.84,1.77,37.7,54,86,88,2,32
2792,super,yacht,23.88,6.25,2.61,13.9,54,87,94,7,33
2875,sail,sailboat,14.51,4.52,2.43,0.0,54,88,89,1,34
3315,motor,motorboat,10.0,2.84,0.98,6.4,54,95,100,5,41
3643,super,yacht,22.85,5.84,2.53,32.6,54,101,102,1,47
4356,small,motorboat,8.26,2.81,0.86,0.0,54,112,115,3,58
4361,sail,sailboat,11.45,3.84,2.06,3.7,54,112,115,3,58
4419,super,yacht,27.97,7.93,3.2,0.0,54,113,114,1,59
6908,motor,motorboat,17.19,4.77,1.7,0.0,54,150,162,12,96
8373,small,motorboat,8.41,2.89,0.88,2.6,54,185,192,7,131
1303,small,motorboat,6.62,2.24,0.64,2.6,55,55,56,1,0
1305,sail,sailboat,12.53,4.17,2.23,0.0,55,55,56,1,0
1309,motor,motorboat,19.93,5.99,1.99,13.3,55,55,57,2,0
1311,sail,sailboat,11.89,3.95,2.18,5.9,55,55,62,7,0
1328,sail,sailboat,9.5,3.16,1.5,2.5,55,56,61,5,1
1339,sail,sailboat,15.17,5.09,2.75,10.4,55,57,60,3,2
1354,motor,motorboat,14.16,4.25,1.28,6.4,55,57,60,3,2
1400,sail,sailboat,10.89,3.53,1.84,4.4,55,58,66,8,3
1423,motor,motorboat,14.79,4.53,1.44,5.0,55,59,60,1,4
1439,super,yacht,27.1,7.23,3.61,33.2,55,59,62,3,4
1446,small,motorboat,8.57,2.93,0.93,0.0,55,60,65,5,5
1472,motor,motorboat,17.8,4.97,1.6,7.9,55,60,67,7,5
1499,super,yacht,24.99,6.55,2.73,17.0,55,61,64,3,6
1548,motor,motorboat,18.22,5.54,1.86,8.9,55,62,63,1,7
1566,sail,sailboat,10.51,3.31,1.9,0.0,55,63,69,6,8
1675,sail,sailboat,13.44,4.22,2.13,3.8,55,65,67,2,10
1705,motor,motorboat,12.21,3.56,1.19,5.9,55,65,72,7,10
1716,motor,motorboat,15.95,4.47,1.61,0.0,55,66,73,7,11
1729,small,motorboat,8.84,3.06,0.94,2.8,55,66,69,3,11
1826,sail,sailboat,12.98,4.36,2.22,3.0,55,67,92,25,12
1856,small,motorboat,9.03,3.25,0.82,0.0,55,68,71,3,13
1858,small,motorboat,8.86,2.96,0.8,0.0,55,68,70,2,13
1873,sail,sailboat,11.74,3.91,1.98,0.0,55,68,70,2,13
1931,sail,sailboat,14.67,4.61,2.52,3.8,55,69,71,2,14
1932,motor,motorboat,14.63,4.56,1.3,6.6,55,69,74,5,14
2103,sail,sailboat,15.4,4.83,2.75,0.0,55,73,74,1,18
2116,sail,sailboat,14.59,4.64,2.24,5.2,55,73,86,13,18
2217,super,yacht,27.97,7.94,3.11,17.6,55,75,76,1,20
2394,super,yacht,26.53,6.74,3.16,26.1,55,79,85,6,24
2503,sail,sailboat,14.46,4.61,2.67,6.2,55,80,82,2,25
2693,sail,sailboat,9.53,3.06,1.56,3.3,55,85,113,28,30
3555,motor,motorboat,13.59,4.17,1.39,6.0,55,100,101,1,45
3597,sail,sailboat,11.93,3.81,1.95,4.7,55,100,104,4,45
4022,sail,sailboat,13.8,4.6,2.1,4.0,55,107,113,6,52
4168,sail,sailboat,14.69,4.82,2.69,5.0,55,108,129,21,53
4198,super,yacht,28.97,7.89,3.3,26.1,55,109,111,2,54
4272,sail,sailboat,12.17,3.75,2.0,0.0,55,110,114,4,55
4515,motor,motorboat,20.31,5.82,2.15,38.8,55,114,118,4,59
4726,motor,motorboat,11.88,3.59,1.21,0.0,55,117,120,3,62
6628,small,motorboat,6.29,2.08,0.6,2.4,55,146,153,7,91
1321,sail,sailboat,13.49,4.52,2.08,0.0,56,56,68,12,0
1362,sail,sailboat,10.18,3.42,1.84,0.0,56,57,63,6,1
1370,sail,sailboat,14.98,4.58,2.47,6.9,56,58,64,6,2
1373,small,motorboat,8.57,2.98,0.78,0.0,56,58,65,7,2
1376,sail,sailboat,16.83,5.28,2.62,12.0,56,58,61,3,2
1390,small,motorboat,7.33,2.6,0.71,0.0,56,58,64,6,2
1403,motor,motorboat,14.22,4.05,1.3,6.3,56,58,65,7,2
1529,small,motorboat,7.3,2.34,0.73,2.5,56,62,65,3,6
1564,sail,sailboat,15.68,4.73,2.35,11.5,56,63,70,7,7
1601,sail,sailboat,15.36,5.19,2.76,9.4,56,64,68,4,8
1603,small,motorboat,8.7,3.11,0.83,3.2,56,64,71,7,8
1643,sail,sailboat,12.28,4.05,2.17,6.7,56,64,68,4,8
1649,small,motorboat,6.4,2.08,0.63,0.0,56,65,71,6,9
1678,sail,sailboat,15.11,5.11,2.63,11.2,56,65,67,2,9
1736,motor,motorboat,16.12,4.57,1.57,13.4,56,66,72,6,10
1891,sail,sailboat,15.85,5.31,2.84,8.6,56,68,70,2,12
1910,motor,motorboat,14.89,4.56,1.4,4.6,56,69,72,3,13
1953,small,motorboat,6.43,2.09,0.58,2.2,56,70,77,7,14
1975,small,motorboat,6.24,2.22,0.57,2.0,56,70,96,26,14
1993,super,yacht,27.48,7.46,3.68,38.4,56,71,73,2,15
2200,super,yacht,21.95,5.92,2.86,23.4,56,75,77,2,19
2397,sail,sailboat,11.74,3.83,1.78,0.0,56,79,80,1,23
2823,sail,sailboat,14.58,4.72,2.49,0.0,56,87,89,2,31
3246,super,yacht,24.0,6.54,2.65,36.2,56,94,96,2,38
3328,motor,motorboat,15.25,4.37,1.53,13.3,56,95,98,3,39
3772,sail,sailboat,12.69,4.07,2.15,0.0,56,103,106,3,47
3822,small,motorboat,6.69,2.16,0.64,3.4,56,103,108,5,47
4119,super,yacht,21.39,5.7,2.8,21.0,56,108,112,4,52
4247,sail,sailboat,14.76,4.87,2.39,3.7,56,109,135,26,53
4557,sail,sailboat,13.03,4.27,2.35,0.0,56,115,122,7,59
6555,motor,motorboat,18.94,5.7,1.98,0.0,56,145,148,3,89
6644,sail,sailboat,15.81,4.83,2.59,8.1,56,147,148,1,91
8022,super,yacht,23.52,6.24,3.14,18.7,56,176,177,1,120
1338,sail,sailboat,14.84,4.96,2.33,3.8,57,57,59,2,0
1342,motor,motorboat,14.43,4.07,1.31,3.1,57,57,64,7,0
1344,sail,sailboat,14.5,4.86,2.24,5.5,57,57,59,2,0
1352,sail,sailboat,15.37,5.13,2.81,11.1,57,57,64,7,0
1357,sail,sailboat,13.75,4.2,2.21,6.1,57,57,65,8,0
1363,motor,motorboat,17.25,5.05,1.66,0.0,57,57,62,5,0
1381,sail,sailboat,13.84,4.4,2.24,3.2,57,58,65,7,1
1386,sail,sailboat,12.9,3.89,2.2,4.5,57,58,88,30,1
1397,sail,sailboat,15.2,4.89,2.55,12.3,57,58,66,8,1
1398,small,motorboat,6.13,2.21,0.63,2.4,57,58,63,5,1
1402,super,yacht,21.88,6.15,2.76,18.4,57,58,60,2,1
1405,super,yacht,22.08,6.19,2.64,15.2,57,59,65,6,2
1411,sail,sailboat,16.19,5.2,2.75,6.6,57,59,66,7,2
1425,sail,sailboat,17.0,5.23,3.01,9.0,57,59,62,3,2
1438,motor,motorboat,14.27,4.15,1.37,4.7,57,59,63,4,2
1506,motor,motorboat,13.31,4.09,1.25,6.1,57,61,67,6,4
1530,sail,sailboat,12.46,3.95,1.97,6.2,57,62,70,8,5
1598,sail,sailboat,11.23,3.79,2.05,6.3,57,64,77,13,7
1604,motor,motorboat,17.7,5.28,1.57,6.4,57,64,65,1,7
1621,sail,sailboat,17.0,5.53,2.79,7.2,57,64,67,3,7
1648,super,yacht,26.89,7.24,3.59,20.7,57,65,68,3,8
1653,sail,sailboat,13.06,4.22,2.08,6.5,57,65,68,3,8
1654,sail,sailboat,16.78,5.64,2.69,9.2,57,65,70,5,8
1695,sail,sailboat,10.51,3.29,1.77,5.3,57,65,69,4,8
1764,sail,sailboat,12.45,3.8,2.09,5.1,57,66,89,23,9
1765,motor,motorboat,15.48,4.76,1.38,12.4,57,66,67,1,9
1789,sail,sailboat,14.39,4.82,2.26,4.8,57,67,71,4,10
1800,sail,sailboat,16.86,5.18,3.09,0.0,57,67,79,12,10
1843,motor,motorboat,18.02,5.51,1.89,8.0,57,68,74,6,11
1867,sail,sailboat,9.5,2.92,1.6,2.5,57,68,78,10,11
1940,sail,sailboat,13.95,4.31,2.49,5.3,57,69,77,8,12
1941,motor,motorboat,18.17,5.63,1.8,8.7,57,69,71,2,12
1952,motor,motorboat,20.41,6.16,1.86,24.4,57,70,72,2,13
1985,sail,sailboat,12.07,3.89,1.84,0.0,57,71,78,7,14
2386,super,yacht,23.44,6.42,3.13,33.1,57,78,88,10,21
2414,sail,sailboat,13.76,4.43,2.5,0.0,57,79,82,3,22
2450,motor,motorboat,16.96,5.13,1.54,12.9,57,80,93,13,23
2605,motor,motorboat,14.63,4.52,1.56,5.1,57,82,84,2,25
2644,super,yacht,24.03,6.14,3.02,31.8,57,83,84,1,26
2838,small,motorboat,7.46,2.49,0.69,0.0,57,88,93,5,31
2906,sail,sailboat,16.65,5.14,3.05,0.0,57,89,101,12,32
3373,sail,sailboat,11.47,3.87,1.94,4.9,57,96,97,1,39
3428,super,yacht,24.15,6.21,2.75,23.2,57,98,117,19,41
4499,sail,sailboat,15.33,4.99,2.42,6.1,57,114,121,7,57
4622,sail,sailboat,9.9,3.1,1.61,3.1,57,116,120,4,59
5293,sail,sailboat,14.51,4.4,2.42,0.0,57,126,129,3,69
5316,motor,motorboat,14.79,4.49,1.51,3.4,57,127,130,3,70
7071,super,yacht,26.85,7.6,3.15,22.0,57,153,158,5,96
1372,sail,sailboat,14.25,4.59,2.51,3.3,58,58,59,1,0
1379,sail,sailboat,12.63,4.26,2.04,5.7,58,58,62,4,0
1385,motor,motorboat,14.72,4.49,1.5,5.9,58,58,66,8,0
1388,sail,sailboat,15.05,4.65,2.62,11.5,58,58,67,9,0
1391,sail,sailboat,14.2,4.76,2.11,4.1,58,58,60,2,0
1394,motor,motorboat,10.0,2.87,0.9,5.9,58,58,64,6,0
1414,small,motorboat,9.26,3.33,0.87,0.0,58,59,61,2,1
1416,small,motorboat,6.45,2.23,0.59,3.1,58,59,60,1,1
1429,motor,motorboat,16.89,5.15,1.74,0.0,58,59,62,3,1
1430,sail,sailboat,10.4,3.34,1.69,6.2,58,59,64,5,1
1434,sail,sailboat,14.88,4.87,2.62,5.1,58,59,62,3,1
1437,sail,sailboat,10.2,3.31,1.76,6.4,58,59,63,4,1
1445,small,motorboat,6.62,2.34,0.67,0.0,58,60,64,4,2
1461,motor,motorboat,17.11,5.24,1.68,10.0,58,60,62,2,2
1464,motor,motorboat,16.12,4.95,1.56,0.0,58,60,63,3,2
1467,motor,motorboat,16.2,5.0,1.55,6.4,58,60,62,2,2
1512,small,motorboat,6.86,2.23,0.64,0.0,58,61,63,2,3
1585,motor,motorboat,14.36,4.18,1.51,6.8,58,63,64,1,5
1666,motor,motorboat,19.17,5.72,1.9,0.0,58,65,69,4,7
1710,motor,motorboat,20.22,6.22,1.92,16.7,58,66,72,6,8
1728,motor,motorboat,10.0,3.1,0.94,5.8,58,66,70,4,8
1735,small,motorboat,7.75,2.72,0.74,3.2,58,66,74,8,8
1762,small,motorboat,6.06,2.06,0.6,2.2,58,66,70,4,8
1803,super,yacht,24.36,6.51,3.12,18.9,58,67,73,6,9
1813,sail,sailboat,12.94,4.16,2.37,0.0,58,67,69,2,9
1878,sail,sailboat,10.96,3.36,1.93,5.0,58,68,71,3,10
1885,sail,sailboat,13.28,4.4,2.11,0.0,58,68,69,1,10
1923,sail,sailboat,11.91,3.6,1.93,4.1,58,69,82,13,11
1935,sail,sailboat,12.27,4.09,2.06,4.4,58,69,73,4,11
1964,motor,motorboat,10.0,2.99,0.9,6.9,58,70,71,1,12
1977,sail,sailboat,12.76,4.21,2.3,5.2,58,70,76,6,12
2006,small,motorboat,9.28,3.3,0.99,0.0,58,71,101,30,13
2021,motor,motorboat,14.77,4.46,1.4,6.0,58,72,75,3,14
2034,motor,motorboat,12.05,3.64,1.27,4.3,58,72,78,6,14
2037,motor,motorboat,12.04,3.73,1.06,4.0,58,72,80,8,14
2038,small,motorboat,8.58,2.94,0.93,0.0,58,72,78,6,14
2082,super,yacht,25.92,7.39,3.3,36.2,58,73,76,3,15
2400,small,motorboat,7.33,2.5,0.79,3.0,58,79,94,15,21
3367,motor,motorboat,14.81,4.28,1.49,5.8,58,96,98,2,38
3776,small,motorboat,6.11,2.1,0.59,2.6,58,103,108,5,45
4267,sail,sailboat,14.66,4.76,2.29,0.0,58,110,113,3,52
4401,motor,motorboat,16.4,4.67,1.53,0.0,58,112,115,3,54
4607,small,motorboat,7.73,2.56,0.85,3.4,58,116,134,18,58
6573,sail,sailboat,13.32,4.04,2.14,0.0,58,145,166,21,87
8853,super,yacht,27.92,7.63,3.25,39.8,58,208,213,5,150
1406,sail,sailboat,13.26,4.46,2.35,6.6,59,59,65,6,0
1418,sail,sailboat,11.46,3.68,2.11,6.8,59,59,66,7,0
1422,sail,sailboat,11.64,3.78,1.77,6.4,59,59,64,5,0
1426,motor,motorboat,12.95,3.96,1.37,4.6,59,59,66,7,0
1427,sail,sailboat,15.63,5.13,2.62,0.0,59,59,61,2,0
1456,motor,motorboat,16.53,5.08,1.47,11.1,59,60,62,2,1
1462,sail,sailboat,15.03,5.07,2.41,8.3,59,60,63,3,1
1469,motor,motorboat,18.36,5.17,1.91,13.1,59,60,61,1,1
1473,small,motorboat,6.97,2.38,0.76,2.7,59,60,63,3,1
1488,motor,motorboat,16.63,4.89,1.48,11.7,59,61,67,6,2
1492,sail,sailboat,11.96,3.79,2.11,5.2,59,61,64,3,2
1493,motor,motorboat,14.83,4.53,1.39,6.4,59,61,69,8,2
1494,small,motorboat,8.58,2.95,0.87,0.0,59,61,64,3,2
1498,motor,motorboat,15.89,4.48,1.61,0.0,59,61,66,5,2
1516,motor,motorboat,17.49,4.89,1.8,0.0,59,61,64,3,2
1554,small,motorboat,6.35,2.2,0.69,3.3,59,63,80,17,4
1610,sail,sailboat,10.55,3.56,1.76,3.4,59,64,94,30,5
1692,small,motorboat,7.06,2.27,0.79,3.0,59,65,66,1,6
1700,super,yacht,20.19,5.39,2.43,33.5,59,65,67,2,6
1751,small,motorboat,6.28,2.06,0.66,0.0,59,66,67,1,7
1754,sail,sailboat,11.78,3.9,2.07,0.0,59,66,69,3,7
1781,motor,motorboat,12.55,3.76,1.2,3.1,59,67,72,5,8
1790,sail,sailboat,14.03,4.74,2.11,6.2,59,67,71,4,8
1791,sail,sailboat,13.26,4.27,2.44,3.6,59,67,70,3,8
1819,small,motorboat,7.86,2.58,0.74,0.0,59,67,81,14,8
1822,sail,sailboat,15.27,4.93,2.56,7.5,59,67,78,11,8
1855,sail,sailboat,17.0,5.2,3.01,12.2,59,68,70,2,9
1896,sail,sailboat,14.86,4.65,2.62,0.0,59,69,73,4,10
1920,super,yacht,25.49,6.86,2.94,14.4,59,69,70,1,10
1960,small,motorboat,8.5,2.97,0.95,2.0,59,70,73,3,11
1962,motor,motorboat,10.01,2.8,1.01,4.4,59,70,72,2,11
1986,sail,sailboat,13.96,4.42,2.16,3.4,59,71,85,14,12
2010,motor,motorboat,18.75,5.3,1.99,7.2,59,71,75,4,12
2032,sail,sailboat,13.16,4.18,2.37,0.0,59,72,75,3,13
2048,sail,sailboat,13.58,4.23,2.16,3.0,59,72,76,4,13
2211,sail,sailboat,14.08,4.54,2.59,5.5,59,75,78,3,16
2221,super,yacht,21.97,5.8,2.82,26.7,59,75,77,2,16
2441,super,yacht,27.33,7.58,3.64,15.0,59,80,83,3,21
2492,sail,sailboat,12.8,4.18,2.2,3.6,59,80,85,5,21
3515,sail,sailboat,12.68,4.04,2.14,0.0,59,99,125,26,40
3517,super,yacht,26.06,7.2,3.49,12.1,59,99,110,11,40
3675,sail,sailboat,11.32,3.52,2.06,0.0,59,102,103,1,43
4069,sail,sailboat,14.22,4.32,2.3,6.2,59,107,108,1,48
4071,sail,sailboat,11.63,3.9,1.88,6.9,59,107,136,29,48
4073,super,yacht,25.26,7.07,3.2,21.7,59,107,109,2,48
4228,sail,sailboat,14.15,4.68,2.58,5.3,59,109,112,3,50
4450,super,yacht,25.58,6.77,2.88,18.8,59,113,119,6,54
5512,sail,sailboat,9.5,3.1,1.42,0.0,59,130,136,6,71
5664,sail,sailboat,12.97,4.19,2.05,5.5,59,132,135,3,73
5756,motor,motorboat,15.71,4.5,1.45,9.4,59,134,136,2,75
6459,super,yacht,26.99,7.38,3.08,30.6,59,144,145,1,85
6729,small,motorboat,6.98,2.48,0.74,2.4,59,148,153,5,89
1443,motor,motorboat,14.02,3.95,1.43,0.0,60,60,67,7,0
1447,small,motorboat,6.49,2.26,0.68,0.0,60,60,62,2,0
1453,motor,motorboat,18.13,5.24,1.92,11.6,60,60,61,1,0
1474,motor,motorboat,15.38,4.52,1.58,13.2,60,60,63,3,0
1478,small,motorboat,8.62,3.07,0.82,0.0,60,61,64,3,1
1480,sail,sailboat,9.73,3.19,1.74,3.3,60,61,63,2,1
1481,sail,sailboat,12.14,3.95,2.09,3.2,60,61,62,1,1
1484,small,motorboat,7.23,2.56,0.73,0.0,60,61,66,5,1
1485,sail,sailboat,13.64,4.46,2.18,3.7,60,61,70,9,1
1504,sail,sailboat,11.37,3.49,1.93,3.8,60,61,64,3,1
1539,small,motorboat,8.84,2.98,0.94,3.0,60,62,64,2,2
1546,small,motorboat,9.48,3.32,1.0,2.6,60,62,68,6,2
1550,motor,motorboat,18.14,5.5,1.61,8.9,60,62,63,1,2
1552,motor,motorboat,13.36,3.81,1.35,3.5,60,62,64,2,2
1574,sail,sailboat,10.03,3.25,1.76,5.0,60,63,68,5,3
1592,super,yacht,27.71,7.68,3.11,39.7,60,63,65,2,3
1600,motor,motorboat,18.48,5.76,1.92,12.4,60,64,78,14,4
1615,small,motorboat,6.84,2.27,0.65,0.0,60,64,65,1,4
1616,sail,sailboat,12.85,4.29,2.28,0.0,60,64,67,3,4
1627,motor,motorboat,10.18,2.97,0.9,6.6,60,64,71,7,4
1641,sail,sailboat,11.89,3.94,1.87,3.7,60,64,67,3,4
1672,sail,sailboat,15.28,5.13,2.67,10.7,60,65,87,22,5
1691,super,yacht,25.81,7.11,2.85,22.8,60,65,68,3,5
1739,sail,sailboat,15.74,4.77,2.78,6.6,60,66,71,5,6
1741,motor,motorboat,17.15,4.99,1.79,12.9,60,66,68,2,6
1743,motor,motorboat,15.75,4.67,1.42,6.8,60,66,68,2,6
1745,motor,motorboat,18.17,5.42,1.92,12.6,60,66,69,3,6
1750,sail,sailboat,10.75,3.5,1.98,4.4,60,66,71,5,6
1806,motor,motorboat,12.01,3.75,1.07,3.3,60,67,73,6,7
1815,sail,sailboat,13.2,4.35,2.19,4.6,60,67,95,28,7
1829,motor,motorboat,17.59,5.46,1.86,8.2,60,67,72,5,7
1839,sail,sailboat,9.63,3.09,1.48,0.0,60,67,68,1,7
1922,motor,motorboat,14.73,4.44,1.35,4.7,60,69,70,1,9
1971,sail,sailboat,11.23,3.74,2.06,3.0,60,70,95,25,10
1984,sail,sailboat,13.36,4.2,2.17,5.3,60,71,73,2,11
1994,sail,sailboat,14.1,4.56,2.3,6.7,60,71,73,2,11
2024,sail,sailboat,14.21,4.75,2.37,0.0,60,72,73,1,12
2057,sail,sailboat,13.27,3.99,2.21,6.1,60,72,86,14,12
2173,super,yacht,27.17,7.38,3.46,13.8,60,74,76,2,14
2357,motor,motorboat,10.92,3.15,1.01,5.2,60,78,103,25,18
2767,small,motorboat,9.4,3.07,1.02,2.8,60,86,88,2,26
2901,motor,motorboat,15.5,4.61,1.39,7.4,60,88,94,6,28
3129,sail,sailboat,14.53,4.92,2.3,0.0,60,93,94,1,33
3531,sail,sailboat,15.74,5.27,2.73,8.8,60,99,102,3,39
3616,sail,sailboat,15.39,5.18,2.31,7.1,60,101,102,1,41
4109,sail,sailboat,13.58,4.36,2.03,6.8,60,108,115,7,48
4205,sail,sailboat,11.87,3.58,2.19,4.4,60,109,112,3,49
4397,sail,sailboat,11.95,3.64,1.95,4.0,60,112,115,3,52
4618,small,motorboat,7.74,2.48,0.81,0.0,60,116,137,21,56
4824,super,yacht,27.88,7.65,3.21,13.6,60,119,126,7,59
5781,super,yacht,22.78,6.02,3.02,0.0,60,134,136,2,74
1477,small,motorboat,7.86,2.68,0.78,0.0,61,61,62,1,0
1513,sail,sailboat,14.22,4.71,2.26,4.5,61,61,62,1,0
1518,sail,sailboat,11.05,3.32,1.78,5.7,61,61,75,14,0
1527,motor,motorboat,22.0,6.14,2.15,36.7,61,62,63,1,1
1528,motor,motorboat,15.41,4.42,1.38,7.7,61,62,89,27,1
1534,small,motorboat,8.32,2.82,0.86,2.4,61,62,68,6,1
1540,sail,sailboat,11.8,3.65,1.97,4.7,61,62,76,14,1
1570,sail,sailboat,13.42,4.49,2.42,0.0,61,63,64,1,2
1591,motor,motorboat,10.69,3.3,0.93,6.2,61,63,64,1,2
1657,sail,sailboat,13.82,4.63,2.2,0.0,61,65,67,2,4
1703,small,motorboat,9.22,3.07,0.86,2.4,61,65,66,1,4
1704,small,motorboat,8.96,3.11,0.93,0.0,61,65,82,17,4
1742,small,motorboat,6.06,2.13,0.57,2.7,61,66,67,1,5
1755,motor,motorboat,14.26,4.34,1.29,4.8,61,66,68,2,5
1769,sail,sailboat,16.23,5.06,2.64,0.0,61,66,69,3,5
1778,sail,sailboat,15.51,5.04,2.45,12.5,61,67,72,5,6
1783,motor,motorboat,14.46,4.43,1.34,0.0,61,67,73,6,6
1788,sail,sailboat,12.06,3.78,1.8,6.2,61,67,74,7,6
1792,sail,sailboat,15.01,5.03,2.42,0.0,61,67,74,7,6
1850,small,motorboat,8.45,3.04,0.9,0.0,61,68,70,2,7
1886,motor,motorboat,18.77,5.85,1.98,0.0,61,68,71,3,7
1927,motor,motorboat,11.21,3.48,1.16,6.3,61,69,71,2,8
1945,sail,sailboat,14.45,4.84,2.4,3.0,61,69,79,10,8
1959,motor,motorboat,14.47,4.5,1.42,6.4,61,70,84,14,9
2063,sail,sailboat,10.09,3.17,1.75,5.2,61,72,75,3,11
2068,motor,motorboat,18.56,5.41,1.61,6.9,61,72,73,1,11
2069,motor,motorboat,15.33,4.27,1.62,8.8,61,72,74,2,11
2072,sail,sailboat,14.58,4.52,2.46,0.0,61,72,76,4,11
2102,sail,sailboat,11.78,3.67,1.78,5.8,61,73,77,4,12
2117,sail,sailboat,14.76,4.63,2.63,5.5,61,73,76,3,12
2132,sail,sailboat,14.25,4.8,2.31,5.8,61,73,87,14,12
2133,sail,sailboat,11.87,3.74,2.13,5.5,61,73,75,2,12
2152,motor,motorboat,16.64,4.99,1.64,11.0,61,74,77,3,13
2188,super,yacht,25.18,7.09,3.24,28.7,61,74,75,1,13
2190,small,motorboat,7.56,2.69,0.83,2.4,61,74,77,3,13
2193,motor,motorboat,14.38,4.31,1.29,5.4,61,74,81,7,13
2208,motor,motorboat,14.2,4.0,1.38,4.2,61,75,99,24,14
2212,small,motorboat,7.07,2.5,0.66,0.0,61,75,77,2,14
2218,small,motorboat,8.2,2.85,0.78,0.0,61,75,76,1,14
2230,motor,motorboat,16.83,5.07,1.73,9.0,61,75,77,2,14
2267,small,motorboat,9.42,3.04,0.88,3.4,61,76,85,9,15
2564,sail,sailboat,15.34,4.95,2.72,9.0,61,81,84,3,20
2668,motor,motorboat,14.7,4.19,1.27,6.5,61,84,90,6,23
2700,super,yacht,27.2,7.35,3.29,30.6,61,85,90,5,24
2748,motor,motorboat,20.3,5.93,2.16,24.4,61,86,87,1,25
2820,motor,motorboat,12.08,3.59,1.18,5.7,61,87,96,9,26
2835,sail,sailboat,9.54,3.05,1.51,3.2,61,87,94,7,26
2848,sail,sailboat,12.32,3.74,1.93,5.9,61,88,90,2,27
3138,sail,sailboat,15.22,4.67,2.48,0.0,61,93,94,1,32
3626,sail,sailboat,10.28,3.33,1.73,0.0,61,101,123,22,40
3719,sail,sailboat,9.5,3.02,1.74,2.9,61,102,103,1,41
3843,motor,motorboat,14.15,4.09,1.33,5.1,61,104,105,1,43
4183,motor,motorboat,17.52,4.9,1.71,7.0,61,109,110,1,48
4498,sail,sailboat,11.58,3.71,2.07,6.1,61,114,116,2,53
4647,sail,sailboat,12.6,4.14,2.24,0.0,61,116,118,2,55
4872,sail,sailboat,15.59,4.73,2.51,9.2,61,120,137,17,59
6950,sail,sailboat,11.15,3.77,1.71,6.0,61,151,154,3,90
1531,motor,motorboat,14.4,4.13,1.48,4.7,62,62,67,5,0
1545,sail,sailboat,12.74,3.89,2.05,4.7,62,62,64,2,0
1549,motor,motorboat,16.54,4.91,1.52,12.1,62,62,71,9,0
1561,motor,motorboat,13.67,4.27,1.41,0.0,62,63,64,1,1
1562,sail,sailboat,15.02,4.82,2.23,10.6,62,63,73,10,1
1563,motor,motorboat,17.42,5.1,1.49,11.1,62,63,66,3,1
1568,sail,sailboat,13.96,4.34,2.22,6.3,62,63,66,3,1
1611,sail,sailboat,15.13,4.78,2.49,0.0,62,64,70,6,2
1619,sail,sailboat,17.0,5.61,2.64,10.6,62,64,65,1,2
1622,motor,motorboat,16.47,4.79,1.57,6.2,62,64,66,2,2
1625,sail,sailboat,12.58,3.96,1.88,3.8,62,64,65,1,2
1632,motor,motorboat,15.37,4.34,1.48,12.2,62,64,69,5,2
1636,motor,motorboat,12.98,3.93,1.29,5.1,62,64,71,7,2
1645,motor,motorboat,13.03,3.85,1.31,6.9,62,64,78,14,2
1671,sail,sailboat,13.57,4.35,2.17,4.9,62,65,72,7,3
1688,small,motorboat,7.05,2.29,0.69,0.0,62,65,68,3,3
1709,sail,sailboat,12.4,4.0,2.23,4.0,62,66,69,3,4
1721,motor,motorboat,14.42,4.04,1.42,5.0,62,66,68,2,4
1722,motor,motorboat,13.01,3.98,1.23,0.0,62,66,78,12,4
1753,motor,motorboat,12.12,3.79,1.18,4.5,62,66,67,1,4
1780,motor,motorboat,19.8,5.98,1.7,0.0,62,67,74,7,5
1782,sail,sailboat,14.0,4.56,2.12,4.0,62,67,68,1,5
1810,sail,sailboat,16.59,5.29,2.55,9.6,62,67,74,7,5
1845,sail,sailboat,16.02,4.97,2.55,6.7,62,68,76,8,6
1868,sail,sailboat,11.75,3.98,1.98,4.4,62,68,71,3,6
1895,sail,sailboat,16.43,5.33,2.54,10.5,62,69,72,3,7
1901,sail,sailboat,12.04,3.72,1.84,3.1,62,69,76,7,7
2008,sail,sailboat,10.51,3.31,1.89,5.2,62,71,75,4,9
2025,motor,motorboat,18.41,5.69,1.96,12.6,62,72,74,2,10
2031,small,motorboat,8.55,2.88,0.9,2.1,62,72,79,7,10
2045,sail,sailboat,13.96,4.25,2.26,0.0,62,72,75,3,10
2078,motor,motorboat,11.76,3.35,1.23,5.2,62,73,74,1,11
2081,sail,sailboat,16.72,5.32,2.66,11.4,62,73,80,7,11
2086,motor,motorboat,15.43,4.61,1.4,9.0,62,73,84,11,11
2089,sail,sailboat,10.4,3.52,1.74,6.0,62,73,75,2,11
2104,sail,sailboat,12.78,4.1,2.24,4.1,62,73,75,2,11
2105,motor,motorboat,14.6,4.49,1.27,6.0,62,73,81,8,11
2108,super,yacht,21.2,5.76,2.66,27.7,62,73,76,3,11
2210,motor,motorboat,20.64,6.24,1.89,36.5,62,75,82,7,13
2226,sail,sailboat,11.92,4.02,1.99,4.8,62,75,80,5,13
2264,motor,motorboat,10.0,3.02,0.86,3.5,62,76,78,2,14
2286,sail,sailboat,16.58,5.51,2.63,13.3,62,76,77,1,14
2326,motor,motorboat,15.64,4.89,1.47,12.7,62,77,92,15,15
2348,motor,motorboat,10.0,2.82,1.0,5.0,62,77,83,6,15
2513,super,yacht,24.45,6.71,3.08,12.8,62,81,85,4,19
2524,super,yacht,23.17,6.21,2.7,38.7,62,81,82,1,19
2550,small,motorboat,7.22,2.39,0.68,0.0,62,81,83,2,19
3010,sail,sailboat,9.5,2.99,1.42,3.4,62,91,104,13,29
3192,motor,motorboat,14.25,4.06,1.51,4.5,62,94,96,2,32
3324,sail,sailboat,15.21,4.71,2.42,0.0,62,95,97,2,33
3804,small,motorboat,7.15,2.52,0.72,3.4,62,103,106,3,41
4031,super,yacht,28.65,7.92,3.22,24.0,62,107,110,3,45
4250,motor,motorboat,16.38,4.82,1.5,9.1,62,110,124,14,48
4279,sail,sailboat,16.81,5.52,2.81,8.5,62,110,114,4,48
4468,sail,sailboat,17.0,5.66,2.68,8.2,62,114,123,9,52
5005,sail,sailboat,10.51,3.17,1.69,3.7,62,122,123,1,60
5026,sail,sailboat,12.28,3.79,2.06,4.5,62,122,129,7,60
5100,sail,sailboat,11.29,3.47,1.95,3.3,62,123,124,1,61
8464,motor,motorboat,13.87,3.92,1.3,3.7,62,190,213,23,128
8473,small,motorboat,8.1,2.66,0.89,0.0,62,190,195,5,128
1553,sail,sailboat,10.66,3.32,1.81,6.4,63,63,73,10,0
1560,motor,motorboat,14.5,4.13,1.49,5.1,63,63,65,2,0
1569,motor,motorboat,15.06,4.29,1.49,11.5,63,63,67,4,0
1588,small,motorboat,8.0,2.77,0.89,2.4,63,63,70,7,0
1594,motor,motorboat,12.09,3.36,1.11,4.7,63,63,77,14,0
1599,sail,sailboat,12.74,3.97,2.02,6.8,63,64,65,1,1
1609,sail,sailboat,12.18,3.9,2.1,6.0,63,64,68,4,1
1614,motor,motorboat,16.8,4.74,1.58,0.0,63,64,69,5,1
1642,sail,sailboat,11.99,3.84,2.08,5.2,63,64,68,4,1
1662,small,motorboat,6.94,2.39,0.74,2.1,63,65,67,2,2
1682,small,motorboat,6.25,2.05,0.63,3.2,63,65,78,13,2
1684,sail,sailboat,11.28,3.62,1.74,6.5,63,65,67,2,2
1699,sail,sailboat,14.04,4.62,2.43,4.1,63,65,71,6,2
1701,sail,sailboat,11.87,3.93,2.16,6.7,63,65,67,2,2
1744,sail,sailboat,15.89,5.0,2.37,13.5,63,66,76,10,3
1767,sail,sailboat,15.39,4.87,2.8,8.6,63,66,70,4,3
1774,sail,sailboat,11.49,3.47,1.84,3.1,63,66,71,5,3
1842,motor,motorboat,17.07,4.82,1.74,10.2,63,68,71,3,5
1892,motor,motorboat,10.17,3.0,0.92,0.0,63,69,72,3,6
1943,sail,sailboat,13.99,4.73,2.48,6.4,63,69,80,11,6
1946,sail,sailboat,15.16,5.13,2.7,8.9,63,69,72,3,6
1966,motor,motorboat,13.96,4.01,1.41,4.3,63,70,74,4,7
1996,motor,motorboat,14.85,4.12,1.57,7.0,63,71,72,1,8
2005,sail,sailboat,10.67,3.5,1.67,4.6,63,71,91,20,8
2009,motor,motorboat,10.61,3.05,1.08,3.9,63,71,72,1,8
2028,sail,sailboat,15.18,4.71,2.44,13.6,63,72,74,2,9
2054,motor,motorboat,16.73,4.74,1.73,8.2,63,72,79,7,9
2060,sail,sailboat,12.6,4.16,1.96,0.0,63,72,75,3,9
2066,small,motorboat,6.77,2.24,0.68,0.0,63,72,76,4,9
2067,sail,sailboat,13.62,4.57,2.48,0.0,63,72,86,14,9
2080,motor,motorboat,14.32,4.3,1.28,0.0,63,73,80,7,10
2123,sail,sailboat,12.04,4.05,1.89,4.0,63,73,76,3,10
2176,super,yacht,22.97,6.4,2.93,17.7,63,74,77,3,11
2207,motor,motorboat,15.2,4.69,1.33,13.1,63,75,82,7,12
2225,small,motorboat,9.49,3.33,1.03,0.0,63,75,77,2,12
2282,motor,motorboat,18.07,5.53,1.87,6.4,63,76,77,1,13
2310,motor,motorboat,16.97,5.17,1.69,13.5,63,77,80,3,14
2324,super,yacht,26.27,6.94,3.12,25.3,63,77,90,13,14
2335,motor,motorboat,17.74,5.42,1.74,9.5,63,77,83,6,14
2401,sail,sailboat,11.74,3.68,1.77,6.7,63,79,82,3,16
2494,sail,sailboat,13.77,4.22,2.36,4.5,63,80,82,2,17
2856,sail,sailboat,9.5,2.95,1.53,3.4,63,88,94,6,25
2889,sail,sailboat,12.76,3.93,1.94,3.5,63,88,90,2,25
3061,sail,sailboat,16.59,5.26,2.9,8.5,63,92,94,2,29
3444,motor,motorboat,19.19,5.98,1.83,12.7,63,98,111,13,35
3465,sail,sailboat,12.64,3.93,2.06,6.8,63,98,100,2,35
3800,small,motorboat,7.79,2.53,0.78,0.0,63,103,106,3,40
4195,sail,sailboat,14.1,4.58,2.36,6.7,63,109,116,7,46
4234,super,yacht,24.51,6.36,3.02,16.6,63,109,112,3,46
4437,sail,sailboat,10.06,3.13,1.76,6.9,63,113,115,2,50
4487,motor,motorboat,14.15,4.13,1.4,6.1,63,114,120,6,51
4648,sail,sailboat,11.7,3.58,1.77,3.3,63,116,117,1,53
4688,super,yacht,27.15,7.53,3.4,32.8,63,117,141,24,54
5722,motor,motorboat,13.59,3.98,1.19,6.4,63,133,135,2,70
6285,super,yacht,23.4,6.66,2.74,12.0,63,141,153,12,78
8663,sail,sailboat,13.8,4.17,2.54,3.8,63,199,205,6,136
1612,motor,motorboat,12.04,3.65,1.24,3.2,64,64,69,5,0
1617,motor,motorboat,10.46,3.26,0.97,6.8,64,64,67,3,0
1650,sail,sailboat,13.03,4.37,2.01,5.0,64,65,72,7,1
1656,sail,sailboat,10.95,3.48,1.86,0.0,64,65,67,2,1
1658,motor,motorboat,18.84,5.5,1.67,12.0,64,65,95,30,1
1670,sail,sailboat,9.5,3.11,1.7,2.2,64,65,67,2,1
1681,motor,motorboat,21.71,6.6,1.97,23.5,64,65,66,1,1
1683,super,yacht,26.32,7.21,3.31,30.7,64,65,66,1,1
1685,sail,sailboat,11.4,3.79,1.99,5.7,64,65,68,3,1
1687,sail,sailboat,11.19,3.56,1.76,5.1,64,65,68,3,1
1690,small,motorboat,7.24,2.59,0.71,3.0,64,65,67,2,1
1712,motor,motorboat,15.37,4.76,1.57,0.0,64,66,68,2,2
1727,sail,sailboat,12.28,3.73,2.05,0.0,64,66,69,3,2
1746,small,motorboat,7.3,2.52,0.67,3.1,64,66,67,1,2
1749,sail,sailboat,17.0,5.42,2.55,13.7,64,66,72,6,2
1760,sail,sailboat,12.48,4.09,2.13,3.8,64,66,79,13,2
1761,motor,motorboat,11.07,3.18,1.04,3.6,64,66,69,3,2
1798,sail,sailboat,14.19,4.35,2.24,0.0,64,67,70,3,3
1818,small,motorboat,7.86,2.56,0.75,0.0,64,67,69,2,3
1831,super,yacht,22.81,6.22,2.91,16.9,64,67,73,6,3
1861,motor,motorboat,15.99,4.61,1.53,13.0,64,68,75,7,4
1880,motor,motorboat,12.36,3.86,1.16,6.5,64,68,73,5,4
1907,small,motorboat,6.25,2.11,0.7,0.0,64,69,70,1,5
1930,motor,motorboat,17.38,4.83,1.58,9.7,64,69,71,2,5
1936,sail,sailboat,9.91,3.32,1.59,3.0,64,69,73,4,5
1957,motor,motorboat,14.47,4.2,1.28,0.0,64,70,71,1,6
1976,motor,motorboat,16.4,4.9,1.75,13.4,64,70,71,1,6
2000,sail,sailboat,16.18,5.02,2.82,7.5,64,71,78,7,7
2013,motor,motorboat,14.7,4.18,1.56,4.4,64,71,78,7,7
2036,super,yacht,20.17,5.51,2.46,13.2,64,72,75,3,8
2062,motor,motorboat,14.95,4.62,1.31,6.4,64,72,73,1,8
2073,motor,motorboat,15.13,4.68,1.57,8.3,64,73,75,2,9
2100,sail,sailboat,9.52,3.2,1.64,2.7,64,73,75,2,9
2206,sail,sailboat,14.19,4.63,2.28,0.0,64,75,76,1,11
2222,motor,motorboat,17.95,5.48,1.66,8.8,64,75,77,2,11
2265,sail,sailboat,14.95,4.97,2.59,6.2,64,76,82,6,12
2289,motor,motorboat,15.09,4.72,1.43,7.2,64,76,81,5,12
2297,sail,sailboat,14.95,4.9,2.7,0.0,64,76,87,11,12
2301,motor,motorboat,16.22,5.05,1.68,0.0,64,76,78,2,12
2320,sail,sailboat,10.98,3.62,1.65,5.6,64,77,80,3,13
2378,super,yacht,20.12,5.31,2.26,29.5,64,78,80,2,14
2530,super,yacht,28.05,7.46,3.16,15.8,64,81,85,4,17
2594,sail,sailboat,10.73,3.39,1.75,6.6,64,82,89,7,18
2663,sail,sailboat,12.7,3.99,2.34,0.0,64,84,86,2,20
2894,sail,sailboat,16.41,5.34,2.85,10.1,64,88,89,1,24
2952,motor,motorboat,16.39,5.05,1.5,0.0,64,90,94,4,26
2981,motor,motorboat,17.13,5.06,1.5,6.6,64,90,97,7,26
3131,sail,sailboat,13.64,4.54,2.47,0.0,64,93,95,2,29
3245,sail,sailboat,11.06,3.52,2.01,4.3,64,94,102,8,30
3350,small,motorboat,7.9,2.62,0.88,3.4,64,96,101,5,32
3791,super,yacht,20.48,5.69,2.24,28.9,64,103,106,3,39
4162,sail,sailboat,11.05,3.42,1.94,0.0,64,108,113,5,44
4931,super,yacht,24.23,6.31,2.81,33.6,64,121,126,5,57
6298,super,yacht,26.1,7.31,3.12,12.3,64,142,158,16,78
6967,motor,motorboat,12.64,3.88,1.13,0.0,64,151,155,4,87
7571,sail,sailboat,13.3,4.12,2.4,6.5,64,165,168,3,101
7661,super,yacht,22.6,6.0,2.88,20.9,64,167,169,2,103
1661,sail,sailboat,14.27,4.34,2.13,0.0,65,65,68,3,0
1663,sail,sailboat,11.66,3.83,2.05,5.7,65,65,70,5,0
1668,sail,sailboat,10.16,3.3,1.75,4.3,65,65,68,3,0
1674,sail,sailboat,13.64,4.5,2.16,0.0,65,65,67,2,0
1694,motor,motorboat,13.14,4.11,1.4,5.9,65,65,66,1,0
1696,motor,motorboat,15.26,4.74,1.4,7.5,65,65,67,2,0
1717,sail,sailboat,9.5,3.21,1.68,2.5,65,66,79,13,1
1731,sail,sailboat,11.72,3.55,1.87,5.0,65,66,76,10,1
1773,small,motorboat,8.08,2.81,0.75,2.6,65,66,70,4,1
1779,small,motorboat,7.58,2.52,0.79,0.0,65,67,74,7,2
1801,sail,sailboat,12.65,4.09,1.88,5.2,65,67,70,3,2
1802,sail,sailboat,12.93,4.09,2.08,0.0,65,67,72,5,2
1817,sail,sailboat,11.23,3.61,1.86,6.8,65,67,75,8,2
1827,motor,motorboat,10.54,2.95,1.06,4.4,65,67,84,17,2
1833,small,motorboat,8.82,3.01,0.91,0.0,65,67,70,3,2
1894,sail,sailboat,13.02,4.1,2.29,0.0,65,69,70,1,4
1924,sail,sailboat,14.43,4.57,2.22,6.6,65,69,75,6,4
2083,motor,motorboat,11.39,3.38,1.12,3.0,65,73,77,4,8
2087,sail,sailboat,13.4,4.35,2.15,4.8,65,73,78,5,8
2143,sail,sailboat,11.54,3.76,2.04,3.8,65,73,77,4,8
2170,sail,sailboat,12.56,3.89,2.27,5.0,65,74,84,10,9
2229,small,motorboat,9.09,3.18,0.89,0.0,65,75,76,1,10
2231,sail,sailboat,14.28,4.65,2.4,6.5,65,75,84,9,10
2242,motor,motorboat,19.33,5.64,1.78,0.0,65,75,80,5,10
2253,motor,motorboat,14.15,4.1,1.35,6.0,65,75,76,1,10
2273,motor,motorboat,18.16,5.53,1.71,8.3,65,76,77,1,11
2325,motor,motorboat,15.22,4.45,1.35,12.7,65,77,79,2,12
2327,motor,motorboat,17.95,5.13,1.7,6.6,65,77,78,1,12
2445,sail,sailboat,16.8,5.35,3.1,13.2,65,80,86,6,15
2866,small,motorboat,9.11,2.97,0.83,3.1,65,88,91,3,23
3789,sail,sailboat,9.5,3.08,1.65,2.9,65,103,129,26,38
4024,super,yacht,27.87,7.21,3.59,29.4,65,107,110,3,42
4094,motor,motorboat,13.84,4.26,1.42,7.0,65,108,110,2,43
4134,sail,sailboat,14.53,4.4,2.68,0.0,65,108,110,2,43
4306,sail,sailboat,17.0,5.11,2.87,10.3,65,111,114,3,46
4369,sail,sailboat,13.24,4.24,2.14,6.9,65,112,141,29,47
4441,motor,motorboat,15.31,4.27,1.41,10.9,65,113,117,4,48
4486,sail,sailboat,10.74,3.58,1.92,0.0,65,114,118,4,49
4537,sail,sailboat,15.07,5.04,2.31,11.7,65,115,122,7,50
4585,small,motorboat,6.35,2.15,0.61,3.1,65,115,118,3,50
5084,sail,sailboat,9.9,3.28,1.81,2.2,65,123,125,2,58
5189,super,yacht,23.56,6.66,2.72,18.7,65,125,131,6,60
5205,sail,sailboat,9.5,2.95,1.75,2.1,65,125,129,4,60
1708,motor,motorboat,16.34,5.01,1.59,12.1,66,66,67,1,0
1715,motor,motorboat,11.12,3.17,1.12,6.1,66,66,68,2,0
1726,sail,sailboat,13.34,4.06,2.28,0.0,66,66,70,4,0
1737,motor,motorboat,11.48,3.19,1.11,5.5,66,66,69,3,0
1740,motor,motorboat,17.78,5.28,1.76,8.3,66,66,72,6,0
1756,motor,motorboat,15.69,4.79,1.66,0.0,66,66,72,6,0
1799,sail,sailboat,16.18,5.34,2.45,0.0,66,67,88,21,1
1805,sail,sailboat,14.53,4.7,2.19,6.2,66,67,68,1,1
1811,small,motorboat,8.56,3.06,0.9,0.0,66,67,80,13,1
1830,sail,sailboat,12.69,4.26,2.25,4.8,66,67,70,3,1
1869,sail,sailboat,10.32,3.38,1.8,6.3,66,68,71,3,2
1871,sail,sailboat,11.8,3.89,1.99,0.0,66,68,71,3,2
1883,sail,sailboat,14.87,4.71,2.55,0.0,66,68,70,2,2
1974,sail,sailboat,14.28,4.32,2.22,0.0,66,70,73,3,4
2136,small,motorboat,7.94,2.62,0.74,2.2,66,73,76,3,7
2183,motor,motorboat,11.76,3.33,1.09,0.0,66,74,79,5,8
2197,motor,motorboat,19.76,5.97,1.74,7.0,66,74,75,1,8
2322,super,yacht,28.24,7.2,3.6,24.9,66,77,82,5,11
2370,motor,motorboat,13.5,3.99,1.32,3.7,66,78,88,10,12
2390,small,motorboat,9.48,3.13,0.9,3.4,66,78,88,10,12
2393,sail,sailboat,14.69,4.88,2.69,0.0,66,78,79,1,12
2404,super,yacht,28.06,8.01,3.21,32.0,66,79,82,3,13
2469,small,motorboat,8.72,2.83,0.83,2.7,66,80,98,18,14
2708,motor,motorboat,22.0,6.67,2.01,18.0,66,85,86,1,19
2731,sail,sailboat,12.96,4.39,2.13,5.3,66,86,89,3,20
3048,sail,sailboat,13.05,4.08,2.34,5.9,66,92,93,1,26
3118,sail,sailboat,12.14,3.82,2.1,4.8,66,93,95,2,27
3175,small,motorboat,7.11,2.28,0.7,2.2,66,94,119,25,28
3180,sail,sailboat,12.94,4.01,2.04,0.0,66,94,100,6,28
3243,small,motorboat,6.97,2.41,0.7,3.1,66,94,98,4,28
3284,super,yacht,21.31,5.64,2.41,15.4,66,95,103,8,29
3478,sail,sailboat,13.78,4.6,2.41,0.0,66,99,101,2,33
3566,sail,sailboat,12.68,4.14,2.11,4.8,66,100,103,3,34
3571,motor,motorboat,19.93,5.87,1.94,9.8,66,100,116,16,34
3702,sail,sailboat,13.54,4.22,2.34,3.1,66,102,104,2,36
3811,motor,motorboat,10.79,3.03,1.12,5.4,66,103,109,6,37
3870,sail,sailboat,11.54,3.9,1.98,4.6,66,104,105,1,38
4144,motor,motorboat,13.29,4.01,1.36,3.3,66,108,109,1,42
4281,small,motorboat,6.71,2.33,0.67,0.0,66,110,114,4,44
4297,super,yacht,22.7,5.76,2.54,28.9,66,110,112,2,44
4852,motor,motorboat,13.48,3.78,1.22,3.9,66,119,121,2,53
5253,motor,motorboat,13.48,3.74,1.31,3.3,66,126,127,1,60
7271,small,motorboat,7.7,2.71,0.71,2.6,66,158,162,4,92
8178,motor,motorboat,16.94,5.28,1.54,10.5,66,179,180,1,113
1785,sail,sailboat,14.11,4.7,2.57,6.9,67,67,69,2,0
1786,motor,motorboat,17.42,5.02,1.54,0.0,67,67,68,1,0
1793,sail,sailboat,12.51,3.91,2.05,5.5,67,67,68,1,0
1796,super,yacht,22.49,6.04,2.89,39.2,67,67,74,7,0
1814,motor,motorboat,10.0,3.09,1.03,5.1,67,67,70,3,0
1816,motor,motorboat,13.73,3.86,1.43,3.4,67,67,80,13,0
1828,sail,sailboat,15.6,5.12,2.47,12.4,67,67,70,3,0
1832,sail,sailboat,12.22,3.77,2.03,0.0,67,67,89,22,0
1844,motor,motorboat,15.92,4.64,1.49,6.5,67,68,77,9,1
1848,motor,motorboat,10.0,2.81,0.86,5.6,67,68,73,5,1
1851,super,yacht,27.05,7.24,3.42,16.9,67,68,69,1,1
1852,sail,sailboat,10.26,3.11,1.58,6.8,67,68,71,3,1
1857,motor,motorboat,17.32,4.89,1.79,14.0,67,68,72,4,1
1862,motor,motorboat,14.57,4.06,1.41,3.9,67,68,69,1,1
1863,sail,sailboat,13.06,4.32,2.3,0.0,67,68,72,4,1
1864,sail,sailboat,15.9,5.09,2.63,6.0,67,68,78,10,1
1865,sail,sailboat,14.17,4.4,2.59,4.7,67,68,75,7,1
1870,motor,motorboat,17.68,4.99,1.76,12.6,67,68,72,4,1
1872,sail,sailboat,9.8,3.04,1.5,2.3,67,68,79,11,1
1881,small,motorboat,6.57,2.27,0.67,2.7,67,68,75,7,1
1884,motor,motorboat,17.29,4.98,1.75,10.2,67,68,69,1,1
1902,sail,sailboat,10.92,3.29,1.83,0.0,67,69,72,3,2
1903,motor,motorboat,12.73,3.78,1.1,5.2,67,69,80,11,2
1908,sail,sailboat,10.52,3.21,1.6,0.0,67,69,70,1,2
1928,sail,sailboat,16.1,5.28,2.55,6.5,67,69,72,3,2
1933,sail,sailboat,11.53,3.61,2.05,0.0,67,69,71,2,2
1942,sail,sailboat,13.27,4.11,2.26,3.5,67,69,70,1,2
1947,sail,sailboat,13.39,4.25,2.02,6.1,67,69,72,3,2
1956,small,motorboat,8.74,2.87,0.83,2.5,67,70,72,2,3
1990,small,motorboat,8.07,2.77,0.77,0.0,67,71,76,5,4
2044,sail,sailboat,9.5,3.2,1.44,2.9,67,72,74,2,5
2058,motor,motorboat,17.63,5.34,1.81,9.0,67,72,76,4,5
2121,small,motorboat,8.57,2.81,0.86,2.8,67,73,74,1,6
2156,small,motorboat,9.32,3.33,0.97,0.0,67,74,77,3,7
2159,sail,sailboat,13.28,4.29,2.17,4.1,67,74,86,12,7
2223,sail,sailboat,12.89,4.17,2.28,0.0,67,75,94,19,8
2251,sail,sailboat,13.97,4.43,2.37,3.8,67,75,89,14,8
2277,motor,motorboat,18.0,5.5,1.86,0.0,67,76,78,2,9
2296,motor,motorboat,15.04,4.65,1.55,6.9,67,76,102,26,9
2359,sail,sailboat,12.19,4.07,1.91,4.5,67,78,81,3,11
2449,sail,sailboat,13.96,4.68,2.22,0.0,67,80,82,2,13
2537,motor,motorboat,14.7,4.09,1.45,0.0,67,81,84,3,14
2557,sail,sailboat,11.26,3.73,2.07,4.0,67,81,85,4,14
2655,sail,sailboat,9.5,3.11,1.75,2.2,67,84,98,14,17
3016,motor,motorboat,14.33,4.26,1.3,0.0,67,91,97,6,24
3024,small,motorboat,8.32,2.8,0.79,0.0,67,91,94,3,24
3260,sail,sailboat,13.43,4.18,2.31,4.1,67,95,96,1,28
3345,sail,sailboat,10.23,3.46,1.62,3.1,67,96,98,2,29
3369,motor,motorboat,15.32,4.71,1.42,6.3,67,96,97,1,29
3601,sail,sailboat,15.26,4.74,2.52,8.4,67,100,102,2,33
3660,super,yacht,24.09,6.48,2.64,16.9,67,101,103,2,34
3686,sail,sailboat,11.93,4.04,1.86,5.2,67,102,105,3,35
3689,sail,sailboat,10.36,3.43,1.74,5.5,67,102,106,4,35
3787,sail,sailboat,15.1,4.81,2.46,13.3,67,103,121,18,36
3893,sail,sailboat,12.29,3.91,2.27,0.0,67,105,119,14,38
3995,sail,sailboat,12.64,4.0,1.96,5.9,67,106,113,7,39
4052,motor,motorboat,17.5,5.04,1.78,6.2,67,107,109,2,40
4661,small,motorboat,6.6,2.27,0.68,0.0,67,116,127,11,49
4895,sail,sailboat,12.57,4.13,2.13,6.0,67,120,123,3,53
5099,super,yacht,24.01,6.43,3.09,37.6,67,123,124,1,56
6034,sail,sailboat,14.89,4.48,2.65,0.0,67,137,138,1,70
6670,sail,sailboat,16.06,5.32,2.6,7.4,67,147,149,2,80
6946,motor,motorboat,14.21,4.0,1.32,4.2,67,151,153,2,84
7847,super,yacht,28.73,8.0,3.16,17.2,67,172,174,2,105
8574,super,yacht,23.35,6.32,3.0,30.8,67,195,198,3,128
1846,sail,sailboat,11.7,3.86,2.0,0.0,68,68,75,7,0
1866,small,motorboat,7.92,2.56,0.86,0.0,68,68,69,1,0
1875,sail,sailboat,11.5,3.81,1.76,5.0,68,68,69,1,0
1876,sail,sailboat,9.5,3.21,1.67,2.8,68,68,70,2,0
1877,sail,sailboat,12.3,3.86,2.18,3.3,68,68,72,4,0
1882,sail,sailboat,15.01,4.94,2.59,9.8,68,68,69,1,0
1899,sail,sailboat,13.99,4.35,2.27,0.0,68,69,76,7,1
1904,motor,motorboat,18.11,5.31,1.72,11.9,68,69,72,3,1
1905,motor,motorboat,11.08,3.2,1.11,5.6,68,69,71,2,1
1906,sail,sailboat,11.0,3.65,1.85,6.8,68,69,71,2,1
1909,sail,sailboat,17.0,5.18,2.72,10.6,68,69,72,3,1
1912,motor,motorboat,14.57,4.22,1.33,4.7,68,69,71,2,1
1918,sail,sailboat,13.02,4.33,2.32,0.0,68,69,70,1,1
1921,sail,sailboat,12.6,3.79,2.19,3.5,68,69,78,9,1
1929,small,motorboat,7.27,2.53,0.69,0.0,68,69,88,19,1
1937,sail,sailboat,16.16,4.96,2.84,0.0,68,69,70,1,1
1954,sail,sailboat,15.23,4.96,2.28,11.1,68,70,81,11,2
1972,sail,sailboat,14.31,4.5,2.47,0.0,68,70,91,21,2
1983,motor,motorboat,13.59,4.17,1.42,5.8,68,71,78,7,3
1988,sail,sailboat,11.98,3.89,2.14,0.0,68,71,72,1,3
2014,sail,sailboat,12.88,4.29,2.02,0.0,68,71,72,1,3
2061,sail,sailboat,10.01,3.2,1.8,6.3,68,72,77,5,4
2076,sail,sailboat,10.89,3.41,1.69,4.1,68,73,75,2,5
2137,sail,sailboat,11.65,3.67,2.04,0.0,68,73,76,3,5
2241,sail,sailboat,10.55,3.42,1.65,6.9,68,75,102,27,7
2246,small,motorboat,8.87,3.01,0.86,3.1,68,75,87,12,7
2248,sail,sailboat,13.99,4.39,2.22,5.1,68,75,76,1,7
2269,sail,sailboat,14.51,4.78,2.19,6.6,68,76,78,2,8
2285,sail,sailboat,14.36,4.57,2.29,6.1,68,76,81,5,8
2374,sail,sailboat,9.5,2.92,1.53,2.1,68,78,81,3,10
2379,super,yacht,28.33,7.51,3.55,0.0,68,78,80,2,10
2382,small,motorboat,6.18,2.02,0.66,2.6,68,78,80,2,10
2444,sail,sailboat,9.89,3.04,1.75,3.0,68,80,83,3,12
2473,small,motorboat,6.33,2.15,0.65,0.0,68,80,81,1,12
2489,super,yacht,24.98,6.77,3.32,15.0,68,80,85,5,12
2607,motor,motorboat,14.45,4.04,1.42,5.1,68,82,89,7,14
2611,motor,motorboat,13.86,3.86,1.25,6.1,68,83,86,3,15
3017,motor,motorboat,14.52,4.47,1.3,3.4,68,91,94,3,23
3055,sail,sailboat,15.7,5.25,2.51,12.0,68,92,93,1,24
3325,small,motorboat,7.98,2.61,0.86,2.1,68,95,99,4,27
3442,super,yacht,28.61,7.85,3.12,19.6,68,98,110,12,30
3573,small,motorboat,7.75,2.73,0.84,3.4,68,100,101,1,32
3681,sail,sailboat,13.89,4.58,2.27,6.7,68,102,103,1,34
3773,motor,motorboat,14.74,4.38,1.26,5.9,68,103,104,1,35
3826,sail,sailboat,17.0,5.67,3.11,12.3,68,104,106,2,36
4014,sail,sailboat,11.59,3.53,2.06,0.0,68,107,108,1,39
4480,sail,sailboat,16.33,5.22,2.97,10.1,68,114,119,5,46
4538,small,motorboat,7.23,2.39,0.68,2.9,68,115,117,2,47
5254,super,yacht,20.85,5.36,2.36,28.4,68,126,147,21,58
5605,motor,motorboat,14.22,3.97,1.31,4.1,68,131,132,1,63
5999,motor,motorboat,17.73,5.17,1.86,13.1,68,137,140,3,69
8047,sail,sailboat,17.0,5.14,3.01,13.0,68,176,182,6,108
8345,small,motorboat,6.81,2.36,0.75,0.0,68,184,192,8,116
1900,motor,motorboat,10.0,2.96,1.04,6.3,69,69,73,4,0
1914,sail,sailboat,15.08,4.73,2.6,8.3,69,69,72,3,0
1916,sail,sailboat,9.74,3.22,1.78,0.0,69,69,74,5,0
1939,motor,motorboat,14.77,4.47,1.35,3.3,69,69,74,5,0
1970,small,motorboat,6.37,2.09,0.71,3.0,69,70,74,4,1
1979,small,motorboat,7.05,2.39,0.72,0.0,69,71,72,1,2
2004,sail,sailboat,15.5,5.03,2.63,13.5,69,71,72,1,2
2046,motor,motorboat,15.07,4.69,1.4,0.0,69,72,79,7,3
2053,motor,motorboat,10.0,3.06,0.93,6.1,69,72,78,6,3
2065,small,motorboat,7.91,2.84,0.81,0.0,69,72,79,7,3
2128,sail,sailboat,12.44,3.98,2.26,0.0,69,73,79,6,4
2166,sail,sailboat,11.11,3.52,1.95,5.1,69,74,81,7,5
2191,motor,motorboat,15.45,4.6,1.62,8.4,69,74,78,4,5
2198,sail,sailboat,14.45,4.38,2.56,4.9,69,74,80,6,5
2244,motor,motorboat,16.84,4.95,1.55,7.7,69,75,78,3,6
2299,motor,motorboat,18.81,5.43,1.8,10.0,69,76,77,1,7
2306,motor,motorboat,16.75,5.13,1.76,12.2,69,76,90,14,7
2332,sail,sailboat,12.34,3.96,2.1,7.0,69,77,86,9,8
2346,motor,motorboat,11.82,3.4,1.18,6.6,69,77,80,3,8
2362,motor,motorboat,12.66,3.62,1.11,0.0,69,78,85,7,9
2452,small,motorboat,6.61,2.34,0.72,0.0,69,80,86,6,11
2497,motor,motorboat,18.17,5.29,1.76,14.0,69,80,81,1,11
2572,motor,motorboat,20.73,6.06,2.1,25.1,69,82,85,3,13
2582,sail,sailboat,14.95,4.94,2.3,3.6,69,82,83,1,13
2590,motor,motorboat,13.01,3.84,1.14,4.8,69,82,84,2,13
2627,motor,motorboat,14.31,4.38,1.35,3.8,69,83,96,13,14
2798,super,yacht,24.47,6.36,2.96,28.2,69,87,90,3,18
2944,sail,sailboat,9.5,3.0,1.51,0.0,69,89,90,1,20
3032,super,yacht,25.24,6.86,2.83,15.0,69,91,102,11,22
3320,sail,sailboat,11.09,3.58,1.94,5.9,69,95,101,6,26
3532,motor,motorboat,18.52,5.34,1.73,9.9,69,99,105,6,30
3559,super,yacht,21.52,5.61,2.66,26.1,69,100,101,1,31
3910,small,motorboat,9.49,3.14,1.01,0.0,69,105,110,5,36
4232,motor,motorboat,14.46,4.39,1.37,6.3,69,109,111,2,40
4869,motor,motorboat,18.78,5.36,1.78,9.1,69,120,122,2,51
5231,sail,sailboat,11.38,3.66,1.8,6.1,69,125,131,6,56
5490,sail,sailboat,13.93,4.23,2.12,4.3,69,129,131,2,60
5517,sail,sailboat,15.44,4.97,2.35,0.0,69,130,135,5,61
5720,motor,motorboat,16.59,5.13,1.55,7.1,69,133,134,1,64
6004,super,yacht,22.77,5.86,2.72,35.6,69,137,138,1,68
6397,motor,motorboat,16.1,4.53,1.68,0.0,69,143,144,1,74
6750,motor,motorboat,13.45,3.98,1.36,0.0,69,148,155,7,79
7418,sail,sailboat,9.5,2.94,1.43,0.0,69,162,163,1,93
7976,sail,sailboat,14.26,4.72,2.47,5.7,69,175,180,5,106
8285,motor,motorboat,15.31,4.52,1.49,12.3,69,181,186,5,112
1949,sail,sailboat,13.25,4.21,2.21,3.1,70,70,72,2,0
1991,motor,motorboat,16.13,5.02,1.53,10.7,70,71,76,5,1
1992,motor,motorboat,13.0,3.84,1.32,4.1,70,71,73,2,1
2002,sail,sailboat,11.88,3.81,2.1,4.3,70,71,74,3,1
2020,sail,sailboat,12.42,3.93,2.28,6.2,70,72,73,1,2
2033,small,motorboat,8.34,2.99,0.78,0.0,70,72,82,10,2
2035,sail,sailboat,15.21,4.66,2.78,9.6,70,72,79,7,2
2051,sail,sailboat,13.61,4.29,2.03,4.5,70,72,81,9,2
2059,sail,sailboat,14.54,4.79,2.25,3.4,70,72,79,7,2
2070,small,motorboat,8.65,2.77,0.96,3.2,70,72,100,28,2
2127,small,motorboat,9.37,3.05,0.91,0.0,70,73,83,10,3
2151,small,motorboat,8.74,2.92,0.86,0.0,70,74,75,1,4
2181,small,motorboat,9.49,3.4,0.93,0.0,70,74,78,4,4
2233,small,motorboat,8.96,3.08,0.97,0.0,70,75,84,9,5
2236,sail,sailboat,10.94,3.44,1.64,5.0,70,75,76,1,5
2247,sail,sailboat,13.82,4.43,2.47,5.1,70,75,78,3,5
2339,sail,sailboat,15.62,4.91,2.46,12.7,70,77,79,2,7
2375,sail,sailboat,12.77,4.15,2.3,0.0,70,78,80,2,8
2415,sail,sailboat,13.87,4.46,2.39,4.9,70,79,82,3,9
2418,super,yacht,22.66,5.82,2.9,12.1,70,79,93,14,9
2422,sail,sailboat,14.03,4.62,2.16,6.8,70,79,81,2,9
2438,small,motorboat,7.6,2.49,0.78,0.0,70,80,82,2,10
2443,motor,motorboat,13.11,3.69,1.13,3.0,70,80,81,1,10
2459,motor,motorboat,14.64,4.25,1.52,6.6,70,80,83,3,10
2493,motor,motorboat,22.0,6.73,2.11,30.2,70,80,87,7,10
2610,motor,motorboat,10.0,3.12,1.05,4.4,70,83,85,2,13
2614,sail,sailboat,15.14,4.74,2.29,0.0,70,83,85,2,13
2630,small,motorboat,6.4,2.05,0.59,2.1,70,83,86,3,13
2967,sail,sailboat,10.15,3.34,1.54,0.0,70,90,92,2,20
3273,motor,motorboat,11.73,3.55,1.21,4.2,70,95,97,2,25
3463,motor,motorboat,19.46,5.51,1.76,0.0,70,98,99,1,28
3865,sail,sailboat,14.2,4.73,2.12,5.9,70,104,111,7,34
3988,super,yacht,20.22,5.68,2.7,22.2,70,106,108,2,36
4210,motor,motorboat,20.82,5.88,2.0,34.3,70,109,110,1,39
4666,motor,motorboat,10.57,3.13,0.96,3.9,70,116,118,2,46
4909,sail,sailboat,15.15,5.12,2.7,6.6,70,121,127,6,51
4938,motor,motorboat,13.65,4.0,1.25,5.0,70,121,123,2,51
5137,motor,motorboat,10.04,2.92,1.0,6.9,70,124,129,5,54
5181,sail,sailboat,13.55,4.08,2.1,5.1,70,125,126,1,55
5251,motor,motorboat,19.27,5.92,1.85,7.3,70,126,131,5,56
7635,motor,motorboat,15.42,4.39,1.34,12.9,70,166,178,12,96
1997,sail,sailboat,11.96,4.0,1.84,0.0,71,71,73,2,0
2011,sail,sailboat,11.8,3.85,1.92,0.0,71,71,75,4,0
2015,sail,sailboat,12.8,4.12,2.06,3.6,71,71,72,1,0
2017,sail,sailboat,15.43,5.09,2.71,9.0,71,72,74,2,1
2019,sail,sailboat,13.23,4.22,2.02,3.3,71,72,77,5,1
2022,sail,sailboat,11.84,3.74,2.14,4.4,71,72,77,5,1
2029,motor,motorboat,10.0,2.78,0.95,4.1,71,72,73,1,1
2040,small,motorboat,8.17,2.74,0.75,2.1,71,72,75,3,1
2049,super,yacht,20.93,5.33,2.32,24.2,71,72,73,1,1
2050,super,yacht,26.4,6.92,2.99,15.5,71,72,77,5,1
2077,motor,motorboat,15.43,4.71,1.57,9.2,71,73,85,12,2
2092,motor,motorboat,14.16,4.09,1.22,0.0,71,73,75,2,2
2093,motor,motorboat,12.39,3.84,1.27,4.1,71,73,84,11,2
2094,small,motorboat,9.16,3.04,0.85,3.5,71,73,78,5,2
2098,sail,sailboat,14.45,4.83,2.24,3.9,71,73,85,12,2
2115,sail,sailboat,16.2,5.34,2.77,0.0,71,73,74,1,2
2129,sail,sailboat,12.45,3.77,2.0,4.8,71,73,74,1,2
2139,motor,motorboat,10.0,2.79,0.96,3.5,71,73,74,1,2
2167,motor,motorboat,15.35,4.38,1.59,12.6,71,74,77,3,3
2177,small,motorboat,7.33,2.55,0.77,2.1,71,74,76,2,3
2216,small,motorboat,9.07,3.17,0.85,3.5,71,75,81,6,4
2234,sail,sailboat,11.54,3.82,1.88,5.8,71,75,76,1,4
2255,small,motorboat,7.17,2.41,0.76,0.0,71,75,77,2,4
2256,small,motorboat,6.31,2.18,0.65,0.0,71,75,83,8,4
2366,small,motorboat,6.06,2.03,0.62,0.0,71,78,85,7,7
2373,sail,sailboat,15.87,5.09,2.58,0.0,71,78,81,3,7
2425,motor,motorboat,14.35,4.27,1.45,6.3,71,79,82,3,8
2435,sail,sailboat,12.27,3.88,1.83,6.2,71,79,80,1,8
2465,small,motorboat,7.26,2.57,0.7,0.0,71,80,83,3,9
2491,small,motorboat,7.79,2.5,0.78,2.9,71,80,85,5,9
2514,sail,sailboat,17.0,5.51,3.01,8.2,71,81,86,5,10
2589,motor,motorboat,15.21,4.58,1.58,10.3,71,82,84,2,11
2609,motor,motorboat,16.42,4.95,1.45,6.1,71,83,92,9,12
2648,sail,sailboat,14.84,4.63,2.27,4.2,71,83,84,1,12
2649,sail,sailboat,12.66,3.96,1.96,4.7,71,84,85,1,13
2667,motor,motorboat,14.26,4.12,1.29,6.8,71,84,86,2,13
2686,sail,sailboat,14.63,4.5,2.6,0.0,71,85,86,1,14
2696,motor,motorboat,12.16,3.55,1.08,6.0,71,85,91,6,14
2699,sail,sailboat,15.04,4.58,2.7,11.0,71,85,108,23,14
2703,motor,motorboat,13.03,3.91,1.21,0.0,71,85,86,1,14
2711,motor,motorboat,15.28,4.49,1.5,7.5,71,85,90,5,14
2716,motor,motorboat,17.68,5.24,1.72,13.0,71,85,91,6,14
3068,super,yacht,23.29,6.38,2.76,38.4,71,92,98,6,21
3100,super,yacht,27.56,7.71,3.13,23.8,71,93,96,3,22
3354,super,yacht,20.57,5.31,2.69,12.6,71,96,98,2,25
3372,sail,sailboat,13.54,4.44,2.27,0.0,71,96,122,26,25
3389,sail,sailboat,11.54,3.69,2.02,4.3,71,97,103,6,26
3690,sail,sailboat,15.07,4.98,2.41,9.7,71,102,106,4,31
3764,super,yacht,26.14,7.22,3.49,29.8,71,103,110,7,32
4012,motor,motorboat,12.82,3.94,1.18,5.9,71,107,108,1,36
4015,sail,sailboat,15.32,4.8,2.54,0.0,71,107,131,24,36
4179,sail,sailboat,12.54,4.08,2.07,4.1,71,109,112,3,38
4215,super,yacht,21.56,5.69,2.45,25.8,71,109,110,1,38
4292,motor,motorboat,14.92,4.56,1.33,5.0,71,110,113,3,39
4344,motor,motorboat,17.76,5.01,1.83,13.0,71,111,114,3,40
4350,sail,sailboat,14.22,4.38,2.58,4.5,71,111,112,1,40
4504,super,yacht,28.9,8.1,3.13,29.5,71,114,122,8,43
4911,sail,sailboat,13.17,4.15,2.12,0.0,71,121,123,2,50
5165,motor,motorboat,14.57,4.11,1.29,3.6,71,124,126,2,53
5348,small,motorboat,6.83,2.4,0.69,2.2,71,128,133,5,57
5375,motor,motorboat,15.22,4.28,1.38,11.4,71,128,133,5,57
5466,sail,sailboat,10.22,3.18,1.57,5.0,71,129,135,6,58
5482,super,yacht,28.3,7.91,3.48,19.2,71,129,132,3,58
8392,motor,motorboat,17.92,5.15,1.58,12.3,71,186,189,3,115
8804,motor,motorboat,19.54,5.67,1.93,8.7,71,205,207,2,134
2016,motor,motorboat,13.61,3.84,1.27,6.9,72,72,73,1,0
2030,sail,sailboat,14.35,4.58,2.2,0.0,72,72,74,2,0
2039,motor,motorboat,19.57,5.65,1.77,8.4,72,72,78,6,0
2047,motor,motorboat,15.48,4.68,1.49,13.7,72,72,74,2,0
2074,small,motorboat,7.39,2.46,0.71,0.0,72,73,78,5,1
2075,motor,motorboat,12.48,3.55,1.19,6.7,72,73,75,2,1
2079,sail,sailboat,15.05,5.01,2.53,8.6,72,73,83,10,1
2084,motor,motorboat,15.26,4.29,1.55,10.5,72,73,74,1,1
2088,sail,sailboat,15.43,4.97,2.78,9.3,72,73,80,7,1
2091,motor,motorboat,18.1,5.56,1.61,11.3,72,73,76,3,1
2095,sail,sailboat,15.47,4.83,2.39,8.1,72,73,75,2,1
2099,motor,motorboat,10.0,2.94,0.9,5.0,72,73,79,6,1
2101,motor,motorboat,15.76,4.78,1.58,10.4,72,73,75,2,1
2106,sail,sailboat,9.77,3.02,1.59,2.3,72,73,84,11,1
2111,motor,motorboat,12.8,3.94,1.27,0.0,72,73,76,3,1
2113,sail,sailboat,14.14,4.43,2.42,0.0,72,73,80,7,1
2119,sail,sailboat,13.85,4.59,2.1,0.0,72,73,74,1,1
2120,sail,sailboat,12.74,4.13,2.19,0.0,72,73,77,4,1
2126,motor,motorboat,11.77,3.45,1.13,3.3,72,73,74,1,1
2138,sail,sailboat,15.21,5.06,2.73,10.0,72,73,78,5,1
2140,sail,sailboat,11.94,4.04,2.05,3.1,72,73,79,6,1
2142,sail,sailboat,16.17,5.33,2.72,11.4,72,73,97,24,1
2145,small,motorboat,9.33,3.09,0.98,2.4,72,73,88,15,1
2169,small,motorboat,7.49,2.57,0.72,3.0,72,74,77,3,2
2179,small,motorboat,9.07,3.15,0.95,0.0,72,74,75,1,2
2195,motor,motorboat,10.45,3.15,0.91,6.7,72,74,77,3,2
2196,sail,sailboat,12.68,4.16,2.22,0.0,72,74,99,25,2
2202,motor,motorboat,10.8,3.19,0.99,4.9,72,75,85,10,3
2257,small,motorboat,6.01,2.15,0.6,2.1,72,76,85,9,4
2263,motor,motorboat,17.1,5.23,1.77,9.2,72,76,99,23,4
2317,sail,sailboat,13.24,4.37,2.43,0.0,72,77,80,3,5
2353,sail,sailboat,14.44,4.9,2.27,6.8,72,78,79,1,6
2410,sail,sailboat,12.38,3.76,1.93,5.6,72,79,81,2,7
2436,sail,sailboat,13.86,4.56,2.23,3.4,72,79,86,7,7
2512,sail,sailboat,14.32,4.5,2.45,5.6,72,81,88,7,9
2528,motor,motorboat,13.71,3.85,1.28,4.5,72,81,84,3,9
2533,motor,motorboat,11.79,3.4,1.15,5.8,72,81,90,9,9
2554,super,yacht,25.66,7.18,3.36,29.3,72,81,88,7,9
2628,sail,sailboat,12.34,3.85,2.04,0.0,72,83,84,1,11
2735,motor,motorboat,10.63,3.21,0.93,0.0,72,86,89,3,14
2736,motor,motorboat,16.94,4.85,1.7,10.4,72,86,88,2,14
2739,sail,sailboat,10.05,3.16,1.69,0.0,72,86,87,1,14
2779,super,yacht,27.27,7.18,3.33,29.5,72,87,93,6,15
2888,motor,motorboat,15.95,4.77,1.56,8.5,72,88,90,2,16
2933,sail,sailboat,11.95,3.74,1.94,5.3,72,89,96,7,17
3365,sail,sailboat,12.03,3.69,2.02,6.0,72,96,99,3,24
4089,motor,motorboat,14.09,4.06,1.32,5.5,72,107,108,1,35
4328,super,yacht,20.7,5.38,2.28,22.3,72,111,137,26,39
4616,sail,sailboat,11.11,3.42,1.99,4.9,72,116,118,2,44
4734,super,yacht,24.86,6.99,2.84,12.9,72,117,123,6,45
4836,motor,motorboat,13.33,3.82,1.2,5.4,72,119,123,4,47
5090,sail,sailboat,13.6,4.52,2.14,0.0,72,123,124,1,51
5107,sail,sailboat,13.85,4.54,2.24,3.3,72,123,124,1,51
5174,motor,motorboat,20.48,5.96,1.84,17.9,72,124,126,2,52
5343,sail,sailboat,15.44,5.15,2.6,11.6,72,127,129,2,55
2107,super,yacht,25.94,7.38,3.02,38.1,73,73,83,10,0
2109,sail,sailboat,13.02,4.12,2.16,4.8,73,73,79,6,0
2110,motor,motorboat,14.37,4.37,1.32,3.8,73,73,80,7,0
2124,sail,sailboat,11.31,3.75,1.95,6.2,73,73,78,5,0
2135,sail,sailboat,11.71,3.79,1.89,3.5,73,73,76,3,0
2148,small,motorboat,9.46,3.2,1.05,0.0,73,73,74,1,0
2154,sail,sailboat,13.13,3.97,2.2,4.4,73,74,77,3,1
2161,motor,motorboat,17.45,4.95,1.57,8.2,73,74,77,3,1
2162,sail,sailboat,12.25,3.83,1.97,3.9,73,74,78,4,1
2164,motor,motorboat,18.29,5.13,1.75,9.4,73,74,77,3,1
2172,sail,sailboat,11.52,3.48,1.89,0.0,73,74,78,4,1
2184,small,motorboat,7.46,2.68,0.7,3.1,73,74,75,1,1
2186,sail,sailboat,11.51,3.62,1.89,6.2,73,74,80,6,1
2203,small,motorboat,7.49,2.44,0.68,2.4,73,75,100,25,2
2219,motor,motorboat,16.82,4.98,1.47,8.2,73,75,77,2,2
2224,sail,sailboat,14.75,4.87,2.52,4.6,73,75,78,3,2
2238,small,motorboat,8.97,3.02,0.88,3.5,73,75,80,5,2
2321,sail,sailboat,12.7,4.14,2.3,6.7,73,77,78,1,4
2334,motor,motorboat,15.55,4.54,1.65,6.3,73,77,79,2,4
2399,sail,sailboat,10.59,3.48,1.65,5.3,73,79,80,1,6
2416,sail,sailboat,13.95,4.28,2.47,5.0,73,79,82,3,6
2423,motor,motorboat,14.8,4.34,1.33,4.1,73,79,86,7,6
2472,sail,sailboat,9.5,3.18,1.73,0.0,73,80,82,2,7
2483,sail,sailboat,13.8,4.22,2.23,6.0,73,80,110,30,7
2484,motor,motorboat,22.0,6.67,2.14,12.3,73,80,83,3,7
2486,small,motorboat,7.09,2.46,0.77,2.3,73,80,89,9,7
2509,sail,sailboat,9.5,2.89,1.6,3.2,73,81,95,14,8
2518,sail,sailboat,13.28,4.45,2.02,4.0,73,81,86,5,8
2553,sail,sailboat,13.43,4.45,2.38,5.0,73,81,92,11,8
2565,small,motorboat,6.67,2.35,0.68,2.1,73,81,84,3,8
2637,motor,motorboat,12.88,3.79,1.19,5.9,73,83,87,4,10
2661,motor,motorboat,13.7,4.0,1.27,5.6,73,84,85,1,11
2665,sail,sailboat,13.45,4.49,2.37,3.6,73,84,86,2,11
2738,super,yacht,25.37,6.81,2.87,35.2,73,86,92,6,13
2758,sail,sailboat,13.4,4.49,2.22,0.0,73,86,98,12,13
2783,small,motorboat,7.56,2.7,0.79,2.2,73,87,90,3,14
2800,small,motorboat,7.54,2.63,0.74,0.0,73,87,90,3,14
2812,sail,sailboat,10.81,3.4,1.85,3.7,73,87,89,2,14
2859,super,yacht,23.47,6.4,3.15,39.8,73,88,90,2,15
2890,sail,sailboat,9.5,3.04,1.74,0.0,73,88,102,14,15
3080,sail,sailboat,15.0,5.07,2.26,9.2,73,92,122,30,19
3404,motor,motorboat,13.61,3.99,1.33,5.5,73,97,98,1,24
3567,sail,sailboat,10.66,3.34,1.64,4.8,73,100,102,2,27
3758,super,yacht,23.03,5.88,2.68,20.8,73,103,118,15,30
3860,small,motorboat,6.63,2.28,0.65,2.4,73,104,112,8,31
4041,super,yacht,22.0,5.86,2.92,31.2,73,107,109,2,34
4466,super,yacht,25.41,7.05,2.89,32.9,73,114,123,9,41
4525,sail,sailboat,12.61,3.88,2.27,6.5,73,115,120,5,42
4794,motor,motorboat,22.0,6.63,2.01,22.4,73,118,124,6,45
5033,motor,motorboat,13.08,3.69,1.14,6.0,73,123,135,12,50
5091,motor,motorboat,19.21,5.91,1.76,9.7,73,123,124,1,50
5603,sail,sailboat,12.02,3.71,2.2,5.2,73,131,135,4,58
5749,sail,sailboat,11.8,3.7,1.93,3.3,73,133,138,5,60
7374,small,motorboat,6.19,2.1,0.68,3.2,73,160,163,3,87
7401,motor,motorboat,11.77,3.58,1.1,6.5,73,161,167,6,88
8858,super,yacht,28.24,7.78,3.46,34.9,73,208,209,1,135
2149,sail,sailboat,13.21,4.11,2.19,0.0,74,74,76,2,0
2155,sail,sailboat,13.88,4.39,2.3,5.7,74,74,79,5,0
2157,motor,motorboat,16.36,4.93,1.48,7.8,74,74,85,11,0
2180,small,motorboat,6.5,2.25,0.64,2.6,74,74,75,1,0
2192,motor,motorboat,10.63,3.29,0.95,3.7,74,74,75,1,0
2201,motor,motorboat,10.38,2.88,1.03,4.6,74,75,82,7,1
2205,super,yacht,24.7,6.99,2.7,0.0,74,75,87,12,1
2213,sail,sailboat,10.53,3.51,1.66,4.5,74,75,79,4,1
2214,motor,motorboat,15.71,4.9,1.59,11.9,74,75,77,2,1
2215,small,motorboat,6.4,2.23,0.61,2.7,74,75,81,6,1
2243,sail,sailboat,17.0,5.59,2.66,7.6,74,75,76,1,1
2259,small,motorboat,9.29,3.27,0.97,0.0,74,76,77,1,2
2270,motor,motorboat,13.04,3.68,1.29,4.4,74,76,79,3,2
2271,motor,motorboat,12.66,3.62,1.32,0.0,74,76,88,12,2
2274,sail,sailboat,10.55,3.52,1.71,0.0,74,76,79,3,2
2278,motor,motorboat,13.22,3.77,1.21,3.7,74,76,88,12,2
2287,sail,sailboat,15.03,4.76,2.52,0.0,74,76,87,11,2
2291,sail,sailboat,15.05,4.72,2.37,0.0,74,76,77,1,2
2292,sail,sailboat,9.5,2.89,1.61,0.0,74,76,101,25,2
2328,small,motorboat,6.29,2.23,0.64,0.0,74,77,80,3,3
2336,sail,sailboat,9.5,2.97,1.71,2.0,74,77,78,1,3
2364,motor,motorboat,15.18,4.66,1.61,9.7,74,78,80,2,4
2377,motor,motorboat,12.54,3.67,1.25,3.8,74,78,79,1,4
2475,motor,motorboat,19.52,5.64,1.95,8.8,74,80,91,11,6
2479,motor,motorboat,16.79,4.66,1.45,13.3,74,80,82,2,6
2502,sail,sailboat,15.26,4.96,2.61,11.5,74,80,82,2,6
2593,super,yacht,26.74,7.14,3.03,16.8,74,82,83,1,8
2645,super,yacht,20.6,5.73,2.69,15.9,74,83,90,7,9
2666,sail,sailboat,11.02,3.5,1.79,0.0,74,84,96,12,10
2681,motor,motorboat,15.34,4.66,1.58,6.5,74,85,86,1,11
2682,sail,sailboat,10.11,3.38,1.79,4.3,74,85,88,3,11
2855,sail,sailboat,16.4,5.1,2.66,13.4,74,88,95,7,14
3047,sail,sailboat,11.57,3.91,1.79,0.0,74,92,99,7,18
3578,super,yacht,20.9,5.9,2.59,29.2,74,100,101,1,26
3925,sail,sailboat,14.41,4.51,2.46,3.9,74,105,107,2,31
4161,super,yacht,25.81,6.68,3.24,39.7,74,108,114,6,34
5006,small,motorboat,8.05,2.83,0.83,3.1,74,122,123,1,48
5191,sail,sailboat,10.9,3.66,1.95,5.0,74,125,128,3,51
5214,sail,sailboat,15.19,4.98,2.32,8.6,74,125,127,2,51
5462,super,yacht,26.06,6.93,3.19,15.4,74,129,131,2,55
5729,sail,sailboat,13.65,4.2,2.07,5.2,74,133,136,3,59
5930,super,yacht,25.39,6.59,3.31,37.2,74,136,141,5,62
6524,super,yacht,28.47,7.9,3.76,17.5,74,144,146,2,70
6718,super,yacht,20.65,5.64,2.44,38.8,74,148,150,2,74
2209,motor,motorboat,15.64,4.83,1.63,8.4,75,75,82,7,0
2227,small,motorboat,7.56,2.58,0.81,0.0,75,75,80,5,0
2240,sail,sailboat,11.73,3.65,2.12,3.7,75,75,76,1,0
2252,motor,motorboat,15.23,4.68,1.32,11.4,75,75,78,3,0
2258,sail,sailboat,10.29,3.19,1.62,6.9,75,76,77,1,1
2275,motor,motorboat,19.32,6.02,2.05,12.9,75,76,77,1,1
2280,sail,sailboat,10.01,3.36,1.57,4.2,75,76,79,3,1
2281,sail,sailboat,12.86,4.33,2.33,3.1,75,76,78,2,1
2288,sail,sailboat,11.68,3.85,1.94,5.1,75,76,79,3,1
2294,small,motorboat,8.51,3.02,0.85,0.0,75,76,84,8,1
2305,small,motorboat,7.85,2.81,0.73,0.0,75,76,79,3,1
2307,sail,sailboat,11.74,3.95,2.08,4.7,75,77,79,2,2
2308,sail,sailboat,15.67,4.76,2.58,8.1,75,77,78,1,2
2314,sail,sailboat,13.45,4.38,2.46,4.8,75,77,79,2,2
2316,sail,sailboat,14.17,4.7,2.58,4.6,75,77,88,11,2
2343,small,motorboat,8.76,2.93,0.89,0.0,75,77,82,5,2
2368,small,motorboat,6.38,2.08,0.6,2.1,75,78,97,19,3
2371,sail,sailboat,14.18,4.63,2.5,3.8,75,78,79,1,3
2402,sail,sailboat,12.17,3.9,2.19,5.8,75,79,85,6,4
2433,motor,motorboat,17.87,5.38,1.82,0.0,75,79,80,1,4
2504,motor,motorboat,12.46,3.69,1.17,3.4,75,81,82,1,6
2556,sail,sailboat,17.0,5.7,2.67,12.6,75,81,93,12,6
2577,motor,motorboat,10.02,3.06,0.96,4.5,75,82,87,5,7
2592,sail,sailboat,14.03,4.72,2.53,3.9,75,82,85,3,7
2601,sail,sailboat,12.38,3.81,1.97,0.0,75,82,86,4,7
2613,small,motorboat,6.62,2.35,0.63,3.0,75,83,85,2,8
2620,super,yacht,25.87,6.86,3.0,15.3,75,83,86,3,8
2670,motor,motorboat,14.26,4.4,1.26,4.6,75,84,91,7,9
2712,sail,sailboat,12.34,3.89,1.96,5.8,75,85,86,1,10
2756,sail,sailboat,9.5,3.16,1.7,2.3,75,86,88,2,11
2904,sail,sailboat,13.73,4.48,2.51,5.9,75,89,90,1,14
2931,small,motorboat,8.64,2.94,0.93,3.4,75,89,95,6,14
3493,sail,sailboat,10.5,3.39,1.63,6.8,75,99,104,5,24
3786,sail,sailboat,11.16,3.4,2.01,7.0,75,103,108,5,28
4103,sail,sailboat,11.85,3.75,1.94,3.5,75,108,120,12,33
4137,sail,sailboat,11.65,3.64,1.93,0.0,75,108,110,2,33
4388,sail,sailboat,12.73,4.1,1.93,6.1,75,112,113,1,37
4937,motor,motorboat,11.68,3.43,1.0,6.8,75,121,123,2,46
5025,motor,motorboat,12.8,3.66,1.16,5.5,75,122,128,6,47
5263,motor,motorboat,18.69,5.79,1.62,13.8,75,126,127,1,51
5313,motor,motorboat,21.59,6.22,2.11,34.9,75,127,128,1,52
5479,sail,sailboat,15.86,4.91,2.75,7.9,75,129,132,3,54
5495,motor,motorboat,12.72,3.58,1.33,4.4,75,129,131,2,54
5739,sail,sailboat,12.31,3.9,2.02,5.0,75,133,136,3,58
5945,sail,sailboat,12.42,3.88,2.01,3.1,75,136,149,13,61
7259,sail,sailboat,14.85,4.93,2.54,0.0,75,157,184,27,82
7309,sail,sailboat,11.42,3.5,2.04,3.5,75,158,161,3,83
7421,sail,sailboat,10.63,3.26,1.8,6.4,75,162,165,3,87
7445,motor,motorboat,19.65,5.82,1.91,6.2,75,162,166,4,87
2266,motor,motorboat,15.86,4.94,1.52,0.0,76,76,83,7,0
2279,sail,sailboat,16.44,5.52,2.65,0.0,76,76,77,1,0
2283,motor,motorboat,14.86,4.42,1.28,5.6,76,76,79,3,0
2293,small,motorboat,8.77,3.09,0.81,3.4,76,76,81,5,0
2295,sail,sailboat,9.5,2.88,1.43,2.5,76,76,78,2,0
2302,sail,sailboat,14.87,4.84,2.67,6.9,76,76,79,3,0
2311,small,motorboat,6.94,2.35,0.75,0.0,76,77,78,1,1
2315,motor,motorboat,17.37,5.31,1.61,12.2,76,77,78,1,1
2333,motor,motorboat,17.46,4.85,1.66,7.9,76,77,80,3,1
2342,small,motorboat,7.49,2.51,0.78,2.8,76,77,94,17,1
2344,motor,motorboat,16.27,4.93,1.67,11.1,76,77,78,1,1
2352,sail,sailboat,12.32,3.71,2.24,5.9,76,78,82,4,2
2355,motor,motorboat,10.47,3.15,0.96,3.4,76,78,86,8,2
2360,sail,sailboat,14.57,4.41,2.26,6.8,76,78,80,2,2
2361,sail,sailboat,12.33,3.71,2.26,5.2,76,78,80,2,2
2392,sail,sailboat,15.29,4.92,2.33,10.7,76,78,80,2,2
2396,motor,motorboat,17.48,4.98,1.72,6.9,76,79,83,4,3
2411,sail,sailboat,15.91,5.31,2.38,0.0,76,79,80,1,3
2412,sail,sailboat,12.69,4.02,2.09,5.2,76,79,83,4,3
2426,sail,sailboat,11.06,3.49,1.88,6.4,76,79,82,3,3
2431,motor,motorboat,22.0,6.17,2.25,18.7,76,79,82,3,3
2440,motor,motorboat,10.25,3.14,0.94,0.0,76,80,81,1,4
2466,small,motorboat,8.59,2.86,0.83,2.3,76,80,83,3,4
2490,motor,motorboat,14.1,4.24,1.22,5.1,76,80,81,1,4
2511,motor,motorboat,16.65,5.12,1.69,10.8,76,81,87,6,5
2536,motor,motorboat,20.39,5.71,1.76,37.3,76,81,83,2,5
2542,motor,motorboat,10.26,2.89,1.03,4.5,76,81,82,1,5
2543,motor,motorboat,17.4,5.32,1.5,0.0,76,81,91,10,5
2544,sail,sailboat,12.15,4.01,2.15,3.7,76,81,83,2,5
2549,motor,motorboat,16.13,4.79,1.72,8.7,76,81,85,4,5
2566,motor,motorboat,15.86,4.62,1.44,12.7,76,82,84,2,6
2585,sail,sailboat,12.27,3.72,1.96,4.6,76,82,83,1,6
2612,motor,motorboat,17.96,5.07,1.72,13.5,76,83,85,2,7
2691,sail,sailboat,15.0,4.68,2.73,0.0,76,85,88,3,9
2828,sail,sailboat,13.2,4.37,2.43,4.5,76,87,90,3,11
2877,motor,motorboat,16.89,5.05,1.7,7.3,76,88,93,5,12
2896,motor,motorboat,15.33,4.44,1.5,10.8,76,88,97,9,12
2903,small,motorboat,7.87,2.83,0.72,2.2,76,88,90,2,12
2972,sail,sailboat,9.5,2.86,1.57,2.4,76,90,95,5,14
3104,motor,motorboat,21.21,6.28,1.87,14.0,76,93,94,1,17
3455,small,motorboat,6.51,2.27,0.6,0.0,76,98,105,7,22
3488,motor,motorboat,11.96,3.67,1.02,5.6,76,99,128,29,23
3498,sail,sailboat,14.51,4.73,2.64,4.7,76,99,116,17,23
3589,sail,sailboat,11.56,3.6,1.96,0.0,76,100,101,1,24
3682,sail,sailboat,9.5,3.1,1.63,3.2,76,102,109,7,26
3947,sail,sailboat,15.01,5.07,2.49,9.2,76,106,109,3,30
3951,sail,sailboat,13.38,4.19,2.1,4.6,76,106,107,1,30
4042,sail,sailboat,12.83,4.26,1.94,6.0,76,107,121,14,31
4044,super,yacht,21.08,6.02,2.34,19.0,76,107,108,1,31
4334,sail,sailboat,10.8,3.57,1.77,3.5,76,111,115,4,35
4565,super,yacht,21.61,5.83,2.82,17.8,76,115,117,2,39
4673,sail,sailboat,11.4,3.79,1.8,5.4,76,116,119,3,40
4950,sail,sailboat,12.09,3.77,1.9,3.9,76,121,124,3,45
4993,sail,sailboat,13.1,4.29,2.09,0.0,76,122,126,4,46
5298,sail,sailboat,10.27,3.1,1.64,7.0,76,127,128,1,51
5308,super,yacht,26.21,6.69,3.46,14.5,76,127,128,1,51
5671,motor,motorboat,14.28,4.4,1.33,6.4,76,132,133,1,56
5889,sail,sailboat,10.6,3.4,1.93,0.0,76,136,158,22,60
5924,sail,sailboat,14.02,4.48,2.13,0.0,76,136,143,7,60
5936,super,yacht,25.35,6.74,3.22,14.3,76,136,137,1,60
2313,sail,sailboat,13.26,4.5,2.07,4.7,77,77,80,3,0
2319,motor,motorboat,12.64,3.86,1.34,6.9,77,77,82,5,0
2329,motor,motorboat,17.44,5.39,1.61,12.4,77,77,81,4,0
2331,sail,sailboat,11.19,3.66,1.77,6.2,77,77,79,2,0
2341,sail,sailboat,12.39,4.0,2.13,0.0,77,77,80,3,0
2347,motor,motorboat,13.22,3.7,1.15,4.6,77,77,78,1,0
2350,small,motorboat,6.47,2.19,0.6,2.6,77,78,80,2,1
2354,motor,motorboat,10.71,3.05,0.99,5.6,77,78,81,3,1
2358,sail,sailboat,12.28,3.78,1.93,4.8,77,78,81,3,1
2367,sail,sailboat,14.34,4.68,2.28,3.7,77,78,91,13,1
2369,sail,sailboat,14.55,4.64,2.52,0.0,77,78,80,2,1
2383,sail,sailboat,13.7,4.32,2.09,6.4,77,78,89,11,1
2403,motor,motorboat,13.0,3.81,1.13,6.3,77,79,80,1,2
2406,motor,motorboat,11.38,3.44,1.16,6.2,77,79,80,1,2
2430,motor,motorboat,12.0,3.47,1.26,4.5,77,79,86,7,2
2434,motor,motorboat,13.67,3.84,1.37,0.0,77,79,80,1,2
2485,small,motorboat,6.69,2.32,0.74,3.3,77,80,81,1,3
2522,motor,motorboat,14.49,4.03,1.32,3.9,77,81,95,14,4
2584,sail,sailboat,13.52,4.29,2.43,4.9,77,82,83,1,5
2618,motor,motorboat,14.74,4.11,1.52,6.4,77,83,86,3,6
2631,motor,motorboat,15.14,4.63,1.47,13.8,77,83,85,2,6
2632,small,motorboat,8.34,2.8,0.83,2.7,77,83,85,2,6
2638,sail,sailboat,14.89,4.48,2.27,4.1,77,83,86,3,6
2690,sail,sailboat,12.57,3.86,1.88,0.0,77,85,86,1,8
2818,motor,motorboat,14.0,4.34,1.29,4.0,77,87,92,5,10
2883,sail,sailboat,9.7,3.23,1.65,2.1,77,88,93,5,11
2921,small,motorboat,8.36,2.84,0.78,0.0,77,89,95,6,12
2927,sail,sailboat,12.97,4.28,2.14,3.4,77,89,94,5,12
2948,sail,sailboat,12.19,4.11,1.86,4.9,77,89,92,3,12
2961,motor,motorboat,15.94,4.82,1.44,13.3,77,90,92,2,13
2973,sail,sailboat,12.3,3.93,1.86,6.9,77,90,94,4,13
2979,motor,motorboat,19.7,5.52,1.97,8.8,77,90,97,7,13
3165,small,motorboat,9.02,3.13,0.83,3.2,77,94,97,3,17
3645,sail,sailboat,9.96,3.09,1.65,0.0,77,101,112,11,24
4502,sail,sailboat,16.59,5.27,2.92,11.6,77,114,120,6,37
4556,sail,sailboat,13.85,4.17,2.36,5.4,77,115,116,1,38
4606,sail,sailboat,15.96,4.94,2.45,8.2,77,116,123,7,39
4770,motor,motorboat,16.1,4.84,1.7,10.7,77,118,119,1,41
4817,sail,sailboat,10.8,3.54,1.94,0.0,77,119,121,2,42
4827,super,yacht,25.31,7.11,3.36,39.6,77,119,132,13,42
4935,motor,motorboat,12.39,3.64,1.23,5.3,77,121,126,5,44
5000,motor,motorboat,16.51,5.06,1.42,0.0,77,122,128,6,45
5043,motor,motorboat,12.23,3.51,1.17,5.6,77,123,125,2,46
5382,sail,sailboat,10.27,3.22,1.79,0.0,77,128,132,4,51
5446,motor,motorboat,22.0,6.56,2.05,17.7,77,129,136,7,52
5813,motor,motorboat,11.99,3.41,1.21,6.4,77,134,138,4,57
5914,super,yacht,23.52,6.52,3.1,39.7,77,136,137,1,59
6790,sail,sailboat,12.8,4.26,1.9,3.9,77,149,154,5,72
7339,motor,motorboat,16.84,4.88,1.79,6.6,77,159,162,3,82
7563,motor,motorboat,14.47,4.2,1.28,0.0,77,165,170,5,88
8317,sail,sailboat,12.16,3.81,2.19,0.0,77,182,183,1,105
2365,sail,sailboat,14.62,4.86,2.49,5.1,78,78,79,1,0
2385,small,motorboat,7.57,2.48,0.82,2.6,78,78,87,9,0
2388,sail,sailboat,13.33,4.2,2.27,3.3,78,78,85,7,0
2391,sail,sailboat,11.31,3.83,2.08,0.0,78,78,86,8,0
2395,small,motorboat,8.32,2.69,0.84,0.0,78,79,80,1,1
2413,sail,sailboat,13.65,4.34,2.3,0.0,78,79,90,11,1
2421,sail,sailboat,14.98,5.02,2.25,0.0,78,79,84,5,1
2428,small,motorboat,6.61,2.34,0.69,0.0,78,79,86,7,1
2446,sail,sailboat,16.87,5.47,2.64,12.2,78,80,83,3,2
2451,motor,motorboat,17.3,5.23,1.76,13.0,78,80,84,4,2
2455,motor,motorboat,17.46,5.42,1.73,12.5,78,80,84,4,2
2457,motor,motorboat,14.16,3.96,1.44,5.9,78,80,82,2,2
2464,sail,sailboat,13.75,4.57,2.53,3.3,78,80,82,2,2
2477,motor,motorboat,13.49,3.95,1.36,6.1,78,80,83,3,2
2487,motor,motorboat,15.85,4.78,1.49,13.1,78,80,86,6,2
2501,sail,sailboat,11.48,3.83,2.07,3.2,78,80,85,5,2
2534,motor,motorboat,12.99,4.04,1.37,3.9,78,81,85,4,3
2615,small,motorboat,9.4,3.31,1.0,2.9,78,83,85,2,5
2635,sail,sailboat,14.32,4.72,2.35,5.3,78,83,86,3,5
2715,super,yacht,22.61,6.39,2.56,25.3,78,85,88,3,7
2721,small,motorboat,6.92,2.3,0.73,2.0,78,86,88,2,8
2725,motor,motorboat,16.72,5.2,1.71,7.8,78,86,92,6,8
2728,motor,motorboat,18.68,5.24,1.63,9.8,78,86,92,6,8
2743,super,yacht,21.43,6.06,2.47,24.4,78,86,93,7,8
2811,small,motorboat,7.59,2.59,0.83,2.0,78,87,103,16,9
2824,motor,motorboat,14.84,4.63,1.57,0.0,78,87,92,5,9
2841,super,yacht,27.62,7.19,3.15,15.0,78,88,90,2,10
2846,sail,sailboat,16.9,5.68,2.74,12.2,78,88,92,4,10
2852,small,motorboat,7.89,2.54,0.79,0.0,78,88,91,3,10
2913,sail,sailboat,14.18,4.61,2.16,0.0,78,89,92,3,11
3038,motor,motorboat,22.0,6.57,1.9,37.9,78,91,95,4,13
3041,small,motorboat,9.46,3.38,0.93,0.0,78,92,95,3,14
3045,motor,motorboat,10.0,3.04,1.04,5.7,78,92,95,3,14
3066,sail,sailboat,14.03,4.3,2.21,0.0,78,92,98,6,14
3077,small,motorboat,8.32,2.95,0.84,2.7,78,92,102,10,14
3117,sail,sailboat,11.52,3.9,2.07,0.0,78,93,99,6,15
3199,super,yacht,22.7,5.84,2.73,28.6,78,94,97,3,16
3371,sail,sailboat,11.79,3.66,1.79,6.1,78,96,101,5,18
3726,super,yacht,28.06,7.13,3.66,29.3,78,102,109,7,24
3962,small,motorboat,6.1,2.08,0.57,3.0,78,106,107,1,28
4002,sail,sailboat,12.48,4.22,2.01,0.0,78,106,108,2,28
4067,motor,motorboat,16.07,4.9,1.41,0.0,78,107,113,6,29
4406,motor,motorboat,10.45,2.91,0.9,6.7,78,112,132,20,34
4448,super,yacht,26.06,6.87,3.32,33.8,78,113,115,2,35
4526,sail,sailboat,13.75,4.46,2.12,0.0,78,115,119,4,37
4533,sail,sailboat,13.03,3.96,2.27,5.6,78,115,134,19,37
5183,sail,sailboat,9.5,3.15,1.64,0.0,78,125,132,7,47
5346,small,motorboat,6.43,2.3,0.61,3.3,78,127,134,7,49
5614,super,yacht,22.18,5.98,2.56,29.7,78,131,143,12,53
6010,small,motorboat,7.83,2.73,0.78,2.7,78,137,139,2,59
6484,motor,motorboat,13.47,3.98,1.18,5.7,78,144,146,2,66
6632,super,yacht,27.57,7.41,3.13,28.2,78,146,160,14,68
7696,small,motorboat,7.51,2.64,0.82,0.0,78,168,171,3,90
8695,motor,motorboat,15.33,4.35,1.62,0.0,78,200,207,7,122
8860,super,yacht,25.32,6.55,3.32,19.0,78,208,213,5,130
2408,motor,motorboat,14.62,4.27,1.52,6.8,79,79,81,2,0
2420,small,motorboat,7.17,2.39,0.76,2.0,79,79,82,3,0
2427,motor,motorboat,18.41,5.42,1.82,13.5,79,79,86,7,0
2429,super,yacht,24.88,6.74,3.09,17.0,79,79,84,5,0
2461,motor,motorboat,17.23,4.92,1.56,12.6,79,80,82,2,1
2471,motor,motorboat,19.37,5.42,1.91,0.0,79,80,90,10,1
2476,super,yacht,25.92,6.61,3.31,23.5,79,80,86,6,1
2480,sail,sailboat,10.86,3.42,1.71,6.6,79,80,83,3,1
2496,small,motorboat,7.88,2.6,0.73,0.0,79,80,81,1,1
2535,sail,sailboat,11.86,3.64,2.01,4.5,79,81,84,3,2
2541,sail,sailboat,16.98,5.38,2.9,0.0,79,81,82,1,2
2545,motor,motorboat,13.28,3.76,1.15,5.8,79,81,86,5,2
2546,sail,sailboat,14.52,4.39,2.45,4.8,79,81,83,2,2
2547,motor,motorboat,11.47,3.52,1.14,4.4,79,81,82,1,2
2548,motor,motorboat,14.79,4.14,1.53,3.4,79,81,84,3,2
2552,sail,sailboat,17.0,5.37,3.07,12.6,79,81,82,1,2
2562,sail,sailboat,11.65,3.82,1.93,0.0,79,81,82,1,2
2633,sail,sailboat,10.14,3.34,1.57,4.7,79,83,86,3,4
2660,sail,sailboat,9.91,3.21,1.75,2.2,79,84,90,6,5
2672,sail,sailboat,11.85,3.6,1.95,6.2,79,84,93,9,5
2799,small,motorboat,8.34,2.81,0.81,2.9,79,87,90,3,8
2854,small,motorboat,9.19,3.09,0.95,0.0,79,88,90,2,9
2873,motor,motorboat,10.0,2.8,0.89,6.7,79,88,96,8,9
2876,super,yacht,27.15,7.11,3.35,27.2,79,88,94,6,9
2924,motor,motorboat,10.35,3.02,0.91,0.0,79,89,109,20,10
2928,sail,sailboat,9.5,3.17,1.56,2.2,79,89,92,3,10
2940,sail,sailboat,12.29,4.13,2.17,5.3,79,89,102,13,10
3310,sail,sailboat,13.11,4.1,2.05,4.0,79,95,99,4,16
3376,motor,motorboat,18.25,5.22,1.58,13.4,79,96,117,21,17
3479,small,motorboat,8.72,2.84,0.83,0.0,79,99,105,6,20
3672,super,yacht,28.78,8.21,3.46,39.4,79,101,102,1,22
3713,super,yacht,28.02,7.92,3.71,39.1,79,102,108,6,23
3825,sail,sailboat,9.5,3.17,1.48,3.1,79,103,104,1,24
3838,small,motorboat,7.23,2.48,0.75,2.8,79,104,116,12,25
4300,motor,motorboat,14.12,4.14,1.42,0.0,79,110,117,7,31
4747,sail,sailboat,13.83,4.43,2.42,3.7,79,118,125,7,39
4925,motor,motorboat,13.06,4.02,1.39,4.3,79,121,126,5,42
5011,motor,motorboat,14.21,4.36,1.42,5.3,79,122,127,5,43
5031,sail,sailboat,15.22,4.63,2.3,6.7,79,123,135,12,44
5101,sail,sailboat,14.43,4.69,2.62,3.7,79,123,124,1,44
5147,small,motorboat,8.26,2.92,0.78,0.0,79,124,130,6,45
5204,super,yacht,23.49,6.39,3.07,21.6,79,125,126,1,46
5504,sail,sailboat,16.31,5.29,2.79,13.1,79,130,137,7,51
5662,sail,sailboat,14.12,4.42,2.49,5.7,79,132,138,6,53
5683,small,motorboat,6.69,2.29,0.71,0.0,79,132,139,7,53
6148,sail,sailboat,9.5,2.88,1.52,3.3,79,139,140,1,60
6219,super,yacht,24.73,6.35,2.84,39.3,79,140,146,6,61
2439,sail,sailboat,14.7,4.96,2.21,4.0,80,80,83,3,0
2447,motor,motorboat,16.12,4.62,1.63,0.0,80,80,85,5,0
2467,motor,motorboat,16.39,4.76,1.57,8.0,80,80,89,9,0
2478,sail,sailboat,10.82,3.5,1.75,5.8,80,80,83,3,0
2495,motor,motorboat,10.76,3.04,1.09,6.9,80,80,109,29,0
2507,sail,sailboat,13.28,4.38,2.21,5.2,80,81,87,6,1
2517,sail,sailboat,12.71,3.89,2.05,6.4,80,81,88,7,1
2521,sail,sailboat,10.78,3.48,1.68,4.6,80,81,88,7,1
2559,sail,sailboat,15.9,5.11,2.91,11.4,80,81,83,2,1
2570,sail,sailboat,10.2,3.32,1.88,4.2,80,82,89,7,2
2586,motor,motorboat,17.61,5.44,1.63,9.5,80,82,83,1,2
2591,small,motorboat,8.6,2.86,0.89,0.0,80,82,85,3,2
2597,motor,motorboat,17.79,5.2,1.52,12.0,80,82,84,2,2
2598,sail,sailboat,15.33,4.97,2.72,10.8,80,82,93,11,2
2634,motor,motorboat,13.54,4.07,1.31,7.0,80,83,103,20,3
2646,small,motorboat,8.45,2.74,0.77,2.7,80,83,84,1,3
2695,sail,sailboat,14.73,4.92,2.38,5.7,80,85,91,6,5
2747,sail,sailboat,13.79,4.62,2.5,6.3,80,86,88,2,6
2768,motor,motorboat,14.74,4.14,1.36,4.5,80,86,89,3,6
2773,small,motorboat,7.4,2.46,0.78,0.0,80,87,94,7,7
2791,sail,sailboat,14.31,4.34,2.23,0.0,80,87,91,4,7
2839,sail,sailboat,11.73,3.83,1.9,5.9,80,88,92,4,8
2847,motor,motorboat,10.0,2.88,0.89,5.4,80,88,90,2,8
2891,sail,sailboat,9.5,3.1,1.46,0.0,80,88,105,17,8
2934,sail,sailboat,14.36,4.74,2.23,0.0,80,89,91,2,9
2938,sail,sailboat,12.9,4.01,2.09,0.0,80,89,96,7,9
2951,super,yacht,28.86,7.65,3.58,38.4,80,90,92,2,10
2958,small,motorboat,8.6,3.06,0.83,0.0,80,90,93,3,10
2959,motor,motorboat,21.45,6.56,1.88,38.3,80,90,92,2,10
2976,motor,motorboat,12.67,3.89,1.28,0.0,80,90,112,22,10
2982,sail,sailboat,11.14,3.73,1.93,0.0,80,90,92,2,10
3004,motor,motorboat,16.57,4.6,1.48,10.4,80,91,94,3,11
3006,sail,sailboat,13.68,4.51,2.41,5.0,80,91,97,6,11
3018,sail,sailboat,10.09,3.32,1.72,3.9,80,91,100,9,11
3058,small,motorboat,8.63,2.98,0.88,2.4,80,92,93,1,12
3078,small,motorboat,8.66,3.1,0.89,0.0,80,92,93,1,12
3121,motor,motorboat,15.95,4.96,1.58,10.9,80,93,95,2,13
3123,motor,motorboat,15.1,4.43,1.58,8.1,80,93,95,2,13
3142,sail,sailboat,13.08,4.39,2.21,6.6,80,93,97,4,13
3210,small,motorboat,8.47,2.82,0.77,0.0,80,94,114,20,14
3224,motor,motorboat,15.03,4.45,1.51,8.1,80,94,96,2,14
3363,motor,motorboat,19.03,5.44,2.02,7.2,80,96,97,1,16
3956,motor,motorboat,17.9,5.44,1.57,13.8,80,106,109,3,26
3989,sail,sailboat,9.5,3.02,1.75,0.0,80,106,111,5,26
4086,sail,sailboat,14.05,4.35,2.52,0.0,80,107,111,4,27
4362,sail,sailboat,11.25,3.79,1.67,3.0,80,112,116,4,32
4364,motor,motorboat,15.02,4.57,1.51,8.5,80,112,119,7,32
4408,sail,sailboat,15.38,4.93,2.59,0.0,80,113,115,2,33
4774,motor,motorboat,15.25,4.75,1.31,10.6,80,118,121,3,38
5371,motor,motorboat,16.68,4.87,1.74,13.9,80,128,158,30,48
5505,sail,sailboat,14.01,4.42,2.57,6.6,80,130,133,3,50
5741,sail,sailboat,16.58,5.11,2.92,13.6,80,133,134,1,53
5892,sail,sailboat,11.89,3.86,2.17,4.0,80,136,139,3,56
6051,sail,sailboat,14.97,4.85,2.44,5.6,80,137,142,5,57
8053,sail,sailboat,9.88,3.0,1.82,2.7,80,176,179,3,96
8599,super,yacht,28.49,7.29,3.48,35.0,80,196,198,2,116
8863,motor,motorboat,16.08,4.64,1.47,13.6,80,208,211,3,128
2505,sail,sailboat,12.45,4.01,2.07,6.8,81,81,84,3,0
2506,sail,sailboat,9.5,3.0,1.54,3.1,81,81,84,3,0
2510,motor,motorboat,13.82,4.04,1.22,4.0,81,81,85,4,0
2515,sail,sailboat,12.36,3.97,1.89,3.5,81,81,84,3,0
2527,sail,sailboat,16.08,4.93,2.95,10.9,81,81,83,2,0
2532,small,motorboat,8.92,3.09,0.94,2.0,81,81,84,3,0
2540,sail,sailboat,16.82,5.16,2.82,0.0,81,81,86,5,0
2551,motor,motorboat,14.43,4.44,1.41,4.5,81,81,86,5,0
2576,small,motorboat,6.36,2.19,0.71,2.9,81,82,95,13,1
2579,sail,sailboat,9.93,3.15,1.63,2.6,81,82,87,5,1
2580,motor,motorboat,16.22,4.76,1.63,12.9,81,82,84,2,1
2583,small,motorboat,8.34,2.72,0.91,0.0,81,82,83,1,1
2596,sail,sailboat,15.31,4.61,2.29,9.0,81,82,88,6,1
2599,sail,sailboat,13.4,4.34,2.2,3.5,81,82,87,5,1
2622,sail,sailboat,10.59,3.24,1.65,6.3,81,83,92,9,2
2624,sail,sailboat,13.97,4.48,2.33,6.4,81,83,86,3,2
2625,motor,motorboat,10.51,2.99,0.94,0.0,81,83,85,2,2
2671,sail,sailboat,13.37,4.26,2.44,5.6,81,84,85,1,3
2677,motor,motorboat,13.73,4.28,1.29,3.3,81,85,87,2,4
2687,small,motorboat,6.83,2.44,0.67,0.0,81,85,87,2,4
2745,sail,sailboat,12.63,3.95,1.95,4.6,81,86,90,4,5
2750,small,motorboat,7.9,2.79,0.82,2.6,81,86,89,3,5
2765,motor,motorboat,20.91,6.25,2.07,31.8,81,86,93,7,5
2870,motor,motorboat,14.76,4.41,1.27,3.6,81,88,91,3,7
2898,super,yacht,25.49,6.8,3.0,23.2,81,88,89,1,7
2949,motor,motorboat,13.79,4.08,1.25,3.4,81,89,91,2,8
2956,sail,sailboat,13.36,4.48,2.27,6.8,81,90,111,21,9
2990,sail,sailboat,13.6,4.56,2.49,0.0,81,91,93,2,10
3037,sail,sailboat,15.86,4.85,2.66,8.1,81,91,93,2,10
3049,motor,motorboat,10.97,3.32,0.95,6.1,81,92,97,5,11
3128,super,yacht,27.81,7.3,3.06,18.3,81,93,94,1,12
3140,sail,sailboat,13.31,4.12,2.11,3.3,81,93,97,4,12
3169,sail,sailboat,14.03,4.4,2.11,6.3,81,94,95,1,13
3179,sail,sailboat,12.33,3.89,1.85,6.8,81,94,99,5,13
3183,sail,sailboat,13.38,4.46,2.37,4.0,81,94,97,3,13
3204,small,motorboat,7.18,2.5,0.78,0.0,81,94,99,5,13
3219,super,yacht,26.65,7.37,3.49,29.1,81,94,98,4,13
3221,small,motorboat,8.9,2.88,0.99,0.0,81,94,95,1,13
3313,motor,motorboat,15.35,4.38,1.45,6.9,81,95,124,29,14
3430,sail,sailboat,13.19,4.36,2.39,0.0,81,98,109,11,17
3486,motor,motorboat,14.83,4.39,1.47,0.0,81,99,100,1,18
3582,motor,motorboat,15.18,4.69,1.53,6.7,81,100,104,4,19
3692,sail,sailboat,11.87,3.66,2.18,4.1,81,102,111,9,21
4072,small,motorboat,8.61,2.94,0.85,3.3,81,107,117,10,26
5069,super,yacht,26.15,7.37,2.98,26.9,81,123,128,5,42
5339,sail,sailboat,11.15,3.69,1.84,6.9,81,127,132,5,46
5435,sail,sailboat,15.63,4.97,2.81,11.2,81,129,131,2,48
5622,small,motorboat,6.47,2.29,0.72,2.8,81,131,134,3,50
5795,small,motorboat,7.97,2.67,0.87,0.0,81,134,140,6,53
5864,super,yacht,27.67,7.11,3.31,17.9,81,135,138,3,54
7016,sail,sailboat,11.97,3.6,1.9,4.5,81,152,155,3,71
2567,sail,sailboat,13.57,4.17,2.2,0.0,82,82,93,11,0
2595,motor,motorboat,14.09,4.06,1.23,5.4,82,82,84,2,0
2600,small,motorboat,8.34,2.98,0.88,0.0,82,82,95,13,0
2602,motor,motorboat,18.53,5.37,1.8,0.0,82,82,83,1,0
2604,sail,sailboat,13.17,4.11,2.03,6.2,82,82,110,28,0
2606,sail,sailboat,15.84,5.36,2.72,13.2,82,82,89,7,0
2623,sail,sailboat,13.58,4.46,2.22,6.2,82,83,90,7,1
2640,small,motorboat,9.34,3.31,0.89,3.1,82,83,86,3,1
2642,motor,motorboat,14.13,3.95,1.47,0.0,82,83,95,12,1
2647,small,motorboat,7.8,2.71,0.76,0.0,82,83,86,3,1
2662,motor,motorboat,18.31,5.7,1.79,10.9,82,84,87,3,2
2664,sail,sailboat,14.31,4.39,2.22,6.4,82,84,95,11,2
2678,motor,motorboat,19.01,5.31,1.68,9.5,82,85,92,7,3
2685,motor,motorboat,13.87,4.13,1.47,3.8,82,85,87,2,3
2732,motor,motorboat,13.67,4.05,1.24,4.7,82,86,90,4,4
2741,sail,sailboat,12.58,4.12,2.03,0.0,82,86,88,2,4
2770,motor,motorboat,10.85,3.26,1.03,4.8,82,87,89,2,5
2777,super,yacht,21.24,5.77,2.76,22.1,82,87,89,2,5
2840,sail,sailboat,16.41,5.32,2.69,0.0,82,88,95,7,6
2879,sail,sailboat,12.95,4.32,2.04,6.2,82,88,89,1,6
2884,sail,sailboat,15.7,5.01,2.65,13.9,82,88,94,6,6
2963,sail,sailboat,15.2,4.89,2.76,0.0,82,90,93,3,8
2995,sail,sailboat,16.87,5.6,3.1,9.2,82,91,100,9,9
3030,sail,sailboat,17.0,5.54,2.57,0.0,82,91,92,1,9
3042,small,motorboat,6.96,2.41,0.76,2.1,82,92,95,3,10
3096,super,yacht,24.74,6.64,2.85,32.2,82,93,94,1,11
3203,motor,motorboat,10.16,2.86,0.91,5.8,82,94,110,16,12
3225,small,motorboat,6.46,2.22,0.67,0.0,82,94,98,4,12
3235,sail,sailboat,11.32,3.65,1.83,5.1,82,94,95,1,12
3237,motor,motorboat,16.78,5.01,1.65,11.5,82,94,97,3,12
3238,sail,sailboat,13.6,4.18,2.36,4.3,82,94,108,14,12
3269,motor,motorboat,15.57,4.6,1.46,11.2,82,95,98,3,13
3282,motor,motorboat,14.93,4.34,1.3,5.3,82,95,100,5,13
3283,motor,motorboat,11.24,3.39,1.03,3.4,82,95,98,3,13
3289,motor,motorboat,15.14,4.56,1.45,12.7,82,95,100,5,13
3304,motor,motorboat,14.51,4.33,1.28,5.1,82,95,96,1,13
3321,motor,motorboat,15.49,4.68,1.63,12.7,82,95,98,3,13
3514,sail,sailboat,11.25,3.47,1.7,3.6,82,99,105,6,17
3665,sail,sailboat,15.22,4.88,2.44,11.4,82,101,108,7,19
4066,sail,sailboat,14.46,4.57,2.66,0.0,82,107,110,3,25
4584,super,yacht,24.97,7.07,2.71,19.9,82,115,131,16,33
4667,sail,sailboat,13.7,4.5,2.44,5.5,82,116,118,2,34
4904,sail,sailboat,12.87,4.36,2.36,3.0,82,121,126,5,39
4973,small,motorboat,6.66,2.2,0.69,2.2,82,122,129,7,40
5668,super,yacht,20.1,5.62,2.34,37.4,82,132,133,1,50
5716,small,motorboat,9.42,3.29,0.94,0.0,82,133,135,2,51
5723,sail,sailboat,13.27,4.39,2.2,3.4,82,133,140,7,51
5790,sail,sailboat,14.49,4.75,2.62,3.9,82,134,139,5,52
6332,motor,motorboat,13.33,3.75,1.36,5.3,82,142,156,14,60
6333,super,yacht,20.01,5.28,2.56,34.9,82,142,143,1,60
7534,sail,sailboat,14.49,4.79,2.44,6.8,82,164,166,2,82
2621,sail,sailboat,12.25,3.82,1.97,4.5,83,83,91,8,0
2639,sail,sailboat,13.0,4.27,2.36,4.6,83,83,86,3,0
2641,sail,sailboat,17.0,5.52,2.85,9.7,83,83,86,3,0
2656,sail,sailboat,13.29,4.19,2.26,5.4,83,84,86,2,1
2657,small,motorboat,9.44,3.1,0.97,0.0,83,84,86,2,1
2692,motor,motorboat,15.99,4.63,1.54,8.0,83,85,99,14,2
2726,sail,sailboat,13.03,3.96,2.37,5.5,83,86,91,5,3
2729,sail,sailboat,17.0,5.33,2.68,0.0,83,86,100,14,3
2918,sail,sailboat,12.5,4.17,2.15,3.7,83,89,91,2,6
3002,motor,motorboat,15.41,4.34,1.39,12.6,83,91,97,6,8
3005,motor,motorboat,16.76,4.78,1.58,0.0,83,91,96,5,8
3022,sail,sailboat,14.69,4.49,2.18,3.9,83,91,94,3,8
3057,motor,motorboat,12.75,3.82,1.25,4.6,83,92,96,4,9
3073,sail,sailboat,15.48,4.73,2.38,7.8,83,92,95,3,9
3149,motor,motorboat,15.19,4.73,1.6,6.1,83,93,105,12,10
3151,sail,sailboat,12.63,4.07,2.13,0.0,83,93,99,6,10
3190,small,motorboat,8.45,2.86,0.91,0.0,83,94,99,5,11
3271,sail,sailboat,10.92,3.46,1.96,5.6,83,95,96,1,12
3300,sail,sailboat,17.0,5.56,2.61,0.0,83,95,97,2,12
3316,sail,sailboat,12.45,3.93,2.01,3.5,83,95,98,3,12
3318,sail,sailboat,15.16,4.8,2.69,13.9,83,95,98,3,12
3351,sail,sailboat,13.09,4.22,2.1,3.1,83,96,98,2,13
3368,small,motorboat,8.87,2.97,0.99,3.2,83,96,98,2,13
3374,motor,motorboat,11.29,3.3,1.04,4.1,83,96,98,2,13
3399,motor,motorboat,16.45,4.7,1.71,9.0,83,97,98,1,14
3735,motor,motorboat,11.98,3.47,1.14,0.0,83,102,108,6,19
4173,super,yacht,23.13,5.95,2.51,14.4,83,109,139,30,26
4476,sail,sailboat,11.01,3.43,1.68,5.8,83,114,115,1,31
4645,sail,sailboat,11.89,3.93,2.15,4.1,83,116,120,4,33
5168,super,yacht,25.37,6.53,3.21,25.6,83,124,127,3,41
5397,motor,motorboat,12.47,3.65,1.15,5.5,83,128,135,7,45
5429,motor,motorboat,17.42,4.98,1.65,13.8,83,129,130,1,46
5436,sail,sailboat,13.4,4.3,2.42,6.6,83,129,136,7,46
5447,sail,sailboat,11.01,3.46,1.85,3.7,83,129,136,7,46
5487,motor,motorboat,21.68,6.05,2.06,19.8,83,129,132,3,46
5680,sail,sailboat,10.48,3.48,1.64,4.7,83,132,139,7,49
5757,super,yacht,23.57,6.26,3.13,15.8,83,134,137,3,51
5814,sail,sailboat,9.5,3.12,1.7,2.6,83,134,137,3,51
5881,motor,motorboat,15.28,4.64,1.34,9.0,83,136,137,1,53
6003,super,yacht,24.53,7.02,3.05,32.5,83,137,145,8,54
6315,super,yacht,25.61,6.54,3.24,18.1,83,142,144,2,59
7425,sail,sailboat,12.53,3.98,2.17,0.0,83,162,168,6,79
2651,small,motorboat,6.74,2.27,0.72,0.0,84,84,86,2,0
2675,small,motorboat,8.43,3.04,0.9,0.0,84,84,93,9,0
2680,small,motorboat,6.98,2.34,0.68,0.0,84,85,89,4,1
2697,sail,sailboat,12.67,3.99,2.21,3.8,84,85,90,5,1
2714,small,motorboat,7.44,2.58,0.82,0.0,84,85,88,3,1
2737,motor,motorboat,13.44,4.14,1.4,5.3,84,86,87,1,2
2740,motor,motorboat,17.47,4.94,1.63,7.6,84,86,88,2,2
2746,sail,sailboat,13.25,4.18,2.39,0.0,84,86,91,5,2
2749,motor,motorboat,14.08,4.18,1.21,4.3,84,86,87,1,2
2754,sail,sailboat,11.22,3.74,1.67,0.0,84,86,90,4,2
2822,sail,sailboat,15.1,4.82,2.51,12.3,84,87,100,13,3
2853,small,motorboat,8.95,2.88,0.92,3.3,84,88,89,1,4
2887,sail,sailboat,11.63,3.59,1.83,6.7,84,88,91,3,4
2902,small,motorboat,7.06,2.53,0.79,2.9,84,88,92,4,4
2920,motor,motorboat,21.39,6.09,2.13,0.0,84,89,92,3,5
2997,sail,sailboat,13.33,4.46,2.28,5.3,84,91,93,2,7
3025,small,motorboat,7.05,2.3,0.78,0.0,84,91,93,2,7
3101,sail,sailboat,11.28,3.77,1.84,3.5,84,93,94,1,9
3132,sail,sailboat,12.53,4.22,2.11,3.2,84,93,95,2,9
3154,sail,sailboat,12.49,3.93,2.2,6.3,84,93,121,28,9
3182,sail,sailboat,11.98,3.94,1.99,0.0,84,94,97,3,10
3206,motor,motorboat,18.89,5.3,2.0,0.0,84,94,96,2,10
3305,sail,sailboat,13.76,4.17,2.45,0.0,84,95,98,3,11
3329,sail,sailboat,12.38,3.79,1.9,0.0,84,95,96,1,11
3331,super,yacht,28.49,7.73,3.21,36.7,84,96,103,7,12
3336,sail,sailboat,17.0,5.55,2.69,9.7,84,96,102,6,12
3347,sail,sailboat,11.54,3.52,2.13,3.9,84,96,104,8,12
3401,small,motorboat,8.32,2.9,0.93,3.3,84,97,103,6,13
3745,small,motorboat,8.53,2.88,0.77,0.0,84,102,109,7,18
3783,sail,sailboat,10.09,3.08,1.52,4.8,84,103,105,2,19
4098,motor,motorboat,19.41,5.59,1.86,11.9,84,108,113,5,24
4642,super,yacht,25.57,6.8,3.43,20.8,84,116,125,9,32
4709,sail,sailboat,10.56,3.2,1.72,0.0,84,117,120,3,33
4780,motor,motorboat,10.0,2.85,1.0,6.0,84,118,124,6,34
4814,small,motorboat,6.05,2.07,0.63,2.7,84,119,130,11,35
5477,super,yacht,28.17,7.3,3.48,17.0,84,129,136,7,45
5608,sail,sailboat,9.89,3.07,1.78,0.0,84,131,140,9,47
6157,motor,motorboat,18.43,5.49,1.78,11.2,84,139,140,1,55
8613,sail,sailboat,9.5,3.2,1.48,2.3,84,197,203,6,113
2676,small,motorboat,7.81,2.81,0.77,0.0,85,85,86,1,0
2683,sail,sailboat,15.94,5.34,2.83,7.0,85,85,86,1,0
2702,motor,motorboat,16.54,5.1,1.64,11.9,85,85,112,27,0
2704,sail,sailboat,16.07,5.1,2.95,9.4,85,85,86,1,0
2717,sail,sailboat,11.21,3.41,1.79,0.0,85,85,89,4,0
2718,motor,motorboat,12.82,3.67,1.33,6.9,85,85,92,7,0
2719,sail,sailboat,12.89,4.33,2.23,0.0,85,85,86,1,0
2755,motor,motorboat,16.75,5.08,1.78,11.6,85,86,92,6,1
2759,motor,motorboat,16.01,4.95,1.54,10.4,85,86,93,7,1
2762,small,motorboat,9.16,3.09,0.9,0.0,85,86,102,16,1
2763,sail,sailboat,10.82,3.6,1.77,0.0,85,86,98,12,1
2764,small,motorboat,6.7,2.19,0.63,0.0,85,86,87,1,1
2766,sail,sailboat,10.01,3.1,1.66,6.2,85,86,88,2,1
2772,motor,motorboat,13.7,4.25,1.45,5.0,85,87,88,1,2
2788,sail,sailboat,12.34,4.07,2.0,5.9,85,87,88,1,2
2789,sail,sailboat,10.49,3.56,1.59,4.3,85,87,97,10,2
2808,sail,sailboat,14.54,4.88,2.23,7.0,85,87,90,3,2
2809,small,motorboat,7.89,2.65,0.79,3.4,85,87,91,4,2
2833,sail,sailboat,12.57,4.25,2.09,0.0,85,87,89,2,2
2868,small,motorboat,7.48,2.56,0.74,0.0,85,88,89,1,3
2975,small,motorboat,6.9,2.23,0.73,0.0,85,90,94,4,5
2991,sail,sailboat,12.04,3.74,1.98,0.0,85,91,93,2,6
3013,motor,motorboat,15.8,4.45,1.59,6.7,85,91,95,4,6
3027,sail,sailboat,15.21,4.71,2.74,9.4,85,91,97,6,6
3053,small,motorboat,9.01,3.05,0.86,2.6,85,92,94,2,7
3081,sail,sailboat,11.5,3.5,2.09,3.1,85,92,94,2,7
3085,sail,sailboat,14.55,4.73,2.53,6.4,85,92,94,2,7
3099,sail,sailboat,13.07,4.27,2.24,3.9,85,93,94,1,8
3113,motor,motorboat,17.71,5.0,1.54,0.0,85,93,95,2,8
3223,small,motorboat,7.95,2.8,0.88,0.0,85,94,97,3,9
3253,motor,motorboat,12.24,3.82,1.28,0.0,85,95,98,3,10
3276,sail,sailboat,15.74,4.9,2.39,12.3,85,95,99,4,10
3298,small,motorboat,8.2,2.94,0.83,0.0,85,95,101,6,10
3344,motor,motorboat,11.59,3.51,1.21,6.6,85,96,100,4,11
3419,sail,sailboat,12.18,3.71,2.14,0.0,85,97,100,3,12
3427,motor,motorboat,11.17,3.1,1.14,5.2,85,97,101,4,12
3443,sail,sailboat,13.29,4.25,2.16,6.0,85,98,100,2,13
3458,motor,motorboat,17.05,4.95,1.57,6.5,85,98,101,3,13
3470,motor,motorboat,13.06,3.86,1.12,4.4,85,98,101,3,13
3627,sail,sailboat,12.72,4.17,2.29,5.5,85,101,105,4,16
4034,super,yacht,27.0,7.03,3.63,26.0,85,107,117,10,22
4114,small,motorboat,7.22,2.41,0.81,3.0,85,108,111,3,23
4171,sail,sailboat,15.31,4.92,2.79,12.9,85,108,110,2,23
4264,sail,sailboat,14.4,4.63,2.63,5.8,85,110,111,1,25
4311,sail,sailboat,13.78,4.49,2.24,0.0,85,111,113,2,26
4402,sail,sailboat,10.35,3.2,1.87,0.0,85,112,113,1,27
4767,motor,motorboat,13.6,3.99,1.34,6.6,85,118,140,22,33
5269,motor,motorboat,15.3,4.3,1.42,10.4,85,126,128,2,41
5537,sail,sailboat,13.15,4.08,1.99,3.6,85,130,139,9,45
5632,super,yacht,20.74,5.77,2.75,18.8,85,131,135,4,46
5690,small,motorboat,7.28,2.44,0.71,0.0,85,132,133,1,47
5761,sail,sailboat,11.51,3.5,2.01,5.6,85,134,140,6,49
5807,motor,motorboat,17.93,5.03,1.88,7.5,85,134,135,1,49
5906,super,yacht,25.56,7.0,2.99,20.6,85,136,137,1,51
5963,super,yacht,22.2,5.81,2.69,0.0,85,136,139,3,51
6539,motor,motorboat,13.65,4.07,1.36,5.8,85,145,147,2,60
6554,sail,sailboat,11.0,3.63,2.03,6.1,85,145,148,3,60
2720,sail,sailboat,13.37,4.36,2.43,6.6,86,86,92,6,0
2727,sail,sailboat,10.83,3.45,1.62,0.0,86,86,89,3,0
2742,sail,sailboat,14.38,4.74,2.17,3.7,86,86,89,3,0
2760,small,motorboat,8.1,2.77,0.89,2.7,86,86,87,1,0
2769,sail,sailboat,15.69,5.01,2.78,8.4,86,87,90,3,1
2778,motor,motorboat,10.63,3.23,0.94,6.8,86,87,88,1,1
2802,sail,sailboat,11.0,3.54,1.97,6.5,86,87,93,6,1
2807,sail,sailboat,12.87,3.88,2.3,3.4,86,87,89,2,1
2813,motor,motorboat,11.3,3.2,1.09,5.3,86,87,89,2,1
2814,motor,motorboat,15.21,4.69,1.57,6.3,86,87,89,2,1
2825,sail,sailboat,10.88,3.6,1.76,5.8,86,87,88,1,1
2834,motor,motorboat,15.14,4.62,1.38,11.1,86,87,89,2,1
2842,sail,sailboat,14.56,4.9,2.55,4.4,86,88,98,10,2
2844,sail,sailboat,12.93,4.12,2.01,6.6,86,88,94,6,2
2851,sail,sailboat,11.93,3.9,2.14,5.5,86,88,93,5,2
2867,sail,sailboat,11.15,3.62,1.67,3.8,86,88,94,6,2
2872,sail,sailboat,15.19,5.14,2.42,6.7,86,88,91,3,2
2881,sail,sailboat,11.81,3.98,1.9,6.8,86,88,91,3,2
2882,sail,sailboat,11.35,3.71,1.78,4.2,86,88,96,8,2
2892,motor,motorboat,19.09,5.52,1.83,7.3,86,88,89,1,2
2899,sail,sailboat,14.09,4.51,2.48,5.7,86,88,91,3,2
2965,sail,sailboat,13.46,4.22,2.33,5.6,86,90,103,13,4
2983,sail,sailboat,15.23,4.66,2.32,7.1,86,90,94,4,4
3026,sail,sailboat,15.79,5.26,2.57,13.9,86,91,94,3,5
3059,motor,motorboat,17.0,5.06,1.54,11.2,86,92,93,1,6
3064,small,motorboat,7.55,2.7,0.73,0.0,86,92,93,1,6
3146,sail,sailboat,16.24,5.04,2.44,12.6,86,93,99,6,7
3181,super,yacht,23.02,6.19,2.74,15.7,86,94,96,2,8
3197,small,motorboat,7.06,2.45,0.78,0.0,86,94,106,12,8
3212,motor,motorboat,14.86,4.44,1.49,4.6,86,94,98,4,8
3406,sail,sailboat,13.54,4.52,2.46,6.8,86,97,99,2,11
3408,motor,motorboat,19.06,5.54,1.97,7.9,86,97,99,2,11
3423,sail,sailboat,14.95,4.52,2.55,4.2,86,97,99,2,11
3432,motor,motorboat,17.63,5.5,1.85,7.4,86,98,100,2,12
3436,small,motorboat,7.99,2.73,0.83,0.0,86,98,99,1,12
3453,motor,motorboat,15.99,4.86,1.64,12.5,86,98,101,3,12
3460,sail,sailboat,9.58,3.09,1.66,3.0,86,98,104,6,12
3471,super,yacht,23.5,6.34,2.88,35.7,86,98,105,7,12
3481,sail,sailboat,13.75,4.66,2.47,6.9,86,99,101,2,13
3490,motor,motorboat,14.75,4.33,1.28,6.6,86,99,100,1,13
3537,sail,sailboat,13.63,4.13,2.33,5.8,86,100,108,8,14
4053,sail,sailboat,14.89,4.78,2.3,5.7,86,107,110,3,21
4192,motor,motorboat,19.52,6.08,2.02,9.2,86,109,110,1,23
4881,sail,sailboat,11.18,3.44,2.01,3.4,86,120,126,6,34
4949,super,yacht,22.7,6.16,2.97,21.0,86,121,122,1,35
5077,motor,motorboat,19.02,5.47,1.71,7.3,86,123,130,7,37
5583,small,motorboat,7.86,2.64,0.78,0.0,86,130,134,4,44
6023,motor,motorboat,17.3,5.4,1.81,12.4,86,137,141,4,51
6037,small,motorboat,8.62,3.07,0.83,0.0,86,137,138,1,51
6293,sail,sailboat,14.08,4.49,2.28,0.0,86,141,144,3,55
6372,motor,motorboat,12.54,3.76,1.29,0.0,86,143,146,3,57
6424,motor,motorboat,16.68,5.04,1.53,8.7,86,143,146,3,57
6636,motor,motorboat,16.11,4.68,1.42,13.0,86,146,147,1,60
6916,sail,sailboat,11.94,3.71,1.88,4.7,86,150,160,10,64
8301,small,motorboat,8.77,2.88,0.85,2.7,86,182,183,1,96
8920,sail,sailboat,14.15,4.77,2.48,5.7,86,212,214,2,126
2775,motor,motorboat,15.79,4.43,1.57,9.6,87,87,90,3,0
2776,small,motorboat,7.42,2.42,0.81,3.1,87,87,93,6,0
2786,motor,motorboat,13.58,3.77,1.41,0.0,87,87,90,3,0
2787,sail,sailboat,14.46,4.44,2.63,3.3,87,87,89,2,0
2795,motor,motorboat,14.73,4.42,1.5,0.0,87,87,93,6,0
2796,sail,sailboat,13.92,4.34,2.12,6.3,87,87,90,3,0
2806,sail,sailboat,11.45,3.59,1.95,0.0,87,87,88,1,0
2815,sail,sailboat,10.23,3.13,1.87,4.9,87,87,90,3,0
2816,motor,motorboat,10.64,3.02,0.98,6.0,87,87,89,2,0
2817,super,yacht,21.4,5.95,2.33,27.3,87,87,89,2,0
2827,motor,motorboat,19.56,5.68,2.04,13.9,87,87,88,1,0
2832,sail,sailboat,10.48,3.43,1.87,5.4,87,87,89,2,0
2836,motor,motorboat,19.36,5.56,1.98,0.0,87,88,92,4,1
2857,motor,motorboat,13.45,4.02,1.26,5.1,87,88,91,3,1
2865,small,motorboat,6.11,2.17,0.68,0.0,87,88,89,1,1
2886,sail,sailboat,15.91,5.07,2.71,9.3,87,88,91,3,1
2893,sail,sailboat,11.87,3.64,1.86,4.0,87,88,89,1,1
2907,motor,motorboat,14.79,4.58,1.29,5.8,87,89,90,1,2
2909,sail,sailboat,12.75,4.32,2.15,4.3,87,89,93,4,2
2925,motor,motorboat,13.0,3.79,1.3,0.0,87,89,100,11,2
2936,sail,sailboat,9.5,2.99,1.64,3.5,87,89,91,2,2
2942,sail,sailboat,13.37,4.19,2.43,4.1,87,89,96,7,2
2946,motor,motorboat,17.74,4.96,1.6,9.8,87,89,100,11,2
2970,small,motorboat,7.92,2.75,0.86,2.8,87,90,92,2,3
2986,motor,motorboat,19.73,5.58,1.75,8.8,87,90,104,14,3
3060,sail,sailboat,13.05,3.96,2.2,4.3,87,92,95,3,5
3083,motor,motorboat,15.07,4.36,1.49,11.8,87,92,94,2,5
3107,sail,sailboat,12.62,3.95,2.14,6.4,87,93,106,13,6
3159,motor,motorboat,21.35,6.19,2.03,39.5,87,94,96,2,7
3191,small,motorboat,6.36,2.21,0.71,0.0,87,94,99,5,7
3217,sail,sailboat,15.48,5.09,2.62,8.3,87,94,95,1,7
3218,small,motorboat,9.05,3.16,0.84,0.0,87,94,104,10,7
3230,motor,motorboat,14.92,4.24,1.51,4.9,87,94,95,1,7
3251,motor,motorboat,13.65,4.1,1.32,4.6,87,95,101,6,8
3275,super,yacht,20.9,5.55,2.51,18.9,87,95,96,1,8
3294,sail,sailboat,12.12,4.02,2.03,4.3,87,95,97,2,8
3359,sail,sailboat,15.03,4.73,2.46,10.9,87,96,100,4,9
3394,small,motorboat,8.64,2.98,0.81,0.0,87,97,99,2,10
3413,small,motorboat,9.24,3.14,1.0,0.0,87,97,98,1,10
3420,sail,sailboat,14.39,4.44,2.55,5.4,87,97,98,1,10
3525,motor,motorboat,14.09,3.93,1.28,5.7,87,99,100,1,12
3527,motor,motorboat,13.15,3.65,1.39,5.8,87,99,100,1,12
3565,motor,motorboat,14.72,4.24,1.3,6.9,87,100,105,5,13
3568,small,motorboat,8.62,2.85,0.92,2.6,87,100,104,4,13
3641,sail,sailboat,11.81,3.73,1.99,5.5,87,101,102,1,14
3934,sail,sailboat,12.01,3.79,1.96,3.5,87,105,111,6,18
4124,sail,sailboat,15.53,4.95,2.62,0.0,87,108,109,1,21
4416,sail,sailboat,14.56,4.72,2.59,4.4,87,113,116,3,26
4657,small,motorboat,9.13,3.18,0.89,2.1,87,116,126,10,29
4821,super,yacht,27.97,7.65,3.7,33.3,87,119,131,12,32
4992,super,yacht,27.11,7.26,3.16,28.2,87,122,127,5,35
5030,sail,sailboat,12.61,3.79,1.93,4.8,87,123,125,2,36
5127,sail,sailboat,10.52,3.21,1.89,0.0,87,124,125,1,37
5615,motor,motorboat,14.22,4.27,1.24,3.9,87,131,150,19,44
5679,small,motorboat,6.85,2.27,0.72,3.2,87,132,136,4,45
5854,motor,motorboat,12.2,3.72,1.06,4.8,87,135,136,1,48
5934,sail,sailboat,9.5,3.22,1.5,2.3,87,136,141,5,49
5941,motor,motorboat,18.22,5.29,1.78,11.4,87,136,139,3,49
6022,motor,motorboat,15.08,4.27,1.55,11.4,87,137,138,1,50
6222,sail,sailboat,13.0,4.0,1.96,5.0,87,140,143,3,53
6257,small,motorboat,8.27,2.97,0.77,0.0,87,141,165,24,54
6280,sail,sailboat,17.0,5.49,2.59,0.0,87,141,147,6,54
2845,sail,sailboat,11.09,3.67,2.04,6.9,88,88,91,3,0
2862,small,motorboat,7.39,2.48,0.79,2.5,88,88,90,2,0
2871,motor,motorboat,13.12,3.68,1.32,0.0,88,88,93,5,0
2900,motor,motorboat,16.4,4.87,1.49,11.7,88,88,90,2,0
2935,motor,motorboat,16.46,4.92,1.53,13.6,88,89,95,6,1
2941,sail,sailboat,15.87,5.33,2.47,8.5,88,89,91,2,1
2953,sail,sailboat,13.77,4.16,2.42,5.1,88,90,92,2,2
2954,motor,motorboat,16.66,4.64,1.74,8.2,88,90,91,1,2
2955,motor,motorboat,13.55,4.09,1.3,5.4,88,90,91,1,2
2960,motor,motorboat,13.86,4.11,1.22,5.5,88,90,95,5,2
2969,motor,motorboat,11.1,3.24,0.95,5.5,88,90,94,4,2
2971,motor,motorboat,14.72,4.51,1.37,4.3,88,90,92,2,2
2988,super,yacht,21.21,5.57,2.68,38.9,88,91,97,6,3
3007,sail,sailboat,12.92,3.93,1.93,0.0,88,91,94,3,3
3065,small,motorboat,7.33,2.51,0.69,0.0,88,92,95,3,4
3094,sail,sailboat,11.4,3.82,1.78,5.6,88,93,95,2,5
3125,super,yacht,26.43,7.04,3.48,37.6,88,93,96,3,5
3137,small,motorboat,9.12,3.17,0.93,2.2,88,93,94,1,5
3198,sail,sailboat,12.37,4.07,2.18,4.4,88,94,96,2,6
3220,sail,sailboat,14.18,4.49,2.4,0.0,88,94,97,3,6
3229,sail,sailboat,14.8,4.97,2.73,0.0,88,94,103,9,6
3263,sail,sailboat,11.97,3.98,2.01,0.0,88,95,96,1,7
3265,sail,sailboat,9.5,3.16,1.51,0.0,88,95,99,4,7
3292,sail,sailboat,17.0,5.25,2.8,8.8,88,95,108,13,7
3297,super,yacht,27.4,7.63,3.51,20.2,88,95,98,3,7
3306,sail,sailboat,11.34,3.45,1.99,5.7,88,95,103,8,7
3307,super,yacht,28.93,8.07,3.74,37.5,88,95,97,2,7
3319,sail,sailboat,16.25,5.16,2.64,12.5,88,95,96,1,7
3398,sail,sailboat,11.38,3.75,1.94,3.1,88,97,110,13,9
3447,small,motorboat,7.47,2.57,0.69,0.0,88,98,100,2,10
3448,motor,motorboat,17.5,5.29,1.66,8.2,88,98,100,2,10
3549,sail,sailboat,9.5,3.12,1.7,2.2,88,100,114,14,12
3588,small,motorboat,6.46,2.13,0.59,0.0,88,100,101,1,12
3637,sail,sailboat,12.04,3.99,2.21,6.8,88,101,106,5,13
3721,sail,sailboat,13.95,4.66,2.32,5.2,88,102,104,2,14
3844,sail,sailboat,12.47,3.81,2.18,4.4,88,104,109,5,16
3959,super,yacht,27.8,7.63,3.47,22.7,88,106,111,5,18
3969,sail,sailboat,11.57,3.55,1.87,0.0,88,106,109,3,18
4108,motor,motorboat,10.56,2.95,1.01,0.0,88,108,115,7,20
4223,sail,sailboat,13.93,4.21,2.3,0.0,88,109,111,2,21
4427,small,motorboat,8.59,2.99,0.85,2.7,88,113,116,3,25
4603,super,yacht,28.41,8.04,3.28,27.5,88,116,118,2,28
4635,motor,motorboat,10.45,2.92,1.02,3.8,88,116,118,2,28
4675,sail,sailboat,11.65,3.53,2.12,3.9,88,116,118,2,28
4743,sail,sailboat,16.22,5.37,2.81,10.2,88,117,119,2,29
4805,motor,motorboat,17.1,4.98,1.61,13.9,88,119,120,1,31
4828,sail,sailboat,15.67,4.89,2.72,7.0,88,119,120,1,31
4888,small,motorboat,6.47,2.18,0.71,2.1,88,120,143,23,32
4987,sail,sailboat,13.8,4.51,2.14,4.7,88,122,126,4,34
5060,super,yacht,24.17,6.4,2.97,35.9,88,123,127,4,35
5596,sail,sailboat,13.31,4.28,2.01,5.8,88,131,132,1,43
6031,sail,sailboat,10.7,3.34,1.62,4.9,88,137,138,1,49
6139,sail,sailboat,12.93,3.93,2.04,6.9,88,139,141,2,51
2905,motor,motorboat,14.93,4.41,1.35,5.6,89,89,91,2,0
2910,sail,sailboat,15.12,4.74,2.73,11.5,89,89,95,6,0
2912,motor,motorboat,19.37,5.86,1.91,12.2,89,89,91,2,0
2922,sail,sailboat,12.04,3.7,2.21,6.5,89,89,98,9,0
2930,small,motorboat,9.12,3.28,0.84,2.5,89,89,92,3,0
2950,small,motorboat,6.91,2.24,0.65,0.0,89,90,96,6,1
2964,motor,motorboat,20.24,5.92,1.99,0.0,89,90,92,2,1
2968,sail,sailboat,15.46,4.9,2.81,11.0,89,90,92,2,1
2980,motor,motorboat,13.55,4.1,1.16,3.9,89,90,95,5,1
2987,sail,sailboat,9.86,3.33,1.65,3.1,89,90,97,7,1
2993,motor,motorboat,14.84,4.2,1.3,6.5,89,91,92,1,2
2994,small,motorboat,8.06,2.75,0.76,0.0,89,91,95,4,2
3001,motor,motorboat,15.57,4.33,1.43,11.3,89,91,93,2,2
3008,sail,sailboat,9.5,3.17,1.67,2.6,89,91,97,6,2
3020,sail,sailboat,9.5,3.14,1.59,2.3,89,91,94,3,2
3031,sail,sailboat,11.84,3.75,2.1,5.2,89,91,94,3,2
3040,motor,motorboat,17.97,5.44,1.7,11.2,89,92,96,4,3
3084,motor,motorboat,13.33,4.07,1.19,3.7,89,92,93,1,3
3135,super,yacht,23.13,6.59,3.06,38.0,89,93,94,1,4
3144,sail,sailboat,9.5,2.92,1.67,0.0,89,93,94,1,4
3233,sail,sailboat,14.5,4.8,2.24,0.0,89,94,97,3,5
3264,small,motorboat,8.76,2.91,0.9,0.0,89,95,98,3,6
3295,motor,motorboat,19.79,5.82,2.07,10.6,89,95,97,2,6
3326,motor,motorboat,20.82,6.36,1.97,0.0,89,95,96,1,6
3330,motor,motorboat,19.75,6.13,1.74,12.9,89,95,97,2,6
3337,small,motorboat,8.24,2.65,0.79,2.8,89,96,101,5,7
3338,motor,motorboat,16.85,4.87,1.51,12.1,89,96,97,1,7
3339,sail,sailboat,13.39,4.17,2.38,6.6,89,96,97,1,7
3352,super,yacht,21.5,5.76,2.87,27.3,89,96,98,2,7
3396,sail,sailboat,9.79,3.01,1.75,2.2,89,97,100,3,8
3422,sail,sailboat,11.46,3.55,1.72,3.6,89,97,99,2,8
3426,motor,motorboat,10.0,3.01,1.04,5.8,89,97,99,2,8
3454,sail,sailboat,9.5,3.0,1.48,2.9,89,98,101,3,9
3505,sail,sailboat,14.79,5.01,2.26,5.8,89,99,100,1,10
3540,motor,motorboat,14.93,4.65,1.29,4.9,89,100,103,3,11
3545,small,motorboat,8.5,3.02,0.88,0.0,89,100,109,9,11
3550,small,motorboat,7.37,2.6,0.73,3.3,89,100,105,5,11
3560,sail,sailboat,12.16,4.05,1.81,3.8,89,100,103,3,11
3581,sail,sailboat,17.0,5.59,2.54,13.3,89,100,104,4,11
3593,sail,sailboat,15.36,4.7,2.38,9.9,89,100,106,6,11
3606,motor,motorboat,10.0,2.85,0.93,0.0,89,101,107,6,12
3608,sail,sailboat,12.0,3.9,2.15,5.4,89,101,103,2,12
3612,sail,sailboat,12.11,3.95,2.13,3.5,89,101,104,3,12
3618,small,motorboat,6.13,1.97,0.66,0.0,89,101,102,1,12
3659,sail,sailboat,10.86,3.42,1.79,4.6,89,101,103,2,12
3698,motor,motorboat,15.93,4.58,1.4,11.4,89,102,109,7,13
3709,motor,motorboat,11.4,3.37,1.11,6.4,89,102,105,3,13
3710,sail,sailboat,17.0,5.64,2.58,11.1,89,102,104,2,13
3778,sail,sailboat,15.84,5.23,2.7,8.1,89,103,105,2,14
3809,small,motorboat,8.15,2.86,0.79,2.8,89,103,106,3,14
4023,small,motorboat,9.04,3.18,0.9,2.9,89,107,114,7,18
4330,motor,motorboat,15.0,4.41,1.57,5.5,89,111,112,1,22
4512,super,yacht,23.57,6.49,3.15,19.7,89,114,115,1,25
4636,sail,sailboat,11.09,3.66,1.76,0.0,89,116,118,2,27
4728,motor,motorboat,22.0,6.41,1.88,22.0,89,117,121,4,28
5093,sail,sailboat,9.5,3.17,1.74,3.0,89,123,134,11,34
5408,small,motorboat,6.12,2.08,0.61,0.0,89,128,141,13,39
5673,sail,sailboat,16.31,5.2,2.48,9.5,89,132,136,4,43
5677,sail,sailboat,12.7,4.1,2.16,4.9,89,132,135,3,43
5700,motor,motorboat,11.79,3.29,1.17,3.0,89,133,140,7,44
5733,super,yacht,26.75,6.8,3.51,17.1,89,133,139,6,44
6013,motor,motorboat,15.55,4.36,1.56,9.8,89,137,143,6,48
6299,motor,motorboat,16.91,5.08,1.73,12.1,89,142,143,1,53
6671,motor,motorboat,14.13,4.26,1.27,4.5,89,147,158,11,58
8180,super,yacht,26.41,7.35,3.18,31.1,89,179,182,3,90
2957,sail,sailboat,17.0,5.33,2.82,8.4,90,90,93,3,0
2962,small,motorboat,6.46,2.28,0.63,0.0,90,90,94,4,0
2974,motor,motorboat,19.69,5.52,1.85,11.8,90,90,93,3,0
2977,sail,sailboat,10.23,3.41,1.57,0.0,90,90,112,22,0
2984,sail,sailboat,13.83,4.64,2.55,5.3,90,90,94,4,0
2992,super,yacht,28.67,7.9,3.68,14.2,90,91,94,3,1
3000,motor,motorboat,13.82,4.29,1.2,3.5,90,91,92,1,1
3014,sail,sailboat,10.96,3.36,1.81,5.8,90,91,97,6,1
3028,sail,sailboat,16.43,5.14,2.58,9.2,90,91,98,7,1
3034,super,yacht,21.28,5.95,2.54,21.3,90,91,103,12,1
3051,sail,sailboat,11.79,3.57,2.1,3.0,90,92,94,2,2
3074,small,motorboat,6.51,2.26,0.65,0.0,90,92,100,8,2
3079,motor,motorboat,12.3,3.74,1.25,3.5,90,92,95,3,2
3105,sail,sailboat,14.71,4.94,2.68,5.2,90,93,99,6,3
3122,motor,motorboat,18.2,5.31,1.61,13.2,90,93,94,1,3
3195,small,motorboat,8.44,2.78,0.82,0.0,90,94,95,1,4
3222,sail,sailboat,12.07,3.98,2.23,0.0,90,94,95,1,4
3254,sail,sailboat,10.26,3.39,1.87,4.3,90,95,96,1,5
3259,small,motorboat,6.53,2.2,0.69,0.0,90,95,99,4,5
3266,sail,sailboat,9.5,3.11,1.58,2.4,90,95,97,2,5
3293,small,motorboat,8.62,3.08,0.94,0.0,90,95,96,1,5
3308,sail,sailboat,9.5,3.01,1.72,0.0,90,95,99,4,5
3340,small,motorboat,7.96,2.85,0.72,2.9,90,96,98,2,6
3343,sail,sailboat,15.89,4.79,2.52,12.9,90,96,119,23,6
3356,sail,sailboat,13.96,4.6,2.29,6.1,90,96,101,5,6
3384,small,motorboat,7.31,2.43,0.74,3.4,90,97,104,7,7
3492,motor,motorboat,10.0,2.97,0.97,6.6,90,99,100,1,9
3577,sail,sailboat,13.26,4.03,2.18,3.8,90,100,120,20,10
3607,small,motorboat,7.14,2.36,0.75,3.4,90,101,102,1,11
3610,motor,motorboat,14.9,4.16,1.43,5.0,90,101,104,3,11
3614,sail,sailboat,12.6,3.79,2.26,3.1,90,101,104,3,11
3619,small,motorboat,6.02,2.16,0.59,2.5,90,101,103,2,11
3622,small,motorboat,6.07,1.96,0.61,3.0,90,101,104,3,11
3630,small,motorboat,8.66,2.82,0.95,0.0,90,101,103,2,11
3638,sail,sailboat,10.12,3.11,1.63,4.5,90,101,105,4,11
3656,motor,motorboat,12.2,3.56,1.19,3.9,90,101,108,7,11
3730,super,yacht,28.41,7.8,3.25,16.3,90,102,107,5,12
3756,sail,sailboat,11.93,3.89,2.06,6.8,90,103,104,1,13
3757,sail,sailboat,13.2,4.47,2.01,3.9,90,103,107,4,13
3777,sail,sailboat,12.84,4.14,1.91,4.8,90,103,105,2,13
3818,sail,sailboat,14.29,4.6,2.14,3.6,90,103,106,3,13
3845,motor,motorboat,15.1,4.7,1.29,10.5,90,104,106,2,14
4518,sail,sailboat,12.02,4.03,2.2,5.5,90,114,119,5,24
4670,motor,motorboat,15.52,4.38,1.45,12.9,90,116,129,13,26
4867,motor,motorboat,12.22,3.7,1.06,0.0,90,120,135,15,30
4917,motor,motorboat,17.63,5.46,1.84,9.6,90,121,124,3,31
4995,motor,motorboat,16.19,4.85,1.46,8.4,90,122,125,3,32
5279,motor,motorboat,19.2,5.51,1.81,12.7,90,126,127,1,36
5296,small,motorboat,7.2,2.42,0.67,3.1,90,127,133,6,37
5592,sail,sailboat,16.92,5.29,2.6,13.1,90,131,136,5,41
5684,sail,sailboat,14.95,4.57,2.62,5.7,90,132,133,1,42
5900,super,yacht,26.16,6.9,3.11,30.9,90,136,137,1,46
5992,motor,motorboat,17.17,5.2,1.61,0.0,90,137,143,6,47
5995,small,motorboat,7.5,2.53,0.69,0.0,90,137,140,3,47
6352,super,yacht,26.6,7.53,3.56,27.4,90,142,145,3,52
6474,sail,sailboat,12.54,3.93,1.93,4.2,90,144,149,5,54
6838,sail,sailboat,11.48,3.83,1.89,6.7,90,150,153,3,60
6905,small,motorboat,6.5,2.14,0.62,0.0,90,150,157,7,60
8646,sail,sailboat,14.56,4.93,2.6,4.8,90,198,200,2,108
8704,small,motorboat,6.43,2.27,0.64,0.0,90,200,211,11,110
3003,small,motorboat,9.48,3.32,0.9,2.8,91,91,98,7,0
3019,small,motorboat,7.26,2.52,0.69,2.3,91,91,98,7,0
3036,super,yacht,23.42,6.03,2.89,16.9,91,91,97,6,0
3056,sail,sailboat,13.86,4.28,2.45,4.5,91,92,94,2,1
3069,sail,sailboat,13.85,4.38,2.5,4.2,91,92,93,1,1
3070,motor,motorboat,12.37,3.44,1.28,4.5,91,92,95,3,1
3076,small,motorboat,6.97,2.25,0.69,0.0,91,92,95,3,1
3086,sail,sailboat,11.18,3.76,2.02,4.4,91,92,93,1,1
3097,sail,sailboat,12.87,4.34,2.29,6.3,91,93,108,15,2
3106,sail,sailboat,12.59,4.14,2.09,6.8,91,93,99,6,2
3110,super,yacht,26.75,7.25,3.08,38.1,91,93,96,3,2
3112,motor,motorboat,15.14,4.73,1.37,13.8,91,93,96,3,2
3114,sail,sailboat,9.5,2.86,1.72,2.6,91,93,95,2,2
3120,motor,motorboat,18.72,5.22,1.89,7.7,91,93,95,2,2
3124,sail,sailboat,15.22,5.08,2.62,0.0,91,93,114,21,2
3130,sail,sailboat,9.97,3.23,1.56,3.5,91,93,100,7,2
3134,motor,motorboat,15.05,4.45,1.32,12.3,91,93,94,1,2
3143,motor,motorboat,12.49,3.88,1.25,3.0,91,93,96,3,2
3150,sail,sailboat,9.62,3.19,1.61,3.0,91,93,94,1,2
3152,motor,motorboat,20.72,5.9,2.19,0.0,91,93,96,3,2
3234,small,motorboat,9.12,2.92,0.84,0.0,91,94,96,2,3
3287,small,motorboat,8.78,2.97,0.85,2.7,91,95,101,6,4
3360,sail,sailboat,13.6,4.44,2.07,3.1,91,96,100,4,5
3391,motor,motorboat,12.21,3.43,1.14,5.0,91,97,100,3,6
3424,motor,motorboat,14.77,4.55,1.44,0.0,91,97,102,5,6
3457,motor,motorboat,19.01,5.94,1.81,6.3,91,98,100,2,7
3464,motor,motorboat,17.08,4.85,1.6,12.6,91,98,110,12,7
3499,sail,sailboat,16.92,5.32,2.66,9.4,91,99,101,2,8
3521,sail,sailboat,15.06,4.94,2.36,6.7,91,99,102,3,8
3526,super,yacht,20.63,5.47,2.26,23.4,91,99,104,5,8
3534,sail,sailboat,15.3,4.62,2.5,7.4,91,99,100,1,8
3546,sail,sailboat,10.8,3.5,1.79,6.2,91,100,101,1,9
3554,small,motorboat,7.86,2.53,0.83,0.0,91,100,103,3,9
3604,motor,motorboat,10.18,2.83,0.87,5.2,91,101,103,2,10
3678,motor,motorboat,19.05,5.54,2.0,7.5,91,102,105,3,11
3711,sail,sailboat,13.79,4.34,2.26,6.7,91,102,103,1,11
3733,sail,sailboat,14.33,4.36,2.55,5.0,91,102,103,1,11
3768,motor,motorboat,16.88,5.12,1.78,13.2,91,103,106,3,12
3902,motor,motorboat,12.74,3.89,1.09,5.7,91,105,108,3,14
3914,motor,motorboat,10.0,2.96,0.91,4.8,91,105,110,5,14
4009,sail,sailboat,11.73,3.58,1.93,5.8,91,106,111,5,15
4220,motor,motorboat,10.0,2.88,0.94,4.4,91,109,111,2,18
4944,small,motorboat,6.24,2.04,0.64,3.1,91,121,124,3,30
5609,small,motorboat,6.66,2.32,0.72,2.8,91,131,133,2,40
5785,motor,motorboat,15.68,4.62,1.5,6.4,91,134,135,1,43
5899,sail,sailboat,15.16,4.75,2.31,13.6,91,136,137,1,45
5929,super,yacht,23.1,6.06,2.82,36.8,91,136,140,4,45
6164,super,yacht,25.8,7.36,3.44,14.5,91,139,142,3,48
6173,motor,motorboat,13.18,4.12,1.18,0.0,91,139,142,3,48
6192,super,yacht,22.22,5.78,2.84,37.9,91,140,153,13,49
6482,sail,sailboat,12.12,4.04,1.92,6.7,91,144,146,2,53
6561,motor,motorboat,12.65,3.57,1.17,3.3,91,145,148,3,54
6738,sail,sailboat,17.0,5.67,3.05,6.3,91,148,177,29,57
6831,motor,motorboat,10.88,3.19,1.03,0.0,91,149,158,9,58
3046,sail,sailboat,12.42,3.88,2.24,5.2,92,92,95,3,0
3082,sail,sailboat,10.68,3.32,1.94,4.5,92,92,98,6,0
3090,sail,sailboat,14.82,4.62,2.42,4.4,92,93,98,5,1
3108,small,motorboat,6.97,2.38,0.68,3.4,92,93,95,2,1
3111,sail,sailboat,12.67,3.82,1.89,6.7,92,93,96,3,1
3115,sail,sailboat,12.51,3.92,1.92,0.0,92,93,96,3,1
3126,sail,sailboat,12.32,4.14,2.22,5.2,92,93,94,1,1
3136,motor,motorboat,10.0,3.02,1.05,5.8,92,93,100,7,1
3141,sail,sailboat,14.82,4.63,2.6,6.8,92,93,95,2,1
3148,sail,sailboat,12.8,4.34,1.93,6.6,92,93,103,10,1
3155,motor,motorboat,18.44,5.38,1.74,8.2,92,93,97,4,1
3157,sail,sailboat,15.16,4.78,2.77,12.0,92,93,96,3,1
3162,sail,sailboat,11.41,3.68,1.9,4.4,92,94,97,3,2
3170,motor,motorboat,14.51,4.51,1.41,6.8,92,94,98,4,2
3173,motor,motorboat,14.98,4.23,1.56,0.0,92,94,95,1,2
3174,motor,motorboat,16.76,5.17,1.7,10.8,92,94,102,8,2
3178,super,yacht,26.82,7.19,3.35,31.3,92,94,105,11,2
3187,sail,sailboat,14.95,5.02,2.55,5.0,92,94,100,6,2
3201,small,motorboat,6.08,2.05,0.6,2.7,92,94,103,9,2
3208,motor,motorboat,14.65,4.26,1.44,4.7,92,94,98,4,2
3231,sail,sailboat,15.8,4.78,2.57,0.0,92,94,101,7,2
3241,motor,motorboat,15.01,4.32,1.59,0.0,92,94,99,5,2
3248,motor,motorboat,12.66,3.79,1.12,6.7,92,94,97,3,2
3309,small,motorboat,7.09,2.53,0.75,3.1,92,95,100,5,3
3357,super,yacht,20.06,5.51,2.33,37.7,92,96,108,12,4
3440,super,yacht,25.69,6.64,3.16,29.1,92,98,100,2,6
3456,motor,motorboat,16.42,4.92,1.57,12.0,92,98,104,6,6
3528,sail,sailboat,10.29,3.46,1.59,3.8,92,99,109,10,7
3563,small,motorboat,8.62,3.06,0.96,3.2,92,100,101,1,8
3569,sail,sailboat,15.01,4.63,2.32,0.0,92,100,102,2,8
3584,motor,motorboat,14.62,4.18,1.51,3.2,92,100,111,11,8
3591,motor,motorboat,17.68,5.48,1.63,13.7,92,100,102,2,8
3647,super,yacht,22.57,6.05,2.64,39.2,92,101,103,2,9
3708,sail,sailboat,11.91,3.66,2.1,4.0,92,102,109,7,10
3751,small,motorboat,6.01,2.01,0.58,3.5,92,102,103,1,10
3765,sail,sailboat,9.5,3.15,1.54,2.4,92,103,109,6,11
3788,sail,sailboat,15.53,4.87,2.47,12.3,92,103,108,5,11
3899,motor,motorboat,11.63,3.34,1.06,4.4,92,105,110,5,13
3933,super,yacht,26.49,7.24,3.2,0.0,92,105,108,3,13
3982,motor,motorboat,12.5,3.7,1.09,0.0,92,106,107,1,14
3983,sail,sailboat,14.49,4.85,2.31,5.5,92,106,108,2,14
3985,sail,sailboat,14.74,4.93,2.59,5.4,92,106,109,3,14
3993,motor,motorboat,11.26,3.27,1.06,4.3,92,106,113,7,14
4463,motor,motorboat,16.5,5.0,1.48,0.0,92,114,118,4,22
4548,sail,sailboat,10.63,3.42,1.81,4.6,92,115,122,7,23
4575,motor,motorboat,17.31,5.38,1.53,11.1,92,115,116,1,23
4796,motor,motorboat,13.58,3.81,1.32,0.0,92,118,119,1,26
4878,motor,motorboat,12.66,3.73,1.12,3.2,92,120,146,26,28
4893,sail,sailboat,9.71,2.95,1.62,3.1,92,120,127,7,28
5599,super,yacht,23.98,6.54,2.87,13.2,92,131,134,3,39
5763,sail,sailboat,12.89,3.89,2.11,0.0,92,134,136,2,42
6131,small,motorboat,7.11,2.51,0.65,0.0,92,139,141,2,47
6196,motor,motorboat,10.4,3.22,1.06,6.1,92,140,142,2,48
6300,sail,sailboat,17.0,5.15,2.57,13.7,92,142,145,3,50
6390,motor,motorboat,11.75,3.57,1.05,3.5,92,143,156,13,51
6450,motor,motorboat,13.24,3.98,1.39,5.0,92,144,146,2,52
6513,sail,sailboat,13.71,4.45,2.36,4.5,92,144,148,4,52
6710,sail,sailboat,10.58,3.54,1.73,0.0,92,148,151,3,56
7000,motor,motorboat,20.19,5.88,2.12,18.3,92,151,155,4,59
7523,motor,motorboat,16.15,4.56,1.58,9.3,92,164,176,12,72
3092,sail,sailboat,13.94,4.53,2.2,0.0,93,93,95,2,0
3093,sail,sailboat,14.4,4.41,2.27,0.0,93,93,99,6,0
3095,sail,sailboat,9.7,3.19,1.68,2.7,93,93,95,2,0
3098,sail,sailboat,11.46,3.6,1.97,4.9,93,93,100,7,0
3109,sail,sailboat,12.52,4.05,1.9,5.4,93,93,94,1,0
3133,motor,motorboat,21.13,6.07,2.01,16.0,93,93,95,2,0
3139,small,motorboat,7.35,2.64,0.77,2.9,93,93,96,3,0
3145,small,motorboat,6.51,2.24,0.68,0.0,93,93,94,1,0
3164,sail,sailboat,12.43,4.16,2.11,4.4,93,94,97,3,1
3171,sail,sailboat,11.59,3.81,1.93,3.4,93,94,96,2,1
3172,sail,sailboat,14.3,4.75,2.5,6.4,93,94,96,2,1
3177,sail,sailboat,15.72,5.02,2.81,0.0,93,94,100,6,1
3184,sail,sailboat,12.75,3.92,2.08,4.7,93,94,99,5,1
3196,motor,motorboat,18.89,5.47,1.66,7.7,93,94,100,6,1
3200,sail,sailboat,14.07,4.37,2.13,5.9,93,94,96,2,1
3207,sail,sailboat,11.19,3.73,2.03,0.0,93,94,97,3,1
3209,motor,motorboat,13.69,4.25,1.23,5.4,93,94,100,6,1
3211,motor,motorboat,18.1,5.17,1.81,7.3,93,94,98,4,1
3214,sail,sailboat,9.73,3.28,1.47,2.2,93,94,98,4,1
3228,sail,sailboat,14.39,4.39,2.44,0.0,93,94,96,2,1
3232,sail,sailboat,9.87,3.27,1.58,0.0,93,94,100,6,1
3244,motor,motorboat,15.81,4.7,1.43,9.8,93,94,115,21,1
3250,sail,sailboat,13.26,4.24,1.98,3.3,93,95,98,3,2
3257,sail,sailboat,14.01,4.35,2.34,5.7,93,95,97,2,2
3258,sail,sailboat,12.06,3.68,2.18,3.8,93,95,102,7,2
3261,sail,sailboat,12.68,3.92,2.23,0.0,93,95,97,2,2
3268,motor,motorboat,14.48,4.29,1.31,5.8,93,95,96,1,2
3270,sail,sailboat,14.47,4.37,2.65,0.0,93,95,97,2,2
3274,motor,motorboat,11.07,3.33,1.15,4.5,93,95,97,2,2
3278,super,yacht,20.14,5.15,2.51,34.1,93,95,96,1,2
3281,small,motorboat,6.92,2.39,0.68,2.0,93,95,102,7,2
3288,sail,sailboat,11.85,3.7,2.15,0.0,93,95,97,2,2
3296,super,yacht,27.9,7.19,3.43,29.7,93,95,113,18,2
3314,sail,sailboat,15.93,4.9,2.48,7.2,93,95,98,3,2
3334,sail,sailboat,14.16,4.34,2.29,5.2,93,96,97,1,3
3366,small,motorboat,7.96,2.56,0.74,0.0,93,96,97,1,3
3425,small,motorboat,6.4,2.14,0.68,2.1,93,97,98,1,4
3449,motor,motorboat,16.24,4.93,1.58,0.0,93,98,116,18,5
3459,motor,motorboat,17.28,5.29,1.75,13.4,93,98,103,5,5
3487,sail,sailboat,13.35,4.36,2.23,3.6,93,99,101,2,6
3512,motor,motorboat,20.03,6.24,2.08,31.7,93,99,101,2,6
3552,sail,sailboat,17.0,5.27,3.11,0.0,93,100,116,16,7
3570,sail,sailboat,11.75,3.78,2.01,5.8,93,100,101,1,7
3594,sail,sailboat,12.29,3.91,2.26,5.1,93,100,111,11,7
3629,small,motorboat,6.26,2.13,0.59,2.5,93,101,104,3,8
3649,small,motorboat,7.99,2.6,0.81,0.0,93,101,105,4,8
3650,sail,sailboat,15.53,4.9,2.67,13.1,93,101,102,1,8
3722,motor,motorboat,17.46,4.91,1.51,11.2,93,102,105,3,9
3831,sail,sailboat,15.5,5.04,2.74,11.9,93,104,105,1,11
3858,motor,motorboat,17.57,5.23,1.56,8.5,93,104,131,27,11
3872,sail,sailboat,9.96,3.35,1.75,0.0,93,104,111,7,11
3892,sail,sailboat,13.14,4.32,2.04,0.0,93,105,111,6,12
3903,sail,sailboat,11.64,3.78,1.79,5.6,93,105,108,3,12
3994,motor,motorboat,11.86,3.67,1.12,4.6,93,106,107,1,13
4421,motor,motorboat,14.99,4.42,1.31,5.4,93,113,116,3,20
4592,super,yacht,27.02,6.89,3.22,19.3,93,116,119,3,23
4776,motor,motorboat,19.83,6.13,2.01,10.8,93,118,127,9,25
4961,motor,motorboat,16.42,4.66,1.69,9.6,93,122,134,12,29
5068,sail,sailboat,12.5,4.01,2.02,3.2,93,123,125,2,30
5097,sail,sailboat,16.6,5.03,2.95,0.0,93,123,126,3,30
5144,sail,sailboat,11.77,3.74,2.04,5.4,93,124,130,6,31
5155,small,motorboat,7.05,2.52,0.67,0.0,93,124,127,3,31
5457,sail,sailboat,9.55,3.11,1.67,2.4,93,129,136,7,36
5488,sail,sailboat,15.06,5.06,2.61,10.4,93,129,153,24,36
5974,super,yacht,27.95,7.29,3.47,26.3,93,137,144,7,44
6020,super,yacht,21.18,5.42,2.35,13.7,93,137,141,4,44
6163,motor,motorboat,17.62,5.01,1.67,7.3,93,139,140,1,46
6286,motor,motorboat,17.53,5.43,1.51,12.3,93,141,142,1,48
6344,motor,motorboat,12.52,3.68,1.15,3.3,93,142,149,7,49
6388,motor,motorboat,13.02,3.69,1.3,0.0,93,143,144,1,50
6890,sail,sailboat,10.76,3.24,1.98,4.9,93,150,155,5,57
7034,sail,sailboat,11.98,3.64,2.02,0.0,93,152,163,11,59
7061,motor,motorboat,13.16,3.86,1.36,6.6,93,153,155,2,60
8558,small,motorboat,8.62,2.98,0.8,0.0,93,194,196,2,101
8736,sail,sailboat,14.01,4.65,2.58,4.6,93,202,208,6,109
3166,motor,motorboat,20.92,6.35,2.03,27.2,94,94,111,17,0
3167,sail,sailboat,13.8,4.22,2.5,4.3,94,94,95,1,0
3168,sail,sailboat,10.39,3.32,1.65,0.0,94,94,95,1,0
3185,small,motorboat,7.13,2.46,0.78,0.0,94,94,96,2,0
3188,small,motorboat,8.39,2.97,0.85,0.0,94,94,95,1,0
3189,small,motorboat,8.73,3.01,0.91,2.6,94,94,97,3,0
3193,motor,motorboat,12.24,3.7,1.06,5.9,94,94,98,4,0
3202,motor,motorboat,16.92,4.87,1.75,9.6,94,94,95,1,0
3215,motor,motorboat,10.26,2.94,1.07,6.6,94,94,99,5,0
3226,sail,sailboat,13.99,4.21,2.35,5.2,94,94,124,30,0
3227,sail,sailboat,13.84,4.41,2.17,6.2,94,94,97,3,0
3247,small,motorboat,6.21,2.08,0.67,2.7,94,94,97,3,0
3256,small,motorboat,8.41,2.79,0.88,3.5,94,95,101,6,1
3267,sail,sailboat,12.85,3.89,2.12,4.9,94,95,97,2,1
3272,motor,motorboat,13.58,3.83,1.19,5.9,94,95,108,13,1
3279,motor,motorboat,14.46,4.22,1.33,6.1,94,95,102,7,1
3280,sail,sailboat,15.68,5.22,2.89,13.1,94,95,98,3,1
3286,small,motorboat,6.44,2.15,0.7,3.3,94,95,101,6,1
3299,small,motorboat,7.62,2.48,0.78,0.0,94,95,101,6,1
3301,sail,sailboat,13.96,4.59,2.44,6.1,94,95,108,13,1
3323,sail,sailboat,15.54,4.82,2.72,10.8,94,95,101,6,1
3342,motor,motorboat,14.41,4.33,1.26,4.3,94,96,97,1,2
3364,sail,sailboat,11.25,3.5,2.0,6.4,94,96,98,2,2
3400,small,motorboat,7.84,2.59,0.83,2.3,94,97,99,2,3
3433,motor,motorboat,14.23,4.33,1.4,4.1,94,98,107,9,4
3462,sail,sailboat,16.91,5.66,2.61,9.5,94,98,104,6,4
3477,small,motorboat,9.07,3.11,0.98,3.4,94,98,104,6,4
3501,sail,sailboat,12.96,3.95,2.2,0.0,94,99,101,2,5
3509,sail,sailboat,12.66,4.29,1.92,5.5,94,99,106,7,5
3628,sail,sailboat,14.95,4.61,2.57,0.0,94,101,113,12,7
3644,sail,sailboat,16.37,5.24,3.02,7.3,94,101,107,6,7
3653,super,yacht,26.82,7.09,3.39,20.1,94,101,107,6,7
3700,sail,sailboat,9.5,2.98,1.57,3.3,94,102,104,2,8
3712,sail,sailboat,12.36,3.8,2.17,0.0,94,102,104,2,8
3747,sail,sailboat,15.73,4.82,2.53,6.3,94,102,103,1,8
3749,motor,motorboat,18.8,5.7,1.94,12.5,94,102,115,13,8
3781,sail,sailboat,10.29,3.24,1.85,0.0,94,103,106,3,9
3850,sail,sailboat,14.62,4.46,2.27,5.4,94,104,117,13,10
3890,motor,motorboat,13.46,4.11,1.31,3.7,94,104,111,7,10
3921,motor,motorboat,18.99,5.49,1.92,12.3,94,105,106,1,11
3937,motor,motorboat,11.86,3.56,1.11,4.8,94,105,110,5,11
4003,sail,sailboat,12.43,3.94,1.93,5.9,94,106,109,3,12
4032,motor,motorboat,20.02,6.16,2.05,27.7,94,107,108,1,13
4046,sail,sailboat,17.0,5.55,2.97,12.9,94,107,125,18,13
4047,motor,motorboat,15.44,4.72,1.44,13.4,94,107,110,3,13
4061,small,motorboat,6.51,2.34,0.64,2.5,94,107,112,5,13
4063,motor,motorboat,14.84,4.61,1.57,5.0,94,107,111,4,13
4152,super,yacht,26.9,7.41,3.31,27.0,94,108,111,3,14
4156,super,yacht,23.0,6.23,2.88,31.0,94,108,114,6,14
4308,motor,motorboat,12.03,3.48,1.26,4.7,94,111,113,2,17
4407,sail,sailboat,14.86,4.54,2.65,6.1,94,112,115,3,18
4445,motor,motorboat,10.04,3.11,0.98,5.4,94,113,114,1,19
4954,super,yacht,22.75,6.27,2.47,37.3,94,121,124,3,27
5133,small,motorboat,8.19,2.79,0.9,2.1,94,124,131,7,30
5141,motor,motorboat,14.78,4.4,1.45,5.7,94,124,129,5,30
5240,super,yacht,26.35,7.19,2.86,25.9,94,125,128,3,31
5331,super,yacht,23.26,6.62,3.06,34.1,94,127,128,1,33
5598,sail,sailboat,11.66,3.88,1.91,7.0,94,131,134,3,37
5926,super,yacht,25.28,6.82,3.3,18.8,94,136,139,3,42
6259,sail,sailboat,17.0,5.62,2.8,0.0,94,141,144,3,47
6391,super,yacht,24.48,6.44,2.97,28.3,94,143,149,6,49
3249,motor,motorboat,13.92,4.19,1.45,4.6,95,95,99,4,0
3262,sail,sailboat,12.84,3.93,2.1,0.0,95,95,97,2,0
3285,sail,sailboat,11.4,3.8,2.06,3.1,95,95,98,3,0
3290,sail,sailboat,10.42,3.16,1.73,3.1,95,95,96,1,0
3332,motor,motorboat,14.07,4.37,1.34,4.5,95,96,102,6,1
3361,sail,sailboat,9.99,3.1,1.55,3.2,95,96,98,2,1
3362,sail,sailboat,9.5,2.88,1.48,3.4,95,96,100,4,1
3370,motor,motorboat,13.79,4.2,1.18,0.0,95,96,97,1,1
3379,small,motorboat,6.96,2.28,0.64,0.0,95,96,100,4,1
3380,small,motorboat,9.33,3.28,0.92,3.2,95,97,100,3,2
3387,small,motorboat,7.58,2.63,0.82,2.6,95,97,102,5,2
3405,small,motorboat,9.1,3.1,0.9,2.4,95,97,99,2,2
3410,motor,motorboat,16.04,4.87,1.39,11.7,95,97,103,6,2
3411,sail,sailboat,12.82,4.26,2.07,4.7,95,97,100,3,2
3429,motor,motorboat,20.05,5.74,1.95,38.4,95,98,102,4,3
3438,super,yacht,27.9,7.2,3.49,14.8,95,98,103,5,3
3500,sail,sailboat,13.0,4.39,2.04,3.1,95,99,102,3,4
3503,small,motorboat,6.74,2.34,0.69,0.0,95,99,110,11,4
3508,super,yacht,22.98,6.53,2.84,19.7,95,99,102,3,4
3511,motor,motorboat,14.53,4.24,1.26,5.0,95,99,100,1,4
3553,sail,sailboat,9.5,3.2,1.65,2.0,95,100,122,22,5
3602,motor,motorboat,20.49,6.16,1.86,28.9,95,100,102,2,5
3613,sail,sailboat,14.32,4.67,2.54,3.7,95,101,104,3,6
3631,motor,motorboat,10.0,3.08,1.04,6.1,95,101,110,9,6
3668,small,motorboat,7.81,2.62,0.77,2.2,95,101,104,3,6
3715,motor,motorboat,12.36,3.82,1.08,4.6,95,102,104,2,7
3729,sail,sailboat,16.83,5.38,3.1,7.6,95,102,104,2,7
3734,sail,sailboat,16.51,5.29,2.59,8.1,95,102,107,5,7
3754,sail,sailboat,11.24,3.5,2.06,3.3,95,103,106,3,8
3794,small,motorboat,6.21,2.01,0.6,0.0,95,103,109,6,8
3852,small,motorboat,8.47,2.9,0.79,2.4,95,104,107,3,9
3853,sail,sailboat,17.0,5.63,3.05,11.1,95,104,111,7,9
3879,sail,sailboat,11.47,3.58,1.77,0.0,95,104,121,17,9
3908,motor,motorboat,10.0,2.81,0.93,3.1,95,105,110,5,10
3940,motor,motorboat,16.6,4.62,1.76,0.0,95,105,117,12,10
3950,motor,motorboat,13.09,4.07,1.16,5.3,95,106,110,4,11
3958,sail,sailboat,14.1,4.76,2.33,4.3,95,106,107,1,11
3976,small,motorboat,7.74,2.74,0.82,3.1,95,106,111,5,11
3986,small,motorboat,7.98,2.83,0.86,2.2,95,106,111,5,11
4025,motor,motorboat,16.47,5.1,1.44,10.9,95,107,108,1,12
4078,super,yacht,24.01,6.71,3.09,17.9,95,107,110,3,12
4097,motor,motorboat,12.0,3.75,1.2,4.8,95,108,112,4,13
4123,sail,sailboat,16.07,4.89,2.41,6.7,95,108,115,7,13
4126,motor,motorboat,14.11,4.0,1.33,5.4,95,108,110,2,13
4197,motor,motorboat,10.0,2.82,0.9,6.4,95,109,115,6,14
4217,small,motorboat,6.84,2.45,0.65,0.0,95,109,114,5,14
4231,small,motorboat,7.73,2.6,0.72,0.0,95,109,112,3,14
4248,sail,sailboat,13.88,4.29,2.49,6.1,95,109,112,3,14
4291,small,motorboat,8.49,2.88,0.94,2.4,95,110,112,2,15
4339,small,motorboat,7.22,2.55,0.75,2.3,95,111,113,2,16
4896,super,yacht,28.4,7.23,3.47,20.7,95,120,123,3,25
4918,super,yacht,22.26,6.06,2.76,38.3,95,121,124,3,26
4942,small,motorboat,7.72,2.75,0.75,0.0,95,121,124,3,26
5215,super,yacht,28.11,7.73,3.59,35.5,95,125,131,6,30
5392,motor,motorboat,15.76,4.9,1.61,11.5,95,128,142,14,33
5635,small,motorboat,9.44,3.21,0.96,3.4,95,131,132,1,36
5766,sail,sailboat,14.35,4.65,2.51,3.8,95,134,136,2,39
5897,small,motorboat,6.01,1.95,0.67,0.0,95,136,140,4,41
6271,motor,motorboat,14.26,4.22,1.46,0.0,95,141,148,7,46
6692,motor,motorboat,17.62,5.1,1.73,12.0,95,147,148,1,52
7328,sail,sailboat,13.29,4.34,2.32,3.5,95,159,160,1,64
7694,small,motorboat,9.13,3.26,0.83,0.0,95,168,170,2,73
3335,super,yacht,23.65,6.31,3.18,18.8,96,96,99,3,0
3341,motor,motorboat,14.71,4.38,1.26,5.6,96,96,108,12,0
3348,small,motorboat,7.18,2.44,0.68,0.0,96,96,100,4,0
3353,motor,motorboat,14.0,4.04,1.46,5.3,96,96,97,1,0
3355,sail,sailboat,12.06,3.87,2.16,4.8,96,96,98,2,0
3358,motor,motorboat,15.22,4.48,1.6,6.6,96,96,102,6,0
3377,sail,sailboat,11.43,3.5,1.75,5.4,96,96,99,3,0
3378,sail,sailboat,16.27,4.9,2.91,11.5,96,96,97,1,0
3383,sail,sailboat,13.78,4.41,2.1,4.1,96,97,104,7,1
3402,motor,motorboat,16.6,5.03,1.65,12.5,96,97,107,10,1
3431,motor,motorboat,14.64,4.45,1.38,3.6,96,98,104,6,2
3435,motor,motorboat,18.05,5.15,1.58,7.8,96,98,99,1,2
3441,sail,sailboat,17.0,5.35,2.69,9.4,96,98,99,1,2
3446,sail,sailboat,13.15,4.15,1.99,0.0,96,98,101,3,2
3450,sail,sailboat,15.09,4.92,2.39,6.1,96,98,103,5,2
3468,motor,motorboat,17.47,5.04,1.57,13.3,96,98,100,2,2
3476,motor,motorboat,12.81,3.89,1.28,5.5,96,98,101,3,2
3484,sail,sailboat,11.81,3.72,1.88,3.8,96,99,104,5,3
3522,sail,sailboat,12.02,3.83,2.05,4.3,96,99,102,3,3
3547,motor,motorboat,15.83,4.68,1.64,9.0,96,100,103,3,4
3580,small,motorboat,6.8,2.43,0.71,0.0,96,100,122,22,4
3676,motor,motorboat,15.99,4.74,1.41,7.1,96,102,103,1,6
3687,sail,sailboat,13.26,4.43,2.35,6.1,96,102,116,14,6
3695,small,motorboat,8.3,2.95,0.77,0.0,96,102,109,7,6
3716,small,motorboat,7.4,2.51,0.78,3.3,96,102,110,8,6
3724,sail,sailboat,11.65,3.9,2.11,3.9,96,102,106,4,6
3759,sail,sailboat,11.96,3.91,2.11,3.1,96,103,107,4,7
3814,sail,sailboat,10.96,3.63,1.92,6.6,96,103,106,3,7
3824,sail,sailboat,12.88,4.08,2.28,6.1,96,103,108,5,7
3881,motor,motorboat,12.72,3.8,1.22,6.4,96,104,109,5,8
3923,sail,sailboat,16.93,5.38,2.61,7.1,96,105,112,7,9
3946,motor,motorboat,15.79,4.46,1.37,13.9,96,106,109,3,10
3949,sail,sailboat,13.39,4.11,2.37,6.7,96,106,112,6,10
3957,sail,sailboat,15.18,5.11,2.77,0.0,96,106,111,5,10
4006,motor,motorboat,10.5,3.25,1.09,0.0,96,106,107,1,10
4056,motor,motorboat,11.34,3.35,1.2,5.8,96,107,111,4,11
4080,sail,sailboat,13.43,4.53,2.08,3.6,96,107,110,3,11
4138,sail,sailboat,15.68,4.89,2.38,6.2,96,108,111,3,12
4174,small,motorboat,8.45,2.85,0.82,0.0,96,109,111,2,13
4186,small,motorboat,7.92,2.67,0.73,0.0,96,109,110,1,13
4199,motor,motorboat,16.97,5.1,1.51,7.5,96,109,111,2,13
4211,motor,motorboat,15.27,4.47,1.39,13.7,96,109,115,6,13
4254,sail,sailboat,10.62,3.36,1.86,0.0,96,110,112,2,14
4255,sail,sailboat,13.61,4.23,2.28,5.1,96,110,113,3,14
4259,small,motorboat,7.89,2.69,0.73,2.3,96,110,112,2,14
4287,sail,sailboat,12.69,3.99,2.06,4.3,96,110,114,4,14
4524,super,yacht,25.3,6.78,3.2,17.5,96,115,122,7,19
4529,motor,motorboat,13.58,3.84,1.26,3.8,96,115,125,10,19
5303,sail,sailboat,15.61,4.93,2.53,9.9,96,127,128,1,31
5920,super,yacht,22.87,6.08,2.91,23.1,96,136,137,1,40
5922,small,motorboat,9.42,3.31,0.98,3.0,96,136,138,2,40
6208,super,yacht,25.68,7.24,3.19,16.3,96,140,144,4,44
6331,motor,motorboat,20.78,6.42,2.16,36.9,96,142,145,3,46
6756,motor,motorboat,14.1,4.15,1.21,6.6,96,148,158,10,52
7168,small,motorboat,6.91,2.45,0.64,0.0,96,156,159,3,60
3381,sail,sailboat,13.76,4.66,2.2,0.0,97,97,100,3,0
3385,sail,sailboat,17.0,5.58,2.77,0.0,97,97,100,3,0
3407,small,motorboat,8.52,2.96,0.84,3.0,97,97,127,30,0
3415,motor,motorboat,18.43,5.37,1.61,9.9,97,97,99,2,0
3417,sail,sailboat,11.04,3.73,1.9,3.9,97,97,106,9,0
3461,sail,sailboat,13.57,4.15,2.44,6.8,97,98,110,12,1
3489,motor,motorboat,10.0,3.12,1.03,6.8,97,99,106,7,2
3494,sail,sailboat,14.92,4.66,2.4,3.6,97,99,125,26,2
3506,sail,sailboat,11.12,3.56,1.72,3.1,97,99,101,2,2
3530,sail,sailboat,9.5,3.15,1.53,0.0,97,99,109,10,2
3543,sail,sailboat,9.5,3.19,1.71,2.2,97,100,102,2,3
3551,motor,motorboat,16.36,5.08,1.56,10.9,97,100,102,2,3
3661,sail,sailboat,9.5,3.01,1.46,2.2,97,101,115,14,4
3669,small,motorboat,6.76,2.32,0.72,0.0,97,101,104,3,4
3674,motor,motorboat,10.57,3.17,1.03,4.4,97,102,107,5,5
3680,motor,motorboat,11.98,3.58,1.17,6.9,97,102,124,22,5
3718,sail,sailboat,11.86,3.86,1.83,3.3,97,102,108,6,5
3725,motor,motorboat,10.0,2.9,0.97,6.6,97,102,106,4,5
3731,sail,sailboat,16.59,5.02,2.58,6.3,97,102,104,2,5
3761,motor,motorboat,17.64,5.08,1.6,0.0,97,103,106,3,6
3767,motor,motorboat,11.52,3.39,1.2,4.6,97,103,110,7,6
3775,motor,motorboat,14.53,4.24,1.39,6.8,97,103,106,3,6
3820,super,yacht,24.85,6.4,3.21,30.0,97,103,110,7,6
3833,motor,motorboat,14.97,4.57,1.39,6.0,97,104,105,1,7
3873,motor,motorboat,10.0,2.84,0.96,5.2,97,104,121,17,7
3888,motor,motorboat,16.5,5.02,1.48,11.5,97,104,110,6,7
3895,sail,sailboat,13.03,3.99,2.4,6.6,97,105,107,2,8
3915,motor,motorboat,11.3,3.5,1.0,5.0,97,105,107,2,8
3944,sail,sailboat,13.69,4.19,2.25,5.5,97,106,109,3,9
3948,sail,sailboat,12.42,3.81,2.25,6.6,97,106,122,16,9
3992,motor,motorboat,13.93,4.19,1.38,0.0,97,106,110,4,9
4020,sail,sailboat,9.5,3.13,1.71,0.0,97,107,110,3,10
4039,small,motorboat,6.95,2.42,0.7,0.0,97,107,112,5,10
4060,small,motorboat,6.91,2.41,0.74,0.0,97,107,112,5,10
4062,motor,motorboat,16.03,4.5,1.4,12.2,97,107,109,2,10
4075,sail,sailboat,12.57,3.89,2.21,3.8,97,107,108,1,10
4106,motor,motorboat,15.04,4.27,1.58,11.2,97,108,130,22,11
4181,super,yacht,20.39,5.37,2.62,19.7,97,109,112,3,12
4206,sail,sailboat,13.63,4.61,2.36,4.1,97,109,116,7,12
4238,motor,motorboat,15.09,4.69,1.49,7.8,97,109,110,1,12
4288,motor,motorboat,10.0,3.0,1.03,3.6,97,110,112,2,13
4846,sail,sailboat,14.83,4.94,2.7,6.2,97,119,124,5,22
4912,sail,sailboat,11.66,3.72,1.86,5.1,97,121,128,7,24
5441,small,motorboat,7.01,2.42,0.67,2.1,97,129,132,3,32
5499,super,yacht,25.92,6.71,3.3,34.4,97,130,132,2,33
5503,sail,sailboat,11.28,3.43,1.77,3.3,97,130,133,3,33
5838,sail,sailboat,11.87,3.78,1.77,6.6,97,135,143,8,38
5960,motor,motorboat,19.39,5.72,1.82,6.9,97,136,141,5,39
6278,sail,sailboat,14.93,4.84,2.27,6.5,97,141,142,1,44
6335,motor,motorboat,13.2,3.68,1.16,6.5,97,142,143,1,45
8206,sail,sailboat,14.65,4.65,2.65,6.9,97,179,191,12,82
8758,sail,sailboat,9.5,3.13,1.6,0.0,97,204,207,3,107
3434,small,motorboat,7.21,2.35,0.75,2.6,98,98,100,2,0
3439,sail,sailboat,13.28,4.05,2.01,0.0,98,98,100,2,0
3445,sail,sailboat,14.72,4.58,2.43,6.7,98,98,101,3,0
3452,motor,motorboat,18.98,5.34,1.63,6.2,98,98,102,4,0
3467,sail,sailboat,11.33,3.76,1.85,4.9,98,98,100,2,0
3469,sail,sailboat,11.72,3.84,1.78,3.3,98,98,103,5,0
3472,sail,sailboat,12.85,3.88,1.92,4.7,98,98,101,3,0
3482,motor,motorboat,14.2,4.32,1.44,3.1,98,99,102,3,1
3483,sail,sailboat,13.53,4.4,2.16,3.4,98,99,103,4,1
3491,small,motorboat,6.46,2.26,0.69,0.0,98,99,102,3,1
3497,sail,sailboat,12.35,3.79,2.04,5.4,98,99,108,9,1
3502,small,motorboat,6.22,2.22,0.59,0.0,98,99,100,1,1
3504,sail,sailboat,11.9,3.97,2.19,0.0,98,99,105,6,1
3507,motor,motorboat,19.06,5.83,1.94,13.4,98,99,105,6,1
3518,small,motorboat,6.3,2.18,0.7,2.4,98,99,104,5,1
3519,motor,motorboat,14.05,4.26,1.28,5.4,98,99,109,10,1
3523,motor,motorboat,19.36,5.76,1.7,0.0,98,99,101,2,1
3535,motor,motorboat,15.59,4.62,1.34,6.2,98,99,101,2,1
3538,sail,sailboat,12.24,4.06,2.11,4.1,98,100,103,3,2
3539,sail,sailboat,12.83,4.21,2.12,6.4,98,100,102,2,2
3548,sail,sailboat,9.5,2.99,1.47,3.5,98,100,101,1,2
3562,motor,motorboat,13.65,4.17,1.42,5.5,98,100,103,3,2
3575,sail,sailboat,13.28,4.07,2.29,0.0,98,100,102,2,2
3585,motor,motorboat,17.35,5.18,1.73,11.4,98,100,103,3,2
3587,small,motorboat,9.11,3.25,0.9,3.5,98,100,106,6,2
3603,sail,sailboat,16.12,5.38,2.86,11.7,98,100,101,1,2
3615,sail,sailboat,13.36,4.26,2.24,5.0,98,101,102,1,3
3633,motor,motorboat,18.76,5.83,1.62,12.5,98,101,109,8,3
3655,motor,motorboat,12.17,3.6,1.26,6.9,98,101,103,2,3
3663,sail,sailboat,12.47,4.07,2.08,5.5,98,101,105,4,3
3671,motor,motorboat,20.25,5.87,1.74,33.3,98,101,103,2,3
3703,sail,sailboat,12.57,4.0,1.9,0.0,98,102,118,16,4
3807,motor,motorboat,14.01,4.28,1.36,4.7,98,103,105,2,5
3836,sail,sailboat,13.83,4.56,2.21,5.5,98,104,118,14,6
3848,sail,sailboat,9.5,3.1,1.72,0.0,98,104,112,8,6
3862,motor,motorboat,19.99,5.68,1.89,12.3,98,104,111,7,6
3877,sail,sailboat,10.74,3.34,1.7,0.0,98,104,107,3,6
3904,sail,sailboat,12.44,4.01,1.97,6.0,98,105,106,1,7
3920,super,yacht,28.68,8.06,3.21,32.2,98,105,107,2,7
3932,sail,sailboat,9.82,3.33,1.64,0.0,98,105,108,3,7
3964,motor,motorboat,15.47,4.62,1.63,10.3,98,106,125,19,8
3965,motor,motorboat,13.37,4.0,1.18,4.5,98,106,107,1,8
3968,motor,motorboat,19.71,5.86,1.86,6.3,98,106,111,5,8
3977,motor,motorboat,18.91,5.58,1.93,13.9,98,106,133,27,8
3979,sail,sailboat,11.19,3.58,2.06,4.8,98,106,112,6,8
4017,sail,sailboat,11.2,3.53,1.85,0.0,98,107,110,3,9
4029,small,motorboat,8.58,2.98,0.9,0.0,98,107,108,1,9
4054,sail,sailboat,17.0,5.3,3.03,0.0,98,107,110,3,9
4090,motor,motorboat,20.28,5.81,2.01,38.6,98,108,114,6,10
4157,sail,sailboat,13.92,4.48,2.4,0.0,98,108,112,4,10
4164,sail,sailboat,15.6,5.21,2.64,12.3,98,108,110,2,10
4277,small,motorboat,8.1,2.8,0.81,2.1,98,110,113,3,12
4290,motor,motorboat,12.27,3.62,1.14,3.7,98,110,114,4,12
4348,motor,motorboat,17.88,5.56,1.7,10.7,98,111,113,2,13
4367,sail,sailboat,15.16,4.7,2.35,10.7,98,112,114,2,14
4612,super,yacht,27.25,7.62,3.59,20.4,98,116,126,10,18
5161,sail,sailboat,11.88,3.85,1.88,0.0,98,124,129,5,26
5262,sail,sailboat,14.7,4.72,2.67,4.2,98,126,129,3,28
5302,motor,motorboat,17.56,5.06,1.68,13.8,98,127,130,3,29
5672,small,motorboat,8.36,2.74,0.77,0.0,98,132,134,2,34
5800,sail,sailboat,13.57,4.17,2.38,6.1,98,134,153,19,36
5805,super,yacht,28.45,7.52,3.52,25.6,98,134,145,11,36
5874,super,yacht,22.79,6.41,2.81,36.1,98,135,136,1,37
6095,super,yacht,24.35,6.42,3.15,17.3,98,138,145,7,40
6190,motor,motorboat,11.59,3.4,1.0,0.0,98,139,142,3,41
6232,motor,motorboat,14.99,4.29,1.33,6.3,98,140,142,2,42
6730,small,motorboat,7.38,2.37,0.78,2.8,98,148,153,5,50
6780,sail,sailboat,12.35,3.81,2.09,0.0,98,149,152,3,51
7196,motor,motorboat,15.27,4.57,1.53,8.4,98,156,158,2,58
7233,motor,motorboat,18.32,5.53,1.73,12.5,98,157,160,3,59
3513,sail,sailboat,13.05,4.3,2.24,0.0,99,99,108,9,0
3520,motor,motorboat,10.0,2.95,1.01,3.8,99,99,113,14,0
3524,motor,motorboat,17.69,5.45,1.59,12.9,99,99,103,4,0
3536,sail,sailboat,15.4,4.69,2.62,8.9,99,100,101,1,1
3541,small,motorboat,9.23,3.23,0.95,0.0,99,100,104,4,1
3572,small,motorboat,9.23,3.12,0.83,3.2,99,100,108,8,1
3574,motor,motorboat,13.18,4.1,1.3,0.0,99,100,105,5,1
3583,small,motorboat,7.44,2.67,0.78,2.4,99,100,101,1,1
3592,motor,motorboat,18.55,5.61,1.67,8.7,99,100,101,1,1
3595,sail,sailboat,12.94,4.05,1.96,5.4,99,100,111,11,1
3600,sail,sailboat,13.63,4.13,2.36,4.5,99,100,102,2,1
3632,sail,sailboat,11.46,3.66,2.01,5.0,99,101,107,6,2
3639,super,yacht,22.95,6.37,2.88,28.8,99,101,102,1,2
3642,sail,sailboat,11.99,3.8,1.97,0.0,99,101,109,8,2
3648,small,motorboat,7.45,2.57,0.7,0.0,99,101,105,4,2
3654,super,yacht,26.2,6.83,2.98,28.1,99,101,104,3,2
3657,motor,motorboat,16.2,4.82,1.67,6.3,99,101,103,2,2
3662,sail,sailboat,12.01,3.84,1.81,6.6,99,101,104,3,2
3697,sail,sailboat,17.0,5.27,2.95,12.1,99,102,111,9,3
3748,super,yacht,21.9,5.7,2.89,26.1,99,102,108,6,3
3780,super,yacht,24.0,6.37,2.87,18.6,99,103,118,15,4
3801,sail,sailboat,10.16,3.26,1.72,5.4,99,103,104,1,4
3810,motor,motorboat,10.57,2.95,0.92,5.7,99,103,110,7,4
3837,sail,sailboat,14.27,4.63,2.6,5.2,99,104,106,2,5
3928,sail,sailboat,11.98,3.86,1.82,0.0,99,105,108,3,6
3941,small,motorboat,8.54,2.81,0.8,0.0,99,105,111,6,6
3942,sail,sailboat,16.77,5.42,2.95,0.0,99,106,111,5,7
3945,motor,motorboat,12.59,3.91,1.18,4.5,99,106,123,17,7
3974,motor,motorboat,11.02,3.38,1.16,5.0,99,106,113,7,7
4030,sail,sailboat,10.96,3.64,1.66,4.0,99,107,114,7,8
4145,sail,sailboat,9.5,3.03,1.66,3.1,99,108,109,1,9
4148,motor,motorboat,16.38,4.97,1.73,0.0,99,108,111,3,9
4209,sail,sailboat,11.09,3.38,1.94,0.0,99,109,122,13,10
4307,super,yacht,20.06,5.16,2.2,37.2,99,111,113,2,12
4316,super,yacht,27.66,7.74,3.38,32.9,99,111,118,7,12
4366,small,motorboat,6.36,2.06,0.68,2.7,99,112,119,7,13
4387,sail,sailboat,12.78,4.13,2.19,5.9,99,112,114,2,13
4587,super,yacht,26.26,7.28,3.47,33.1,99,115,117,2,16
4620,sail,sailboat,10.43,3.52,1.6,4.8,99,116,117,1,17
4727,motor,motorboat,18.36,5.63,1.58,0.0,99,117,123,6,18
4889,sail,sailboat,12.45,3.98,2.19,3.2,99,120,122,2,21
5024,motor,motorboat,18.84,5.67,1.83,9.2,99,122,125,3,23
5054,motor,motorboat,10.0,3.11,0.94,3.6,99,123,136,13,24
5075,motor,motorboat,13.89,3.96,1.29,6.8,99,123,126,3,24
5172,sail,sailboat,14.27,4.48,2.56,4.9,99,124,125,1,25
6027,super,yacht,27.78,7.38,3.12,38.5,99,137,143,6,38
6077,sail,sailboat,14.8,4.94,2.68,4.7,99,138,145,7,39
6090,sail,sailboat,12.47,3.83,2.11,6.2,99,138,140,2,39
6150,motor,motorboat,19.69,5.77,2.09,11.1,99,139,142,3,40
6152,sail,sailboat,16.51,5.33,2.49,9.1,99,139,141,2,40
6401,sail,sailboat,9.53,3.12,1.44,0.0,99,143,170,27,44
6453,sail,sailboat,15.1,4.72,2.3,13.2,99,144,151,7,45
7193,motor,motorboat,18.02,5.36,1.54,0.0,99,156,157,1,57
7826,motor,motorboat,14.2,4.38,1.44,4.4,99,171,176,5,72
3544,motor,motorboat,11.3,3.17,1.15,4.1,100,100,102,2,0
3557,motor,motorboat,10.0,2.93,0.94,0.0,100,100,103,3,0
3564,sail,sailboat,9.75,2.97,1.78,3.1,100,100,104,4,0
3576,small,motorboat,6.08,2.05,0.58,2.2,100,100,102,2,0
3579,motor,motorboat,12.77,3.89,1.12,5.3,100,100,102,2,0
3598,small,motorboat,6.06,1.99,0.57,2.3,100,100,103,3,0
3611,small,motorboat,6.44,2.3,0.67,0.0,100,101,107,6,1
3617,small,motorboat,6.26,2.12,0.66,2.1,100,101,107,6,1
3636,motor,motorboat,17.94,5.08,1.77,13.4,100,101,104,3,1
3640,sail,sailboat,12.0,3.98,1.79,3.5,100,101,105,4,1
3646,small,motorboat,9.14,2.99,0.84,0.0,100,101,104,3,1
3651,motor,motorboat,13.05,3.84,1.28,6.4,100,101,103,2,1
3652,motor,motorboat,14.82,4.26,1.47,5.9,100,101,105,4,1
3683,sail,sailboat,15.34,4.99,2.66,8.9,100,102,105,3,2
3685,super,yacht,27.71,7.67,3.1,28.6,100,102,109,7,2
3688,sail,sailboat,14.58,4.58,2.35,5.8,100,102,103,1,2
3699,sail,sailboat,12.96,3.91,2.38,4.5,100,102,105,3,2
3705,sail,sailboat,14.36,4.87,2.53,5.3,100,102,112,10,2
3706,motor,motorboat,13.51,3.92,1.41,6.3,100,102,103,1,2
3717,sail,sailboat,11.96,3.71,1.93,6.9,100,102,103,1,2
3738,sail,sailboat,13.84,4.47,2.31,4.9,100,102,103,1,2
3741,sail,sailboat,16.66,5.42,2.75,11.8,100,102,120,18,2
3766,sail,sailboat,13.74,4.17,2.39,5.8,100,103,106,3,3
3798,super,yacht,20.2,5.48,2.49,39.5,100,103,117,14,3
3813,motor,motorboat,13.72,4.23,1.17,5.6,100,103,104,1,3
3857,motor,motorboat,14.65,4.25,1.53,5.0,100,104,111,7,4
3859,super,yacht,28.35,8.05,3.66,33.6,100,104,109,5,4
3867,motor,motorboat,14.09,4.1,1.29,0.0,100,104,105,1,4
3897,sail,sailboat,11.85,4.0,2.1,3.6,100,105,111,6,5
3905,sail,sailboat,12.46,4.08,1.89,4.4,100,105,107,2,5
3911,motor,motorboat,13.87,3.99,1.37,3.7,100,105,106,1,5
3922,super,yacht,21.41,5.88,2.85,30.9,100,105,113,8,5
3953,motor,motorboat,12.99,3.78,1.13,4.4,100,106,109,3,6
3981,motor,motorboat,14.98,4.43,1.4,4.2,100,106,108,2,6
3999,small,motorboat,6.31,2.13,0.65,0.0,100,106,107,1,6
4011,sail,sailboat,12.36,4.15,2.08,5.8,100,106,109,3,6
4035,sail,sailboat,11.66,3.77,2.15,4.3,100,107,117,10,7
4050,sail,sailboat,13.08,4.25,2.27,0.0,100,107,113,6,7
4092,small,motorboat,8.11,2.74,0.83,0.0,100,108,109,1,8
4118,sail,sailboat,13.33,4.02,2.43,5.1,100,108,111,3,8
4139,motor,motorboat,16.48,4.9,1.69,9.1,100,108,111,3,8
4140,small,motorboat,7.91,2.73,0.76,2.4,100,108,138,30,8
4158,sail,sailboat,11.74,3.97,2.08,6.4,100,108,111,3,8
4193,sail,sailboat,11.58,3.85,1.92,3.5,100,109,123,14,9
4245,sail,sailboat,13.76,4.39,2.14,3.1,100,109,112,3,9
4262,sail,sailboat,9.5,3.02,1.55,0.0,100,110,112,2,10
4271,sail,sailboat,16.53,5.24,2.59,10.8,100,110,116,6,10
4338,small,motorboat,8.47,2.72,0.79,3.0,100,111,112,1,11
4345,sail,sailboat,13.98,4.38,2.19,5.0,100,111,112,1,11
4379,sail,sailboat,14.22,4.64,2.45,6.6,100,112,113,1,12
4391,motor,motorboat,15.85,4.65,1.45,9.4,100,112,115,3,12
4458,sail,sailboat,11.37,3.65,1.86,5.3,100,113,120,7,13
4461,motor,motorboat,13.74,4.22,1.35,5.2,100,114,117,3,14
4477,motor,motorboat,10.0,2.85,0.87,3.6,100,114,119,5,14
4485,motor,motorboat,15.36,4.46,1.53,13.5,100,114,128,14,14
4501,motor,motorboat,19.79,5.5,1.9,7.6,100,114,133,19,14
4608,super,yacht,25.21,6.74,2.98,29.8,100,116,119,3,16
4725,sail,sailboat,14.41,4.42,2.44,0.0,100,117,132,15,17
4804,small,motorboat,9.22,3.04,0.86,0.0,100,119,120,1,19
5070,motor,motorboat,18.47,5.14,1.62,10.7,100,123,129,6,23
5270,small,motorboat,6.65,2.19,0.68,0.0,100,126,138,12,26
5294,super,yacht,20.17,5.59,2.19,38.0,100,126,131,5,26
5324,sail,sailboat,10.04,3.19,1.64,5.1,100,127,131,4,27
5354,motor,motorboat,13.18,3.82,1.32,4.4,100,128,134,6,28
5396,small,motorboat,6.08,2.03,0.64,0.0,100,128,134,6,28
5595,sail,sailboat,12.17,3.98,2.03,5.3,100,131,133,2,31
5913,motor,motorboat,12.92,3.83,1.2,0.0,100,136,162,26,36
6052,motor,motorboat,14.5,4.33,1.29,6.2,100,137,139,2,37
7035,small,motorboat,6.01,2.12,0.58,0.0,100,152,159,7,52
7059,small,motorboat,6.04,2.05,0.59,2.5,100,153,155,2,53
7173,small,motorboat,7.27,2.56,0.74,0.0,100,156,159,3,56
3621,sail,sailboat,15.15,4.58,2.34,6.9,101,101,103,2,0
3623,motor,motorboat,22.0,6.32,2.22,32.3,101,101,102,1,0
3635,sail,sailboat,10.94,3.51,1.99,4.5,101,101,104,3,0
3667,sail,sailboat,10.04,3.39,1.74,6.9,101,101,106,5,0
3670,sail,sailboat,11.18,3.64,1.96,3.8,101,101,105,4,0
3677,sail,sailboat,13.29,4.06,2.26,4.8,101,102,115,13,1
3693,small,motorboat,7.3,2.54,0.73,2.3,101,102,104,2,1
3696,motor,motorboat,12.69,3.52,1.24,6.2,101,102,103,1,1
3704,sail,sailboat,12.09,4.07,1.93,0.0,101,102,105,3,1
3723,sail,sailboat,13.43,4.15,2.0,4.1,101,102,107,5,1
3743,sail,sailboat,11.03,3.52,1.71,6.3,101,102,109,7,1
3762,small,motorboat,6.82,2.18,0.68,0.0,101,103,106,3,2
3785,motor,motorboat,15.39,4.75,1.4,12.8,101,103,110,7,2
3790,sail,sailboat,14.97,4.51,2.3,7.0,101,103,109,6,2
3802,sail,sailboat,13.55,4.13,2.49,6.2,101,103,110,7,2
3819,sail,sailboat,13.62,4.56,2.07,6.7,101,103,106,3,2
3821,sail,sailboat,11.67,3.85,1.74,5.2,101,103,108,5,2
3835,motor,motorboat,18.04,5.21,1.56,8.6,101,104,105,1,3
3864,motor,motorboat,13.67,4.04,1.45,6.2,101,104,116,12,3
3894,sail,sailboat,13.63,4.22,2.47,5.6,101,105,110,5,4
3909,motor,motorboat,15.68,4.53,1.44,11.6,101,105,112,7,4
3916,sail,sailboat,11.89,3.93,2.04,3.2,101,105,111,6,4
3963,motor,motorboat,15.05,4.68,1.41,9.4,101,106,108,2,5
4005,sail,sailboat,10.64,3.23,1.81,3.8,101,106,112,6,5
4027,sail,sailboat,10.36,3.24,1.61,5.9,101,107,136,29,6
4058,motor,motorboat,19.32,5.67,2.03,10.0,101,107,108,1,6
4068,sail,sailboat,11.55,3.64,2.13,6.5,101,107,111,4,6
4088,sail,sailboat,11.52,3.86,1.76,3.9,101,107,108,1,6
4115,small,motorboat,6.52,2.3,0.6,3.2,101,108,114,6,7
4136,super,yacht,21.43,5.61,2.43,33.4,101,108,115,7,7
4153,sail,sailboat,13.82,4.34,2.35,0.0,101,108,114,6,7
4166,small,motorboat,7.59,2.56,0.74,3.0,101,108,109,1,7
4235,sail,sailboat,9.59,2.91,1.63,0.0,101,109,111,2,8
4249,sail,sailboat,15.6,4.77,2.63,0.0,101,110,112,2,9
4251,sail,sailboat,13.65,4.28,2.03,6.7,101,110,124,14,9
4263,sail,sailboat,10.95,3.52,1.78,0.0,101,110,112,2,9
4340,super,yacht,23.75,6.08,2.83,33.9,101,111,113,2,10
4381,small,motorboat,6.31,2.08,0.58,3.1,101,112,133,21,11
4398,sail,sailboat,9.5,3.17,1.49,2.7,101,112,114,2,11
4399,sail,sailboat,12.48,4.16,2.21,4.0,101,112,120,8,11
4404,motor,motorboat,16.22,5.04,1.47,7.3,101,112,113,1,11
4444,sail,sailboat,14.18,4.52,2.27,6.8,101,113,126,13,12
4449,sail,sailboat,14.5,4.83,2.63,6.6,101,113,115,2,12
4453,sail,sailboat,11.85,3.7,1.91,3.3,101,113,114,1,12
4460,motor,motorboat,12.54,3.57,1.08,0.0,101,114,121,7,13
4464,small,motorboat,7.69,2.59,0.74,2.3,101,114,115,1,13
4475,super,yacht,24.89,6.53,3.17,19.8,101,114,118,4,13
4522,sail,sailboat,12.94,4.36,2.15,0.0,101,115,136,21,14
4574,motor,motorboat,10.89,3.39,1.01,6.4,101,115,117,2,14
4617,small,motorboat,6.8,2.28,0.69,0.0,101,116,119,3,15
4980,motor,motorboat,13.46,4.04,1.27,5.7,101,122,136,14,21
5489,small,motorboat,6.7,2.18,0.62,0.0,101,129,136,7,28
5623,sail,sailboat,12.75,4.2,2.04,0.0,101,131,135,4,30
5663,motor,motorboat,15.91,4.57,1.57,11.1,101,132,143,11,31
5725,motor,motorboat,16.41,4.86,1.72,9.1,101,133,135,2,32
6096,small,motorboat,7.35,2.51,0.78,3.3,101,138,151,13,37
6642,sail,sailboat,17.0,5.43,3.11,0.0,101,146,149,3,45
6888,small,motorboat,8.94,2.92,0.95,3.1,101,150,152,2,49
7002,small,motorboat,9.25,3.18,0.94,0.0,101,151,157,6,50
7045,super,yacht,21.07,6.01,2.3,0.0,101,152,166,14,51
7096,motor,motorboat,15.64,4.44,1.47,13.6,101,154,155,1,53
7522,super,yacht,24.55,6.79,2.89,21.0,101,164,172,8,63
8625,super,yacht,20.51,5.48,2.61,21.5,101,197,200,3,96
3691,motor,motorboat,10.8,3.35,1.08,4.6,102,102,104,2,0
3701,sail,sailboat,12.17,4.0,2.19,0.0,102,102,106,4,0
3707,motor,motorboat,19.72,5.52,2.08,7.2,102,102,104,2,0
3737,sail,sailboat,10.87,3.53,1.65,4.2,102,102,104,2,0
3740,sail,sailboat,9.5,2.95,1.54,3.4,102,102,106,4,0
3744,sail,sailboat,10.99,3.67,1.76,6.6,102,102,107,5,0
3746,sail,sailboat,13.16,4.14,2.13,3.9,102,102,103,1,0
3750,sail,sailboat,15.16,5.11,2.43,8.1,102,102,105,3,0
3752,motor,motorboat,10.0,2.99,0.89,6.7,102,102,108,6,0
3753,sail,sailboat,15.27,4.87,2.58,9.3,102,103,109,6,1
3755,sail,sailboat,14.21,4.28,2.47,6.4,102,103,106,3,1
3760,sail,sailboat,15.78,5.34,2.68,10.6,102,103,104,1,1
3797,small,motorboat,7.64,2.49,0.81,3.4,102,103,110,7,1
3815,sail,sailboat,15.06,5.08,2.66,6.1,102,103,109,6,1
3817,sail,sailboat,15.86,5.35,2.74,9.4,102,103,106,3,1
3828,sail,sailboat,14.38,4.37,2.31,0.0,102,104,107,3,2
3846,sail,sailboat,10.44,3.22,1.9,3.7,102,104,108,4,2
3847,small,motorboat,7.67,2.47,0.69,0.0,102,104,106,2,2
3854,motor,motorboat,16.74,5.13,1.54,8.2,102,104,105,1,2
3855,small,motorboat,9.44,3.28,0.9,3.0,102,104,106,2,2
3866,sail,sailboat,17.0,5.14,2.89,10.0,102,104,109,5,2
3868,sail,sailboat,11.96,4.05,2.0,6.6,102,104,105,1,2
3874,small,motorboat,8.0,2.8,0.77,0.0,102,104,106,2,2
3880,motor,motorboat,21.97,6.33,2.3,16.0,102,104,106,2,2
3882,sail,sailboat,10.39,3.43,1.78,3.4,102,104,109,5,2
3884,motor,motorboat,10.96,3.13,0.94,3.9,102,104,106,2,2
3886,motor,motorboat,16.43,4.85,1.54,8.6,102,104,105,1,2
3889,small,motorboat,8.44,2.91,0.77,0.0,102,104,105,1,2
3955,sail,sailboat,9.5,3.21,1.68,3.5,102,106,108,2,4
4038,sail,sailboat,17.0,5.53,2.67,11.7,102,107,109,2,5
4051,sail,sailboat,14.73,4.52,2.43,0.0,102,107,110,3,5
4077,sail,sailboat,15.01,4.54,2.32,8.9,102,107,108,1,5
4081,motor,motorboat,17.11,5.34,1.48,10.6,102,107,110,3,5
4096,sail,sailboat,16.19,5.3,2.56,9.9,102,108,109,1,6
4146,motor,motorboat,14.47,4.36,1.32,4.2,102,108,112,4,6
4187,sail,sailboat,12.22,4.02,1.84,6.4,102,109,112,3,7
4253,sail,sailboat,15.17,5.03,2.39,6.4,102,110,111,1,8
4274,small,motorboat,6.47,2.27,0.66,2.0,102,110,113,3,8
4321,sail,sailboat,14.32,4.83,2.27,3.8,102,111,112,1,9
4347,motor,motorboat,11.55,3.53,1.04,5.8,102,111,112,1,9
4376,motor,motorboat,16.75,5.04,1.48,13.9,102,112,119,7,10
4396,motor,motorboat,17.66,5.09,1.75,6.2,102,112,118,6,10
4414,small,motorboat,7.39,2.57,0.71,0.0,102,113,117,4,11
4424,motor,motorboat,18.66,5.34,1.97,0.0,102,113,119,6,11
4507,small,motorboat,8.59,2.76,0.94,2.4,102,114,117,3,12
4527,sail,sailboat,9.5,2.94,1.61,3.4,102,115,130,15,13
4553,sail,sailboat,15.68,4.92,2.55,8.3,102,115,129,14,13
4555,sail,sailboat,13.09,4.13,2.37,0.0,102,115,118,3,13
4566,motor,motorboat,14.86,4.32,1.56,5.8,102,115,117,2,13
4651,sail,sailboat,14.03,4.36,2.37,3.3,102,116,117,1,14
4654,sail,sailboat,14.21,4.58,2.44,0.0,102,116,119,3,14
4676,motor,motorboat,13.62,4.2,1.31,3.2,102,116,123,7,14
4948,motor,motorboat,12.12,3.47,1.25,0.0,102,121,135,14,19
5151,sail,sailboat,11.15,3.64,1.77,5.4,102,124,131,7,22
5175,motor,motorboat,18.04,5.63,1.89,7.5,102,124,128,4,22
5491,motor,motorboat,15.33,4.64,1.45,7.3,102,129,130,1,27
5564,motor,motorboat,16.78,5.18,1.45,6.4,102,130,145,15,28
5621,sail,sailboat,9.91,3.1,1.66,2.8,102,131,156,25,29
5630,motor,motorboat,15.29,4.75,1.5,13.8,102,131,137,6,29
5750,motor,motorboat,16.91,4.8,1.47,9.1,102,133,135,2,31
5759,motor,motorboat,13.8,3.86,1.33,4.7,102,134,136,2,32
6711,sail,sailboat,10.98,3.66,1.71,7.0,102,148,155,7,46
6801,small,motorboat,9.05,3.2,0.83,2.2,102,149,150,1,47
7068,motor,motorboat,19.11,5.71,1.73,12.4,102,153,155,2,51
7337,sail,sailboat,15.57,4.71,2.65,7.3,102,159,182,23,57
7342,sail,sailboat,13.79,4.44,2.26,5.3,102,159,167,8,57
7450,sail,sailboat,10.76,3.38,1.64,6.2,102,162,164,2,60
7546,small,motorboat,6.09,2.18,0.55,2.9,102,164,167,3,62
3771,motor,motorboat,17.6,5.11,1.63,8.6,103,103,104,1,0
3774,motor,motorboat,13.85,4.2,1.24,6.1,103,103,104,1,0
3782,sail,sailboat,15.77,5.3,2.35,0.0,103,103,109,6,0
3792,small,motorboat,7.27,2.51,0.81,2.9,103,103,109,6,0
3799,motor,motorboat,12.81,3.87,1.22,3.5,103,103,106,3,0
3806,sail,sailboat,11.67,3.62,2.01,6.7,103,103,104,1,0
3827,sail,sailboat,10.78,3.52,1.86,0.0,103,104,105,1,1
3832,small,motorboat,8.08,2.83,0.8,3.1,103,104,109,5,1
3834,sail,sailboat,14.79,4.51,2.71,4.6,103,104,107,3,1
3840,sail,sailboat,10.67,3.5,1.86,6.1,103,104,107,3,1
3842,small,motorboat,8.25,2.96,0.89,2.0,103,104,106,2,1
3851,motor,motorboat,11.07,3.31,0.98,5.8,103,104,106,2,1
3876,motor,motorboat,18.22,5.37,1.68,6.2,103,104,106,2,1
3883,sail,sailboat,15.46,5.13,2.8,0.0,103,104,126,22,1
3898,sail,sailboat,13.59,4.36,2.05,4.8,103,105,112,7,2
3907,motor,motorboat,18.1,5.06,1.74,10.5,103,105,106,1,2
3917,sail,sailboat,14.35,4.33,2.46,6.2,103,105,108,3,2
3931,motor,motorboat,15.84,4.46,1.65,10.3,103,105,106,1,2
3936,sail,sailboat,12.1,3.75,2.0,0.0,103,105,110,5,2
3990,sail,sailboat,13.78,4.32,2.21,6.9,103,106,109,3,3
4070,motor,motorboat,14.05,4.26,1.22,0.0,103,107,109,2,4
4120,sail,sailboat,16.19,5.36,2.59,9.7,103,108,109,1,5
4127,sail,sailboat,9.5,3.13,1.61,0.0,103,108,109,1,5
4143,sail,sailboat,10.65,3.5,1.94,0.0,103,108,110,2,5
4202,sail,sailboat,15.88,5.38,2.59,13.5,103,109,112,3,6
4237,sail,sailboat,14.0,4.44,2.42,6.1,103,109,114,5,6
4294,sail,sailboat,14.97,5.04,2.25,4.7,103,110,114,4,7
4312,sail,sailboat,12.61,4.02,2.11,6.4,103,111,114,3,8
4439,small,motorboat,6.7,2.22,0.69,0.0,103,113,115,2,10
4489,sail,sailboat,12.83,4.29,2.3,3.3,103,114,117,3,11
4521,motor,motorboat,16.08,4.93,1.48,8.8,103,115,119,4,12
4532,sail,sailboat,15.3,5.01,2.69,6.8,103,115,118,3,12
4581,motor,motorboat,13.3,4.08,1.37,0.0,103,115,116,1,12
4582,sail,sailboat,15.17,5.12,2.32,0.0,103,115,116,1,12
4588,sail,sailboat,10.07,3.19,1.74,0.0,103,115,117,2,12
4597,motor,motorboat,14.58,4.06,1.34,6.6,103,116,117,1,13
4625,sail,sailboat,9.69,3.15,1.63,2.5,103,116,118,2,13
4674,motor,motorboat,18.27,5.63,1.81,0.0,103,116,122,6,13
4679,motor,motorboat,17.14,5.04,1.79,12.6,103,116,121,5,13
4736,sail,sailboat,13.68,4.19,2.17,0.0,103,117,118,1,14
4739,motor,motorboat,17.3,4.94,1.55,11.1,103,117,122,5,14
5083,super,yacht,27.51,7.64,2.99,27.7,103,123,126,3,20
5171,sail,sailboat,13.36,4.39,2.21,0.0,103,124,129,5,21
5502,small,motorboat,8.11,2.73,0.85,0.0,103,130,135,5,27
5627,small,motorboat,8.46,2.76,0.82,0.0,103,131,160,29,28
6234,small,motorboat,7.98,2.79,0.79,3.3,103,140,144,4,37
6627,small,motorboat,8.68,2.83,0.93,3.0,103,146,149,3,43
6944,super,yacht,25.03,7.03,2.8,34.6,103,151,153,2,48
7252,super,yacht,28.63,7.53,3.55,18.4,103,157,170,13,54
7315,super,yacht,23.9,6.1,2.75,28.3,103,159,162,3,56
3839,sail,sailboat,12.21,3.82,1.95,3.4,104,104,110,6,0
3841,sail,sailboat,13.85,4.39,2.41,4.8,104,104,106,2,0
3849,motor,motorboat,10.64,3.17,1.13,0.0,104,104,128,24,0
3856,motor,motorboat,16.53,5.06,1.68,0.0,104,104,115,11,0
3861,sail,sailboat,9.98,3.01,1.78,2.6,104,104,113,9,0
3863,motor,motorboat,14.11,4.38,1.28,4.8,104,104,117,13,0
3869,sail,sailboat,15.85,4.79,2.69,0.0,104,104,105,1,0
3875,motor,motorboat,13.94,4.27,1.29,6.8,104,104,109,5,0
3906,sail,sailboat,11.69,3.55,1.86,6.9,104,105,117,12,1
3912,motor,motorboat,16.38,4.62,1.43,9.3,104,105,119,14,1
3918,sail,sailboat,9.5,3.21,1.61,3.1,104,105,112,7,1
3927,motor,motorboat,18.07,5.04,1.62,6.0,104,105,106,1,1
3935,sail,sailboat,11.27,3.67,2.01,0.0,104,105,107,2,1
3972,sail,sailboat,9.86,3.1,1.61,0.0,104,106,110,4,2
3973,motor,motorboat,13.46,3.75,1.16,6.7,104,106,107,1,2
3991,motor,motorboat,16.49,4.64,1.54,11.3,104,106,109,3,2
3997,small,motorboat,9.0,3.09,0.82,0.0,104,106,107,1,2
3998,sail,sailboat,11.59,3.6,2.14,5.4,104,106,122,16,2
4001,sail,sailboat,9.5,3.16,1.71,2.4,104,106,107,1,2
4004,small,motorboat,8.34,2.94,0.93,0.0,104,106,112,6,2
4016,super,yacht,26.38,7.25,3.3,25.4,104,107,109,2,3
4026,sail,sailboat,14.44,4.35,2.64,4.9,104,107,117,10,3
4178,small,motorboat,6.38,2.09,0.71,2.4,104,109,123,14,5
4184,motor,motorboat,10.0,3.01,0.89,4.4,104,109,112,3,5
4208,sail,sailboat,14.59,4.72,2.64,6.3,104,109,111,2,5
4212,sail,sailboat,11.12,3.51,1.68,3.4,104,109,114,5,5
4233,sail,sailboat,11.59,3.54,1.79,0.0,104,109,112,3,5
4236,small,motorboat,6.64,2.23,0.67,2.7,104,109,116,7,5
4258,motor,motorboat,10.0,2.97,0.89,4.1,104,110,117,7,6
4303,sail,sailboat,11.24,3.79,1.69,3.9,104,110,116,6,6
4327,sail,sailboat,13.47,4.09,2.01,4.0,104,111,114,3,7
4351,sail,sailboat,12.13,3.72,2.2,6.5,104,111,112,1,7
4386,sail,sailboat,14.18,4.76,2.59,5.9,104,112,116,4,8
4394,sail,sailboat,13.95,4.37,2.21,0.0,104,112,114,2,8
4428,motor,motorboat,19.2,5.98,1.65,0.0,104,113,118,5,9
4433,sail,sailboat,14.92,4.85,2.5,6.5,104,113,117,4,9
4452,motor,motorboat,10.0,2.77,0.93,5.4,104,113,114,1,9
4491,motor,motorboat,22.0,6.34,2.05,32.5,104,114,120,6,10
4547,motor,motorboat,15.96,4.52,1.54,6.7,104,115,117,2,11
4559,sail,sailboat,11.14,3.53,1.76,0.0,104,115,117,2,11
4640,motor,motorboat,14.4,4.1,1.44,5.2,104,116,119,3,12
4696,motor,motorboat,19.44,6.02,1.9,8.3,104,117,121,4,13
4704,small,motorboat,7.98,2.6,0.81,2.9,104,117,118,1,13
4752,motor,motorboat,15.13,4.22,1.59,9.1,104,118,121,3,14
4762,sail,sailboat,14.67,4.59,2.49,6.4,104,118,120,2,14
4963,sail,sailboat,13.29,4.08,2.16,0.0,104,122,127,5,18
5041,sail,sailboat,13.24,4.47,2.13,0.0,104,123,124,1,19
5080,motor,motorboat,17.2,4.78,1.49,8.7,104,123,126,3,19
5265,super,yacht,20.97,5.74,2.5,24.4,104,126,129,3,22
5931,sail,sailboat,11.27,3.43,2.07,5.3,104,136,138,2,32
5977,super,yacht,20.92,5.64,2.31,29.1,104,137,140,3,33
6417,motor,motorboat,12.24,3.56,1.29,4.5,104,143,149,6,39
6456,motor,motorboat,14.17,4.06,1.32,6.4,104,144,145,1,40
6501,sail,sailboat,9.62,2.97,1.56,3.4,104,144,149,5,40
6707,motor,motorboat,15.19,4.41,1.4,10.3,104,148,153,5,44
7263,sail,sailboat,12.79,3.96,2.1,4.7,104,158,170,12,54
7471,super,yacht,24.9,6.75,2.73,14.1,104,163,170,7,59
7807,motor,motorboat,21.93,6.75,1.91,33.2,104,171,178,7,67
8383,super,yacht,28.25,7.84,3.46,18.1,104,186,189,3,82
3896,sail,sailboat,15.16,4.65,2.41,7.5,105,105,106,1,0
3900,motor,motorboat,10.0,2.87,1.06,6.4,105,105,106,1,0
3901,sail,sailboat,9.8,3.23,1.64,0.0,105,105,110,5,0
3913,sail,sailboat,14.49,4.48,2.45,5.6,105,105,112,7,0
3924,small,motorboat,8.87,2.99,0.9,0.0,105,105,108,3,0
3939,sail,sailboat,12.37,3.82,1.94,3.4,105,105,109,4,0
3943,sail,sailboat,12.78,4.09,2.35,4.8,105,106,108,2,1
3952,motor,motorboat,15.28,4.5,1.39,9.9,105,106,121,15,1
3954,small,motorboat,7.16,2.58,0.77,3.1,105,106,110,4,1
3971,sail,sailboat,14.83,4.69,2.22,5.6,105,106,109,3,1
3980,motor,motorboat,14.19,4.24,1.36,3.8,105,106,107,1,1
3984,motor,motorboat,15.41,4.49,1.63,11.0,105,106,107,1,1
3987,sail,sailboat,11.83,3.89,1.93,6.9,105,106,111,5,1
4007,sail,sailboat,12.28,4.15,1.83,3.3,105,106,108,2,1
4028,sail,sailboat,13.7,4.2,2.5,4.6,105,107,109,2,2
4033,motor,motorboat,12.02,3.34,1.04,4.6,105,107,109,2,2
4065,sail,sailboat,11.07,3.47,1.74,0.0,105,107,109,2,2
4076,motor,motorboat,20.38,6.24,2.08,30.5,105,107,110,3,2
4083,motor,motorboat,15.75,4.4,1.58,8.7,105,107,118,11,2
4085,motor,motorboat,11.06,3.13,1.04,4.8,105,107,108,1,2
4112,sail,sailboat,11.09,3.4,1.99,6.6,105,108,115,7,3
4177,motor,motorboat,10.59,2.96,0.95,5.5,105,109,110,1,4
4189,motor,motorboat,11.44,3.28,1.16,6.6,105,109,120,11,4
4240,motor,motorboat,11.65,3.38,1.09,4.2,105,109,111,2,4
4257,sail,sailboat,12.71,3.9,2.03,5.6,105,110,111,1,5
4278,sail,sailboat,11.96,3.99,1.94,3.7,105,110,112,2,5
4282,sail,sailboat,9.5,3.03,1.7,3.2,105,110,115,5,5
4289,sail,sailboat,10.5,3.17,1.84,5.4,105,110,115,5,5
4317,sail,sailboat,13.72,4.54,2.12,3.3,105,111,133,22,6
4346,sail,sailboat,11.88,3.82,2.16,3.3,105,111,112,1,6
4359,small,motorboat,7.83,2.73,0.83,0.0,105,112,119,7,7
4409,motor,motorboat,18.32,5.21,1.69,0.0,105,113,116,3,8
4422,motor,motorboat,11.91,3.6,1.26,5.9,105,113,115,2,8
4430,super,yacht,21.23,5.67,2.48,34.5,105,113,133,20,8
4443,small,motorboat,9.2,2.98,0.91,2.0,105,113,119,6,8
4482,sail,sailboat,12.87,4.09,2.13,4.0,105,114,117,3,9
4506,sail,sailboat,9.93,3.02,1.49,2.4,105,114,120,6,9
4520,motor,motorboat,12.51,3.83,1.3,6.6,105,114,119,5,9
4536,sail,sailboat,15.32,4.79,2.31,0.0,105,115,117,2,10
4540,sail,sailboat,14.13,4.5,2.23,0.0,105,115,122,7,10
4572,super,yacht,22.22,5.84,2.94,32.9,105,115,120,5,10
4580,small,motorboat,6.35,2.21,0.65,2.6,105,115,116,1,10
4583,motor,motorboat,15.63,4.59,1.57,11.3,105,115,117,2,10
4593,motor,motorboat,10.0,2.94,0.87,4.6,105,116,117,1,11
4619,super,yacht,24.34,6.38,2.74,12.8,105,116,123,7,11
4672,motor,motorboat,13.38,4.02,1.26,4.9,105,116,118,2,11
4680,sail,sailboat,10.65,3.58,1.68,0.0,105,117,118,1,12
4697,sail,sailboat,13.12,4.1,2.17,4.7,105,117,119,2,12
4742,sail,sailboat,15.6,4.75,2.62,0.0,105,117,126,9,12
4765,sail,sailboat,16.01,5.1,2.62,13.0,105,118,121,3,13
4823,motor,motorboat,16.28,4.77,1.4,0.0,105,119,122,3,14
4866,motor,motorboat,15.42,4.45,1.44,6.3,105,120,123,3,15
4990,sail,sailboat,15.34,4.94,2.28,6.0,105,122,129,7,17
5003,motor,motorboat,15.12,4.57,1.4,10.5,105,122,124,2,17
5078,motor,motorboat,11.67,3.32,1.13,4.4,105,123,128,5,18
5087,sail,sailboat,12.68,4.19,2.29,4.2,105,123,124,1,18
5139,sail,sailboat,12.33,3.86,2.06,3.6,105,124,126,2,19
5406,super,yacht,22.67,6.23,3.0,37.4,105,128,132,4,23
5737,small,motorboat,7.03,2.28,0.74,2.5,105,133,136,3,28
5835,small,motorboat,9.26,3.0,0.89,2.1,105,135,139,4,30
6142,sail,sailboat,10.67,3.55,1.93,3.0,105,139,140,1,34
6368,motor,motorboat,16.18,4.68,1.45,9.3,105,143,144,1,38
6534,sail,sailboat,10.45,3.49,1.9,6.8,105,145,147,2,40
7048,super,yacht,25.86,7.19,2.92,18.6,105,152,154,2,47
7091,motor,motorboat,18.83,5.81,1.91,6.9,105,154,158,4,49
7098,sail,sailboat,14.89,4.97,2.43,4.3,105,154,155,1,49
7376,sail,sailboat,11.56,3.68,1.9,4.6,105,160,167,7,55
3960,sail,sailboat,15.4,5.16,2.7,0.0,106,106,107,1,0
3961,sail,sailboat,11.79,3.99,1.83,0.0,106,106,108,2,0
3966,motor,motorboat,16.94,4.88,1.58,13.8,106,106,109,3,0
3967,small,motorboat,6.7,2.39,0.67,0.0,106,106,107,1,0
3975,motor,motorboat,10.8,3.22,1.14,7.0,106,106,121,15,0
3978,sail,sailboat,12.5,4.08,1.96,7.0,106,106,107,1,0
4010,motor,motorboat,16.22,4.54,1.51,12.8,106,106,107,1,0
4013,motor,motorboat,18.1,5.5,1.75,7.6,106,107,113,6,1
4019,small,motorboat,9.12,3.14,0.99,0.0,106,107,109,2,1
4021,motor,motorboat,14.23,4.44,1.29,5.9,106,107,112,5,1
4036,sail,sailboat,14.15,4.3,2.51,4.2,106,107,108,1,1
4055,sail,sailboat,14.06,4.6,2.43,0.0,106,107,110,3,1
4087,motor,motorboat,14.66,4.16,1.27,6.7,106,107,123,16,1
4091,super,yacht,26.02,7.33,3.12,35.7,106,108,109,1,2
4101,motor,motorboat,11.81,3.38,1.14,6.7,106,108,110,2,2
4107,sail,sailboat,9.99,3.22,1.52,0.0,106,108,110,2,2
4117,motor,motorboat,11.28,3.5,1.03,4.8,106,108,113,5,2
4122,sail,sailboat,9.5,3.21,1.71,2.5,106,108,112,4,2
4129,sail,sailboat,11.04,3.45,1.94,3.4,106,108,111,3,2
4132,small,motorboat,7.6,2.73,0.83,0.0,106,108,113,5,2
4133,motor,motorboat,11.31,3.2,1.03,3.3,106,108,114,6,2
4142,sail,sailboat,13.35,4.28,2.29,3.2,106,108,111,3,2
4155,sail,sailboat,15.89,4.86,2.8,0.0,106,108,110,2,2
4169,sail,sailboat,10.23,3.23,1.65,0.0,106,108,124,16,2
4213,sail,sailboat,11.9,3.97,1.88,5.9,106,109,122,13,3
4221,sail,sailboat,14.29,4.57,2.6,5.0,106,109,112,3,3
4227,motor,motorboat,22.0,6.38,2.32,36.5,106,109,138,29,3
4230,small,motorboat,8.24,2.83,0.83,3.2,106,109,111,2,3
4283,small,motorboat,6.08,2.09,0.67,3.2,106,110,111,1,4
4313,small,motorboat,6.33,2.25,0.66,0.0,106,111,114,3,5
4319,super,yacht,20.77,5.92,2.31,36.1,106,111,114,3,5
4377,sail,sailboat,11.22,3.42,1.74,0.0,106,112,115,3,6
4385,sail,sailboat,13.53,4.32,2.08,0.0,106,112,130,18,6
4392,motor,motorboat,15.91,4.81,1.59,0.0,106,112,117,5,6
4393,small,motorboat,8.0,2.64,0.78,3.4,106,112,115,3,6
4411,sail,sailboat,13.61,4.32,2.43,5.5,106,113,115,2,7
4434,small,motorboat,8.28,2.65,0.81,0.0,106,113,115,2,7
4436,sail,sailboat,14.59,4.76,2.62,6.2,106,113,116,3,7
4478,super,yacht,22.68,6.1,2.79,33.4,106,114,115,1,8
4490,sail,sailboat,14.69,4.95,2.39,6.2,106,114,115,1,8
4511,sail,sailboat,11.69,3.91,2.01,4.9,106,114,117,3,8
4599,motor,motorboat,12.29,3.67,1.24,0.0,106,116,120,4,10
4600,small,motorboat,7.28,2.53,0.68,2.0,106,116,120,4,10
4610,sail,sailboat,13.35,4.11,2.01,0.0,106,116,122,6,10
4611,sail,sailboat,13.56,4.14,2.05,0.0,106,116,119,3,10
4722,sail,sailboat,9.5,3.21,1.73,3.2,106,117,119,2,11
4732,sail,sailboat,12.25,4.05,2.06,4.6,106,117,120,3,11
4757,small,motorboat,9.2,2.95,0.86,0.0,106,118,125,7,12
4797,sail,sailboat,13.26,4.38,2.2,4.9,106,118,120,2,12
4809,super,yacht,21.93,6.1,2.74,28.7,106,119,122,3,13
4812,motor,motorboat,18.69,5.64,1.93,11.8,106,119,120,1,13
4891,motor,motorboat,12.4,3.68,1.11,5.9,106,120,121,1,14
4957,sail,sailboat,12.0,3.81,1.8,0.0,106,122,124,2,16
5021,small,motorboat,9.16,2.99,0.9,2.6,106,122,124,2,16
5074,motor,motorboat,18.54,5.79,1.72,0.0,106,123,151,28,17
5284,motor,motorboat,10.79,3.32,1.15,0.0,106,126,128,2,20
5318,sail,sailboat,11.98,3.61,1.99,4.4,106,127,130,3,21
5319,sail,sailboat,9.5,3.19,1.55,0.0,106,127,129,2,21
6180,motor,motorboat,11.65,3.51,1.07,3.7,106,139,158,19,33
6240,sail,sailboat,14.69,4.77,2.37,5.1,106,140,142,2,34
6466,small,motorboat,8.54,3.01,0.95,0.0,106,144,147,3,38
6748,sail,sailboat,13.44,4.22,2.23,4.8,106,148,156,8,42
7234,sail,sailboat,16.15,4.95,2.9,8.0,106,157,159,2,51
7245,super,yacht,21.13,5.48,2.65,23.7,106,157,160,3,51
7389,sail,sailboat,17.0,5.71,2.64,0.0,106,161,165,4,55
7407,super,yacht,24.81,6.5,3.08,26.0,106,161,163,2,55
7537,motor,motorboat,13.72,4.17,1.42,0.0,106,164,167,3,58
7576,super,yacht,25.5,6.48,3.39,31.6,106,165,169,4,59
8241,sail,sailboat,17.0,5.21,2.71,0.0,106,180,183,3,74
8479,motor,motorboat,16.45,4.93,1.69,11.8,106,191,193,2,85
4018,sail,sailboat,13.8,4.42,2.08,0.0,107,107,110,3,0
4040,motor,motorboat,18.81,5.48,1.72,9.1,107,107,110,3,0
4043,motor,motorboat,14.17,4.3,1.27,4.9,107,107,116,9,0
4045,sail,sailboat,9.93,3.09,1.56,0.0,107,107,109,2,0
4048,sail,sailboat,13.65,4.15,2.05,5.3,107,107,110,3,0
4079,motor,motorboat,16.81,5.03,1.77,10.6,107,107,110,3,0
4084,motor,motorboat,12.34,3.62,1.3,3.5,107,107,109,2,0
4099,sail,sailboat,15.69,4.74,2.7,0.0,107,108,111,3,1
4110,motor,motorboat,14.36,4.09,1.49,3.4,107,108,110,2,1
4113,motor,motorboat,16.41,4.66,1.57,0.0,107,108,110,2,1
4128,small,motorboat,9.47,3.32,1.0,0.0,107,108,112,4,1
4130,sail,sailboat,11.86,3.91,2.16,3.8,107,108,115,7,1
4135,sail,sailboat,12.47,4.01,2.24,4.8,107,108,112,4,1
4141,small,motorboat,7.13,2.52,0.75,0.0,107,108,114,6,1
4151,sail,sailboat,14.81,4.9,2.53,0.0,107,108,115,7,1
4154,sail,sailboat,14.67,4.51,2.53,0.0,107,108,115,7,1
4159,sail,sailboat,14.39,4.46,2.27,3.1,107,108,110,2,1
4160,sail,sailboat,12.0,4.01,1.98,4.0,107,108,111,3,1
4176,sail,sailboat,15.61,4.76,2.75,8.1,107,109,114,5,2
4180,small,motorboat,8.0,2.61,0.88,0.0,107,109,113,4,2
4190,motor,motorboat,12.28,3.47,1.14,3.4,107,109,116,7,2
4204,small,motorboat,7.59,2.65,0.68,2.7,107,109,116,7,2
4218,motor,motorboat,14.96,4.46,1.46,0.0,107,109,129,20,2
4219,motor,motorboat,19.34,5.45,1.67,9.5,107,109,126,17,2
4226,small,motorboat,6.92,2.36,0.75,0.0,107,109,115,6,2
4309,super,yacht,26.98,7.64,3.48,25.5,107,111,118,7,4
4314,sail,sailboat,14.44,4.84,2.26,6.9,107,111,113,2,4
4353,sail,sailboat,14.41,4.34,2.14,6.6,107,111,118,7,4
4371,motor,motorboat,19.35,5.43,1.86,7.5,107,112,115,3,5
4601,super,yacht,24.49,6.38,2.88,25.3,107,116,117,1,9
4615,motor,motorboat,21.46,6.61,2.26,18.1,107,116,118,2,9
4669,sail,sailboat,15.65,4.75,2.87,0.0,107,116,119,3,9
4701,small,motorboat,7.1,2.49,0.68,3.2,107,117,129,12,10
4738,motor,motorboat,17.68,5.39,1.68,12.7,107,117,129,12,10
4768,super,yacht,27.04,7.08,3.29,28.0,107,118,122,4,11
4773,motor,motorboat,13.55,3.78,1.43,6.9,107,118,129,11,11
4906,motor,motorboat,14.22,4.26,1.23,4.4,107,121,129,8,14
4913,super,yacht,20.55,5.72,2.59,28.3,107,121,125,4,14
4947,motor,motorboat,17.59,5.48,1.67,12.4,107,121,123,2,14
5159,motor,motorboat,11.6,3.37,1.17,4.0,107,124,135,11,17
5329,sail,sailboat,12.99,4.06,2.39,7.0,107,127,130,3,20
5407,motor,motorboat,10.0,2.86,0.92,4.9,107,128,129,1,21
5543,sail,sailboat,11.49,3.81,1.99,5.9,107,130,131,1,23
5582,sail,sailboat,15.95,5.21,2.48,7.6,107,130,131,1,23
5620,motor,motorboat,16.61,4.68,1.72,9.0,107,131,137,6,24
5966,motor,motorboat,18.49,5.76,1.87,0.0,107,136,165,29,29
6197,motor,motorboat,15.36,4.75,1.5,6.4,107,140,149,9,33
7077,sail,sailboat,12.44,4.16,2.02,3.7,107,153,159,6,46
7119,small,motorboat,6.55,2.31,0.71,0.0,107,154,158,4,47
7180,sail,sailboat,16.69,5.66,2.54,7.3,107,156,159,3,49
7404,sail,sailboat,11.27,3.71,1.72,5.9,107,161,163,2,54
4093,small,motorboat,6.59,2.26,0.67,0.0,108,108,113,5,0
4095,motor,motorboat,19.52,5.71,1.87,0.0,108,108,112,4,0
4102,sail,sailboat,12.86,4.11,2.34,0.0,108,108,109,1,0
4104,motor,motorboat,14.74,4.59,1.49,4.4,108,108,111,3,0
4111,sail,sailboat,15.34,4.95,2.41,11.5,108,108,111,3,0
4131,sail,sailboat,16.54,5.11,2.9,7.7,108,108,110,2,0
4147,super,yacht,27.3,7.59,3.08,17.2,108,108,114,6,0
4149,small,motorboat,9.45,3.39,0.86,0.0,108,108,111,3,0
4150,small,motorboat,6.16,2.17,0.62,0.0,108,108,115,7,0
4163,sail,sailboat,11.63,3.87,1.78,0.0,108,108,110,2,0
4170,super,yacht,23.47,6.56,2.82,19.5,108,108,111,3,0
4175,motor,motorboat,12.95,3.79,1.2,3.4,108,109,112,3,1
4185,sail,sailboat,14.5,4.9,2.59,4.3,108,109,112,3,1
4188,small,motorboat,7.65,2.68,0.69,2.3,108,109,114,5,1
4191,sail,sailboat,14.85,4.68,2.26,6.7,108,109,112,3,1
4194,motor,motorboat,18.35,5.71,1.65,6.9,108,109,111,2,1
4196,sail,sailboat,14.68,4.63,2.58,0.0,108,109,110,1,1
4222,motor,motorboat,13.3,3.69,1.3,0.0,108,109,110,1,1
4224,sail,sailboat,17.0,5.18,2.79,0.0,108,109,115,6,1
4242,sail,sailboat,10.03,3.28,1.66,3.7,108,109,111,2,1
4256,small,motorboat,7.75,2.55,0.7,2.5,108,110,112,2,2
4261,sail,sailboat,9.5,2.86,1.48,2.1,108,110,115,5,2
4265,sail,sailboat,12.67,4.09,2.02,0.0,108,110,135,25,2
4268,motor,motorboat,18.16,5.16,1.76,0.0,108,110,111,1,2
4270,motor,motorboat,15.23,4.27,1.54,10.0,108,110,112,2,2
4285,small,motorboat,7.42,2.62,0.77,3.2,108,110,114,4,2
4296,sail,sailboat,13.21,4.32,2.33,6.4,108,110,112,2,2
4360,sail,sailboat,11.73,3.59,2.17,6.5,108,112,114,2,4
4384,motor,motorboat,17.26,5.37,1.69,7.8,108,112,121,9,4
4403,motor,motorboat,15.65,4.63,1.38,11.0,108,112,115,3,4
4423,sail,sailboat,11.17,3.52,1.95,5.8,108,113,115,2,5
4472,sail,sailboat,14.22,4.34,2.16,5.3,108,114,117,3,6
4492,motor,motorboat,18.54,5.23,1.83,0.0,108,114,119,5,6
4495,sail,sailboat,10.19,3.36,1.71,5.9,108,114,117,3,6
4500,small,motorboat,6.28,2.21,0.67,0.0,108,114,121,7,6
4513,small,motorboat,6.05,2.02,0.65,0.0,108,114,116,2,6
4562,super,yacht,21.1,5.78,2.38,18.7,108,115,119,4,7
4576,sail,sailboat,12.71,4.07,1.98,5.5,108,115,117,2,7
4577,super,yacht,23.41,6.45,3.07,0.0,108,115,128,13,7
4586,small,motorboat,7.18,2.34,0.69,0.0,108,115,116,1,7
4658,motor,motorboat,18.95,5.71,1.84,12.9,108,116,126,10,8
4693,sail,sailboat,9.5,3.08,1.46,3.2,108,117,124,7,9
4715,sail,sailboat,10.8,3.28,1.7,4.6,108,117,122,5,9
4735,sail,sailboat,14.73,4.46,2.63,0.0,108,117,118,1,9
4744,sail,sailboat,10.66,3.61,1.78,3.5,108,117,123,6,9
4784,motor,motorboat,10.0,2.9,0.96,0.0,108,118,121,3,10
4810,sail,sailboat,11.62,3.69,1.78,7.0,108,119,126,7,11
4898,sail,sailboat,15.55,5.22,2.48,9.8,108,121,150,29,13
4899,sail,sailboat,11.27,3.54,1.95,0.0,108,121,123,2,13
4922,small,motorboat,7.35,2.55,0.74,0.0,108,121,125,4,13
4926,sail,sailboat,12.35,4.08,1.86,5.2,108,121,126,5,13
5007,super,yacht,25.09,6.89,3.35,18.9,108,122,124,2,14
5531,sail,sailboat,11.9,3.83,2.14,3.1,108,130,132,2,22
5798,motor,motorboat,16.61,5.16,1.71,11.8,108,134,137,3,26
5898,small,motorboat,6.04,2.13,0.61,0.0,108,136,142,6,28
5971,motor,motorboat,14.85,4.28,1.43,4.7,108,137,150,13,29
6384,sail,sailboat,9.92,3.03,1.56,2.4,108,143,144,1,35
6595,small,motorboat,9.23,3.08,0.96,2.3,108,146,160,14,38
6657,sail,sailboat,11.0,3.56,1.72,6.2,108,147,150,3,39
6771,motor,motorboat,13.1,4.02,1.31,4.2,108,149,163,14,41
6895,sail,sailboat,9.5,3.06,1.57,2.5,108,150,154,4,42
7008,sail,sailboat,15.65,5.22,2.54,11.8,108,152,175,23,44
7579,super,yacht,25.37,7.03,3.37,15.9,108,165,167,2,57
7599,sail,sailboat,10.97,3.38,1.93,3.8,108,165,166,1,57
8739,motor,motorboat,10.0,2.98,0.9,5.1,108,202,208,6,94
4200,sail,sailboat,12.08,4.04,1.81,4.7,109,109,111,2,0
4201,sail,sailboat,14.37,4.39,2.4,3.3,109,109,127,18,0
4203,motor,motorboat,12.79,3.82,1.16,5.0,109,109,121,12,0
4216,small,motorboat,7.66,2.7,0.82,2.3,109,109,111,2,0
4239,sail,sailboat,11.39,3.75,1.98,3.8,109,109,113,4,0
4243,motor,motorboat,15.4,4.75,1.33,11.5,109,109,121,12,0
4269,motor,motorboat,10.78,3.28,1.03,3.8,109,110,112,2,1
4276,motor,motorboat,19.49,5.71,1.89,6.5,109,110,111,1,1
4301,motor,motorboat,18.11,5.36,1.85,13.6,109,110,115,5,1
4304,motor,motorboat,14.01,4.0,1.46,4.9,109,110,113,3,1
4310,sail,sailboat,11.95,3.64,2.2,5.6,109,111,114,3,2
4315,sail,sailboat,13.36,4.4,2.1,0.0,109,111,118,7,2
4318,motor,motorboat,13.84,3.88,1.36,4.4,109,111,117,6,2
4332,sail,sailboat,15.17,5.07,2.71,7.6,109,111,114,3,2
4341,small,motorboat,7.72,2.55,0.75,2.4,109,111,112,1,2
4352,sail,sailboat,11.81,3.81,2.14,3.7,109,111,116,5,2
4354,motor,motorboat,16.07,4.56,1.67,11.5,109,111,112,1,2
4413,sail,sailboat,16.36,5.44,2.97,13.5,109,113,114,1,4
4415,sail,sailboat,12.98,4.18,2.06,3.7,109,113,120,7,4
4426,sail,sailboat,10.85,3.67,1.66,0.0,109,113,116,3,4
4469,sail,sailboat,14.79,4.57,2.34,0.0,109,114,117,3,5
4563,motor,motorboat,10.0,2.95,0.95,3.6,109,115,116,1,6
4609,super,yacht,23.04,6.4,2.77,19.1,109,116,118,2,7
4678,sail,sailboat,11.48,3.63,1.92,6.3,109,116,119,3,7
4690,sail,sailboat,13.45,4.31,2.18,0.0,109,117,133,16,8
4740,motor,motorboat,14.96,4.37,1.48,0.0,109,117,122,5,8
4751,motor,motorboat,10.92,3.35,1.03,0.0,109,118,121,3,9
4787,sail,sailboat,14.22,4.36,2.3,4.2,109,118,121,3,9
4842,motor,motorboat,11.48,3.23,1.08,4.7,109,119,126,7,10
4886,small,motorboat,6.07,1.96,0.64,2.0,109,120,121,1,11
4927,small,motorboat,8.04,2.88,0.85,3.0,109,121,130,9,12
4955,sail,sailboat,9.5,3.2,1.59,2.8,109,121,123,2,12
4984,super,yacht,28.46,8.12,3.6,25.0,109,122,123,1,13
4997,motor,motorboat,16.03,4.62,1.45,6.3,109,122,126,4,13
5226,sail,sailboat,14.46,4.85,2.65,3.8,109,125,134,9,16
5244,small,motorboat,6.6,2.14,0.62,3.1,109,125,128,3,16
5485,sail,sailboat,13.3,4.37,2.08,4.5,109,129,132,3,20
5850,sail,sailboat,13.39,4.15,2.02,6.2,109,135,136,1,26
5973,sail,sailboat,12.12,3.99,1.89,0.0,109,137,152,15,28
6115,sail,sailboat,15.05,5.02,2.33,0.0,109,138,140,2,29
6349,motor,motorboat,13.73,3.97,1.36,6.6,109,142,144,2,33
6366,sail,sailboat,10.21,3.4,1.74,5.4,109,143,147,4,34
6562,sail,sailboat,11.65,3.81,1.84,3.7,109,145,146,1,36
6759,motor,motorboat,14.71,4.43,1.36,5.6,109,148,155,7,39
6865,sail,sailboat,16.47,5.18,2.52,12.4,109,150,163,13,41
6948,sail,sailboat,13.95,4.58,2.1,4.9,109,151,152,1,42
7079,motor,motorboat,11.12,3.39,1.14,6.2,109,153,165,12,44
7190,sail,sailboat,15.64,4.93,2.52,7.4,109,156,157,1,47
7280,sail,sailboat,14.45,4.59,2.51,3.1,109,158,159,1,49
7384,small,motorboat,7.95,2.76,0.83,2.6,109,160,170,10,51
7639,sail,sailboat,14.65,4.56,2.42,6.8,109,166,167,1,57
4260,motor,motorboat,13.88,4.25,1.23,6.0,110,110,112,2,0
4266,motor,motorboat,18.37,5.71,1.75,0.0,110,110,111,1,0
4273,sail,sailboat,13.79,4.23,2.06,6.8,110,110,117,7,0
4275,sail,sailboat,17.0,5.18,3.08,13.8,110,110,111,1,0
4280,sail,sailboat,16.52,5.12,2.87,12.7,110,110,112,2,0
4284,small,motorboat,6.26,2.23,0.7,2.0,110,110,115,5,0
4299,sail,sailboat,11.03,3.44,1.64,4.9,110,110,116,6,0
4302,small,motorboat,9.06,3.24,0.85,0.0,110,110,127,17,0
4325,sail,sailboat,15.98,5.2,2.75,11.5,110,111,120,9,1
4331,motor,motorboat,15.94,4.66,1.4,9.1,110,111,113,2,1
4335,small,motorboat,6.02,1.99,0.64,0.0,110,111,113,2,1
4337,small,motorboat,6.94,2.4,0.66,0.0,110,111,114,3,1
4343,motor,motorboat,16.64,4.74,1.71,13.7,110,111,113,2,1
4355,sail,sailboat,13.7,4.4,2.13,6.6,110,111,118,7,1
4357,sail,sailboat,14.17,4.62,2.18,0.0,110,112,117,5,2
4363,small,motorboat,6.25,2.13,0.61,3.2,110,112,119,7,2
4365,motor,motorboat,10.2,3.01,0.94,6.3,110,112,117,5,2
4368,super,yacht,25.4,6.56,3.33,30.7,110,112,115,3,2
4373,sail,sailboat,12.55,4.1,2.07,0.0,110,112,117,5,2
4374,small,motorboat,6.19,2.1,0.69,2.1,110,112,119,7,2
4389,sail,sailboat,9.5,3.17,1.72,2.2,110,112,126,14,2
4390,motor,motorboat,19.18,5.43,1.98,10.0,110,112,115,3,2
4418,sail,sailboat,11.01,3.63,1.81,5.1,110,113,114,1,3
4425,sail,sailboat,14.51,4.42,2.65,4.8,110,113,116,3,3
4432,sail,sailboat,13.57,4.23,2.34,0.0,110,113,115,2,3
4457,sail,sailboat,12.33,3.96,2.22,3.5,110,113,118,5,3
4459,sail,sailboat,12.51,4.19,2.04,4.3,110,113,114,1,3
4470,sail,sailboat,12.62,4.16,1.99,0.0,110,114,120,6,4
4483,motor,motorboat,15.99,4.77,1.62,8.4,110,114,117,3,4
4517,motor,motorboat,17.09,5.24,1.57,0.0,110,114,115,1,4
4564,super,yacht,28.01,7.67,3.61,26.5,110,115,122,7,5
4571,sail,sailboat,11.72,3.67,1.92,3.6,110,115,118,3,5
4594,sail,sailboat,13.0,4.41,2.36,3.2,110,116,118,2,6
4668,sail,sailboat,11.48,3.5,1.85,4.4,110,116,120,4,6
4705,sail,sailboat,13.13,4.19,2.07,3.6,110,117,122,5,7
4706,small,motorboat,6.45,2.08,0.59,0.0,110,117,118,1,7
4766,motor,motorboat,14.51,4.34,1.32,6.0,110,118,144,26,8
4833,motor,motorboat,13.0,3.62,1.33,4.6,110,119,120,1,9
4940,super,yacht,28.83,7.7,3.37,15.2,110,121,126,5,11
4979,sail,sailboat,12.45,4.15,1.9,3.2,110,122,128,6,12
5015,motor,motorboat,19.45,5.91,1.85,0.0,110,122,128,6,12
5118,super,yacht,20.02,5.36,2.64,39.1,110,123,130,7,13
5142,motor,motorboat,20.36,6.3,1.93,0.0,110,124,134,10,14
5198,motor,motorboat,17.56,5.1,1.62,13.6,110,125,127,2,15
5247,sail,sailboat,11.48,3.81,1.96,3.5,110,125,129,4,15
5288,sail,sailboat,13.09,3.96,2.19,4.4,110,126,129,3,16
5292,motor,motorboat,17.63,5.26,1.53,6.5,110,126,129,3,16
5421,motor,motorboat,21.52,5.99,1.99,19.2,110,129,132,3,19
5463,super,yacht,26.89,7.07,3.47,21.5,110,129,131,2,19
5497,sail,sailboat,13.71,4.55,2.37,3.9,110,129,130,1,19
5559,small,motorboat,7.91,2.68,0.84,0.0,110,130,131,1,20
6044,sail,sailboat,11.41,3.79,1.94,5.0,110,137,139,2,27
6217,sail,sailboat,14.02,4.75,2.48,4.6,110,140,141,1,30
6318,small,motorboat,9.44,3.38,0.99,2.3,110,142,144,2,32
6330,super,yacht,22.67,5.81,2.8,37.4,110,142,145,3,32
6444,small,motorboat,9.08,3.01,1.0,2.2,110,144,151,7,34
6498,small,motorboat,7.02,2.27,0.77,2.6,110,144,158,14,34
6564,motor,motorboat,13.48,3.78,1.23,6.8,110,145,149,4,35
7102,super,yacht,21.12,5.81,2.37,35.6,110,154,155,1,44
7210,sail,sailboat,9.76,3.16,1.66,3.0,110,157,160,3,47
7253,super,yacht,28.66,7.84,3.48,38.3,110,157,159,2,47
7626,motor,motorboat,14.18,4.43,1.48,4.7,110,166,167,1,56
7659,small,motorboat,9.47,3.13,1.02,0.0,110,167,171,4,57
7766,motor,motorboat,13.82,4.17,1.26,3.5,110,170,171,1,60
7781,sail,sailboat,11.8,3.81,1.89,0.0,110,170,179,9,60
8321,motor,motorboat,22.0,6.74,2.19,37.0,110,183,186,3,73
4305,sail,sailboat,11.81,3.87,1.87,0.0,111,111,112,1,0
4320,sail,sailboat,15.85,4.79,2.36,0.0,111,111,112,1,0
4323,small,motorboat,8.59,2.86,0.93,0.0,111,111,114,3,0
4329,motor,motorboat,14.19,4.03,1.43,6.5,111,111,113,2,0
4349,sail,sailboat,12.23,3.75,2.08,3.1,111,111,113,2,0
4380,sail,sailboat,12.27,4.03,1.89,5.5,111,112,113,1,1
4383,sail,sailboat,13.47,4.53,2.34,6.0,111,112,113,1,1
4420,sail,sailboat,14.59,4.45,2.41,4.5,111,113,114,1,2
4429,small,motorboat,7.39,2.57,0.69,2.5,111,113,116,3,2
4438,sail,sailboat,11.8,3.86,2.03,0.0,111,113,117,4,2
4440,sail,sailboat,12.94,4.26,1.95,0.0,111,113,114,1,2
4446,super,yacht,23.2,6.53,2.93,36.2,111,113,116,3,2
4456,small,motorboat,7.89,2.52,0.85,2.2,111,113,114,1,2
4465,motor,motorboat,15.94,4.93,1.46,10.2,111,114,125,11,3
4479,motor,motorboat,15.43,4.69,1.6,6.3,111,114,117,3,3
4519,sail,sailboat,14.96,4.83,2.34,6.7,111,114,116,2,3
4634,motor,motorboat,19.1,5.77,1.99,10.2,111,116,120,4,5
4638,motor,motorboat,17.52,4.98,1.69,13.9,111,116,118,2,5
4644,motor,motorboat,16.45,4.68,1.63,0.0,111,116,125,9,5
4711,sail,sailboat,13.32,4.11,2.26,3.0,111,117,120,3,6
4712,sail,sailboat,13.01,3.93,2.09,0.0,111,117,118,1,6
4718,sail,sailboat,14.35,4.82,2.58,3.4,111,117,121,4,6
4756,sail,sailboat,15.0,4.76,2.64,0.0,111,118,125,7,7
4777,motor,motorboat,18.11,5.3,1.69,0.0,111,118,121,3,7
4781,small,motorboat,7.86,2.78,0.76,0.0,111,118,121,3,7
4795,sail,sailboat,11.17,3.7,1.67,0.0,111,118,119,1,7
4819,motor,motorboat,10.0,2.79,0.93,5.1,111,119,120,1,8
4856,sail,sailboat,14.04,4.55,2.48,5.0,111,119,120,1,8
5016,motor,motorboat,13.42,4.09,1.29,4.6,111,122,126,4,11
5089,motor,motorboat,18.11,5.12,1.76,6.3,111,123,133,10,12
5150,super,yacht,22.64,6.41,3.04,23.2,111,124,150,26,13
5209,sail,sailboat,9.5,3.21,1.57,3.5,111,125,126,1,14
5235,sail,sailboat,9.5,3.08,1.72,3.1,111,125,131,6,14
5237,sail,sailboat,13.93,4.56,2.42,3.3,111,125,126,1,14
5245,motor,motorboat,13.97,3.88,1.33,3.4,111,125,126,1,14
5369,sail,sailboat,15.1,4.92,2.63,14.0,111,128,139,11,17
5848,motor,motorboat,17.24,5.03,1.76,0.0,111,135,148,13,24
5849,sail,sailboat,15.36,4.79,2.64,6.2,111,135,136,1,24
5876,sail,sailboat,13.3,4.22,2.03,0.0,111,135,137,2,24
6830,motor,motorboat,16.42,5.1,1.74,6.0,111,149,152,3,38
7178,super,yacht,24.12,6.63,2.83,34.5,111,156,159,3,45
7477,sail,sailboat,12.11,3.85,1.87,6.6,111,163,170,7,52
8618,super,yacht,25.74,6.73,2.82,31.7,111,197,199,2,86
8929,motor,motorboat,17.91,5.57,1.56,10.9,111,213,214,1,102
4358,sail,sailboat,12.14,4.11,2.0,6.8,112,112,134,22,0
4372,motor,motorboat,10.0,2.78,0.93,0.0,112,112,115,3,0
4375,motor,motorboat,15.46,4.43,1.54,6.9,112,112,113,1,0
4378,motor,motorboat,21.53,5.99,2.07,15.7,112,112,121,9,0
4382,motor,motorboat,16.18,4.88,1.64,9.6,112,112,114,2,0
4395,small,motorboat,6.43,2.25,0.69,0.0,112,112,117,5,0
4435,motor,motorboat,13.26,3.95,1.14,3.8,112,113,114,1,1
4447,sail,sailboat,9.5,2.94,1.67,2.1,112,113,115,2,1
4451,motor,motorboat,18.61,5.19,1.8,9.4,112,113,115,2,1
4473,sail,sailboat,9.95,3.07,1.56,3.4,112,114,117,3,2
4481,sail,sailboat,14.54,4.72,2.67,6.7,112,114,116,2,2
4497,sail,sailboat,12.8,4.26,2.09,3.4,112,114,117,3,2
4503,sail,sailboat,13.25,4.48,2.37,0.0,112,114,115,1,2
4508,sail,sailboat,13.18,4.06,2.23,5.0,112,114,117,3,2
4509,sail,sailboat,13.5,4.12,2.47,3.4,112,114,115,1,2
4544,sail,sailboat,13.12,4.21,1.99,6.5,112,115,129,14,3
4590,motor,motorboat,14.14,4.12,1.46,4.8,112,115,126,11,3
4591,motor,motorboat,11.51,3.36,1.06,3.1,112,115,118,3,3
4646,motor,motorboat,14.08,4.14,1.5,6.1,112,116,132,16,4
4662,sail,sailboat,17.0,5.54,2.54,7.4,112,116,120,4,4
4714,small,motorboat,9.23,3.15,0.95,0.0,112,117,119,2,5
4717,sail,sailboat,12.94,3.97,1.94,3.4,112,117,124,7,5
4769,sail,sailboat,12.56,4.12,2.17,0.0,112,118,148,30,6
4815,sail,sailboat,9.5,3.08,1.49,3.0,112,119,125,6,7
4853,motor,motorboat,15.88,4.44,1.52,9.5,112,119,124,5,7
4908,sail,sailboat,11.44,3.63,1.83,4.3,112,121,129,8,9
4933,motor,motorboat,10.0,2.86,0.91,5.5,112,121,124,3,9
4989,sail,sailboat,9.5,2.91,1.46,0.0,112,122,123,1,10
5002,motor,motorboat,16.86,4.75,1.74,11.4,112,122,132,10,10
5062,small,motorboat,6.03,2.05,0.6,0.0,112,123,124,1,11
5106,motor,motorboat,10.0,2.92,1.04,5.2,112,123,128,5,11
5132,small,motorboat,7.7,2.53,0.77,2.0,112,124,128,4,12
5140,small,motorboat,7.98,2.69,0.82,0.0,112,124,126,2,12
5156,sail,sailboat,13.84,4.34,2.52,5.7,112,124,131,7,12
5169,sail,sailboat,13.93,4.39,2.09,4.3,112,124,125,1,12
5221,sail,sailboat,12.68,3.83,2.01,4.0,112,125,132,7,13
5242,sail,sailboat,11.69,3.7,1.75,6.4,112,125,131,6,13
5248,sail,sailboat,14.83,4.95,2.54,4.3,112,125,152,27,13
5323,small,motorboat,9.11,3.18,0.98,2.7,112,127,140,13,15
5484,sail,sailboat,14.81,4.53,2.54,3.8,112,129,136,7,17
5954,sail,sailboat,15.71,4.93,2.75,0.0,112,136,149,13,24
6028,sail,sailboat,16.02,5.41,2.76,9.1,112,137,143,6,25
6126,super,yacht,23.01,6.34,2.58,18.5,112,138,144,6,26
6212,super,yacht,22.75,6.47,2.66,36.1,112,140,141,1,28
7428,sail,sailboat,9.5,3.16,1.55,0.0,112,162,165,3,50
7553,super,yacht,25.36,7.2,3.01,16.3,112,164,166,2,52
7586,small,motorboat,6.18,2.19,0.67,0.0,112,165,167,2,53
7671,small,motorboat,8.85,3.07,0.87,0.0,112,167,168,1,55
4412,motor,motorboat,18.47,5.5,1.61,9.8,113,113,114,1,0
4417,sail,sailboat,12.13,3.93,1.99,5.8,113,113,124,11,0
4442,small,motorboat,6.25,2.01,0.59,0.0,113,113,120,7,0
4454,motor,motorboat,15.82,4.74,1.67,11.0,113,113,116,3,0
4467,sail,sailboat,12.29,3.81,2.04,6.1,113,114,136,22,1
4471,motor,motorboat,13.71,4.26,1.31,4.3,113,114,117,3,1
4488,sail,sailboat,10.73,3.33,1.72,4.3,113,114,116,2,1
4510,sail,sailboat,10.44,3.24,1.75,0.0,113,114,120,6,1
4539,sail,sailboat,13.99,4.44,2.24,0.0,113,115,118,3,2
4541,sail,sailboat,12.59,4.12,1.97,5.3,113,115,118,3,2
4543,small,motorboat,8.4,2.97,0.84,0.0,113,115,120,5,2
4545,sail,sailboat,12.43,3.96,2.02,4.4,113,115,129,14,2
4546,sail,sailboat,9.51,3.03,1.49,2.4,113,115,117,2,2
4551,motor,motorboat,14.75,4.56,1.43,0.0,113,115,120,5,2
4570,motor,motorboat,18.65,5.34,1.77,8.0,113,115,116,1,2
4578,sail,sailboat,12.64,4.04,2.1,5.1,113,115,122,7,2
4589,motor,motorboat,17.76,5.24,1.74,9.1,113,115,118,3,2
4631,sail,sailboat,17.0,5.6,2.9,6.1,113,116,127,11,3
4633,motor,motorboat,18.37,5.62,1.88,11.4,113,116,117,1,3
4730,small,motorboat,6.03,1.97,0.58,0.0,113,117,121,4,4
4737,sail,sailboat,13.77,4.2,2.09,3.7,113,117,119,2,4
4760,sail,sailboat,13.42,4.16,2.17,3.4,113,118,121,3,5
4826,super,yacht,21.7,5.69,2.76,25.1,113,119,123,4,6
4829,sail,sailboat,15.93,5.24,2.38,10.0,113,119,124,5,6
4834,super,yacht,20.9,5.68,2.46,18.6,113,119,122,3,6
4848,motor,motorboat,15.23,4.49,1.5,6.7,113,119,144,25,6
4849,super,yacht,28.37,7.24,3.15,15.7,113,119,125,6,6
4879,sail,sailboat,10.06,3.32,1.68,0.0,113,120,124,4,7
4890,motor,motorboat,15.34,4.4,1.6,11.7,113,120,121,1,7
4946,motor,motorboat,11.51,3.28,1.13,4.2,113,121,127,6,8
4985,small,motorboat,6.5,2.15,0.62,0.0,113,122,125,3,9
5028,motor,motorboat,14.18,4.33,1.32,6.6,113,122,125,3,9
5032,motor,motorboat,11.33,3.53,1.1,0.0,113,123,134,11,10
5039,motor,motorboat,10.68,3.24,1.09,3.4,113,123,143,20,10
5073,motor,motorboat,17.02,4.99,1.46,0.0,113,123,125,2,10
5096,super,yacht,25.44,6.57,3.41,25.1,113,123,145,22,10
5134,sail,sailboat,11.58,3.49,1.75,5.4,113,124,137,13,11
5149,sail,sailboat,11.17,3.63,1.91,5.2,113,124,127,3,11
5157,motor,motorboat,15.93,4.92,1.57,11.2,113,124,125,1,11
5164,motor,motorboat,14.67,4.23,1.35,4.1,113,124,134,10,11
5224,sail,sailboat,14.72,4.77,2.34,5.9,113,125,132,7,12
5322,sail,sailboat,15.36,5.09,2.57,0.0,113,127,132,5,14
5332,sail,sailboat,13.47,4.47,2.13,4.1,113,127,129,2,14
5347,small,motorboat,6.42,2.15,0.59,2.5,113,127,129,2,14
5439,sail,sailboat,11.58,3.65,2.1,4.5,113,129,132,3,16
5465,super,yacht,23.66,6.7,2.57,34.3,113,129,133,4,16
6135,sail,sailboat,13.28,4.24,2.11,5.4,113,139,141,2,26
6407,sail,sailboat,13.59,4.36,2.3,3.6,113,143,146,3,30
6409,small,motorboat,7.83,2.76,0.86,3.3,113,143,150,7,30
6992,super,yacht,22.86,6.28,2.8,32.9,113,151,154,3,38
7236,motor,motorboat,11.55,3.43,1.07,5.8,113,157,160,3,44
7370,super,yacht,24.5,6.96,2.88,22.4,113,160,165,5,47
7462,sail,sailboat,16.47,5.03,2.7,10.9,113,163,187,24,50
7485,sail,sailboat,12.48,4.11,2.19,6.8,113,163,166,3,50
7487,sail,sailboat,13.83,4.67,2.29,5.0,113,163,184,21,50
7552,motor,motorboat,15.94,4.59,1.37,12.1,113,164,165,1,51
7816,super,yacht,22.56,6.43,2.76,12.3,113,171,173,2,58
7848,sail,sailboat,13.0,4.26,1.99,6.4,113,172,173,1,59
7879,sail,sailboat,12.5,4.13,1.94,3.1,113,172,175,3,59
4474,small,motorboat,7.28,2.57,0.71,0.0,114,114,126,12,0
4484,sail,sailboat,14.69,4.98,2.59,0.0,114,114,115,1,0
4494,sail,sailboat,13.54,4.56,2.13,0.0,114,114,116,2,0
4505,motor,motorboat,14.71,4.55,1.32,3.6,114,114,123,9,0
4514,sail,sailboat,13.85,4.26,2.07,4.1,114,114,129,15,0
4523,motor,motorboat,17.16,5.13,1.7,8.4,114,115,120,5,1
4528,motor,motorboat,13.83,4.0,1.29,4.6,114,115,116,1,1
4530,sail,sailboat,14.98,4.93,2.38,6.3,114,115,121,6,1
4531,sail,sailboat,10.38,3.49,1.83,3.9,114,115,119,4,1
4534,small,motorboat,6.48,2.11,0.68,0.0,114,115,117,2,1
4550,sail,sailboat,11.79,3.75,2.01,0.0,114,115,117,2,1
4560,small,motorboat,7.32,2.39,0.81,0.0,114,115,117,2,1
4561,motor,motorboat,14.13,3.97,1.47,6.3,114,115,118,3,1
4569,sail,sailboat,13.75,4.34,2.08,0.0,114,115,122,7,1
4579,sail,sailboat,9.6,2.9,1.68,0.0,114,115,116,1,1
4598,sail,sailboat,9.5,2.87,1.51,2.7,114,116,117,1,2
4630,motor,motorboat,14.04,4.23,1.39,3.4,114,116,120,4,2
4637,sail,sailboat,10.78,3.51,1.94,4.3,114,116,117,1,2
4659,sail,sailboat,14.43,4.78,2.34,6.1,114,116,119,3,2
4703,small,motorboat,7.02,2.25,0.68,0.0,114,117,124,7,3
4741,super,yacht,21.42,5.69,2.59,21.2,114,117,128,11,3
4772,motor,motorboat,18.75,5.46,1.71,12.7,114,118,119,1,4
4779,sail,sailboat,9.5,3.0,1.61,2.3,114,118,124,6,4
4803,sail,sailboat,12.4,4.15,2.13,5.9,114,118,123,5,4
4873,sail,sailboat,12.33,3.85,2.17,0.0,114,120,122,2,6
4988,motor,motorboat,21.36,6.45,1.86,30.1,114,122,124,2,8
4994,motor,motorboat,19.25,5.45,1.97,12.3,114,122,124,2,8
5110,motor,motorboat,16.84,4.83,1.78,11.5,114,123,126,3,9
5138,motor,motorboat,15.99,4.65,1.48,6.2,114,124,134,10,10
5160,motor,motorboat,20.42,5.93,1.96,24.9,114,124,125,1,10
5208,sail,sailboat,15.21,4.77,2.77,0.0,114,125,128,3,11
5256,motor,motorboat,10.0,2.99,0.87,6.5,114,126,138,12,12
5283,sail,sailboat,10.09,3.4,1.85,0.0,114,126,127,1,12
5341,small,motorboat,6.24,2.06,0.66,0.0,114,127,137,10,13
5344,sail,sailboat,17.0,5.49,2.7,0.0,114,127,134,7,13
5709,super,yacht,27.63,7.77,3.3,14.7,114,133,143,10,19
5837,sail,sailboat,11.97,3.71,1.89,6.6,114,135,136,1,21
5873,motor,motorboat,14.42,4.22,1.29,5.1,114,135,136,1,21
5979,sail,sailboat,11.72,3.71,1.94,3.5,114,137,140,3,23
6172,motor,motorboat,13.52,3.82,1.33,5.8,114,139,142,3,25
6254,small,motorboat,8.91,2.94,0.86,0.0,114,141,144,3,27
6301,sail,sailboat,14.08,4.34,2.23,3.4,114,142,145,3,28
6660,small,motorboat,8.22,2.72,0.9,0.0,114,147,150,3,33
6812,sail,sailboat,14.88,4.73,2.33,6.7,114,149,153,4,35
6820,motor,motorboat,14.02,4.0,1.32,4.5,114,149,151,2,35
6867,sail,sailboat,11.13,3.75,1.93,0.0,114,150,157,7,36
7104,sail,sailboat,11.05,3.34,1.67,4.7,114,154,161,7,40
7294,sail,sailboat,15.67,5.09,2.83,10.8,114,158,166,8,44
7383,super,yacht,25.51,6.58,3.08,15.4,114,160,164,4,46
7910,motor,motorboat,17.61,5.39,1.7,13.7,114,173,184,11,59
4549,motor,motorboat,14.1,3.92,1.25,3.2,115,115,117,2,0
4552,sail,sailboat,11.34,3.6,2.04,0.0,115,115,116,1,0
4554,sail,sailboat,9.8,3.13,1.63,3.1,115,115,119,4,0
4558,sail,sailboat,12.07,4.02,2.07,6.4,115,115,119,4,0
4595,sail,sailboat,13.24,4.42,1.97,4.1,115,116,119,3,1
4602,sail,sailboat,13.13,4.08,2.34,6.1,115,116,117,1,1
4614,sail,sailboat,13.56,4.31,2.26,3.2,115,116,118,2,1
4621,sail,sailboat,10.46,3.21,1.84,7.0,115,116,128,12,1
4627,motor,motorboat,13.96,3.91,1.47,6.1,115,116,117,1,1
4641,small,motorboat,8.61,2.76,0.85,0.0,115,116,123,7,1
4643,sail,sailboat,10.64,3.52,1.6,4.6,115,116,123,7,1
4649,motor,motorboat,19.29,5.52,1.73,7.0,115,116,120,4,1
4650,sail,sailboat,16.45,4.96,2.46,12.4,115,116,123,7,1
4656,motor,motorboat,14.72,4.44,1.42,4.1,115,116,117,1,1
4660,motor,motorboat,10.0,3.12,0.98,3.1,115,116,123,7,1
4663,motor,motorboat,19.58,5.69,1.72,10.9,115,116,119,3,1
4681,sail,sailboat,12.31,3.73,2.02,0.0,115,117,119,2,2
4686,sail,sailboat,9.74,2.94,1.66,2.4,115,117,129,12,2
4689,sail,sailboat,9.93,3.29,1.66,2.3,115,117,129,12,2
4692,sail,sailboat,12.28,3.82,1.85,4.4,115,117,141,24,2
4698,sail,sailboat,13.43,4.32,2.37,6.4,115,117,121,4,2
4716,motor,motorboat,16.06,5.0,1.47,11.1,115,117,120,3,2
4720,motor,motorboat,17.9,5.29,1.53,6.6,115,117,118,1,2
4733,sail,sailboat,14.88,4.61,2.66,0.0,115,117,126,9,2
4874,motor,motorboat,14.9,4.45,1.52,6.6,115,120,125,5,5
4882,sail,sailboat,13.77,4.52,2.36,0.0,115,120,122,2,5
4986,sail,sailboat,17.0,5.14,2.97,0.0,115,122,133,11,7
5010,sail,sailboat,12.54,3.99,2.26,3.9,115,122,143,21,7
5085,motor,motorboat,16.16,4.98,1.45,0.0,115,123,130,7,8
5115,motor,motorboat,17.08,4.84,1.59,10.5,115,123,130,7,8
5126,motor,motorboat,16.29,4.88,1.41,7.5,115,124,145,21,9
5271,sail,sailboat,12.82,4.19,2.06,3.8,115,126,139,13,11
5305,sail,sailboat,15.22,5.0,2.43,13.0,115,127,132,5,12
5327,sail,sailboat,14.15,4.66,2.26,0.0,115,127,128,1,12
5337,sail,sailboat,14.02,4.37,2.28,3.3,115,127,128,1,12
5433,small,motorboat,8.45,2.89,0.89,3.3,115,129,131,2,14
5483,motor,motorboat,11.34,3.3,1.11,5.6,115,129,130,1,14
5486,motor,motorboat,11.18,3.43,1.02,4.9,115,129,132,3,14
6120,motor,motorboat,13.18,4.01,1.22,5.8,115,138,141,3,23
6476,sail,sailboat,14.38,4.57,2.23,5.3,115,144,168,24,29
6761,motor,motorboat,14.25,4.24,1.43,5.9,115,148,154,6,33
6773,sail,sailboat,11.91,3.87,2.03,4.7,115,149,152,3,34
6787,sail,sailboat,13.83,4.21,2.17,4.1,115,149,155,6,34
6884,motor,motorboat,16.72,5.01,1.54,11.0,115,150,162,12,35
7086,super,yacht,21.06,5.52,2.47,27.9,115,153,167,14,38
7092,small,motorboat,7.9,2.75,0.86,2.5,115,154,177,23,39
7124,sail,sailboat,12.36,3.79,1.95,5.0,115,154,158,4,39
7128,super,yacht,22.08,5.65,2.66,14.3,115,154,155,1,39
7448,small,motorboat,8.88,3.11,0.87,3.3,115,162,173,11,47
7527,sail,sailboat,13.32,4.42,2.38,6.1,115,164,171,7,49
7774,super,yacht,25.68,7.18,3.29,13.8,115,170,173,3,55
8302,super,yacht,25.15,7.08,3.35,13.2,115,182,183,1,67
8730,sail,sailboat,14.7,4.46,2.23,7.0,115,202,204,2,87
4604,sail,sailboat,11.18,3.53,1.72,3.1,116,116,118,2,0
4624,sail,sailboat,10.31,3.39,1.74,4.2,116,116,119,3,0
4626,small,motorboat,6.57,2.16,0.71,2.1,116,116,117,1,0
4628,sail,sailboat,9.5,2.91,1.73,2.1,116,116,121,5,0
4629,motor,motorboat,16.17,5.01,1.53,11.2,116,116,120,4,0
4632,small,motorboat,9.01,2.94,0.99,0.0,116,116,119,3,0
4653,motor,motorboat,14.76,4.28,1.49,3.7,116,116,117,1,0
4664,motor,motorboat,18.48,5.56,1.75,8.6,116,116,142,26,0
4671,super,yacht,27.96,7.14,3.68,15.3,116,116,117,1,0
4677,sail,sailboat,9.5,2.99,1.75,2.7,116,116,117,1,0
4682,sail,sailboat,14.28,4.44,2.38,6.6,116,117,119,2,1
4684,sail,sailboat,12.21,3.7,2.16,0.0,116,117,118,1,1
4687,motor,motorboat,19.87,6.15,1.77,6.6,116,117,123,6,1
4694,sail,sailboat,11.5,3.75,1.88,3.9,116,117,118,1,1
4699,sail,sailboat,12.88,4.21,2.0,6.4,116,117,118,1,1
4702,motor,motorboat,14.14,4.37,1.45,3.6,116,117,118,1,1
4707,sail,sailboat,14.5,4.65,2.41,6.6,116,117,118,1,1
4708,sail,sailboat,11.16,3.69,1.95,5.8,116,117,118,1,1
4710,sail,sailboat,11.33,3.54,2.04,3.2,116,117,118,1,1
4721,motor,motorboat,17.48,5.2,1.72,6.8,116,117,123,6,1
4723,sail,sailboat,12.91,4.2,2.14,4.3,116,117,123,6,1
4729,sail,sailboat,13.89,4.57,2.31,4.2,116,117,118,1,1
4754,motor,motorboat,10.82,3.29,0.97,3.5,116,118,120,2,2
4758,motor,motorboat,13.27,3.98,1.33,5.7,116,118,119,1,2
4763,sail,sailboat,11.76,3.83,2.12,0.0,116,118,122,4,2
4775,small,motorboat,6.64,2.19,0.65,0.0,116,118,131,13,2
4783,sail,sailboat,13.45,4.19,2.22,0.0,116,118,119,1,2
4786,motor,motorboat,19.76,5.66,2.09,7.5,116,118,122,4,2
4788,small,motorboat,6.35,2.18,0.61,3.3,116,118,120,2,2
4791,sail,sailboat,15.26,4.88,2.74,6.5,116,118,121,3,2
4793,small,motorboat,8.81,2.87,0.98,0.0,116,118,122,4,2
4800,sail,sailboat,12.55,3.94,2.28,4.5,116,118,122,4,2
4818,small,motorboat,8.12,2.68,0.75,2.3,116,119,123,4,3
4832,sail,sailboat,16.26,5.22,2.95,13.0,116,119,125,6,3
4835,motor,motorboat,20.45,6.19,2.15,32.4,116,119,121,2,3
4865,small,motorboat,9.44,3.26,1.01,0.0,116,120,121,1,4
4876,sail,sailboat,12.2,3.8,1.94,4.2,116,120,121,1,4
4903,sail,sailboat,10.68,3.31,1.67,6.3,116,121,123,2,5
4910,sail,sailboat,12.49,4.0,2.09,4.5,116,121,123,2,5
4914,motor,motorboat,17.67,5.48,1.59,12.6,116,121,123,2,5
4921,sail,sailboat,11.79,3.98,1.92,6.1,116,121,123,2,5
4923,sail,sailboat,13.27,4.21,2.13,3.5,116,121,127,6,5
5044,sail,sailboat,9.74,3.01,1.56,2.1,116,123,127,4,7
5059,sail,sailboat,12.65,3.97,2.12,4.5,116,123,149,26,7
5103,sail,sailboat,12.67,4.04,2.2,4.6,116,123,126,3,7
5163,motor,motorboat,15.91,4.5,1.47,8.9,116,124,125,1,8
5190,sail,sailboat,11.38,3.45,1.76,5.4,116,125,128,3,9
5193,sail,sailboat,10.43,3.21,1.88,4.6,116,125,129,4,9
5223,motor,motorboat,18.23,5.48,1.74,6.6,116,125,126,1,9
5250,sail,sailboat,13.04,4.31,2.14,4.4,116,126,128,2,10
5301,small,motorboat,6.69,2.28,0.7,0.0,116,127,130,3,11
5358,small,motorboat,7.43,2.66,0.79,0.0,116,128,129,1,12
5368,small,motorboat,6.74,2.31,0.7,0.0,116,128,134,6,12
5419,sail,sailboat,11.41,3.7,2.03,4.4,116,129,134,5,13
5443,motor,motorboat,20.07,5.68,1.86,17.1,116,129,136,7,13
5480,sail,sailboat,10.61,3.3,1.96,3.4,116,129,132,3,13
5507,sail,sailboat,13.43,4.41,2.05,4.4,116,130,132,2,14
5515,super,yacht,20.03,5.68,2.19,24.8,116,130,135,5,14
5527,sail,sailboat,15.64,4.85,2.69,0.0,116,130,133,3,14
5545,motor,motorboat,18.88,5.61,1.85,6.7,116,130,135,5,14
5560,small,motorboat,7.35,2.37,0.81,3.1,116,130,132,2,14
5718,sail,sailboat,14.22,4.34,2.46,0.0,116,133,137,4,17
5841,motor,motorboat,14.27,4.09,1.31,5.9,116,135,138,3,19
5950,sail,sailboat,10.88,3.43,1.88,4.1,116,136,139,3,20
6000,motor,motorboat,19.02,5.85,2.0,0.0,116,137,143,6,21
6060,super,yacht,20.41,5.53,2.66,26.6,116,138,141,3,22
6107,sail,sailboat,16.64,5.35,2.96,0.0,116,138,149,11,22
7042,sail,sailboat,13.29,4.36,2.34,6.0,116,152,153,1,36
7772,small,motorboat,8.01,2.66,0.78,2.0,116,170,175,5,54
7818,sail,sailboat,13.23,4.01,2.19,0.0,116,171,193,22,55
7823,motor,motorboat,14.37,4.13,1.43,5.1,116,171,174,3,55
7845,small,motorboat,9.19,3.08,0.85,2.4,116,172,175,3,56
7955,motor,motorboat,14.84,4.42,1.46,3.8,116,174,177,3,58
4683,motor,motorboat,16.39,5.03,1.64,7.1,117,117,121,4,0
4685,small,motorboat,8.03,2.82,0.88,3.2,117,117,120,3,0
4713,motor,motorboat,13.67,3.9,1.44,5.8,117,117,119,2,0
4724,motor,motorboat,14.29,4.25,1.25,5.5,117,117,119,2,0
4745,sail,sailboat,13.7,4.43,2.38,6.3,117,118,119,1,1
4753,motor,motorboat,11.45,3.18,1.0,6.2,117,118,119,1,1
4764,small,motorboat,8.17,2.94,0.74,0.0,117,118,121,3,1
4771,sail,sailboat,12.8,4.07,2.09,0.0,117,118,122,4,1
4782,motor,motorboat,15.05,4.65,1.5,6.8,117,118,119,1,1
4792,motor,motorboat,17.95,5.06,1.58,7.0,117,118,125,7,1
4799,motor,motorboat,12.73,3.75,1.35,6.7,117,118,125,7,1
4802,sail,sailboat,11.92,3.85,1.86,0.0,117,118,129,11,1
4813,sail,sailboat,11.02,3.64,1.69,6.6,117,119,122,3,2
4816,sail,sailboat,14.07,4.23,2.59,6.8,117,119,125,6,2
4830,motor,motorboat,16.98,4.96,1.53,10.6,117,119,120,1,2
4831,sail,sailboat,14.08,4.7,2.57,5.5,117,119,121,2,2
4837,sail,sailboat,11.73,3.7,1.78,5.9,117,119,123,4,2
4838,motor,motorboat,18.79,5.71,1.61,6.6,117,119,122,3,2
4844,sail,sailboat,13.92,4.42,2.29,6.8,117,119,121,2,2
4850,sail,sailboat,10.88,3.32,1.99,3.5,117,119,127,8,2
4851,motor,motorboat,12.82,3.63,1.2,6.3,117,119,120,1,2
4854,sail,sailboat,15.61,4.91,2.36,10.9,117,119,125,6,2
4855,sail,sailboat,12.7,4.14,2.14,4.2,117,119,121,2,2
4870,motor,motorboat,15.39,4.7,1.62,10.7,117,120,134,14,3
4884,motor,motorboat,14.71,4.57,1.44,6.8,117,120,126,6,3
4932,motor,motorboat,17.73,5.49,1.84,0.0,117,121,125,4,4
4936,motor,motorboat,17.21,5.35,1.73,7.2,117,121,123,2,4
4958,sail,sailboat,9.5,2.89,1.6,0.0,117,122,124,2,5
4959,super,yacht,27.06,7.43,3.14,37.6,117,122,124,2,5
4982,motor,motorboat,10.0,3.0,0.97,4.8,117,122,124,2,5
5035,sail,sailboat,11.16,3.47,1.71,4.6,117,123,130,7,6
5037,sail,sailboat,13.33,4.08,2.12,4.3,117,123,125,2,6
5038,small,motorboat,6.1,2.18,0.58,0.0,117,123,124,1,6
5071,sail,sailboat,12.0,3.71,1.93,4.2,117,123,126,3,6
5088,motor,motorboat,17.31,5.15,1.81,9.1,117,123,127,4,6
5105,motor,motorboat,15.67,4.74,1.35,0.0,117,123,124,1,6
5108,sail,sailboat,9.5,3.05,1.56,2.4,117,123,128,5,6
5162,sail,sailboat,10.54,3.39,1.84,0.0,117,124,127,3,7
5167,sail,sailboat,13.54,4.11,2.37,4.8,117,124,126,2,7
5202,sail,sailboat,14.69,4.79,2.66,5.4,117,125,126,1,8
5229,motor,motorboat,20.45,6.03,1.79,37.1,117,125,127,2,8
5257,motor,motorboat,12.96,3.85,1.35,0.0,117,126,129,3,9
5330,small,motorboat,6.96,2.38,0.69,0.0,117,127,129,2,10
5352,sail,sailboat,12.44,3.87,2.19,4.0,117,128,139,11,11
5389,sail,sailboat,13.13,4.26,2.11,5.6,117,128,139,11,11
5415,sail,sailboat,14.02,4.56,2.14,0.0,117,129,131,2,12
5428,motor,motorboat,11.29,3.14,0.99,0.0,117,129,133,4,12
5432,sail,sailboat,16.2,5.47,2.67,0.0,117,129,130,1,12
5454,super,yacht,26.43,7.08,2.99,28.5,117,129,134,5,12
5478,motor,motorboat,14.57,4.22,1.38,3.3,117,129,132,3,12
5520,motor,motorboat,11.5,3.39,1.05,0.0,117,130,131,1,13
5529,sail,sailboat,15.05,4.59,2.5,7.0,117,130,132,2,13
5530,sail,sailboat,15.19,4.78,2.55,9.5,117,130,137,7,13
5544,super,yacht,25.03,7.05,3.13,23.3,117,130,136,6,13
5563,sail,sailboat,9.89,3.01,1.57,0.0,117,130,144,14,13
5576,motor,motorboat,19.69,5.49,2.01,0.0,117,130,133,3,13
5588,sail,sailboat,12.42,3.75,2.09,3.3,117,131,134,3,14
5616,sail,sailboat,14.87,4.72,2.68,6.1,117,131,136,5,14
5859,motor,motorboat,10.69,3.09,1.06,6.0,117,135,142,7,18
5956,sail,sailboat,9.84,3.16,1.49,0.0,117,136,137,1,19
6035,motor,motorboat,13.55,3.87,1.17,6.3,117,137,143,6,20
6167,motor,motorboat,10.0,2.87,0.9,5.8,117,139,140,1,22
6255,small,motorboat,6.73,2.21,0.74,0.0,117,141,144,3,24
6514,sail,sailboat,12.51,3.91,2.26,5.3,117,144,146,2,27
7739,motor,motorboat,15.82,4.69,1.58,7.6,117,170,175,5,53
4749,motor,motorboat,14.38,4.44,1.47,6.4,118,118,131,13,0
4750,motor,motorboat,14.47,4.34,1.36,6.7,118,118,124,6,0
4755,sail,sailboat,11.74,3.6,1.87,4.1,118,118,120,2,0
4759,motor,motorboat,17.21,5.02,1.53,0.0,118,118,127,9,0
4761,motor,motorboat,14.8,4.51,1.45,4.4,118,118,131,13,0
4778,motor,motorboat,15.42,4.44,1.48,8.6,118,118,120,2,0
4785,motor,motorboat,18.56,5.24,1.68,9.6,118,118,119,1,0
4790,motor,motorboat,10.92,3.11,1.0,6.8,118,118,119,1,0
4806,motor,motorboat,19.99,5.91,1.97,8.9,118,119,124,5,1
4807,small,motorboat,9.19,2.99,0.98,3.4,118,119,120,1,1
4808,motor,motorboat,12.63,3.81,1.26,5.0,118,119,145,26,1
4822,sail,sailboat,15.07,4.79,2.44,10.8,118,119,124,5,1
4841,motor,motorboat,14.0,4.24,1.36,5.4,118,119,140,21,1
4845,motor,motorboat,17.64,4.97,1.87,10.2,118,119,122,3,1
4862,small,motorboat,9.33,3.22,0.91,3.3,118,120,123,3,2
4868,sail,sailboat,10.86,3.42,1.77,0.0,118,120,122,2,2
4883,sail,sailboat,17.0,5.6,2.79,6.1,118,120,123,3,2
4887,motor,motorboat,16.77,4.76,1.55,0.0,118,120,123,3,2
4897,motor,motorboat,13.05,3.66,1.14,5.8,118,120,127,7,2
4901,sail,sailboat,9.5,3.14,1.73,3.1,118,121,125,4,3
4919,sail,sailboat,13.63,4.17,2.13,0.0,118,121,122,1,3
4998,sail,sailboat,10.94,3.54,1.95,4.7,118,122,132,10,4
5053,sail,sailboat,13.76,4.65,2.46,6.7,118,123,125,2,5
5121,motor,motorboat,13.4,3.74,1.39,4.6,118,123,127,4,5
5206,sail,sailboat,10.39,3.36,1.75,0.0,118,125,128,3,7
5219,motor,motorboat,10.24,3.19,0.96,3.7,118,125,131,6,7
5227,small,motorboat,6.61,2.37,0.69,0.0,118,125,127,2,7
5246,sail,sailboat,13.28,4.18,2.13,0.0,118,125,127,2,7
5258,small,motorboat,8.88,2.99,0.89,0.0,118,126,128,2,8
5290,motor,motorboat,20.01,5.59,1.9,23.0,118,126,128,2,8
5306,motor,motorboat,16.61,4.73,1.51,11.2,118,127,136,9,9
5364,motor,motorboat,14.82,4.29,1.38,5.3,118,128,132,4,10
5383,motor,motorboat,19.58,5.92,1.93,0.0,118,128,140,12,10
5410,sail,sailboat,14.56,4.64,2.42,6.7,118,128,130,2,10
5411,sail,sailboat,15.04,4.62,2.58,6.8,118,128,129,1,10
5412,sail,sailboat,15.11,5.06,2.55,9.3,118,128,130,2,10
5476,sail,sailboat,14.99,4.55,2.73,4.8,118,129,130,1,11
5541,small,motorboat,8.82,3.14,0.96,0.0,118,130,131,1,12
5547,small,motorboat,6.62,2.2,0.6,3.3,118,130,131,1,12
5551,motor,motorboat,18.77,5.36,1.86,13.8,118,130,131,1,12
5584,motor,motorboat,18.09,5.19,1.6,6.9,118,130,144,14,12
5597,small,motorboat,7.14,2.29,0.79,3.4,118,131,134,3,13
5619,motor,motorboat,19.69,5.99,1.76,11.6,118,131,134,3,13
5644,sail,sailboat,9.83,3.18,1.77,0.0,118,131,132,1,13
5657,sail,sailboat,14.08,4.3,2.18,3.5,118,132,134,2,14
5660,motor,motorboat,17.14,5.23,1.52,9.7,118,132,140,8,14
5760,sail,sailboat,13.62,4.6,2.25,6.0,118,134,139,5,16
5786,super,yacht,25.64,6.89,3.31,20.0,118,134,139,5,16
5825,small,motorboat,8.82,3.15,0.92,2.8,118,135,141,6,17
6290,sail,sailboat,9.76,3.13,1.48,3.2,118,141,143,2,23
6507,super,yacht,23.6,6.17,2.81,36.6,118,144,146,2,26
6600,motor,motorboat,16.83,5.23,1.48,7.2,118,146,149,3,28
6651,motor,motorboat,14.72,4.39,1.51,5.4,118,147,154,7,29
6999,sail,sailboat,13.75,4.34,2.42,0.0,118,151,158,7,33
7298,sail,sailboat,12.86,4.17,2.29,0.0,118,158,160,2,40
7538,super,yacht,20.96,5.51,2.76,17.6,118,164,166,2,46
7583,sail,sailboat,13.08,4.32,2.18,5.6,118,165,171,6,47
7601,small,motorboat,7.8,2.8,0.8,0.0,118,165,166,1,47
7706,sail,sailboat,12.88,4.16,2.12,6.3,118,169,171,2,51
7835,sail,sailboat,13.0,4.23,2.1,3.6,118,171,172,1,53
8082,sail,sailboat,13.24,4.17,2.06,0.0,118,177,180,3,59
8404,super,yacht,23.89,6.82,2.87,20.7,118,187,188,1,69
4820,motor,motorboat,15.13,4.36,1.33,0.0,119,119,120,1,0
4825,sail,sailboat,9.5,2.86,1.72,2.3,119,119,123,4,0
4843,small,motorboat,9.25,2.97,0.98,0.0,119,119,123,4,0
4857,sail,sailboat,11.6,3.71,1.82,6.3,119,120,123,3,1
4875,small,motorboat,9.45,3.4,0.91,0.0,119,120,125,5,1
4880,small,motorboat,6.25,2.12,0.58,0.0,119,120,122,2,1
4894,sail,sailboat,9.5,2.91,1.52,2.5,119,120,126,6,1
4905,sail,sailboat,13.44,4.3,2.31,3.2,119,121,123,2,2
4915,small,motorboat,8.6,2.97,0.9,2.1,119,121,138,17,2
4916,motor,motorboat,17.17,5.26,1.71,13.5,119,121,128,7,2
4928,sail,sailboat,9.5,2.93,1.48,2.8,119,121,128,7,2
4934,sail,sailboat,12.96,4.36,2.06,3.2,119,121,127,6,2
4941,sail,sailboat,9.99,3.19,1.71,2.5,119,121,125,4,2
4943,sail,sailboat,11.0,3.57,1.71,6.7,119,121,123,2,2
4951,super,yacht,20.53,5.6,2.68,37.9,119,121,126,5,2
4952,sail,sailboat,11.99,4.06,2.03,4.0,119,121,130,9,2
4953,motor,motorboat,11.69,3.28,1.1,3.3,119,121,128,7,2
4960,motor,motorboat,10.0,2.85,1.03,5.9,119,122,126,4,3
4970,sail,sailboat,9.5,3.1,1.47,2.4,119,122,130,8,3
5049,sail,sailboat,15.22,4.94,2.4,7.2,119,123,126,3,4
5056,motor,motorboat,14.0,4.15,1.38,4.1,119,123,124,1,4
5067,sail,sailboat,12.22,3.71,2.08,4.6,119,123,128,5,4
5094,sail,sailboat,9.5,2.99,1.64,2.4,119,123,130,7,4
5129,sail,sailboat,11.87,3.7,2.15,6.0,119,124,137,13,5
5153,motor,motorboat,19.57,5.57,1.93,13.2,119,124,127,3,5
5177,motor,motorboat,19.82,5.59,2.06,8.5,119,124,128,4,5
5187,motor,motorboat,13.75,4.19,1.43,6.2,119,125,126,1,6
5203,motor,motorboat,16.41,4.88,1.75,12.3,119,125,128,3,6
5274,motor,motorboat,18.8,5.33,1.73,10.5,119,126,128,2,7
5353,motor,motorboat,17.33,5.05,1.77,9.2,119,128,129,1,9
5359,motor,motorboat,21.19,6.16,1.95,34.1,119,128,133,5,9
5376,small,motorboat,7.96,2.74,0.72,2.4,119,128,129,1,9
5403,sail,sailboat,13.43,4.2,2.44,4.7,119,128,138,10,9
5450,motor,motorboat,10.0,3.03,0.86,3.6,119,129,135,6,10
5464,small,motorboat,9.04,2.95,0.86,2.3,119,129,132,3,10
5518,sail,sailboat,12.46,4.11,1.97,4.3,119,130,137,7,11
5539,super,yacht,22.55,6.12,2.89,29.2,119,130,133,3,11
5624,motor,motorboat,12.29,3.65,1.06,3.0,119,131,132,1,12
5646,sail,sailboat,16.09,5.08,2.39,0.0,119,132,149,17,13
5656,small,motorboat,7.88,2.6,0.75,2.3,119,132,140,8,13
5658,sail,sailboat,11.1,3.62,1.67,3.0,119,132,134,2,13
5719,motor,motorboat,11.42,3.32,1.21,6.8,119,133,136,3,14
5907,motor,motorboat,19.03,5.42,1.82,0.0,119,136,141,5,17
6005,small,motorboat,6.55,2.24,0.7,2.1,119,137,138,1,18
6008,sail,sailboat,9.5,2.96,1.73,3.2,119,137,139,2,18
6036,sail,sailboat,16.89,5.3,2.62,7.1,119,137,144,7,18
6210,sail,sailboat,13.04,4.23,2.34,3.1,119,140,143,3,21
6329,small,motorboat,6.33,2.24,0.65,0.0,119,142,152,10,23
6419,motor,motorboat,18.17,5.11,1.65,9.0,119,143,150,7,24
6523,sail,sailboat,12.92,3.97,1.97,6.5,119,144,148,4,25
6559,motor,motorboat,14.41,4.42,1.28,3.3,119,145,148,3,26
6887,motor,motorboat,19.49,5.93,1.96,7.1,119,150,153,3,31
7070,small,motorboat,6.5,2.16,0.59,0.0,119,153,160,7,34
7364,super,yacht,21.02,5.37,2.53,23.6,119,160,161,1,41
7592,sail,sailboat,13.43,4.33,2.45,5.3,119,165,166,1,46
8069,sail,sailboat,14.14,4.47,2.36,0.0,119,176,178,2,57
8183,sail,sailboat,15.27,4.98,2.57,0.0,119,179,181,2,60
4858,sail,sailboat,15.72,5.25,2.63,9.6,120,120,123,3,0
4859,motor,motorboat,10.15,2.84,0.89,3.4,120,120,141,21,0
4860,sail,sailboat,11.32,3.79,1.73,6.5,120,120,124,4,0
4861,motor,motorboat,14.87,4.13,1.31,3.4,120,120,124,4,0
4863,sail,sailboat,13.11,4.32,2.19,0.0,120,120,121,1,0
4864,small,motorboat,7.6,2.58,0.79,0.0,120,120,123,3,0
4871,sail,sailboat,13.74,4.57,2.38,0.0,120,120,121,1,0
4885,small,motorboat,6.87,2.39,0.71,0.0,120,120,122,2,0
4900,small,motorboat,7.11,2.33,0.77,0.0,120,121,127,6,1
4907,sail,sailboat,13.64,4.48,2.28,4.5,120,121,135,14,1
4920,super,yacht,21.07,5.97,2.77,18.8,120,121,122,1,1
4939,motor,motorboat,15.69,4.61,1.47,8.8,120,121,122,1,1
4945,sail,sailboat,14.08,4.4,2.34,4.5,120,121,123,2,1
4962,small,motorboat,8.44,2.9,0.76,0.0,120,122,128,6,2
4969,motor,motorboat,18.84,5.65,1.71,12.7,120,122,123,1,2
4976,sail,sailboat,12.59,4.22,2.04,5.4,120,122,125,3,2
4991,super,yacht,26.94,7.16,3.2,38.7,120,122,124,2,2
4996,motor,motorboat,11.72,3.53,1.02,4.8,120,122,124,2,2
5013,small,motorboat,8.03,2.71,0.84,0.0,120,122,129,7,2
5019,small,motorboat,8.87,3.04,0.91,3.5,120,122,124,2,2
5022,motor,motorboat,17.03,4.83,1.71,10.1,120,122,123,1,2
5029,sail,sailboat,12.45,3.82,2.22,0.0,120,122,123,1,2
5036,motor,motorboat,19.42,5.8,1.98,11.8,120,123,141,18,3
5207,sail,sailboat,13.29,4.29,2.0,3.8,120,125,128,3,5
5243,motor,motorboat,13.69,3.98,1.43,6.6,120,125,149,24,5
5333,sail,sailboat,12.06,3.89,2.23,4.3,120,127,133,6,7
5360,sail,sailboat,14.34,4.75,2.55,3.7,120,128,129,1,8
5362,sail,sailboat,10.18,3.08,1.79,4.6,120,128,129,1,8
5398,sail,sailboat,13.11,4.18,2.24,6.7,120,128,132,4,8
5402,super,yacht,25.41,7.23,3.37,13.3,120,128,133,5,8
5414,sail,sailboat,10.42,3.38,1.65,3.2,120,128,135,7,8
5458,sail,sailboat,15.72,4.87,2.55,8.5,120,129,132,3,9
5471,motor,motorboat,16.85,4.9,1.73,8.4,120,129,133,4,9
5533,sail,sailboat,15.51,4.81,2.74,6.5,120,130,137,7,10
5534,super,yacht,26.47,6.73,3.48,38.8,120,130,134,4,10
5569,sail,sailboat,12.16,4.05,2.24,3.4,120,130,133,3,10
5606,super,yacht,20.76,5.57,2.68,23.8,120,131,133,2,11
5654,sail,sailboat,13.59,4.26,2.03,3.3,120,132,133,1,12
5691,small,motorboat,6.14,2.07,0.66,0.0,120,132,141,9,12
5698,sail,sailboat,16.98,5.45,2.87,8.4,120,133,134,1,13
5744,sail,sailboat,12.06,3.83,2.04,0.0,120,133,135,2,13
5812,motor,motorboat,16.44,5.01,1.59,7.1,120,134,146,12,14
5891,motor,motorboat,10.0,2.81,0.91,5.3,120,136,138,2,16
6245,sail,sailboat,10.54,3.27,1.63,3.3,120,141,143,2,21
6804,super,yacht,22.36,6.32,2.82,30.7,120,149,150,1,29
6861,super,yacht,26.42,7.18,3.5,15.5,120,150,152,2,30
7029,small,motorboat,7.59,2.49,0.78,0.0,120,152,161,9,32
7130,motor,motorboat,16.56,4.71,1.43,13.1,120,154,157,3,34
7195,motor,motorboat,13.33,3.98,1.17,0.0,120,156,158,2,36
7356,motor,motorboat,19.58,5.75,1.9,6.3,120,160,165,5,40
7416,motor,motorboat,10.33,3.0,1.01,6.6,120,162,169,7,42
7970,small,motorboat,8.78,3.04,0.85,0.0,120,174,180,6,54
8115,small,motorboat,7.62,2.66,0.75,2.4,120,178,181,3,58
4902,small,motorboat,7.54,2.65,0.7,2.2,121,121,122,1,0
4924,sail,sailboat,12.02,3.88,1.94,5.7,121,121,122,1,0
4929,sail,sailboat,9.5,3.22,1.42,2.8,121,121,126,5,0
4964,motor,motorboat,12.58,3.52,1.25,5.0,121,122,123,1,1
4965,sail,sailboat,14.5,4.61,2.45,4.4,121,122,151,29,1
4966,motor,motorboat,16.08,4.91,1.49,9.7,121,122,125,3,1
4975,motor,motorboat,16.87,4.99,1.65,8.9,121,122,131,9,1
4978,sail,sailboat,12.37,4.13,2.1,5.1,121,122,126,4,1
4981,motor,motorboat,14.74,4.58,1.36,5.5,121,122,125,3,1
5001,sail,sailboat,13.89,4.18,2.15,4.2,121,122,141,19,1
5004,motor,motorboat,15.19,4.64,1.3,12.9,121,122,124,2,1
5008,motor,motorboat,10.0,3.11,0.95,4.3,121,122,132,10,1
5009,small,motorboat,8.71,2.87,0.9,0.0,121,122,127,5,1
5012,small,motorboat,7.77,2.63,0.72,0.0,121,122,131,9,1
5034,small,motorboat,7.45,2.68,0.82,3.1,121,123,126,3,2
5046,sail,sailboat,12.87,4.04,2.03,0.0,121,123,134,11,2
5048,sail,sailboat,15.89,5.25,2.46,8.7,121,123,126,3,2
5051,sail,sailboat,9.74,3.0,1.53,0.0,121,123,125,2,2
5052,super,yacht,25.04,6.43,3.29,16.2,121,123,129,6,2
5058,sail,sailboat,9.83,2.97,1.57,0.0,121,123,129,6,2
5063,sail,sailboat,15.47,5.01,2.49,8.3,121,123,137,14,2
5065,motor,motorboat,15.04,4.38,1.31,11.5,121,123,137,14,2
5066,sail,sailboat,11.89,4.01,2.01,4.0,121,123,125,2,2
5072,small,motorboat,6.81,2.45,0.65,0.0,121,123,138,15,2
5086,motor,motorboat,15.69,4.65,1.42,12.5,121,123,124,1,2
5092,small,motorboat,6.14,2.04,0.67,0.0,121,123,127,4,2
5095,small,motorboat,8.11,2.75,0.78,0.0,121,123,127,4,2
5098,sail,sailboat,10.93,3.33,1.79,3.2,121,123,125,2,2
5116,small,motorboat,6.07,2.07,0.64,0.0,121,123,136,13,2
5123,motor,motorboat,15.49,4.54,1.34,10.1,121,123,130,7,2
5197,sail,sailboat,15.69,4.98,2.67,12.0,121,125,126,1,4
5211,motor,motorboat,11.84,3.33,1.04,5.0,121,125,126,1,4
5216,small,motorboat,8.92,2.95,0.97,0.0,121,125,127,2,4
5266,super,yacht,28.44,7.82,3.21,36.3,121,126,129,3,5
5336,motor,motorboat,14.26,4.05,1.32,6.5,121,127,130,3,6
5342,sail,sailboat,11.28,3.64,1.68,4.5,121,127,129,2,6
5374,motor,motorboat,13.53,3.99,1.4,0.0,121,128,142,14,7
5437,motor,motorboat,20.35,6.01,2.04,24.6,121,129,131,2,8
5469,sail,sailboat,11.97,3.99,2.03,6.0,121,129,132,3,8
5492,motor,motorboat,14.48,4.35,1.48,3.4,121,129,132,3,8
5542,sail,sailboat,14.19,4.52,2.47,4.3,121,130,135,5,9
5548,motor,motorboat,18.08,5.46,1.84,10.6,121,130,132,2,9
5552,sail,sailboat,13.62,4.13,2.51,4.6,121,130,131,1,9
5558,sail,sailboat,16.73,5.43,2.76,0.0,121,130,133,3,9
5577,sail,sailboat,9.5,2.97,1.47,0.0,121,130,136,6,9
5642,motor,motorboat,18.09,5.12,1.9,13.5,121,131,132,1,10
5647,sail,sailboat,14.01,4.62,2.11,0.0,121,132,145,13,11
5682,motor,motorboat,14.96,4.65,1.57,3.3,121,132,135,3,11
5685,super,yacht,25.16,7.08,3.09,37.4,121,132,137,5,11
5688,sail,sailboat,13.99,4.45,2.33,4.9,121,132,137,5,11
5697,motor,motorboat,13.14,3.87,1.14,0.0,121,132,135,3,11
5736,motor,motorboat,16.23,5.05,1.72,9.5,121,133,137,4,12
5745,sail,sailboat,16.87,5.44,2.77,13.9,121,133,134,1,12
5767,motor,motorboat,14.54,4.44,1.34,6.4,121,134,137,3,13
5843,motor,motorboat,15.67,4.36,1.41,7.7,121,135,140,5,14
5847,motor,motorboat,13.36,3.87,1.4,6.5,121,135,142,7,14
5853,sail,sailboat,12.84,4.16,2.04,0.0,121,135,159,24,14
5947,motor,motorboat,13.15,3.93,1.3,6.0,121,136,137,1,15
6940,small,motorboat,6.63,2.14,0.72,0.0,121,151,158,7,30
7442,small,motorboat,8.7,2.78,0.85,2.4,121,162,169,7,41
8021,motor,motorboat,18.87,5.81,1.96,7.1,121,176,180,4,55
8039,super,yacht,25.84,6.81,3.29,26.6,121,176,177,1,55
4967,small,motorboat,7.86,2.72,0.77,0.0,122,122,129,7,0
4968,motor,motorboat,16.78,5.06,1.54,12.8,122,122,131,9,0
4972,motor,motorboat,19.7,5.56,1.71,0.0,122,122,124,2,0
4974,motor,motorboat,20.12,6.03,1.92,0.0,122,122,125,3,0
4977,small,motorboat,7.32,2.4,0.7,0.0,122,122,126,4,0
4983,sail,sailboat,13.45,4.06,2.11,4.2,122,122,125,3,0
4999,motor,motorboat,15.75,4.5,1.54,6.0,122,122,124,2,0
5018,sail,sailboat,15.48,4.84,2.35,11.0,122,122,134,12,0
5020,motor,motorboat,19.77,6.11,2.06,11.4,122,122,124,2,0
5023,motor,motorboat,20.06,5.97,1.89,0.0,122,122,128,6,0
5027,small,motorboat,9.1,3.07,0.99,0.0,122,122,124,2,0
5042,motor,motorboat,18.41,5.24,1.88,8.9,122,123,126,3,1
5045,motor,motorboat,15.18,4.63,1.54,9.7,122,123,125,2,1
5047,sail,sailboat,13.67,4.56,2.31,0.0,122,123,126,3,1
5050,small,motorboat,9.19,3.08,0.87,2.4,122,123,128,5,1
5057,sail,sailboat,17.0,5.35,3.11,6.3,122,123,125,2,1
5064,motor,motorboat,16.65,4.97,1.55,13.8,122,123,127,4,1
5076,sail,sailboat,16.86,5.64,2.76,6.4,122,123,125,2,1
5082,sail,sailboat,13.25,3.99,2.17,0.0,122,123,126,3,1
5104,sail,sailboat,14.24,4.63,2.63,0.0,122,123,124,1,1
5111,sail,sailboat,13.07,4.11,2.19,6.6,122,123,130,7,1
5114,small,motorboat,6.16,2.2,0.6,0.0,122,123,128,5,1
5117,sail,sailboat,12.79,3.87,2.26,6.1,122,123,125,2,1
5120,sail,sailboat,13.62,4.52,2.06,0.0,122,123,126,3,1
5122,sail,sailboat,14.66,4.42,2.22,6.0,122,123,124,1,1
5128,sail,sailboat,13.15,4.15,2.19,6.2,122,124,149,25,2
5131,small,motorboat,6.8,2.38,0.76,2.8,122,124,125,1,2
5136,sail,sailboat,11.18,3.78,1.87,6.3,122,124,129,5,2
5145,super,yacht,26.23,7.47,3.09,22.4,122,124,131,7,2
5170,sail,sailboat,12.65,4.18,1.98,0.0,122,124,126,2,2
5173,sail,sailboat,11.49,3.59,1.72,6.1,122,124,126,2,2
5178,sail,sailboat,12.77,3.97,1.93,6.1,122,124,127,3,2
5299,sail,sailboat,11.04,3.61,1.71,5.5,122,127,134,7,5
5340,sail,sailboat,17.0,5.16,2.66,7.7,122,127,153,26,5
5379,small,motorboat,6.88,2.25,0.68,0.0,122,128,129,1,6
5409,small,motorboat,8.08,2.72,0.78,2.4,122,128,129,1,6
5572,motor,motorboat,13.68,3.86,1.34,5.8,122,130,134,4,8
5578,sail,sailboat,14.21,4.49,2.13,0.0,122,130,141,11,8
5633,sail,sailboat,13.59,4.43,2.25,4.3,122,131,138,7,9
5651,motor,motorboat,11.02,3.44,0.96,4.9,122,132,133,1,10
5695,sail,sailboat,13.45,4.11,2.23,5.2,122,132,136,4,10
5696,motor,motorboat,16.55,4.95,1.73,0.0,122,132,135,3,10
5822,sail,sailboat,16.46,5.06,2.85,13.2,122,135,137,2,13
5858,sail,sailboat,12.74,3.95,2.24,0.0,122,135,139,4,13
6350,sail,sailboat,16.3,5.42,2.99,10.5,122,142,144,2,20
6597,sail,sailboat,13.12,4.38,2.41,0.0,122,146,147,1,24
6617,sail,sailboat,10.94,3.45,1.86,6.0,122,146,148,2,24
7133,sail,sailboat,16.81,5.58,2.59,0.0,122,155,156,1,33
7247,super,yacht,28.53,7.87,3.73,39.6,122,157,167,10,35
7338,sail,sailboat,10.63,3.29,1.76,6.8,122,159,162,3,37
7494,super,yacht,23.86,6.47,2.6,35.8,122,163,164,1,41
7683,super,yacht,26.38,6.74,3.08,27.1,122,168,171,3,46
7718,motor,motorboat,18.87,5.23,1.68,13.2,122,169,173,4,47
7885,sail,sailboat,16.4,5.53,2.86,11.4,122,172,174,2,50
8091,motor,motorboat,15.19,4.5,1.43,6.5,122,177,178,1,55
8124,sail,sailboat,12.13,4.08,2.09,4.6,122,178,181,3,56
8153,small,motorboat,7.32,2.35,0.7,0.0,122,178,179,1,56
8207,sail,sailboat,14.21,4.59,2.21,0.0,122,179,180,1,57
5040,super,yacht,20.41,5.42,2.67,12.3,123,123,125,2,0
5055,motor,motorboat,12.25,3.45,1.18,3.5,123,123,128,5,0
5061,small,motorboat,6.57,2.13,0.65,0.0,123,123,135,12,0
5081,sail,sailboat,11.72,3.94,1.85,0.0,123,123,125,2,0
5109,motor,motorboat,14.69,4.5,1.51,6.7,123,123,126,3,0
5112,motor,motorboat,10.0,2.79,0.94,6.3,123,123,124,1,0
5119,super,yacht,21.16,5.94,2.63,20.5,123,123,125,2,0
5124,small,motorboat,9.04,3.23,0.92,2.8,123,123,126,3,0
5125,sail,sailboat,9.5,2.94,1.65,2.3,123,123,128,5,0
5130,motor,motorboat,11.68,3.59,1.12,0.0,123,124,125,1,1
5135,small,motorboat,8.9,2.94,0.85,2.6,123,124,127,3,1
5146,sail,sailboat,11.93,3.72,1.8,5.7,123,124,125,1,1
5152,small,motorboat,8.29,2.81,0.88,2.4,123,124,127,3,1
5154,super,yacht,27.58,7.87,3.22,15.4,123,124,125,1,1
5158,motor,motorboat,16.02,4.97,1.56,0.0,123,124,128,4,1
5179,sail,sailboat,12.21,4.06,1.85,6.2,123,124,132,8,1
5180,sail,sailboat,14.42,4.69,2.17,5.4,123,124,129,5,1
5182,sail,sailboat,13.54,4.59,2.43,5.9,123,125,128,3,2
5184,sail,sailboat,12.06,3.87,2.1,7.0,123,125,130,5,2
5192,motor,motorboat,15.57,4.41,1.34,12.7,123,125,127,2,2
5196,motor,motorboat,17.5,4.88,1.65,11.1,123,125,137,12,2
5200,sail,sailboat,11.92,3.75,1.83,5.7,123,125,128,3,2
5225,sail,sailboat,16.0,5.01,2.72,13.1,123,125,128,3,2
5232,sail,sailboat,13.64,4.38,2.37,5.3,123,125,132,7,2
5233,small,motorboat,6.21,2.14,0.62,0.0,123,125,126,1,2
5239,motor,motorboat,15.28,4.7,1.57,9.9,123,125,127,2,2
5260,sail,sailboat,15.95,5.25,2.8,12.9,123,126,133,7,3
5297,sail,sailboat,9.5,2.95,1.52,0.0,123,127,129,2,4
5311,sail,sailboat,11.98,3.93,1.94,3.9,123,127,128,1,4
5325,motor,motorboat,16.16,4.77,1.55,10.2,123,127,129,2,4
5388,small,motorboat,7.99,2.79,0.89,3.5,123,128,131,3,5
5401,motor,motorboat,15.88,4.76,1.56,13.9,123,128,129,1,5
5417,sail,sailboat,10.21,3.29,1.74,6.3,123,129,132,3,6
5422,sail,sailboat,14.57,4.46,2.37,5.4,123,129,132,3,6
5424,sail,sailboat,14.85,5.03,2.46,3.5,123,129,131,2,6
5438,sail,sailboat,13.26,4.03,2.17,4.6,123,129,132,3,6
5461,sail,sailboat,13.23,4.19,2.01,0.0,123,129,131,2,6
5498,sail,sailboat,12.99,4.22,2.07,6.5,123,129,135,6,6
5510,small,motorboat,7.16,2.49,0.67,3.1,123,130,131,1,7
5528,small,motorboat,7.2,2.57,0.7,3.0,123,130,133,3,7
5566,small,motorboat,7.0,2.37,0.72,0.0,123,130,131,1,7
5626,sail,sailboat,17.0,5.26,2.54,13.3,123,131,139,8,8
5705,motor,motorboat,19.86,6.12,1.92,0.0,123,133,134,1,10
5735,motor,motorboat,11.61,3.29,1.16,5.4,123,133,139,6,10
5747,sail,sailboat,12.26,3.92,1.96,4.5,123,133,138,5,10
5774,super,yacht,25.9,7.06,3.18,19.7,123,134,135,1,11
5784,motor,motorboat,18.47,5.23,1.7,10.2,123,134,136,2,11
5802,motor,motorboat,18.57,5.48,1.63,7.8,123,134,137,3,11
5819,sail,sailboat,12.62,3.93,2.26,3.7,123,135,137,2,12
5870,super,yacht,23.88,6.7,3.05,0.0,123,135,138,3,12
5879,motor,motorboat,14.73,4.58,1.36,0.0,123,136,138,2,13
5921,sail,sailboat,9.94,3.19,1.68,2.9,123,136,139,3,13
6014,motor,motorboat,20.15,5.74,2.11,18.1,123,137,146,9,14
6054,motor,motorboat,10.68,3.09,1.05,4.5,123,137,140,3,14
6186,sail,sailboat,14.18,4.49,2.36,0.0,123,139,142,3,16
6340,sail,sailboat,13.87,4.49,2.47,4.6,123,142,146,4,19
6506,small,motorboat,7.52,2.61,0.82,2.6,123,144,167,23,21
6558,super,yacht,28.36,7.35,3.8,15.6,123,145,147,2,22
6656,sail,sailboat,12.88,3.94,1.93,5.0,123,147,149,2,24
6684,sail,sailboat,10.74,3.53,1.87,0.0,123,147,159,12,24
6705,sail,sailboat,11.87,3.58,2.04,3.3,123,147,148,1,24
6883,sail,sailboat,14.16,4.43,2.4,6.8,123,150,151,1,27
7123,motor,motorboat,10.0,2.92,0.94,4.0,123,154,158,4,31
7811,sail,sailboat,15.46,5.17,2.58,14.0,123,171,172,1,48
8800,super,yacht,27.28,7.67,3.62,27.1,123,205,206,1,82
5143,sail,sailboat,13.26,4.37,2.21,4.5,124,124,127,3,0
5148,small,motorboat,6.05,1.97,0.66,3.0,124,124,130,6,0
5176,motor,motorboat,17.06,5.31,1.51,7.7,124,124,138,14,0
5185,motor,motorboat,14.69,4.12,1.39,5.8,124,125,127,2,1
5186,sail,sailboat,12.69,3.96,1.94,4.2,124,125,130,5,1
5188,sail,sailboat,11.66,3.67,1.81,0.0,124,125,137,12,1
5199,sail,sailboat,13.16,4.19,2.01,6.4,124,125,127,2,1
5210,sail,sailboat,15.96,4.94,2.92,7.2,124,125,126,1,1
5218,small,motorboat,9.12,2.93,0.93,3.0,124,125,138,13,1
5228,motor,motorboat,15.29,4.5,1.58,12.0,124,125,126,1,1
5230,small,motorboat,8.18,2.78,0.85,3.4,124,125,130,5,1
5238,motor,motorboat,18.95,5.64,1.89,6.1,124,125,128,3,1
5252,motor,motorboat,17.69,5.12,1.52,12.9,124,126,128,2,2
5264,motor,motorboat,14.14,4.14,1.22,0.0,124,126,129,3,2
5273,sail,sailboat,15.05,4.62,2.25,11.3,124,126,151,25,2
5276,motor,motorboat,12.87,3.86,1.2,4.0,124,126,129,3,2
5277,sail,sailboat,12.88,4.08,2.15,0.0,124,126,145,19,2
5280,motor,motorboat,15.24,4.51,1.32,12.0,124,126,129,3,2
5304,sail,sailboat,10.33,3.16,1.8,5.2,124,127,135,8,3
5372,sail,sailboat,15.45,5.03,2.43,12.4,124,128,129,1,4
5385,motor,motorboat,14.8,4.57,1.51,6.5,124,128,130,2,4
5427,motor,motorboat,15.94,4.51,1.47,11.3,124,129,131,2,5
5434,sail,sailboat,9.87,3.12,1.57,0.0,124,129,132,3,5
5467,sail,sailboat,12.82,3.88,1.92,5.3,124,129,135,6,5
5468,sail,sailboat,11.74,3.65,2.12,4.4,124,129,132,3,5
5475,sail,sailboat,14.0,4.37,2.47,0.0,124,129,137,8,5
5481,sail,sailboat,11.91,3.61,2.17,3.2,124,129,132,3,5
5494,motor,motorboat,16.81,4.75,1.75,6.1,124,129,138,9,5
5496,motor,motorboat,16.44,4.87,1.43,9.6,124,129,130,1,5
5704,sail,sailboat,12.7,3.83,2.12,6.8,124,133,138,5,9
5708,super,yacht,23.05,5.93,2.78,39.3,124,133,135,2,9
5726,sail,sailboat,13.17,4.12,2.05,0.0,124,133,135,2,9
5821,motor,motorboat,13.8,4.04,1.19,3.2,124,135,137,2,11
5829,motor,motorboat,18.96,5.32,1.87,12.7,124,135,140,5,11
5896,small,motorboat,6.35,2.18,0.67,3.1,124,136,137,1,12
5964,sail,sailboat,11.07,3.4,1.79,5.5,124,136,139,3,12
5989,sail,sailboat,11.86,3.63,2.15,6.2,124,137,145,8,13
6006,sail,sailboat,9.5,3.0,1.65,2.3,124,137,140,3,13
6009,small,motorboat,7.09,2.42,0.65,3.1,124,137,141,4,13
6033,motor,motorboat,17.09,5.05,1.8,10.1,124,137,147,10,13
6043,motor,motorboat,13.92,4.3,1.24,0.0,124,137,138,1,13
6064,small,motorboat,7.16,2.47,0.73,0.0,124,138,142,4,14
6230,small,motorboat,7.51,2.7,0.68,3.3,124,140,141,1,16
6579,sail,sailboat,17.0,5.43,3.09,8.5,124,145,146,1,21
6606,super,yacht,26.01,7.09,2.88,36.8,124,146,153,7,22
6695,small,motorboat,9.47,3.2,0.93,0.0,124,147,161,14,23
6840,super,yacht,27.09,7.43,3.39,18.4,124,150,157,7,26
7393,sail,sailboat,12.69,4.04,2.2,0.0,124,161,163,2,37
7452,sail,sailboat,12.96,4.16,2.09,4.1,124,162,166,4,38
8127,sail,sailboat,15.82,5.35,2.81,11.8,124,178,179,1,54
8923,super,yacht,25.04,6.36,3.35,34.3,124,213,214,1,89
5194,small,motorboat,7.66,2.55,0.85,2.3,125,125,127,2,0
5201,sail,sailboat,12.41,3.84,2.19,6.3,125,125,132,7,0
5212,sail,sailboat,15.94,5.28,2.87,13.5,125,125,150,25,0
5217,small,motorboat,6.14,2.18,0.65,3.1,125,125,128,3,0
5220,sail,sailboat,12.5,4.12,2.01,3.7,125,125,129,4,0
5241,motor,motorboat,15.72,4.63,1.54,12.6,125,125,127,2,0
5261,small,motorboat,8.18,2.74,0.89,2.1,125,126,129,3,1
5272,motor,motorboat,17.54,5.02,1.71,7.2,125,126,128,2,1
5278,motor,motorboat,13.33,3.82,1.25,3.7,125,126,129,3,1
5282,sail,sailboat,15.48,4.66,2.78,0.0,125,126,128,2,1
5285,sail,sailboat,15.86,5.3,2.38,13.5,125,126,128,2,1
5287,motor,motorboat,12.19,3.42,1.1,3.8,125,126,131,5,1
5289,motor,motorboat,12.39,3.79,1.26,5.0,125,126,131,5,1
5295,motor,motorboat,11.53,3.41,1.04,5.4,125,127,132,5,2
5300,motor,motorboat,10.87,3.34,0.96,3.5,125,127,132,5,2
5309,motor,motorboat,11.04,3.3,1.13,0.0,125,127,130,3,2
5314,sail,sailboat,16.04,5.01,2.64,7.8,125,127,129,2,2
5320,sail,sailboat,10.12,3.17,1.67,0.0,125,127,132,5,2
5321,sail,sailboat,10.86,3.41,1.75,0.0,125,127,129,2,2
5345,sail,sailboat,15.74,4.92,2.67,0.0,125,127,141,14,2
5367,super,yacht,22.35,6.12,2.5,17.0,125,128,131,3,3
5380,sail,sailboat,10.33,3.49,1.8,4.3,125,128,134,6,3
5387,small,motorboat,7.19,2.35,0.71,3.3,125,128,135,7,3
5391,sail,sailboat,14.51,4.9,2.29,4.2,125,128,129,1,3
5418,small,motorboat,8.92,2.96,0.94,0.0,125,129,136,7,4
5453,small,motorboat,8.22,2.91,0.87,2.6,125,129,156,27,4
5455,motor,motorboat,17.33,5.34,1.66,8.7,125,129,131,2,4
5456,motor,motorboat,17.66,5.43,1.74,0.0,125,129,132,3,4
5522,sail,sailboat,9.5,3.03,1.65,0.0,125,130,132,2,5
5525,super,yacht,20.33,5.74,2.69,15.8,125,130,133,3,5
5585,sail,sailboat,13.27,4.32,2.42,0.0,125,131,134,3,6
5586,sail,sailboat,15.77,4.93,2.53,6.5,125,131,133,2,6
5618,sail,sailboat,12.18,3.73,1.87,0.0,125,131,137,6,6
5636,sail,sailboat,12.16,3.8,1.88,4.6,125,131,137,6,6
5653,sail,sailboat,13.19,4.39,2.23,4.6,125,132,138,6,7
5661,sail,sailboat,14.41,4.38,2.42,0.0,125,132,136,4,7
5727,sail,sailboat,14.93,4.56,2.6,0.0,125,133,141,8,8
5740,small,motorboat,8.59,2.77,0.79,0.0,125,133,134,1,8
5804,motor,motorboat,10.6,3.25,0.99,6.0,125,134,135,1,9
5806,sail,sailboat,11.72,3.58,2.02,3.4,125,134,137,3,9
5808,sail,sailboat,11.92,3.74,1.79,6.0,125,134,137,3,9
5817,sail,sailboat,14.04,4.35,2.1,5.1,125,135,139,4,10
5836,super,yacht,22.98,6.2,3.0,21.8,125,135,139,4,10
5865,small,motorboat,8.46,2.97,0.83,0.0,125,135,137,2,10
5877,sail,sailboat,17.0,5.23,2.79,6.6,125,135,142,7,10
5911,motor,motorboat,12.88,3.62,1.22,6.9,125,136,137,1,11
5912,sail,sailboat,9.62,3.11,1.58,3.0,125,136,140,4,11
5981,sail,sailboat,9.77,2.98,1.64,2.6,125,137,138,1,12
5993,super,yacht,23.8,6.25,2.93,19.0,125,137,139,2,12
6026,motor,motorboat,12.28,3.72,1.1,6.2,125,137,143,6,12
6088,motor,motorboat,16.37,4.78,1.6,0.0,125,138,142,4,13
6151,sail,sailboat,9.5,3.04,1.46,3.1,125,139,160,21,14
6156,sail,sailboat,14.82,4.82,2.3,5.3,125,139,141,2,14
6177,sail,sailboat,9.5,3.17,1.41,2.5,125,139,141,2,14
6538,motor,motorboat,14.14,4.0,1.23,4.5,125,145,148,3,20
6829,sail,sailboat,12.02,3.82,1.91,0.0,125,149,151,2,24
7229,sail,sailboat,11.64,3.57,1.97,4.5,125,157,158,1,32
7453,super,yacht,22.5,5.93,2.93,27.7,125,162,167,5,37
7679,sail,sailboat,9.5,3.17,1.47,2.6,125,168,174,6,43
8013,sail,sailboat,10.91,3.49,1.7,0.0,125,175,189,14,50
8188,motor,motorboat,12.64,3.62,1.23,0.0,125,179,182,3,54
8198,motor,motorboat,14.45,4.01,1.24,6.5,125,179,185,6,54
8255,motor,motorboat,10.53,3.11,0.97,4.3,125,180,185,5,55
5268,motor,motorboat,14.74,4.49,1.32,0.0,126,126,128,2,0
5275,sail,sailboat,11.16,3.64,1.8,6.4,126,126,129,3,0
5286,motor,motorboat,12.87,3.61,1.11,4.1,126,126,129,3,0
5312,sail,sailboat,13.54,4.38,2.23,6.0,126,127,129,2,1
5326,motor,motorboat,20.77,6.22,1.98,0.0,126,127,129,2,1
5328,small,motorboat,7.15,2.5,0.75,0.0,126,127,132,5,1
5350,motor,motorboat,12.29,3.76,1.07,4.6,126,128,130,2,2
5357,small,motorboat,6.76,2.38,0.69,0.0,126,128,135,7,2
5366,sail,sailboat,14.7,4.58,2.53,4.3,126,128,131,3,2
5381,motor,motorboat,11.87,3.35,1.12,5.9,126,128,130,2,2
5384,sail,sailboat,10.24,3.31,1.73,3.8,126,128,131,3,2
5390,motor,motorboat,15.37,4.79,1.46,0.0,126,128,129,1,2
5430,super,yacht,26.14,6.97,3.45,37.2,126,129,132,3,3
5459,small,motorboat,8.01,2.86,0.89,2.2,126,129,130,1,3
5493,super,yacht,24.95,6.4,3.33,24.4,126,129,134,5,3
5508,sail,sailboat,12.67,4.29,2.17,3.2,126,130,132,2,4
5519,small,motorboat,7.64,2.46,0.79,2.6,126,130,133,3,4
5532,motor,motorboat,16.95,4.83,1.77,9.7,126,130,132,2,4
5634,motor,motorboat,17.01,4.82,1.67,13.2,126,131,142,11,5
5678,sail,sailboat,10.87,3.3,1.86,4.4,126,132,136,4,6
5681,motor,motorboat,16.02,4.99,1.49,7.9,126,132,135,3,6
5711,sail,sailboat,13.7,4.14,2.06,3.9,126,133,134,1,7
5717,motor,motorboat,11.14,3.44,1.06,3.9,126,133,134,1,7
5721,motor,motorboat,16.49,4.98,1.67,10.3,126,133,137,4,7
5751,super,yacht,24.23,6.51,2.64,36.0,126,133,135,2,7
5789,sail,sailboat,13.46,4.11,2.24,5.7,126,134,155,21,8
5803,motor,motorboat,16.38,4.75,1.63,13.6,126,134,135,1,8
5834,motor,motorboat,15.63,4.35,1.47,9.8,126,135,158,23,9
5869,sail,sailboat,13.83,4.25,2.06,0.0,126,135,139,4,9
5965,sail,sailboat,13.41,4.26,2.41,0.0,126,136,138,2,10
5990,motor,motorboat,11.01,3.07,1.12,5.1,126,137,144,7,11
6024,sail,sailboat,14.44,4.78,2.18,6.6,126,137,140,3,11
6046,motor,motorboat,18.59,5.52,1.83,0.0,126,137,138,1,11
6078,sail,sailboat,15.03,5.02,2.3,11.1,126,138,139,1,12
6093,motor,motorboat,15.89,4.59,1.4,13.9,126,138,145,7,12
6124,sail,sailboat,12.78,4.19,2.07,5.1,126,138,139,1,12
6168,sail,sailboat,15.79,4.98,2.41,6.3,126,139,143,4,13
6202,motor,motorboat,21.35,6.17,2.05,0.0,126,140,141,1,14
6238,sail,sailboat,11.75,3.58,1.88,0.0,126,140,145,5,14
6446,sail,sailboat,11.81,3.94,2.15,4.5,126,144,145,1,18
6591,motor,motorboat,15.66,4.37,1.37,9.3,126,146,148,2,20
6694,sail,sailboat,17.0,5.16,2.76,8.8,126,147,150,3,21
6792,motor,motorboat,18.42,5.5,1.77,0.0,126,149,151,2,23
6810,super,yacht,26.06,6.86,3.05,30.2,126,149,152,3,23
6813,small,motorboat,8.11,2.9,0.87,0.0,126,149,152,3,23
6941,sail,sailboat,14.17,4.26,2.49,3.1,126,151,157,6,25
7166,motor,motorboat,16.44,4.71,1.51,9.3,126,155,158,3,29
7206,super,yacht,22.65,5.99,2.95,31.6,126,156,158,2,30
7346,sail,sailboat,12.13,3.73,2.15,4.2,126,159,161,2,33
8141,small,motorboat,8.22,2.88,0.84,2.1,126,178,181,3,52
8193,motor,motorboat,17.76,5.35,1.61,12.9,126,179,180,1,53
8309,super,yacht,24.81,7.01,2.96,22.8,126,182,195,13,56
5310,motor,motorboat,17.68,5.39,1.83,13.5,127,127,128,1,0
5315,small,motorboat,6.58,2.22,0.68,3.3,127,127,131,4,0
5334,sail,sailboat,16.58,5.19,2.5,10.6,127,127,129,2,0
5349,sail,sailboat,14.19,4.56,2.51,6.8,127,128,131,3,1
5356,sail,sailboat,14.24,4.6,2.18,0.0,127,128,130,2,1
5361,sail,sailboat,12.35,3.77,2.02,0.0,127,128,134,6,1
5363,sail,sailboat,9.5,3.16,1.43,3.5,127,128,142,14,1
5365,sail,sailboat,12.44,3.83,2.3,0.0,127,128,130,2,1
5370,motor,motorboat,11.88,3.55,1.24,4.2,127,128,149,21,1
5378,motor,motorboat,14.37,4.25,1.49,6.2,127,128,131,3,1
5393,small,motorboat,8.28,2.73,0.82,0.0,127,128,133,5,1
5399,sail,sailboat,12.05,4.09,1.86,3.0,127,128,140,12,1
5405,sail,sailboat,16.22,5.28,2.86,8.5,127,128,135,7,1
5413,super,yacht,23.23,6.17,2.78,30.5,127,128,131,3,1
5420,sail,sailboat,15.41,4.93,2.42,13.6,127,129,130,1,2
5451,motor,motorboat,10.0,2.93,0.93,4.6,127,129,131,2,2
5452,motor,motorboat,15.5,4.79,1.55,12.6,127,129,133,4,2
5565,small,motorboat,6.78,2.18,0.69,0.0,127,130,135,5,3
5567,motor,motorboat,16.15,4.56,1.63,0.0,127,130,136,6,3
5581,small,motorboat,9.03,3.03,0.82,2.6,127,130,133,3,3
5589,small,motorboat,8.68,2.96,0.92,2.3,127,131,134,3,4
5601,super,yacht,28.95,7.82,3.8,30.5,127,131,140,9,4
5602,sail,sailboat,15.04,4.73,2.77,6.6,127,131,132,1,4
5637,sail,sailboat,12.93,4.22,2.2,5.8,127,131,132,1,4
5643,sail,sailboat,12.18,4.11,2.25,6.4,127,131,139,8,4
5655,sail,sailboat,9.5,2.9,1.62,2.8,127,132,134,2,5
5669,sail,sailboat,11.96,4.03,1.83,3.2,127,132,135,3,5
5754,super,yacht,20.61,5.47,2.42,22.6,127,134,137,3,7
5840,sail,sailboat,13.62,4.23,2.46,0.0,127,135,146,11,8
5861,sail,sailboat,9.71,3.02,1.78,2.9,127,135,149,14,8
5878,sail,sailboat,14.49,4.78,2.52,4.3,127,136,138,2,9
5908,sail,sailboat,12.82,4.01,1.93,5.7,127,136,142,6,9
5919,sail,sailboat,16.93,5.17,3.12,0.0,127,136,143,7,9
5925,sail,sailboat,10.71,3.32,1.76,0.0,127,136,143,7,9
5943,sail,sailboat,13.69,4.44,2.12,3.8,127,136,140,4,9
5944,motor,motorboat,16.4,4.8,1.46,7.2,127,136,139,3,9
5982,sail,sailboat,16.31,4.93,2.97,9.7,127,137,144,7,10
6038,motor,motorboat,14.01,4.26,1.47,0.0,127,137,139,2,10
6041,motor,motorboat,17.62,5.15,1.75,6.4,127,137,139,2,10
6082,motor,motorboat,15.67,4.56,1.37,9.5,127,138,149,11,11
6099,motor,motorboat,10.02,2.97,0.91,6.3,127,138,139,1,11
6113,motor,motorboat,16.48,4.97,1.51,11.1,127,138,140,2,11
6215,sail,sailboat,13.67,4.32,2.4,5.5,127,140,153,13,13
6225,motor,motorboat,14.62,4.44,1.42,6.3,127,140,144,4,13
6229,motor,motorboat,14.12,4.09,1.24,0.0,127,140,141,1,13
6243,motor,motorboat,15.15,4.37,1.34,9.5,127,141,146,5,14
6261,sail,sailboat,14.24,4.58,2.35,6.8,127,141,144,3,14
6276,motor,motorboat,18.79,5.23,1.61,6.6,127,141,144,3,14
6411,motor,motorboat,11.04,3.35,1.11,6.6,127,143,145,2,16
6413,motor,motorboat,20.24,5.9,1.89,15.4,127,143,146,3,16
6623,motor,motorboat,13.65,4.01,1.28,6.4,127,146,149,3,19
6906,super,yacht,21.41,5.86,2.55,22.9,127,150,153,3,23
7379,sail,sailboat,9.89,3.33,1.75,2.6,127,160,161,1,33
8092,sail,sailboat,14.3,4.72,2.48,6.6,127,177,179,2,50
8142,super,yacht,21.63,5.87,2.5,35.3,127,178,181,3,51
8318,sail,sailboat,9.76,3.15,1.55,2.1,127,183,195,12,56
8365,motor,motorboat,13.25,4.1,1.37,3.3,127,185,188,3,58
8384,motor,motorboat,10.81,3.21,1.1,6.8,127,186,188,2,59
5351,sail,sailboat,13.32,4.52,2.4,4.2,128,128,134,6,0
5386,sail,sailboat,13.97,4.27,2.36,6.9,128,128,130,2,0
5394,sail,sailboat,11.17,3.62,1.7,0.0,128,128,131,3,0
5400,sail,sailboat,11.49,3.89,2.05,6.7,128,128,138,10,0
5404,sail,sailboat,11.18,3.63,1.96,3.4,128,128,133,5,0
5416,sail,sailboat,13.29,4.1,2.38,0.0,128,129,135,6,1
5423,sail,sailboat,11.07,3.39,1.66,4.3,128,129,130,1,1
5425,sail,sailboat,9.77,3.04,1.6,2.4,128,129,130,1,1
5442,sail,sailboat,9.5,2.88,1.46,0.0,128,129,134,5,1
5444,motor,motorboat,17.79,5.16,1.53,10.3,128,129,131,2,1
5445,motor,motorboat,10.98,3.09,1.13,4.5,128,129,130,1,1
5448,motor,motorboat,18.51,5.51,1.9,0.0,128,129,132,3,1
5449,small,motorboat,7.66,2.75,0.85,0.0,128,129,131,2,1
5460,motor,motorboat,14.62,4.31,1.42,6.6,128,129,131,2,1
5470,sail,sailboat,9.62,3.2,1.74,2.5,128,129,136,7,1
5473,motor,motorboat,12.57,3.61,1.15,0.0,128,129,135,6,1
5501,sail,sailboat,10.84,3.59,1.71,0.0,128,130,133,3,2
5506,motor,motorboat,14.26,4.34,1.22,6.5,128,130,135,5,2
5513,motor,motorboat,17.43,5.29,1.75,13.9,128,130,131,1,2
5516,sail,sailboat,13.19,4.05,2.15,6.1,128,130,132,2,2
5524,motor,motorboat,13.03,3.99,1.12,3.1,128,130,132,2,2
5536,motor,motorboat,13.84,4.14,1.19,4.8,128,130,131,1,2
5538,small,motorboat,6.84,2.2,0.71,0.0,128,130,131,1,2
5546,small,motorboat,9.45,3.05,0.94,0.0,128,130,133,3,2
5556,sail,sailboat,14.99,4.55,2.63,3.8,128,130,132,2,2
5557,sail,sailboat,17.0,5.72,3.1,7.6,128,130,134,4,2
5570,sail,sailboat,14.55,4.57,2.29,0.0,128,130,131,1,2
5574,motor,motorboat,15.82,4.87,1.64,9.9,128,130,131,1,2
5575,sail,sailboat,12.46,3.93,2.11,7.0,128,130,133,3,2
5612,sail,sailboat,11.58,3.89,2.01,3.9,128,131,144,13,3
5631,motor,motorboat,18.43,5.36,1.73,0.0,128,131,159,28,3
5738,sail,sailboat,14.77,4.94,2.26,0.0,128,133,134,1,5
5782,sail,sailboat,13.4,4.45,2.33,5.7,128,134,137,3,6
5823,small,motorboat,6.85,2.39,0.65,0.0,128,135,137,2,7
5830,sail,sailboat,9.5,3.02,1.65,0.0,128,135,136,1,7
5832,small,motorboat,8.07,2.75,0.84,3.0,128,135,136,1,7
5852,small,motorboat,7.36,2.61,0.79,2.9,128,135,138,3,7
5875,sail,sailboat,13.6,4.61,2.44,6.0,128,135,142,7,7
5894,small,motorboat,8.44,3.02,0.85,3.1,128,136,138,2,8
5901,sail,sailboat,12.79,4.28,2.01,5.0,128,136,138,2,8
5905,super,yacht,25.16,6.83,2.94,27.9,128,136,143,7,8
5946,sail,sailboat,15.26,5.05,2.6,0.0,128,136,141,5,8
6059,sail,sailboat,12.26,3.81,1.96,5.0,128,137,141,4,9
6085,motor,motorboat,10.0,3.05,0.93,5.7,128,138,140,2,10
6087,sail,sailboat,15.59,4.83,2.86,11.6,128,138,141,3,10
6089,super,yacht,25.07,6.71,3.31,32.2,128,138,140,2,10
6092,sail,sailboat,9.67,3.2,1.74,0.0,128,138,140,2,10
6098,sail,sailboat,11.18,3.43,1.82,3.4,128,138,163,25,10
6102,sail,sailboat,10.48,3.51,1.59,5.5,128,138,139,1,10
6106,sail,sailboat,12.79,3.87,2.28,3.2,128,138,149,11,10
6114,small,motorboat,9.09,3.01,0.86,0.0,128,138,144,6,10
6182,motor,motorboat,16.87,4.92,1.47,8.8,128,139,141,2,11
6183,super,yacht,27.53,7.72,3.36,0.0,128,139,151,12,11
6206,sail,sailboat,14.4,4.5,2.22,5.1,128,140,149,9,12
6252,small,motorboat,6.92,2.33,0.63,0.0,128,141,142,1,13
6469,motor,motorboat,17.68,4.98,1.72,7.5,128,144,149,5,16
6580,small,motorboat,9.43,3.19,0.87,2.0,128,145,161,16,17
6588,small,motorboat,8.52,2.76,0.94,2.7,128,146,165,19,18
7003,sail,sailboat,11.29,3.44,1.71,3.5,128,151,153,2,23
7365,motor,motorboat,12.82,4.01,1.27,0.0,128,160,161,1,32
7449,sail,sailboat,13.05,4.11,2.07,6.6,128,162,182,20,34
7529,super,yacht,23.36,6.45,2.95,25.3,128,164,167,3,36
7631,sail,sailboat,14.11,4.69,2.15,3.2,128,166,167,1,38
8057,sail,sailboat,14.09,4.34,2.24,5.8,128,176,179,3,48
8111,sail,sailboat,9.5,3.2,1.58,3.0,128,177,178,1,49
8132,motor,motorboat,12.4,3.44,1.25,4.0,128,178,180,2,50
5431,motor,motorboat,14.16,4.06,1.43,4.0,129,129,131,2,0
5440,motor,motorboat,11.78,3.62,1.09,4.2,129,129,142,13,0
5472,motor,motorboat,12.54,3.74,1.15,5.5,129,129,133,4,0
5474,sail,sailboat,17.0,5.65,2.62,8.3,129,129,140,11,0
5521,sail,sailboat,11.03,3.68,1.72,6.0,129,130,132,2,1
5523,sail,sailboat,15.97,5.25,2.76,0.0,129,130,131,1,1
5526,sail,sailboat,16.39,5.32,2.83,0.0,129,130,137,7,1
5555,sail,sailboat,14.25,4.68,2.4,5.3,129,130,150,20,1
5568,small,motorboat,9.26,3.24,1.02,2.9,129,130,135,5,1
5571,motor,motorboat,11.28,3.24,1.14,4.0,129,130,132,2,1
5579,motor,motorboat,17.3,5.04,1.7,13.0,129,130,133,3,1
5580,small,motorboat,7.18,2.5,0.68,3.4,129,130,131,1,1
5590,small,motorboat,7.59,2.6,0.79,2.4,129,131,137,6,2
5610,motor,motorboat,16.26,4.6,1.54,6.4,129,131,145,14,2
5613,motor,motorboat,10.11,2.97,0.97,0.0,129,131,133,2,2
5617,motor,motorboat,14.46,4.29,1.51,6.3,129,131,133,2,2
5629,sail,sailboat,13.26,4.02,2.11,3.8,129,131,134,3,2
5666,motor,motorboat,18.13,5.62,1.87,10.6,129,132,137,5,3
5809,motor,motorboat,10.86,3.35,1.11,4.4,129,134,140,6,5
5846,sail,sailboat,13.57,4.18,2.07,6.1,129,135,141,6,6
5867,sail,sailboat,11.63,3.77,2.13,0.0,129,135,138,3,6
5893,sail,sailboat,12.83,3.95,2.24,6.4,129,136,141,5,7
5933,motor,motorboat,13.41,3.75,1.16,4.6,129,136,138,2,7
5949,sail,sailboat,11.07,3.66,1.8,4.8,129,136,140,4,7
5952,sail,sailboat,13.43,4.48,2.47,5.8,129,136,150,14,7
5975,sail,sailboat,11.69,3.84,1.86,5.2,129,137,143,6,8
5978,motor,motorboat,14.7,4.58,1.39,6.1,129,137,149,12,8
6105,small,motorboat,8.54,2.83,0.85,3.1,129,138,152,14,9
6158,sail,sailboat,11.88,3.9,1.79,5.8,129,139,143,4,10
6184,motor,motorboat,20.42,6.2,2.08,33.1,129,139,142,3,10
6195,motor,motorboat,10.41,3.04,0.93,6.0,129,140,142,2,11
6200,motor,motorboat,14.37,4.22,1.37,3.5,129,140,143,3,11
6203,motor,motorboat,13.07,3.86,1.3,0.0,129,140,143,3,11
6209,motor,motorboat,13.61,4.03,1.42,4.4,129,140,141,1,11
6213,sail,sailboat,13.48,4.35,2.13,6.9,129,140,145,5,11
6228,small,motorboat,6.66,2.2,0.62,2.5,129,140,145,5,11
6241,sail,sailboat,14.1,4.51,2.25,5.6,129,141,142,1,12
6251,sail,sailboat,10.65,3.59,1.73,0.0,129,141,146,5,12
6266,sail,sailboat,17.0,5.42,3.06,0.0,129,141,148,7,12
6281,sail,sailboat,16.48,5.36,2.98,12.7,129,141,142,1,12
6296,motor,motorboat,17.04,4.81,1.49,10.5,129,141,142,1,12
6361,motor,motorboat,14.55,4.34,1.27,4.6,129,143,154,11,14
6377,sail,sailboat,12.42,4.15,2.22,0.0,129,143,145,2,14
6584,small,motorboat,6.82,2.18,0.7,0.0,129,146,152,6,17
6685,sail,sailboat,13.0,4.31,2.21,6.7,129,147,150,3,18
6715,sail,sailboat,16.95,5.73,2.89,7.8,129,148,153,5,19
7194,sail,sailboat,11.55,3.62,2.1,4.0,129,156,157,1,27
7246,motor,motorboat,15.9,4.89,1.68,9.1,129,157,160,3,28
7326,small,motorboat,7.41,2.46,0.71,0.0,129,159,164,5,30
7369,sail,sailboat,9.5,3.19,1.66,3.4,129,160,171,11,31
7541,sail,sailboat,9.5,2.99,1.47,0.0,129,164,167,3,35
7908,sail,sailboat,12.79,4.31,2.1,4.9,129,173,175,2,44
8085,super,yacht,21.56,6.02,2.89,15.2,129,177,186,9,48
5511,small,motorboat,8.92,3.11,0.97,3.0,130,130,134,4,0
5514,super,yacht,22.41,6.16,2.63,35.4,130,130,140,10,0
5535,motor,motorboat,15.28,4.46,1.35,7.0,130,130,133,3,0
5549,small,motorboat,8.4,2.88,0.87,0.0,130,130,134,4,0
5550,motor,motorboat,14.68,4.14,1.32,0.0,130,130,136,6,0
5554,small,motorboat,8.35,2.93,0.84,0.0,130,130,137,7,0
5561,motor,motorboat,16.46,4.63,1.62,8.5,130,130,133,3,0
5562,motor,motorboat,11.76,3.55,1.07,0.0,130,130,133,3,0
5587,sail,sailboat,12.46,4.04,2.14,4.3,130,131,133,2,1
5591,sail,sailboat,12.91,3.89,2.13,0.0,130,131,134,3,1
5594,small,motorboat,6.75,2.23,0.73,0.0,130,131,133,2,1
5640,sail,sailboat,16.53,5.13,2.89,0.0,130,131,132,1,1
5641,sail,sailboat,12.32,3.84,1.89,0.0,130,131,134,3,1
5648,motor,motorboat,10.0,3.02,0.94,5.8,130,132,142,10,2
5652,motor,motorboat,14.84,4.53,1.39,6.1,130,132,134,2,2
5665,motor,motorboat,17.69,5.29,1.88,0.0,130,132,136,4,2
5667,sail,sailboat,13.44,4.4,2.4,6.8,130,132,135,3,2
5676,sail,sailboat,11.42,3.65,2.03,5.6,130,132,144,12,2
5687,motor,motorboat,16.21,4.85,1.59,13.6,130,132,133,1,2
5753,small,motorboat,9.02,3.22,1.0,0.0,130,134,136,2,4
5769,motor,motorboat,14.25,4.17,1.42,6.9,130,134,138,4,4
5783,sail,sailboat,11.61,3.65,1.96,0.0,130,134,135,1,4
5824,small,motorboat,6.05,2.13,0.62,0.0,130,135,145,10,5
5844,sail,sailboat,12.15,3.89,1.89,6.9,130,135,164,29,5
5862,motor,motorboat,13.37,4.06,1.32,5.1,130,135,137,2,5
5939,sail,sailboat,13.97,4.42,2.18,4.6,130,136,137,1,6
5948,sail,sailboat,13.34,4.06,2.34,0.0,130,136,146,10,6
5983,motor,motorboat,15.09,4.6,1.46,0.0,130,137,143,6,7
5986,small,motorboat,6.44,2.24,0.64,0.0,130,137,142,5,7
6057,small,motorboat,7.18,2.44,0.77,0.0,130,137,139,2,7
6123,sail,sailboat,10.04,3.14,1.57,5.2,130,138,142,4,8
6141,motor,motorboat,21.62,6.37,2.09,24.0,130,139,141,2,9
6146,sail,sailboat,12.67,3.93,2.24,3.5,130,139,144,5,9
6175,super,yacht,20.21,5.14,2.54,39.7,130,139,163,24,9
6244,motor,motorboat,20.09,6.16,1.92,27.5,130,141,152,11,11
6291,motor,motorboat,11.9,3.33,1.15,3.2,130,141,153,12,11
6297,motor,motorboat,10.83,3.27,1.01,3.4,130,141,150,9,11
6321,sail,sailboat,14.38,4.5,2.58,4.6,130,142,144,2,12
6325,sail,sailboat,15.04,4.99,2.3,9.3,130,142,145,3,12
6392,sail,sailboat,9.54,3.06,1.56,0.0,130,143,145,2,13
6410,small,motorboat,6.72,2.32,0.73,0.0,130,143,150,7,13
6436,sail,sailboat,9.5,3.21,1.57,0.0,130,144,149,5,14
6477,sail,sailboat,16.11,4.85,2.59,9.5,130,144,147,3,14
6491,small,motorboat,6.17,2.12,0.65,0.0,130,144,145,1,14
6526,sail,sailboat,15.54,5.15,2.35,0.0,130,144,146,2,14
6640,sail,sailboat,12.62,4.03,2.06,5.1,130,146,169,23,16
6926,small,motorboat,8.74,2.99,0.87,0.0,130,151,176,25,21
7006,sail,sailboat,9.5,3.1,1.69,3.4,130,151,165,14,21
7134,motor,motorboat,13.79,4.18,1.37,6.8,130,155,156,1,25
7159,motor,motorboat,20.6,6.19,2.17,27.9,130,155,165,10,25
7357,sail,sailboat,11.97,3.8,1.88,0.0,130,160,172,12,30
7362,small,motorboat,7.07,2.37,0.7,0.0,130,160,161,1,30
7454,motor,motorboat,19.08,5.58,1.7,10.2,130,162,165,3,32
7548,motor,motorboat,10.0,2.9,0.96,4.4,130,164,167,3,34
7735,motor,motorboat,12.48,3.69,1.16,5.8,130,169,176,7,39
7902,motor,motorboat,15.92,4.89,1.61,11.7,130,173,176,3,43
7927,small,motorboat,8.29,2.78,0.79,0.0,130,173,180,7,43
8065,small,motorboat,6.69,2.16,0.62,2.1,130,176,177,1,46
8283,super,yacht,22.02,6.11,2.87,24.4,130,181,187,6,51
8643,motor,motorboat,18.02,5.15,1.76,9.4,130,198,204,6,68
5607,motor,motorboat,15.49,4.46,1.59,8.8,131,131,134,3,0
5611,small,motorboat,8.97,3.1,0.81,0.0,131,131,135,4,0
5625,sail,sailboat,12.01,3.93,2.15,5.1,131,131,134,3,0
5628,motor,motorboat,14.05,4.02,1.27,3.8,131,131,134,3,0
5638,motor,motorboat,18.95,5.55,1.65,11.4,131,131,133,2,0
5645,small,motorboat,7.95,2.61,0.84,2.8,131,132,138,6,1
5659,super,yacht,27.58,7.8,2.99,16.4,131,132,133,1,1
5675,sail,sailboat,10.53,3.42,1.82,5.7,131,132,134,2,1
5686,motor,motorboat,14.23,4.11,1.25,3.2,131,132,133,1,1
5707,sail,sailboat,13.16,4.44,2.11,4.5,131,133,135,2,2
5730,sail,sailboat,9.95,3.13,1.64,2.7,131,133,136,3,2
5771,sail,sailboat,13.78,4.57,2.51,0.0,131,134,136,2,3
5779,motor,motorboat,10.0,3.06,0.89,6.7,131,134,136,2,3
5880,sail,sailboat,12.18,4.04,2.14,0.0,131,136,138,2,5
5883,super,yacht,28.68,7.95,3.72,33.5,131,136,143,7,5
5910,motor,motorboat,17.53,5.44,1.73,10.8,131,136,166,30,5
5985,small,motorboat,9.49,3.41,1.02,2.3,131,137,144,7,6
5988,sail,sailboat,15.08,5.1,2.57,8.2,131,137,140,3,6
6018,sail,sailboat,13.99,4.5,2.49,3.9,131,137,144,7,6
6040,sail,sailboat,15.38,4.89,2.76,11.7,131,137,144,7,6
6042,motor,motorboat,12.42,3.48,1.13,4.5,131,137,143,6,6
6048,motor,motorboat,15.64,4.37,1.39,8.0,131,137,142,5,6
6081,motor,motorboat,21.88,6.7,2.04,27.3,131,138,142,4,7
6117,motor,motorboat,15.52,4.47,1.63,8.0,131,138,140,2,7
6144,motor,motorboat,11.79,3.42,1.24,5.8,131,139,151,12,8
6193,sail,sailboat,10.41,3.18,1.57,0.0,131,140,143,3,9
6194,small,motorboat,7.34,2.43,0.8,0.0,131,140,148,8,9
6307,motor,motorboat,17.96,5.25,1.89,11.3,131,142,145,3,11
6337,sail,sailboat,13.92,4.63,2.43,4.3,131,142,145,3,11
6357,sail,sailboat,16.78,5.18,2.61,13.1,131,142,144,2,11
6370,sail,sailboat,13.31,4.02,2.21,0.0,131,143,152,9,12
6471,small,motorboat,6.19,2.11,0.59,2.5,131,144,146,2,13
6473,sail,sailboat,14.61,4.78,2.62,5.6,131,144,146,2,13
6553,super,yacht,20.42,5.45,2.29,30.9,131,145,148,3,14
7025,sail,sailboat,10.91,3.45,1.9,0.0,131,152,154,2,21
7605,sail,sailboat,14.35,4.7,2.39,4.4,131,165,171,6,34
7810,sail,sailboat,10.5,3.51,1.75,0.0,131,171,178,7,40
7870,motor,motorboat,10.65,3.23,1.08,4.8,131,172,173,1,41
7936,small,motorboat,6.43,2.31,0.69,0.0,131,174,179,5,43
8051,sail,sailboat,12.38,4.08,2.29,0.0,131,176,178,2,45
8067,sail,sailboat,12.14,4.1,2.07,5.4,131,176,178,2,45
8149,sail,sailboat,12.83,4.31,2.35,6.2,131,178,182,4,47
8269,sail,sailboat,12.06,3.87,1.88,5.1,131,181,183,2,50
8282,super,yacht,23.33,6.07,2.68,22.9,131,181,183,2,50
8432,motor,motorboat,16.53,4.88,1.45,0.0,131,188,191,3,57
5649,sail,sailboat,17.0,5.14,2.7,9.2,132,132,139,7,0
5650,motor,motorboat,13.91,4.2,1.47,4.6,132,132,145,13,0
5670,motor,motorboat,10.67,3.22,1.11,5.7,132,132,136,4,0
5689,motor,motorboat,11.88,3.46,1.05,3.7,132,132,137,5,0
5692,motor,motorboat,10.0,2.92,0.9,0.0,132,132,135,3,0
5694,motor,motorboat,18.73,5.59,1.62,0.0,132,132,136,4,0
5702,motor,motorboat,12.44,3.79,1.27,5.5,132,133,140,7,1
5715,motor,motorboat,16.62,4.72,1.69,8.8,132,133,145,12,1
5748,motor,motorboat,13.72,3.87,1.43,5.5,132,133,138,5,1
5755,sail,sailboat,11.86,3.75,1.84,6.0,132,134,144,10,2
5762,small,motorboat,6.99,2.31,0.72,0.0,132,134,140,6,2
5765,sail,sailboat,12.88,4.29,2.2,6.1,132,134,136,2,2
5772,small,motorboat,6.83,2.44,0.73,0.0,132,134,139,5,2
5773,motor,motorboat,19.16,5.85,1.83,11.5,132,134,136,2,2
5776,sail,sailboat,13.49,4.54,2.33,3.9,132,134,139,5,2
5801,small,motorboat,8.34,2.76,0.9,0.0,132,134,137,3,2
5811,small,motorboat,6.01,2.04,0.61,3.5,132,134,136,2,2
5932,sail,sailboat,13.54,4.13,2.31,6.3,132,136,146,10,4
5953,sail,sailboat,15.99,5.03,2.83,6.4,132,136,137,1,4
5955,sail,sailboat,17.0,5.35,2.65,0.0,132,136,139,3,4
5969,sail,sailboat,12.21,3.86,2.18,3.6,132,136,137,1,4
5998,sail,sailboat,14.54,4.64,2.25,3.9,132,137,143,6,5
6045,sail,sailboat,12.09,3.77,2.18,0.0,132,137,142,5,5
6074,sail,sailboat,14.52,4.78,2.41,4.8,132,138,140,2,6
6076,sail,sailboat,14.36,4.34,2.41,4.9,132,138,154,16,6
6111,sail,sailboat,12.98,4.19,2.2,6.0,132,138,141,3,6
6130,sail,sailboat,11.39,3.78,1.99,3.3,132,139,152,13,7
6145,sail,sailboat,14.51,4.41,2.49,3.1,132,139,145,6,7
6149,small,motorboat,6.09,2.08,0.63,0.0,132,139,142,3,7
6185,small,motorboat,8.87,3.14,0.81,2.4,132,139,143,4,7
6187,motor,motorboat,13.33,3.79,1.28,3.2,132,139,142,3,7
6253,sail,sailboat,10.81,3.3,1.68,6.8,132,141,144,3,9
6284,motor,motorboat,16.34,4.59,1.51,10.1,132,141,142,1,9
6323,motor,motorboat,12.58,3.72,1.26,4.0,132,142,143,1,10
6430,motor,motorboat,21.53,6.2,1.93,32.0,132,143,145,2,11
6435,sail,sailboat,9.5,2.96,1.7,2.7,132,143,149,6,11
6585,sail,sailboat,12.81,4.24,2.05,4.1,132,146,153,7,14
6762,sail,sailboat,16.83,5.58,3.02,10.4,132,148,156,8,16
6795,motor,motorboat,12.96,3.76,1.14,3.3,132,149,152,3,17
6970,super,yacht,21.24,5.85,2.54,17.8,132,151,154,3,19
7073,small,motorboat,9.1,2.96,0.88,0.0,132,153,154,1,21
7509,small,motorboat,8.83,3.1,0.92,0.0,132,164,166,2,32
7716,motor,motorboat,16.61,5.1,1.73,11.9,132,169,170,1,37
7995,small,motorboat,7.97,2.82,0.78,0.0,132,175,176,1,43
8347,sail,sailboat,10.12,3.32,1.64,6.1,132,184,187,3,52
8353,sail,sailboat,16.94,5.37,2.74,0.0,132,185,191,6,53
8416,small,motorboat,9.02,2.89,0.86,0.0,132,187,190,3,55
8419,motor,motorboat,10.0,3.05,0.93,6.9,132,187,192,5,55
5699,sail,sailboat,9.89,3.13,1.59,0.0,133,133,135,2,0
5703,motor,motorboat,17.73,5.4,1.68,12.5,133,133,134,1,0
5706,sail,sailboat,14.46,4.45,2.35,3.4,133,133,162,29,0
5712,motor,motorboat,16.07,4.64,1.4,6.8,133,133,135,2,0
5713,sail,sailboat,15.06,4.78,2.51,7.8,133,133,134,1,0
5728,sail,sailboat,11.88,3.85,1.92,4.1,133,133,136,3,0
5732,motor,motorboat,12.19,3.77,1.3,0.0,133,133,136,3,0
5743,sail,sailboat,12.89,3.89,2.35,6.5,133,133,138,5,0
5746,motor,motorboat,15.61,4.51,1.53,8.6,133,133,134,1,0
5758,sail,sailboat,13.39,4.5,2.29,0.0,133,134,135,1,1
5764,sail,sailboat,15.37,4.79,2.49,11.9,133,134,141,7,1
5780,sail,sailboat,10.12,3.41,1.82,0.0,133,134,135,1,1
5797,motor,motorboat,16.87,4.96,1.52,0.0,133,134,135,1,1
5820,sail,sailboat,11.35,3.54,1.92,0.0,133,135,138,3,2
5826,sail,sailboat,13.28,4.26,2.25,3.7,133,135,136,1,2
5828,sail,sailboat,10.7,3.62,1.82,4.3,133,135,138,3,2
5851,small,motorboat,7.02,2.26,0.66,0.0,133,135,137,2,2
5856,sail,sailboat,11.96,3.61,2.17,5.2,133,135,139,4,2
5980,sail,sailboat,9.5,3.2,1.67,0.0,133,137,138,1,4
5997,motor,motorboat,14.78,4.14,1.41,6.3,133,137,140,3,4
6039,motor,motorboat,20.05,5.72,1.86,28.5,133,137,143,6,4
6100,motor,motorboat,22.0,6.35,1.95,12.5,133,138,141,3,5
6160,motor,motorboat,16.31,5.05,1.46,10.9,133,139,140,1,6
6165,motor,motorboat,14.79,4.19,1.37,3.2,133,139,145,6,6
6211,small,motorboat,9.31,3.31,0.85,0.0,133,140,146,6,7
6226,sail,sailboat,15.43,4.86,2.39,7.2,133,140,142,2,7
6264,small,motorboat,7.24,2.52,0.68,2.8,133,141,143,2,8
6275,sail,sailboat,10.57,3.29,1.61,0.0,133,141,146,5,8
6422,small,motorboat,7.7,2.77,0.81,0.0,133,143,145,2,10
6428,motor,motorboat,16.34,4.78,1.53,7.6,133,143,147,4,10
6452,sail,sailboat,10.41,3.47,1.67,6.6,133,144,147,3,11
6455,sail,sailboat,11.61,3.88,1.83,5.2,133,144,147,3,11
6492,motor,motorboat,13.68,4.22,1.26,0.0,133,144,148,4,11
6531,motor,motorboat,13.3,4.09,1.38,0.0,133,145,146,1,12
6541,motor,motorboat,10.0,2.88,1.06,0.0,133,145,151,6,12
6545,small,motorboat,7.31,2.41,0.81,0.0,133,145,152,7,12
6570,motor,motorboat,18.47,5.38,1.83,11.0,133,145,148,3,12
6578,sail,sailboat,9.88,3.08,1.63,3.1,133,145,157,12,12
6666,motor,motorboat,10.0,2.86,0.98,4.1,133,147,148,1,14
6678,sail,sailboat,11.47,3.5,2.02,0.0,133,147,173,26,14
6979,sail,sailboat,9.59,3.03,1.69,2.9,133,151,152,1,18
7722,super,yacht,23.11,6.45,2.6,22.5,133,169,175,6,36
7744,motor,motorboat,10.0,2.98,0.87,6.6,133,170,172,2,37
7773,small,motorboat,7.88,2.79,0.77,2.2,133,170,171,1,37
7834,sail,sailboat,13.0,4.11,1.99,5.3,133,171,178,7,38
8277,small,motorboat,6.9,2.22,0.74,2.2,133,181,188,7,48
8477,super,yacht,28.03,7.47,3.32,28.2,133,191,192,1,58
8525,super,yacht,25.23,6.66,2.73,16.4,133,193,195,2,60
5770,motor,motorboat,12.87,4.01,1.13,7.0,134,134,138,4,0
5775,sail,sailboat,11.35,3.58,1.89,4.2,134,134,140,6,0
5777,motor,motorboat,18.8,5.77,1.91,10.9,134,134,137,3,0
5788,small,motorboat,8.55,2.82,0.96,2.4,134,134,135,1,0
5792,sail,sailboat,9.58,2.9,1.75,3.1,134,134,138,4,0
5794,sail,sailboat,11.58,3.49,1.95,4.0,134,134,139,5,0
5796,motor,motorboat,13.32,3.83,1.22,3.2,134,134,137,3,0
5799,sail,sailboat,15.0,4.9,2.31,11.3,134,134,136,2,0
5810,sail,sailboat,9.81,3.11,1.53,0.0,134,134,135,1,0
5815,sail,sailboat,15.2,4.81,2.63,8.6,134,134,140,6,0
5816,motor,motorboat,12.99,3.64,1.27,6.9,134,134,146,12,0
5833,motor,motorboat,12.74,3.72,1.21,6.8,134,135,137,2,1
5839,motor,motorboat,17.2,4.9,1.78,8.7,134,135,138,3,1
5857,sail,sailboat,16.3,5.11,2.74,0.0,134,135,136,1,1
5884,motor,motorboat,15.15,4.59,1.56,6.9,134,136,138,2,2
5888,small,motorboat,6.81,2.44,0.73,2.9,134,136,138,2,2
5903,motor,motorboat,11.6,3.44,1.05,6.1,134,136,139,3,2
5927,sail,sailboat,13.2,4.38,1.98,6.2,134,136,139,3,2
5928,motor,motorboat,17.11,5.24,1.49,10.3,134,136,137,1,2
5962,sail,sailboat,9.69,3.23,1.45,2.9,134,136,137,1,2
5968,sail,sailboat,12.52,4.18,2.18,0.0,134,136,139,3,2
5970,sail,sailboat,9.93,3.16,1.65,3.2,134,136,139,3,2
6011,motor,motorboat,13.41,3.92,1.22,7.0,134,137,140,3,3
6316,sail,sailboat,10.52,3.44,1.74,6.3,134,142,149,7,8
6342,motor,motorboat,13.27,4.13,1.4,7.0,134,142,145,3,8
6348,super,yacht,22.88,6.12,2.99,34.0,134,142,148,6,8
6374,small,motorboat,8.24,2.82,0.76,2.6,134,143,146,3,9
6414,motor,motorboat,16.27,5.0,1.56,9.7,134,143,146,3,9
6437,sail,sailboat,10.51,3.17,1.89,5.7,134,144,151,7,10
6464,small,motorboat,7.19,2.54,0.75,3.4,134,144,146,2,10
6481,motor,motorboat,13.85,4.12,1.38,6.9,134,144,145,1,10
6515,sail,sailboat,14.6,4.76,2.56,3.9,134,144,151,7,10
6516,sail,sailboat,12.18,3.75,2.23,3.2,134,144,152,8,10
6522,sail,sailboat,10.83,3.48,1.92,5.6,134,144,147,3,10
6532,sail,sailboat,11.98,3.68,1.92,3.1,134,145,147,2,11
6566,sail,sailboat,12.57,4.01,2.3,3.3,134,145,165,20,11
6576,motor,motorboat,10.15,2.86,0.98,4.7,134,145,148,3,11
6604,small,motorboat,6.53,2.28,0.6,2.1,134,146,147,1,12
6630,sail,sailboat,12.43,3.79,2.11,5.8,134,146,151,5,12
6631,motor,motorboat,10.4,3.05,1.02,6.7,134,146,148,2,12
6646,motor,motorboat,10.0,2.88,0.94,6.6,134,147,152,5,13
6661,sail,sailboat,11.62,3.61,1.8,4.1,134,147,150,3,13
6735,motor,motorboat,18.94,5.62,1.81,11.2,134,148,149,1,14
7024,motor,motorboat,11.46,3.33,1.13,5.3,134,152,155,3,18
7158,super,yacht,26.34,6.78,3.09,13.5,134,155,168,13,21
7242,small,motorboat,7.12,2.42,0.67,2.8,134,157,164,7,23
7606,sail,sailboat,13.44,4.34,2.48,4.2,134,165,170,5,31
7915,super,yacht,20.47,5.5,2.66,18.3,134,173,179,6,39
8002,small,motorboat,9.45,3.27,1.0,0.0,134,175,177,2,41
8126,super,yacht,20.08,5.72,2.21,37.4,134,178,181,3,44
8155,motor,motorboat,14.98,4.49,1.35,0.0,134,178,191,13,44
8566,sail,sailboat,17.0,5.17,2.56,7.5,134,194,209,15,60
5818,small,motorboat,7.45,2.51,0.81,2.9,135,135,155,20,0
5827,motor,motorboat,12.17,3.52,1.19,3.1,135,135,136,1,0
5845,motor,motorboat,12.29,3.43,1.13,6.8,135,135,139,4,0
5860,motor,motorboat,19.57,5.72,1.74,8.0,135,135,157,22,0
5866,sail,sailboat,14.16,4.59,2.39,0.0,135,135,143,8,0
5868,sail,sailboat,9.5,3.04,1.68,2.7,135,135,155,20,0
5871,sail,sailboat,10.72,3.46,1.88,5.4,135,135,143,8,0
5872,motor,motorboat,18.11,5.14,1.86,12.0,135,135,137,2,0
5885,motor,motorboat,13.95,3.87,1.48,3.6,135,136,138,2,1
5887,sail,sailboat,13.75,4.58,2.1,4.0,135,136,139,3,1
5890,sail,sailboat,12.4,3.82,2.03,5.4,135,136,139,3,1
5915,motor,motorboat,17.38,4.99,1.71,9.2,135,136,143,7,1
5917,sail,sailboat,14.08,4.3,2.09,0.0,135,136,145,9,1
5918,sail,sailboat,12.73,4.3,2.01,5.2,135,136,147,11,1
5923,motor,motorboat,12.53,3.88,1.14,3.2,135,136,141,5,1
5937,small,motorboat,8.77,2.81,0.82,2.9,135,136,142,6,1
5940,motor,motorboat,13.07,4.08,1.31,6.8,135,136,155,19,1
5958,sail,sailboat,15.32,5.11,2.59,10.4,135,136,138,2,1
5967,motor,motorboat,15.79,4.4,1.39,9.1,135,136,138,2,1
5972,sail,sailboat,12.27,4.14,2.07,3.8,135,137,139,2,2
5996,sail,sailboat,12.28,3.78,2.18,4.2,135,137,167,30,2
6001,motor,motorboat,14.22,4.37,1.27,5.0,135,137,148,11,2
6015,sail,sailboat,16.35,5.3,2.78,6.8,135,137,141,4,2
6017,sail,sailboat,11.8,3.99,2.09,6.3,135,137,139,2,2
6030,sail,sailboat,15.09,4.77,2.6,0.0,135,137,148,11,2
6032,sail,sailboat,13.14,4.39,2.33,4.5,135,137,139,2,2
6047,motor,motorboat,19.13,5.71,1.83,7.1,135,137,139,2,2
6049,small,motorboat,6.2,2.05,0.67,0.0,135,137,140,3,2
6055,sail,sailboat,9.5,3.04,1.57,2.8,135,137,138,1,2
6069,motor,motorboat,17.45,5.03,1.51,0.0,135,138,141,3,3
6071,super,yacht,23.42,6.34,2.81,30.9,135,138,139,1,3
6094,small,motorboat,8.03,2.63,0.77,3.5,135,138,141,3,3
6103,small,motorboat,6.22,2.16,0.68,2.3,135,138,140,2,3
6108,sail,sailboat,13.13,4.3,2.23,0.0,135,138,152,14,3
6166,motor,motorboat,14.55,4.15,1.27,0.0,135,139,141,2,4
6179,motor,motorboat,15.94,4.47,1.49,10.8,135,139,153,14,4
6191,motor,motorboat,14.22,4.39,1.42,4.8,135,140,147,7,5
6201,sail,sailboat,15.8,4.77,2.74,9.0,135,140,146,6,5
6236,motor,motorboat,16.27,5.04,1.5,0.0,135,140,141,1,5
6250,sail,sailboat,10.42,3.29,1.75,3.2,135,141,147,6,6
6277,small,motorboat,7.36,2.41,0.7,0.0,135,141,148,7,6
6294,sail,sailboat,13.26,4.46,2.41,0.0,135,141,143,2,6
6302,motor,motorboat,18.17,5.64,1.56,7.1,135,142,148,6,7
6363,sail,sailboat,14.04,4.26,2.32,6.1,135,143,148,5,8
6375,sail,sailboat,11.63,3.51,2.1,0.0,135,143,146,3,8
6458,small,motorboat,9.38,3.23,1.05,2.8,135,144,149,5,9
6461,sail,sailboat,9.5,2.87,1.67,3.2,135,144,156,12,9
6500,sail,sailboat,12.61,4.01,2.23,0.0,135,144,145,1,9
6508,small,motorboat,6.8,2.28,0.64,2.1,135,144,146,2,9
6530,small,motorboat,6.71,2.38,0.75,0.0,135,145,151,6,10
6637,sail,sailboat,14.43,4.74,2.6,5.8,135,146,150,4,11
6645,small,motorboat,6.78,2.2,0.65,0.0,135,147,148,1,12
6665,sail,sailboat,11.04,3.45,2.02,5.6,135,147,149,2,12
6675,sail,sailboat,10.38,3.23,1.7,4.9,135,147,150,3,12
6698,motor,motorboat,16.86,5.2,1.76,9.3,135,147,152,5,12
6740,small,motorboat,6.58,2.24,0.65,3.4,135,148,151,3,13
6798,motor,motorboat,14.68,4.36,1.37,5.5,135,149,155,6,14
6800,sail,sailboat,11.62,3.72,1.75,4.1,135,149,158,9,14
6814,motor,motorboat,10.0,2.82,0.9,4.1,135,149,154,5,14
6821,super,yacht,25.5,7.15,3.08,19.6,135,149,151,2,14
7101,motor,motorboat,13.01,3.68,1.34,4.4,135,154,164,10,19
7105,super,yacht,24.39,6.79,2.93,20.2,135,154,157,3,19
7176,sail,sailboat,11.22,3.69,1.89,4.4,135,156,163,7,21
7540,super,yacht,23.95,6.21,3.03,19.2,135,164,166,2,29
7594,motor,motorboat,19.97,5.97,1.94,6.6,135,165,167,2,30
7977,small,motorboat,7.55,2.71,0.84,0.0,135,175,177,2,40
8182,sail,sailboat,9.5,3.02,1.71,2.4,135,179,198,19,44
5882,sail,sailboat,14.62,4.72,2.63,4.0,136,136,137,1,0
5886,sail,sailboat,15.95,5.0,2.8,6.4,136,136,142,6,0
5904,sail,sailboat,15.89,4.98,2.62,13.0,136,136,163,27,0
5909,small,motorboat,7.3,2.57,0.75,0.0,136,136,138,2,0
5916,sail,sailboat,13.66,4.51,2.25,4.2,136,136,137,1,0
5935,small,motorboat,8.04,2.87,0.79,3.3,136,136,137,1,0
5942,small,motorboat,6.67,2.26,0.74,2.4,136,136,140,4,0
5959,super,yacht,23.62,6.35,2.99,21.9,136,136,143,7,0
5961,super,yacht,22.52,5.86,2.84,15.0,136,136,139,3,0
5984,sail,sailboat,14.28,4.47,2.55,3.0,136,137,138,1,1
6002,motor,motorboat,11.74,3.32,1.06,5.3,136,137,141,4,1
6016,motor,motorboat,16.71,4.8,1.5,12.2,136,137,151,14,1
6019,small,motorboat,8.44,2.93,0.94,0.0,136,137,158,21,1
6021,sail,sailboat,15.3,4.69,2.66,8.5,136,137,144,7,1
6050,sail,sailboat,9.78,3.28,1.76,2.1,136,137,140,3,1
6053,sail,sailboat,13.64,4.24,2.52,0.0,136,137,140,3,1
6065,small,motorboat,8.29,2.84,0.85,0.0,136,138,148,10,2
6072,motor,motorboat,17.92,5.23,1.6,11.4,136,138,149,11,2
6080,super,yacht,25.76,6.81,3.1,15.5,136,138,139,1,2
6083,sail,sailboat,12.63,4.21,2.01,0.0,136,138,141,3,2
6084,sail,sailboat,13.13,4.16,2.17,5.6,136,138,142,4,2
6153,motor,motorboat,18.32,5.38,1.94,10.5,136,139,166,27,3
6171,sail,sailboat,12.27,4.03,1.89,0.0,136,139,146,7,3
6242,motor,motorboat,14.15,4.14,1.46,6.1,136,141,166,25,5
6274,small,motorboat,9.02,3.1,0.84,0.0,136,141,144,3,5
6304,sail,sailboat,13.44,4.31,2.35,3.5,136,142,151,9,6
6306,motor,motorboat,11.57,3.31,1.14,5.0,136,142,143,1,6
6313,motor,motorboat,17.93,5.17,1.78,8.1,136,142,145,3,6
6376,motor,motorboat,16.78,4.72,1.59,9.8,136,143,144,1,7
6389,sail,sailboat,9.5,3.05,1.64,2.6,136,143,146,3,7
6427,sail,sailboat,15.34,5.17,2.63,0.0,136,143,146,3,7
6447,sail,sailboat,14.68,4.76,2.44,6.4,136,144,149,5,8
6499,small,motorboat,8.86,2.98,0.95,2.4,136,144,149,5,8
6613,super,yacht,27.32,7.18,3.14,36.1,136,146,150,4,10
6626,motor,motorboat,11.11,3.12,1.1,7.0,136,146,148,2,10
6689,sail,sailboat,13.34,4.02,2.2,4.4,136,147,150,3,11
6708,sail,sailboat,14.42,4.87,2.64,4.1,136,148,161,13,12
6733,motor,motorboat,19.4,5.61,1.81,0.0,136,148,168,20,12
6739,sail,sailboat,12.7,3.98,2.23,6.1,136,148,152,4,12
6749,sail,sailboat,9.5,3.16,1.59,2.5,136,148,150,2,12
6760,sail,sailboat,15.02,4.91,2.73,13.4,136,148,149,1,12
6907,motor,motorboat,13.66,4.07,1.41,5.3,136,150,153,3,14
7022,motor,motorboat,14.53,4.06,1.25,4.4,136,152,154,2,16
7144,super,yacht,20.94,5.49,2.34,0.0,136,155,162,7,19
7446,motor,motorboat,16.17,4.68,1.64,8.5,136,162,163,1,26
7737,motor,motorboat,16.34,4.94,1.71,13.0,136,169,171,2,33
8033,sail,sailboat,13.7,4.42,2.22,0.0,136,176,190,14,40
8393,motor,motorboat,15.42,4.69,1.38,7.8,136,186,189,3,50
8667,sail,sailboat,13.1,4.35,2.24,0.0,136,199,205,6,63
5976,small,motorboat,9.17,2.94,0.93,3.3,137,137,144,7,0
5987,motor,motorboat,13.24,3.72,1.27,4.9,137,137,140,3,0
5991,sail,sailboat,10.58,3.43,1.77,4.2,137,137,138,1,0
5994,sail,sailboat,12.9,4.13,2.17,0.0,137,137,157,20,0
6007,motor,motorboat,16.59,4.91,1.76,7.7,137,137,139,2,0
6012,motor,motorboat,10.0,2.79,1.03,6.5,137,137,138,1,0
6029,motor,motorboat,15.12,4.37,1.31,10.3,137,137,140,3,0
6056,motor,motorboat,12.29,3.57,1.05,0.0,137,137,140,3,0
6058,motor,motorboat,16.31,5.02,1.66,11.1,137,137,140,3,0
6061,small,motorboat,7.26,2.57,0.72,0.0,137,138,139,1,1
6062,sail,sailboat,15.3,4.82,2.69,11.9,137,138,143,5,1
6063,sail,sailboat,17.0,5.64,2.83,0.0,137,138,139,1,1
6068,motor,motorboat,10.0,2.8,1.04,6.7,137,138,140,2,1
6073,motor,motorboat,14.88,4.49,1.4,4.5,137,138,144,6,1
6075,motor,motorboat,18.54,5.71,1.66,12.5,137,138,139,1,1
6086,sail,sailboat,13.89,4.4,2.19,0.0,137,138,160,22,1
6091,sail,sailboat,13.63,4.21,2.43,6.9,137,138,139,1,1
6097,small,motorboat,7.16,2.34,0.76,0.0,137,138,139,1,1
6112,motor,motorboat,13.19,3.84,1.2,5.0,137,138,148,10,1
6122,small,motorboat,6.18,2.2,0.64,3.3,137,138,139,1,1
6127,sail,sailboat,10.52,3.55,1.94,4.1,137,139,148,9,2
6128,sail,sailboat,12.52,3.94,1.87,7.0,137,139,141,2,2
6133,small,motorboat,7.43,2.61,0.74,3.4,137,139,148,9,2
6143,sail,sailboat,15.34,5.06,2.65,0.0,137,139,145,6,2
6147,sail,sailboat,10.92,3.49,1.7,6.9,137,139,141,2,2
6162,small,motorboat,9.29,3.34,1.01,0.0,137,139,144,5,2
6174,sail,sailboat,12.56,4.13,2.08,0.0,137,139,151,12,2
6178,sail,sailboat,15.54,4.78,2.64,9.8,137,139,142,3,2
6311,small,motorboat,6.22,2.18,0.58,3.0,137,142,167,25,5
6314,sail,sailboat,13.74,4.2,2.18,0.0,137,142,143,1,5
6378,motor,motorboat,12.67,3.62,1.23,0.0,137,143,145,2,6
6399,sail,sailboat,14.53,4.6,2.36,3.4,137,143,146,3,6
6489,sail,sailboat,9.99,3.19,1.83,2.6,137,144,145,1,7
6563,sail,sailboat,10.98,3.69,1.68,6.9,137,145,173,28,8
6603,motor,motorboat,15.35,4.31,1.36,11.3,137,146,149,3,9
6619,motor,motorboat,12.27,3.79,1.1,3.4,137,146,147,1,9
6638,sail,sailboat,13.32,4.06,2.21,5.6,137,146,154,8,9
6647,super,yacht,28.7,7.65,3.18,34.7,137,147,152,5,10
6668,motor,motorboat,19.82,6.19,1.98,0.0,137,147,160,13,10
6702,sail,sailboat,12.84,3.89,2.05,0.0,137,147,150,3,10
6709,sail,sailboat,10.91,3.67,1.73,3.1,137,148,155,7,11
6713,small,motorboat,7.97,2.72,0.89,0.0,137,148,155,7,11
6717,super,yacht,25.02,6.63,3.3,21.7,137,148,150,2,11
6719,sail,sailboat,13.49,4.24,2.02,4.3,137,148,151,3,11
6731,sail,sailboat,11.92,4.02,2.05,6.2,137,148,151,3,11
6755,sail,sailboat,16.57,5.05,2.84,7.2,137,148,151,3,11
6772,motor,motorboat,14.6,4.43,1.36,4.4,137,149,157,8,12
6784,motor,motorboat,15.86,4.58,1.39,12.5,137,149,153,4,12
6785,sail,sailboat,14.98,5.03,2.62,5.3,137,149,156,7,12
6824,sail,sailboat,12.56,3.86,2.2,0.0,137,149,152,3,12
6852,sail,sailboat,13.14,4.24,2.13,0.0,137,150,151,1,13
6870,super,yacht,23.47,6.02,3.06,30.1,137,150,151,1,13
6876,motor,motorboat,14.35,4.06,1.48,5.9,137,150,154,4,13
6897,small,motorboat,6.94,2.23,0.71,0.0,137,150,163,13,13
6920,sail,sailboat,16.28,5.02,2.89,8.2,137,151,157,6,14
7283,small,motorboat,7.11,2.32,0.74,0.0,137,158,169,11,21
7327,sail,sailboat,14.05,4.58,2.09,5.4,137,159,160,1,22
7677,sail,sailboat,10.88,3.43,1.9,6.7,137,168,170,2,31
7678,motor,motorboat,17.45,5.32,1.61,11.6,137,168,173,5,31
8156,sail,sailboat,10.45,3.26,1.8,4.4,137,178,185,7,41
8162,super,yacht,21.89,5.65,2.4,18.6,137,178,181,3,41
8196,sail,sailboat,12.46,3.98,2.19,3.2,137,179,183,4,42
8336,small,motorboat,8.08,2.91,0.8,3.4,137,184,188,4,47
8354,sail,sailboat,14.47,4.57,2.59,5.9,137,185,192,7,48
8647,motor,motorboat,17.22,4.95,1.61,11.9,137,198,199,1,61
6066,small,motorboat,8.07,2.9,0.83,0.0,138,138,140,2,0
6067,motor,motorboat,10.0,2.81,0.98,6.3,138,138,145,7,0
6070,motor,motorboat,10.03,3.03,0.89,0.0,138,138,140,2,0
6079,small,motorboat,8.44,2.72,0.94,0.0,138,138,141,3,0
6101,small,motorboat,7.34,2.37,0.74,0.0,138,138,140,2,0
6104,sail,sailboat,16.16,4.97,2.83,12.2,138,138,139,1,0
6110,sail,sailboat,14.65,4.55,2.56,6.4,138,138,144,6,0
6116,small,motorboat,8.79,2.86,0.94,0.0,138,138,144,6,0
6118,sail,sailboat,10.32,3.14,1.9,0.0,138,138,144,6,0
6119,sail,sailboat,15.14,4.86,2.61,12.6,138,138,140,2,0
6121,small,motorboat,8.74,3.05,0.95,0.0,138,138,139,1,0
6134,sail,sailboat,13.91,4.37,2.5,0.0,138,139,142,3,1
6155,motor,motorboat,17.61,5.28,1.6,6.1,138,139,143,4,1
6170,sail,sailboat,11.06,3.69,1.75,3.8,138,139,140,1,1
6189,sail,sailboat,15.17,4.94,2.73,0.0,138,139,150,11,1
6214,sail,sailboat,14.46,4.68,2.46,6.7,138,140,143,3,2
6223,super,yacht,25.3,6.57,3.37,33.8,138,140,146,6,2
6227,motor,motorboat,15.79,4.49,1.43,9.8,138,140,152,12,2
6233,sail,sailboat,12.03,3.93,2.07,3.5,138,140,141,1,2
6237,small,motorboat,6.2,2.12,0.66,0.0,138,140,141,1,2
6249,sail,sailboat,15.53,4.93,2.6,0.0,138,141,143,2,3
6258,motor,motorboat,13.66,3.84,1.23,0.0,138,141,142,1,3
6262,sail,sailboat,10.15,3.09,1.72,4.2,138,141,144,3,3
6362,sail,sailboat,13.91,4.6,2.31,5.1,138,143,144,1,5
6394,motor,motorboat,10.0,2.84,0.92,3.1,138,143,146,3,5
6398,sail,sailboat,13.19,4.19,2.04,5.5,138,143,149,6,5
6420,sail,sailboat,12.11,3.83,2.08,0.0,138,143,144,1,5
6423,motor,motorboat,17.87,5.59,1.64,12.6,138,143,145,2,5
6425,motor,motorboat,16.7,5.12,1.66,0.0,138,143,145,2,5
6431,motor,motorboat,16.83,4.91,1.52,9.5,138,143,148,5,5
6488,small,motorboat,8.34,3.0,0.85,2.0,138,144,151,7,6
6551,sail,sailboat,15.7,5.11,2.46,8.5,138,145,163,18,7
6581,motor,motorboat,14.67,4.07,1.32,5.8,138,145,146,1,7
6616,sail,sailboat,12.67,4.09,2.19,0.0,138,146,147,1,8
6811,small,motorboat,9.36,3.29,0.9,0.0,138,149,151,2,11
6817,motor,motorboat,15.15,4.57,1.53,0.0,138,149,156,7,11
6860,sail,sailboat,12.35,3.9,2.18,5.6,138,150,153,3,12
6886,sail,sailboat,14.39,4.69,2.19,3.9,138,150,153,3,12
6933,sail,sailboat,12.88,3.96,2.04,6.4,138,151,160,9,13
6939,sail,sailboat,14.46,4.61,2.17,6.8,138,151,157,6,13
6959,sail,sailboat,13.76,4.54,2.05,0.0,138,151,161,10,13
6961,super,yacht,26.42,7.28,2.97,14.3,138,151,152,1,13
6966,sail,sailboat,11.0,3.61,1.86,4.8,138,151,157,6,13
7021,small,motorboat,6.94,2.43,0.75,0.0,138,152,158,6,14
7046,motor,motorboat,14.56,4.51,1.53,3.6,138,152,159,7,14
7058,motor,motorboat,12.06,3.56,1.21,4.4,138,152,155,3,14
7228,motor,motorboat,19.28,5.73,1.73,7.5,138,157,160,3,19
7472,sail,sailboat,10.53,3.41,1.73,0.0,138,163,169,6,25
7533,sail,sailboat,12.5,4.05,2.2,5.2,138,164,169,5,26
7549,sail,sailboat,10.88,3.49,1.84,4.5,138,164,167,3,26
7729,super,yacht,26.37,7.12,3.05,14.3,138,169,172,3,31
7893,sail,sailboat,16.86,5.17,2.79,7.8,138,173,175,2,35
8116,motor,motorboat,20.21,6.01,1.88,27.8,138,178,182,4,40
8262,super,yacht,28.4,7.37,3.39,13.6,138,181,183,2,43
8288,super,yacht,27.85,7.9,3.59,13.6,138,181,182,1,43
8312,motor,motorboat,10.98,3.19,1.12,4.4,138,182,183,1,44
6129,sail,sailboat,13.0,4.4,2.09,6.2,139,139,148,9,0
6136,sail,sailboat,12.13,3.81,2.0,5.3,139,139,148,9,0
6137,sail,sailboat,11.28,3.57,1.91,3.1,139,139,140,1,0
6138,motor,motorboat,20.58,6.17,2.04,0.0,139,139,140,1,0
6140,motor,motorboat,17.36,5.22,1.59,8.4,139,139,144,5,0
6154,sail,sailboat,12.34,4.14,2.0,4.4,139,139,148,9,0
6159,small,motorboat,7.8,2.61,0.77,3.3,139,139,146,7,0
6161,motor,motorboat,17.4,5.08,1.51,13.8,139,139,151,12,0
6169,sail,sailboat,11.06,3.48,1.78,5.6,139,139,141,2,0
6181,sail,sailboat,13.51,4.11,2.31,5.7,139,139,144,5,0
6188,motor,motorboat,17.67,5.17,1.67,8.1,139,139,145,6,0
6207,sail,sailboat,17.0,5.62,2.95,9.7,139,140,141,1,1
6218,sail,sailboat,14.92,4.49,2.48,5.9,139,140,141,1,1
6224,super,yacht,28.35,7.43,3.51,38.7,139,140,144,4,1
6231,sail,sailboat,15.87,4.82,2.41,7.7,139,140,152,12,1
6235,motor,motorboat,10.0,2.77,1.06,4.3,139,140,142,2,1
6248,sail,sailboat,12.84,4.1,2.04,0.0,139,141,142,1,2
6256,sail,sailboat,13.29,4.46,2.36,4.6,139,141,144,3,2
6263,motor,motorboat,18.98,5.51,1.94,0.0,139,141,144,3,2
6267,motor,motorboat,13.29,3.94,1.16,3.5,139,141,142,1,2
6268,sail,sailboat,11.65,3.77,1.92,0.0,139,141,147,6,2
6283,small,motorboat,8.82,2.87,0.91,2.1,139,141,144,3,2
6324,sail,sailboat,13.69,4.63,2.12,3.9,139,142,145,3,3
6396,sail,sailboat,10.3,3.4,1.81,6.9,139,143,144,1,4
6426,sail,sailboat,12.23,3.77,2.13,3.0,139,143,149,6,4
6443,motor,motorboat,11.58,3.36,1.0,5.4,139,144,151,7,5
6470,sail,sailboat,13.75,4.43,2.47,6.0,139,144,151,7,5
6475,sail,sailboat,9.5,2.92,1.66,2.6,139,144,145,1,5
6483,sail,sailboat,13.77,4.25,2.07,3.7,139,144,145,1,5
6510,sail,sailboat,14.65,4.52,2.56,4.4,139,144,155,11,5
6537,sail,sailboat,13.22,4.14,2.3,3.4,139,145,146,1,6
6592,super,yacht,23.24,6.46,2.87,25.1,139,146,148,2,7
6635,motor,motorboat,17.33,5.36,1.6,6.9,139,146,147,1,7
6639,small,motorboat,9.12,3.14,0.92,0.0,139,146,148,2,7
6680,small,motorboat,7.3,2.58,0.79,2.1,139,147,149,2,8
6751,sail,sailboat,13.37,4.25,2.44,0.0,139,148,164,16,9
6764,sail,sailboat,13.27,4.35,2.43,5.0,139,148,159,11,9
6768,small,motorboat,7.96,2.73,0.79,2.2,139,148,149,1,9
6827,motor,motorboat,14.52,4.42,1.51,4.1,139,149,153,4,10
6859,sail,sailboat,14.76,4.6,2.32,4.2,139,150,154,4,11
6877,small,motorboat,7.44,2.55,0.72,0.0,139,150,151,1,11
6911,super,yacht,21.51,5.75,2.63,14.6,139,150,152,2,11
6917,small,motorboat,9.16,3.13,0.93,2.1,139,150,151,1,11
6990,small,motorboat,9.35,3.0,1.0,0.0,139,151,157,6,12
7010,small,motorboat,7.45,2.51,0.83,3.3,139,152,153,1,13
7020,sail,sailboat,9.74,3.27,1.78,3.4,139,152,153,1,13
7023,super,yacht,27.44,7.78,3.31,28.4,139,152,155,3,13
7033,small,motorboat,7.25,2.52,0.73,2.3,139,152,153,1,13
7040,small,motorboat,6.47,2.18,0.7,0.0,139,152,155,3,13
7064,motor,motorboat,14.06,4.2,1.3,5.3,139,153,156,3,14
7067,sail,sailboat,11.02,3.64,1.7,4.0,139,153,155,2,14
7072,sail,sailboat,13.51,4.39,2.45,0.0,139,153,158,5,14
7467,motor,motorboat,17.92,5.04,1.88,12.9,139,163,176,13,24
7602,motor,motorboat,15.8,4.55,1.41,0.0,139,165,166,1,26
7689,motor,motorboat,19.11,5.47,1.71,8.6,139,168,171,3,29
7748,sail,sailboat,13.08,4.29,1.96,5.5,139,170,172,2,31
7851,motor,motorboat,15.27,4.35,1.52,0.0,139,172,174,2,33
8024,motor,motorboat,16.27,4.94,1.44,6.8,139,176,183,7,37
8380,super,yacht,28.01,7.79,3.05,30.7,139,186,188,2,47
6205,sail,sailboat,10.96,3.47,1.71,0.0,140,140,143,3,0
6216,sail,sailboat,12.83,3.86,2.27,6.2,140,140,142,2,0
6246,sail,sailboat,10.67,3.23,1.89,4.2,140,141,148,7,1
6260,sail,sailboat,10.64,3.38,1.92,4.0,140,141,144,3,1
6265,motor,motorboat,14.95,4.67,1.57,4.6,140,141,142,1,1
6270,sail,sailboat,13.48,4.57,2.26,4.1,140,141,152,11,1
6272,motor,motorboat,10.0,2.85,1.04,0.0,140,141,144,3,1
6279,sail,sailboat,14.67,4.79,2.68,0.0,140,141,144,3,1
6287,motor,motorboat,17.2,4.88,1.75,8.0,140,141,148,7,1
6303,sail,sailboat,12.81,3.88,2.34,0.0,140,142,148,6,2
6308,small,motorboat,8.92,2.88,0.82,2.1,140,142,143,1,2
6309,sail,sailboat,15.3,5.08,2.47,0.0,140,142,143,1,2
6312,small,motorboat,6.62,2.33,0.7,0.0,140,142,146,4,2
6336,motor,motorboat,12.72,3.7,1.17,4.2,140,142,168,26,2
6343,motor,motorboat,14.96,4.31,1.3,6.1,140,142,150,8,2
6356,motor,motorboat,17.1,4.78,1.62,0.0,140,142,144,2,2
6365,motor,motorboat,18.92,5.5,1.7,9.1,140,143,157,14,3
6387,small,motorboat,7.6,2.56,0.78,0.0,140,143,146,3,3
6402,motor,motorboat,20.25,6.08,1.92,34.2,140,143,145,2,3
6439,sail,sailboat,15.87,4.97,2.76,13.1,140,144,150,6,4
6449,sail,sailboat,11.46,3.87,1.7,6.0,140,144,146,2,4
6463,sail,sailboat,12.76,4.1,2.03,5.6,140,144,158,14,4
6485,motor,motorboat,16.83,4.84,1.56,11.5,140,144,145,1,4
6519,sail,sailboat,15.72,4.87,2.67,6.9,140,144,145,1,4
6583,sail,sailboat,13.5,4.17,2.33,3.4,140,145,156,11,5
6607,small,motorboat,8.53,3.04,0.81,0.0,140,146,150,4,6
6609,sail,sailboat,11.71,3.53,2.1,6.6,140,146,150,4,6
6622,sail,sailboat,9.5,3.08,1.7,2.2,140,146,153,7,6
6669,super,yacht,25.08,6.37,2.89,33.1,140,147,163,16,7
6672,sail,sailboat,15.99,5.07,2.5,6.4,140,147,152,5,7
6676,motor,motorboat,15.76,4.51,1.65,7.1,140,147,150,3,7
6677,small,motorboat,9.42,3.18,0.98,2.8,140,147,150,3,7
6681,motor,motorboat,16.6,4.64,1.52,8.7,140,147,149,2,7
6696,motor,motorboat,12.79,3.87,1.34,6.4,140,147,148,1,7
6697,super,yacht,21.67,6.07,2.68,27.2,140,147,152,5,7
6723,sail,sailboat,13.84,4.27,2.1,4.2,140,148,153,5,8
6781,sail,sailboat,14.53,4.82,2.43,0.0,140,149,150,1,9
6815,sail,sailboat,12.56,3.93,2.3,3.8,140,149,154,5,9
6826,sail,sailboat,11.09,3.52,1.94,5.9,140,149,152,3,9
6856,sail,sailboat,12.77,4.26,2.3,5.5,140,150,154,4,10
6857,sail,sailboat,16.24,5.2,2.51,0.0,140,150,160,10,10
6889,sail,sailboat,10.8,3.31,1.61,0.0,140,150,153,3,10
6901,motor,motorboat,17.87,5.17,1.69,7.1,140,150,157,7,10
6923,motor,motorboat,13.49,4.1,1.31,4.6,140,151,159,8,11
6929,motor,motorboat,18.21,5.21,1.78,0.0,140,151,158,7,11
6930,super,yacht,20.04,5.21,2.26,36.9,140,151,152,1,11
6942,motor,motorboat,14.86,4.38,1.5,4.1,140,151,152,1,11
7027,motor,motorboat,15.57,4.63,1.41,12.0,140,152,156,4,12
7100,motor,motorboat,17.57,4.92,1.55,9.3,140,154,160,6,14
7575,super,yacht,26.99,7.39,3.29,29.7,140,165,168,3,25
7715,sail,sailboat,13.86,4.69,2.09,6.5,140,169,170,1,29
8229,sail,sailboat,12.31,3.7,2.07,5.9,140,180,186,6,40
8310,sail,sailboat,12.49,4.09,2.11,0.0,140,182,186,4,42
8334,motor,motorboat,14.48,4.33,1.28,0.0,140,183,186,3,43
6247,sail,sailboat,13.0,4.02,1.98,0.0,141,141,143,2,0
6269,motor,motorboat,16.57,4.7,1.42,7.7,141,141,142,1,0
6273,motor,motorboat,14.73,4.29,1.47,6.9,141,141,142,1,0
6282,sail,sailboat,15.15,4.71,2.68,6.2,141,141,147,6,0
6288,motor,motorboat,16.55,5.0,1.65,11.8,141,141,147,6,0
6289,sail,sailboat,14.75,4.93,2.22,3.3,141,141,144,3,0
6292,sail,sailboat,11.75,3.54,1.97,5.6,141,141,145,4,0
6295,motor,motorboat,14.6,4.44,1.39,6.2,141,141,153,12,0
6305,motor,motorboat,15.01,4.66,1.52,8.2,141,142,145,3,1
6310,small,motorboat,6.49,2.23,0.67,0.0,141,142,143,1,1
6317,sail,sailboat,11.54,3.86,1.73,6.7,141,142,149,7,1
6319,sail,sailboat,10.7,3.42,1.76,5.4,141,142,145,3,1
6320,motor,motorboat,11.34,3.22,0.99,6.6,141,142,145,3,1
6327,sail,sailboat,12.15,4.06,2.1,4.9,141,142,144,2,1
6341,motor,motorboat,16.17,4.94,1.62,13.9,141,142,149,7,1
6346,sail,sailboat,15.52,4.93,2.34,12.2,141,142,146,4,1
6354,super,yacht,21.6,6.13,2.38,27.1,141,142,145,3,1
6360,sail,sailboat,15.08,4.95,2.43,6.5,141,143,145,2,2
6383,sail,sailboat,11.24,3.75,1.73,5.9,141,143,144,1,2
6405,small,motorboat,8.63,3.0,0.85,3.2,141,143,156,13,2
6408,sail,sailboat,13.66,4.17,2.38,3.7,141,143,146,3,2
6421,motor,motorboat,10.35,3.2,0.9,5.8,141,143,144,1,2
6434,sail,sailboat,15.81,4.88,2.71,10.0,141,143,145,2,2
6451,motor,motorboat,13.12,3.78,1.19,5.6,141,144,147,3,3
6457,sail,sailboat,9.5,3.22,1.59,0.0,141,144,152,8,3
6496,sail,sailboat,14.69,4.65,2.51,5.6,141,144,150,6,3
6509,small,motorboat,7.86,2.53,0.87,0.0,141,144,146,2,3
6560,small,motorboat,7.5,2.56,0.78,0.0,141,145,151,6,4
6612,small,motorboat,6.75,2.28,0.62,2.2,141,146,156,10,5
6629,motor,motorboat,12.87,3.85,1.34,3.8,141,146,150,4,5
6654,small,motorboat,6.41,2.2,0.66,3.2,141,147,149,2,6
6682,small,motorboat,6.32,2.24,0.61,0.0,141,147,149,2,6
6687,sail,sailboat,11.29,3.82,2.01,0.0,141,147,154,7,6
6704,small,motorboat,8.13,2.72,0.76,0.0,141,147,154,7,6
6732,motor,motorboat,12.87,3.91,1.2,3.4,141,148,158,10,7
6734,small,motorboat,8.5,2.93,0.79,2.9,141,148,150,2,7
6742,sail,sailboat,13.3,4.31,2.45,0.0,141,148,151,3,7
6791,small,motorboat,6.2,2.13,0.66,2.4,141,149,151,2,8
6803,sail,sailboat,13.9,4.46,2.09,6.2,141,149,150,1,8
6808,motor,motorboat,13.88,4.22,1.42,3.4,141,149,157,8,8
6909,motor,motorboat,16.43,4.92,1.52,7.4,141,150,161,11,9
6964,super,yacht,21.06,5.58,2.39,26.1,141,151,153,2,10
6975,motor,motorboat,18.42,5.64,1.79,0.0,141,151,153,2,10
7001,motor,motorboat,15.64,4.88,1.37,6.0,141,151,154,3,10
7009,motor,motorboat,16.17,4.66,1.45,9.0,141,152,159,7,11
7165,super,yacht,20.29,5.17,2.51,23.2,141,155,158,3,14
7211,sail,sailboat,14.03,4.42,2.59,0.0,141,157,159,2,16
7261,motor,motorboat,14.79,4.44,1.28,3.1,141,157,163,6,16
7411,super,yacht,24.76,6.89,2.91,18.5,141,161,162,1,20
8463,sail,sailboat,15.04,4.8,2.69,6.4,141,190,193,3,49
8719,super,yacht,25.01,6.87,2.77,31.4,141,201,204,3,60
6326,sail,sailboat,13.4,4.34,2.16,5.9,142,142,144,2,0
6334,motor,motorboat,12.1,3.7,1.04,7.0,142,142,144,2,0
6338,small,motorboat,8.15,2.85,0.84,2.3,142,142,144,2,0
6339,sail,sailboat,14.38,4.5,2.35,5.5,142,142,143,1,0
6345,sail,sailboat,12.01,3.68,2.19,5.5,142,142,145,3,0
6353,sail,sailboat,13.94,4.61,2.13,0.0,142,142,145,3,0
6355,motor,motorboat,16.13,4.7,1.56,12.4,142,142,146,4,0
6358,motor,motorboat,10.6,3.0,1.03,4.2,142,142,148,6,0
6359,sail,sailboat,14.05,4.71,2.49,5.8,142,143,150,7,1
6364,motor,motorboat,14.66,4.27,1.38,4.9,142,143,146,3,1
6373,motor,motorboat,14.56,4.52,1.49,5.5,142,143,148,5,1
6379,motor,motorboat,18.67,5.43,1.69,10.5,142,143,144,1,1
6381,sail,sailboat,15.44,4.75,2.77,13.6,142,143,145,2,1
6400,small,motorboat,8.45,2.9,0.92,0.0,142,143,150,7,1
6404,small,motorboat,7.53,2.55,0.69,3.3,142,143,149,6,1
6406,motor,motorboat,14.16,4.0,1.44,5.3,142,143,144,1,1
6432,small,motorboat,6.99,2.46,0.78,2.9,142,143,156,13,1
6433,small,motorboat,8.76,3.0,0.81,0.0,142,143,148,5,1
6441,sail,sailboat,13.59,4.41,2.07,6.7,142,144,149,5,2
6442,sail,sailboat,9.5,2.88,1.45,2.6,142,144,146,2,2
6445,motor,motorboat,21.78,6.35,1.91,38.5,142,144,148,4,2
6462,small,motorboat,7.6,2.63,0.84,2.1,142,144,147,3,2
6468,sail,sailboat,12.32,4.14,2.24,0.0,142,144,146,2,2
6472,sail,sailboat,11.16,3.58,1.97,5.8,142,144,147,3,2
6486,motor,motorboat,14.48,4.12,1.3,5.6,142,144,147,3,2
6511,motor,motorboat,16.08,4.97,1.43,7.0,142,144,145,1,2
6520,sail,sailboat,10.8,3.56,1.8,3.8,142,144,147,3,2
6521,motor,motorboat,16.68,5.16,1.49,10.3,142,144,150,6,2
6533,motor,motorboat,14.28,4.36,1.26,5.5,142,145,172,27,3
6572,sail,sailboat,9.5,3.08,1.56,0.0,142,145,151,6,3
6663,sail,sailboat,14.02,4.27,2.53,6.9,142,147,150,3,5
6683,motor,motorboat,14.61,4.17,1.47,3.7,142,147,149,2,5
6700,motor,motorboat,13.66,4.18,1.3,5.5,142,147,153,6,5
6703,motor,motorboat,13.35,4.14,1.32,6.3,142,147,148,1,5
6752,sail,sailboat,11.47,3.87,1.82,6.3,142,148,149,1,6
6758,sail,sailboat,11.22,3.62,1.9,3.6,142,148,149,1,6
6844,sail,sailboat,10.11,3.33,1.59,5.3,142,150,151,1,8
6863,sail,sailboat,11.16,3.39,2.01,0.0,142,150,155,5,8
6874,sail,sailboat,13.85,4.68,2.36,6.8,142,150,154,4,8
6951,sail,sailboat,12.6,3.9,2.14,6.2,142,151,154,3,9
6973,super,yacht,27.51,7.46,3.11,24.6,142,151,154,3,9
6996,motor,motorboat,16.02,4.79,1.46,13.9,142,151,154,3,9
7031,motor,motorboat,19.08,5.51,1.98,10.4,142,152,156,4,10
7076,motor,motorboat,14.46,4.27,1.35,5.3,142,153,157,4,11
7143,super,yacht,26.27,7.14,3.49,13.9,142,155,156,1,13
7182,sail,sailboat,15.57,4.74,2.7,10.8,142,156,160,4,14
7690,super,yacht,28.99,8.21,3.32,0.0,142,168,172,4,26
7815,sail,sailboat,16.38,5.0,2.98,11.6,142,171,175,4,29
7869,super,yacht,26.3,7.0,3.03,33.0,142,172,185,13,30
8046,sail,sailboat,15.91,5.39,2.54,7.9,142,176,180,4,34
8130,sail,sailboat,11.51,3.47,1.8,5.0,142,178,181,3,36
8187,sail,sailboat,15.69,5.2,2.61,0.0,142,179,184,5,37
8340,super,yacht,24.73,6.46,2.75,24.6,142,184,187,3,42
8568,sail,sailboat,15.89,5.35,2.43,0.0,142,194,205,11,52
8694,motor,motorboat,15.85,4.43,1.44,9.1,142,199,200,1,57
6369,sail,sailboat,12.27,4.13,1.94,5.1,143,143,145,2,0
6371,sail,sailboat,11.31,3.68,2.07,5.4,143,143,160,17,0
6385,sail,sailboat,12.57,3.91,1.93,6.0,143,143,145,2,0
6395,motor,motorboat,14.74,4.36,1.39,5.6,143,143,149,6,0
6403,motor,motorboat,10.06,3.05,1.0,3.8,143,143,149,6,0
6415,motor,motorboat,11.78,3.39,1.11,4.5,143,143,152,9,0
6416,motor,motorboat,14.06,4.12,1.42,0.0,143,143,157,14,0
6418,motor,motorboat,15.26,4.33,1.61,6.5,143,143,146,3,0
6429,motor,motorboat,15.56,4.51,1.34,11.7,143,143,146,3,0
6448,sail,sailboat,15.5,4.82,2.49,8.0,143,144,148,4,1
6454,motor,motorboat,11.6,3.47,1.15,4.1,143,144,149,5,1
6479,sail,sailboat,16.8,5.24,2.96,0.0,143,144,146,2,1
6480,sail,sailboat,14.92,4.73,2.66,5.5,143,144,151,7,1
6487,sail,sailboat,9.54,2.91,1.63,2.8,143,144,152,8,1
6493,sail,sailboat,12.4,3.83,1.95,0.0,143,144,146,2,1
6494,motor,motorboat,14.96,4.66,1.38,4.8,143,144,147,3,1
6495,motor,motorboat,13.29,3.83,1.3,6.9,143,144,149,5,1
6503,sail,sailboat,15.52,4.9,2.46,6.9,143,144,145,1,1
6504,sail,sailboat,10.28,3.47,1.6,0.0,143,144,146,2,1
6512,small,motorboat,8.92,3.15,0.97,0.0,143,144,158,14,1
6517,motor,motorboat,14.22,4.22,1.49,3.6,143,144,148,4,1
6527,sail,sailboat,14.05,4.52,2.11,4.9,143,144,147,3,1
6548,sail,sailboat,14.57,4.38,2.2,3.6,143,145,150,5,2
6552,motor,motorboat,13.76,3.99,1.25,0.0,143,145,147,2,2
6565,sail,sailboat,14.01,4.59,2.33,6.7,143,145,149,4,2
6596,sail,sailboat,13.33,4.11,2.07,3.7,143,146,149,3,3
6693,sail,sailboat,14.76,4.78,2.37,5.6,143,147,152,5,4
6753,sail,sailboat,14.56,4.81,2.33,3.9,143,148,154,6,5
6832,motor,motorboat,17.12,5.23,1.72,13.1,143,149,155,6,6
6854,motor,motorboat,19.23,5.36,1.85,9.4,143,150,152,2,7
6880,small,motorboat,6.64,2.27,0.67,2.1,143,150,155,5,7
6915,sail,sailboat,14.14,4.43,2.47,3.4,143,150,154,4,7
6918,small,motorboat,6.07,2.08,0.56,0.0,143,151,155,4,8
6935,motor,motorboat,14.73,4.33,1.29,6.7,143,151,154,3,8
6936,motor,motorboat,10.0,2.93,0.97,5.2,143,151,154,3,8
6943,sail,sailboat,13.28,4.3,2.41,0.0,143,151,165,14,8
7047,sail,sailboat,10.01,3.25,1.58,0.0,143,152,157,5,9
7051,small,motorboat,8.99,2.89,0.91,0.0,143,152,155,3,9
7063,sail,sailboat,12.48,3.86,1.88,5.1,143,153,157,4,10
7094,small,motorboat,9.49,3.29,1.02,3.4,143,154,164,10,11
7103,sail,sailboat,17.0,5.33,2.81,0.0,143,154,158,4,11
7117,sail,sailboat,13.8,4.57,2.36,4.3,143,154,166,12,11
7149,small,motorboat,9.48,3.24,1.04,0.0,143,155,157,2,12
7186,sail,sailboat,10.7,3.46,1.87,3.6,143,156,165,9,13
7189,sail,sailboat,12.63,4.28,2.0,0.0,143,156,161,5,13
7217,sail,sailboat,10.83,3.57,1.97,5.6,143,157,162,5,14
7368,sail,sailboat,14.92,4.7,2.44,6.1,143,160,163,3,17
7900,motor,motorboat,14.19,4.11,1.23,4.0,143,173,180,7,30
8015,super,yacht,27.36,7.37,3.6,29.7,143,175,178,3,32
8138,super,yacht,21.54,6.04,2.44,23.3,143,178,181,3,35
8160,sail,sailboat,13.32,4.19,2.24,4.1,143,178,185,7,35
8259,sail,sailboat,14.44,4.59,2.46,0.0,143,181,183,2,38
8360,motor,motorboat,18.75,5.82,1.76,6.9,143,185,192,7,42
8433,super,yacht,23.45,6.65,2.91,23.8,143,188,191,3,45
8455,small,motorboat,6.04,2.07,0.64,2.1,143,189,191,2,46
8670,sail,sailboat,16.57,5.47,2.93,7.6,143,199,201,2,56
8818,super,yacht,23.2,6.46,2.57,16.2,143,206,208,2,63
6438,motor,motorboat,18.63,5.57,1.79,6.5,144,144,145,1,0
6440,sail,sailboat,10.9,3.53,1.7,5.7,144,144,145,1,0
6467,small,motorboat,8.6,3.09,0.87,0.0,144,144,149,5,0
6478,motor,motorboat,12.09,3.6,1.11,4.2,144,144,147,3,0
6525,small,motorboat,7.46,2.52,0.82,0.0,144,144,147,3,0
6528,sail,sailboat,14.35,4.68,2.29,0.0,144,144,150,6,0
6529,motor,motorboat,15.95,4.55,1.41,7.3,144,144,149,5,0
6535,sail,sailboat,14.2,4.28,2.46,3.8,144,145,148,3,1
6536,sail,sailboat,13.46,4.34,2.06,6.6,144,145,147,2,1
6569,sail,sailboat,17.0,5.62,2.55,12.3,144,145,147,2,1
6574,sail,sailboat,13.45,4.35,2.05,0.0,144,145,148,3,1
6577,sail,sailboat,11.68,3.83,1.78,6.7,144,145,150,5,1
6594,sail,sailboat,13.2,4.46,2.28,6.9,144,146,151,5,2
6599,sail,sailboat,13.61,4.16,2.07,5.7,144,146,153,7,2
6615,sail,sailboat,13.83,4.66,2.15,0.0,144,146,175,29,2
6634,motor,motorboat,15.26,4.72,1.48,8.7,144,146,156,10,2
6641,sail,sailboat,12.12,3.8,1.93,6.3,144,146,151,5,2
6650,super,yacht,20.36,5.52,2.52,28.6,144,147,148,1,3
6655,motor,motorboat,10.98,3.28,0.95,6.8,144,147,164,17,3
6664,super,yacht,27.4,7.4,3.61,21.1,144,147,148,1,3
6714,sail,sailboat,12.13,4.03,1.82,3.7,144,148,159,11,4
6720,small,motorboat,6.42,2.1,0.62,0.0,144,148,151,3,4
6783,motor,motorboat,13.9,4.33,1.36,3.0,144,149,150,1,5
6819,motor,motorboat,16.55,4.95,1.58,7.2,144,149,152,3,5
6823,small,motorboat,6.96,2.39,0.75,2.0,144,149,153,4,5
6843,motor,motorboat,10.0,2.97,1.03,3.5,144,150,155,5,6
6851,sail,sailboat,11.01,3.39,1.64,5.5,144,150,151,1,6
6932,small,motorboat,6.19,2.05,0.62,2.8,144,151,157,6,7
6957,sail,sailboat,16.23,5.23,2.97,0.0,144,151,156,5,7
6988,motor,motorboat,16.95,5.16,1.76,6.3,144,151,153,2,7
7026,motor,motorboat,15.33,4.54,1.4,8.9,144,152,154,2,8
7052,small,motorboat,7.46,2.61,0.74,2.7,144,152,153,1,8
7066,small,motorboat,9.33,3.24,0.88,2.0,144,153,155,2,9
7082,sail,sailboat,14.76,4.93,2.62,3.1,144,153,158,5,9
7084,sail,sailboat,10.56,3.18,1.91,6.0,144,153,167,14,9
7085,sail,sailboat,14.71,4.48,2.48,6.9,144,153,156,3,9
7110,sail,sailboat,15.78,5.17,2.75,0.0,144,154,158,4,10
7113,small,motorboat,6.21,2.18,0.6,0.0,144,154,165,11,10
7135,motor,motorboat,19.88,6.15,1.88,8.0,144,155,161,6,11
7183,sail,sailboat,12.18,4.04,2.23,5.0,144,156,161,5,12
7191,sail,sailboat,11.57,3.78,2.07,5.0,144,156,177,21,12
7201,sail,sailboat,16.47,5.03,2.51,0.0,144,156,159,3,12
7215,sail,sailboat,13.03,4.25,2.07,5.1,144,157,159,2,13
7237,motor,motorboat,14.16,4.17,1.32,5.8,144,157,161,4,13
7251,sail,sailboat,16.54,5.27,3.01,9.6,144,157,159,2,13
7262,sail,sailboat,12.9,4.21,2.12,6.1,144,158,163,5,14
7289,sail,sailboat,14.7,4.52,2.18,4.8,144,158,160,2,14
7363,small,motorboat,6.25,2.02,0.62,0.0,144,160,161,1,16
7409,small,motorboat,9.22,3.09,0.87,3.2,144,161,163,2,17
7623,motor,motorboat,15.77,4.6,1.67,12.4,144,166,169,3,22
7770,motor,motorboat,14.8,4.22,1.55,6.2,144,170,171,1,26
7798,sail,sailboat,14.27,4.75,2.51,6.5,144,171,176,5,27
7813,small,motorboat,6.37,2.05,0.63,3.4,144,171,175,4,27
8254,sail,sailboat,11.08,3.65,1.98,0.0,144,180,185,5,36
8364,motor,motorboat,16.65,5.05,1.75,8.1,144,185,191,6,41
8709,sail,sailboat,12.46,3.9,1.91,5.1,144,200,202,2,56
6540,sail,sailboat,14.49,4.67,2.63,3.2,145,145,151,6,0
6542,small,motorboat,7.95,2.75,0.77,2.5,145,145,148,3,0
6543,sail,sailboat,12.41,3.83,1.92,0.0,145,145,151,6,0
6544,motor,motorboat,16.65,4.73,1.63,9.7,145,145,147,2,0
6546,small,motorboat,6.61,2.31,0.71,0.0,145,145,146,1,0
6547,sail,sailboat,12.95,4.28,2.19,4.1,145,145,147,2,0
6549,small,motorboat,7.03,2.25,0.67,0.0,145,145,154,9,0
6550,small,motorboat,9.27,3.01,0.97,2.3,145,145,146,1,0
6556,sail,sailboat,11.26,3.39,1.74,0.0,145,145,146,1,0
6557,sail,sailboat,15.74,5.26,2.45,12.4,145,145,149,4,0
6567,sail,sailboat,12.47,4.15,2.08,0.0,145,145,146,1,0
6568,sail,sailboat,12.45,4.08,2.27,3.6,145,145,146,1,0
6571,sail,sailboat,14.54,4.46,2.63,0.0,145,145,147,2,0
6575,sail,sailboat,11.19,3.67,1.93,6.1,145,145,146,1,0
6582,small,motorboat,6.79,2.32,0.64,3.1,145,145,157,12,0
6589,sail,sailboat,16.39,4.97,2.66,13.7,145,146,149,3,1
6590,motor,motorboat,15.0,4.24,1.53,5.7,145,146,170,24,1
6593,motor,motorboat,11.56,3.56,1.07,0.0,145,146,149,3,1
6598,motor,motorboat,15.37,4.29,1.36,6.0,145,146,149,3,1
6602,sail,sailboat,14.17,4.48,2.61,3.8,145,146,149,3,1
6608,super,yacht,25.12,6.82,2.99,37.5,145,146,147,1,1
6621,small,motorboat,7.04,2.47,0.77,0.0,145,146,147,1,1
6624,sail,sailboat,13.3,4.34,2.41,3.2,145,146,148,2,1
6659,sail,sailboat,14.05,4.72,2.13,3.9,145,147,153,6,2
6667,small,motorboat,6.05,1.98,0.65,2.2,145,147,153,6,2
6706,small,motorboat,9.23,3.11,0.89,2.9,145,147,149,2,2
6722,sail,sailboat,13.09,4.26,2.05,0.0,145,148,155,7,3
6789,super,yacht,26.52,6.92,3.06,14.9,145,149,150,1,4
6805,sail,sailboat,15.62,4.98,2.45,6.4,145,149,151,2,4
6855,motor,motorboat,11.64,3.36,1.18,5.8,145,150,153,3,5
6879,small,motorboat,8.4,2.85,0.93,2.7,145,150,162,12,5
6885,motor,motorboat,11.69,3.48,1.09,6.8,145,150,155,5,5
6900,sail,sailboat,15.1,5.12,2.4,13.9,145,150,153,3,5
6903,motor,motorboat,17.08,5.32,1.54,13.5,145,150,152,2,5
6937,small,motorboat,8.4,2.92,0.82,0.0,145,151,154,3,6
6954,motor,motorboat,13.17,3.82,1.25,3.6,145,151,154,3,6
6986,sail,sailboat,15.22,4.9,2.44,6.3,145,151,152,1,6
7017,motor,motorboat,16.77,4.71,1.74,9.4,145,152,155,3,7
7019,sail,sailboat,13.35,4.28,2.31,3.5,145,152,154,2,7
7097,motor,motorboat,16.49,4.93,1.44,7.8,145,154,156,2,9
7114,super,yacht,26.51,6.84,3.29,27.2,145,154,156,2,9
7115,small,motorboat,9.13,3.05,1.01,0.0,145,154,158,4,9
7148,motor,motorboat,16.71,4.67,1.51,7.6,145,155,158,3,10
7157,sail,sailboat,10.66,3.6,1.72,4.2,145,155,156,1,10
7250,sail,sailboat,15.34,4.7,2.49,12.0,145,157,158,1,12
7274,small,motorboat,8.2,2.88,0.9,0.0,145,158,171,13,13
7287,super,yacht,24.15,6.19,2.96,35.8,145,158,159,1,13
7463,sail,sailboat,12.8,3.9,2.15,5.2,145,163,168,5,18
7899,sail,sailboat,17.0,5.22,2.54,6.9,145,173,177,4,28
8086,sail,sailboat,12.91,4.03,2.15,3.8,145,177,184,7,32
8192,super,yacht,26.12,6.77,3.5,27.7,145,179,184,5,34
8251,super,yacht,21.4,5.7,2.42,23.6,145,180,182,2,35
8623,sail,sailboat,13.07,4.27,2.41,4.7,145,197,204,7,52
8671,super,yacht,26.04,7.14,3.42,35.0,145,199,202,3,54
8722,sail,sailboat,9.5,3.06,1.69,3.4,145,201,203,2,56
8784,super,yacht,23.34,6.45,2.55,33.4,145,205,209,4,60
6586,sail,sailboat,14.24,4.81,2.61,4.0,146,146,148,2,0
6601,sail,sailboat,11.93,3.64,2.2,4.9,146,146,150,4,0
6614,sail,sailboat,13.06,3.96,2.29,6.2,146,146,155,9,0
6618,sail,sailboat,12.72,4.06,2.01,0.0,146,146,149,3,0
6620,small,motorboat,8.87,3.16,0.83,3.3,146,146,147,1,0
6625,sail,sailboat,9.5,2.9,1.69,2.2,146,146,157,11,0
6633,small,motorboat,6.81,2.37,0.65,3.4,146,146,151,5,0
6643,sail,sailboat,9.5,3.04,1.43,2.7,146,147,154,7,1
6649,motor,motorboat,11.83,3.3,1.03,4.1,146,147,150,3,1
6652,small,motorboat,6.9,2.26,0.76,2.9,146,147,152,5,1
6653,sail,sailboat,15.4,4.89,2.76,8.4,146,147,150,3,1
6658,sail,sailboat,13.46,4.41,2.3,0.0,146,147,149,2,1
6662,motor,motorboat,15.15,4.21,1.57,12.2,146,147,154,7,1
6674,motor,motorboat,16.65,5.18,1.73,9.3,146,147,148,1,1
6679,sail,sailboat,10.84,3.68,1.8,4.5,146,147,149,2,1
6686,motor,motorboat,12.52,3.83,1.24,5.4,146,147,148,1,1
6691,sail,sailboat,14.91,4.87,2.65,5.6,146,147,148,1,1
6699,motor,motorboat,14.83,4.28,1.29,3.4,146,147,174,27,1
6712,super,yacht,25.4,6.69,2.75,20.6,146,148,160,12,2
6728,sail,sailboat,15.97,5.32,2.72,0.0,146,148,152,4,2
6741,sail,sailboat,13.82,4.34,2.51,0.0,146,148,151,3,2
6743,motor,motorboat,18.56,5.78,1.95,0.0,146,148,151,3,2
6744,motor,motorboat,13.01,3.98,1.23,3.3,146,148,177,29,2
6766,motor,motorboat,18.33,5.57,1.62,13.7,146,148,150,2,2
6769,small,motorboat,6.97,2.23,0.65,2.4,146,148,149,1,2
6770,sail,sailboat,11.49,3.88,2.05,6.5,146,148,150,2,2
6788,sail,sailboat,9.92,3.19,1.82,2.5,146,149,168,19,3
6846,sail,sailboat,13.54,4.11,2.07,7.0,146,150,155,5,4
6898,super,yacht,27.29,7.15,3.03,34.8,146,150,152,2,4
6928,sail,sailboat,15.38,5.1,2.66,12.1,146,151,153,2,5
6931,sail,sailboat,14.8,4.9,2.69,4.8,146,151,156,5,5
7005,small,motorboat,7.63,2.67,0.7,2.3,146,151,154,3,5
7037,sail,sailboat,12.73,4.25,2.16,6.1,146,152,153,1,6
7041,motor,motorboat,12.8,3.84,1.33,0.0,146,152,155,3,6
7093,sail,sailboat,13.45,4.38,2.14,5.0,146,154,159,5,8
7107,sail,sailboat,15.42,4.91,2.3,9.9,146,154,159,5,8
7118,super,yacht,28.51,7.5,3.32,39.3,146,154,162,8,8
7154,motor,motorboat,13.19,4.09,1.33,6.0,146,155,160,5,9
7185,motor,motorboat,12.08,3.64,1.27,5.5,146,156,159,3,10
7209,sail,sailboat,15.06,4.99,2.29,9.3,146,157,164,7,11
7216,super,yacht,20.57,5.6,2.66,21.6,146,157,158,1,11
7243,motor,motorboat,14.0,4.17,1.36,4.2,146,157,162,5,11
7267,sail,sailboat,11.18,3.6,1.99,3.7,146,158,167,9,12
7301,motor,motorboat,12.92,3.68,1.37,0.0,146,158,164,6,12
7313,motor,motorboat,16.92,4.7,1.53,7.4,146,159,163,4,13
7314,sail,sailboat,9.6,3.09,1.63,3.0,146,159,160,1,13
7381,sail,sailboat,16.55,5.0,2.78,10.8,146,160,173,13,14
8062,small,motorboat,7.64,2.64,0.77,0.0,146,176,177,1,30
8095,motor,motorboat,21.57,6.05,2.14,13.5,146,177,179,2,31
8297,sail,sailboat,13.53,4.23,2.03,0.0,146,182,184,2,36
8753,super,yacht,22.15,5.81,2.48,16.4,146,203,210,7,57
8756,sail,sailboat,12.85,4.16,1.93,6.5,146,204,211,7,58
6648,sail,sailboat,14.19,4.3,2.3,4.0,147,147,148,1,0
6690,small,motorboat,7.17,2.37,0.68,2.6,147,147,175,28,0
6701,sail,sailboat,11.42,3.52,1.86,6.9,147,147,158,11,0
6724,motor,motorboat,10.59,2.95,1.04,3.8,147,148,169,21,1
6727,small,motorboat,9.44,3.37,0.89,0.0,147,148,149,1,1
6745,small,motorboat,6.37,2.12,0.65,2.8,147,148,150,2,1
6746,small,motorboat,8.77,3.04,0.86,0.0,147,148,151,3,1
6747,small,motorboat,6.59,2.33,0.65,0.0,147,148,155,7,1
6754,small,motorboat,7.02,2.43,0.69,0.0,147,148,156,8,1
6822,sail,sailboat,13.99,4.67,2.37,4.9,147,149,151,2,2
6853,motor,motorboat,16.39,4.54,1.53,6.4,147,150,155,5,3
6862,sail,sailboat,11.67,3.53,1.79,5.8,147,150,151,1,3
6893,motor,motorboat,15.87,4.4,1.39,12.2,147,150,163,13,3
6899,motor,motorboat,19.15,5.86,2.02,12.8,147,150,152,2,3
6924,sail,sailboat,9.82,2.99,1.8,2.4,147,151,155,4,4
6934,sail,sailboat,17.0,5.17,2.77,13.2,147,151,172,21,4
6969,sail,sailboat,11.8,3.73,2.13,3.2,147,151,152,1,4
7090,small,motorboat,8.08,2.85,0.77,0.0,147,154,165,11,7
7150,sail,sailboat,12.62,4.16,2.1,4.0,147,155,157,2,8
7151,motor,motorboat,16.95,5.1,1.53,6.2,147,155,160,5,8
7175,sail,sailboat,13.58,4.58,2.05,0.0,147,156,160,4,9
7205,sail,sailboat,12.63,3.88,2.28,5.6,147,156,161,5,9
7292,motor,motorboat,18.11,5.44,1.64,8.5,147,158,163,5,11
7302,sail,sailboat,12.07,3.77,2.1,3.3,147,158,184,26,11
7318,sail,sailboat,11.24,3.41,1.75,0.0,147,159,162,3,12
7348,motor,motorboat,14.5,4.52,1.49,0.0,147,160,166,6,13
7360,motor,motorboat,11.57,3.53,1.21,5.3,147,160,163,3,13
7372,small,motorboat,8.81,3.03,0.91,0.0,147,160,165,5,13
7386,sail,sailboat,14.38,4.72,2.43,0.0,147,161,163,2,14
7408,motor,motorboat,14.83,4.23,1.57,6.6,147,161,162,1,14
8339,motor,motorboat,11.62,3.52,1.09,5.3,147,184,185,1,37
8540,motor,motorboat,18.45,5.34,1.6,9.8,147,193,196,3,46
6716,sail,sailboat,11.44,3.45,1.84,6.1,148,148,150,2,0
6721,super,yacht,22.24,6.11,2.55,27.8,148,148,150,2,0
6725,sail,sailboat,9.5,3.16,1.51,2.1,148,148,149,1,0
6726,small,motorboat,8.19,2.73,0.9,0.0,148,148,149,1,0
6737,motor,motorboat,10.0,2.85,1.06,5.6,148,148,150,2,0
6757,motor,motorboat,11.45,3.54,1.15,5.7,148,148,150,2,0
6763,small,motorboat,8.67,2.97,0.87,2.5,148,148,150,2,0
6765,motor,motorboat,13.87,4.28,1.31,5.9,148,148,161,13,0
6767,sail,sailboat,13.18,4.31,2.22,6.7,148,148,162,14,0
6775,sail,sailboat,13.62,4.21,2.09,6.7,148,149,151,2,1
6777,motor,motorboat,14.98,4.68,1.33,3.2,148,149,154,5,1
6782,motor,motorboat,13.58,3.77,1.44,0.0,148,149,150,1,1
6786,small,motorboat,7.08,2.45,0.75,3.3,148,149,156,7,1
6796,sail,sailboat,17.0,5.65,2.8,0.0,148,149,154,5,1
6797,motor,motorboat,10.0,2.9,0.93,3.7,148,149,151,2,1
6806,motor,motorboat,13.46,4.01,1.29,0.0,148,149,150,1,1
6809,small,motorboat,8.51,2.96,0.94,3.4,148,149,156,7,1
6836,sail,sailboat,11.78,3.62,1.98,3.6,148,150,157,7,2
6847,super,yacht,27.68,7.84,3.47,30.6,148,150,158,8,2
6850,small,motorboat,6.13,2.19,0.62,2.7,148,150,151,1,2
6868,sail,sailboat,13.99,4.63,2.3,3.4,148,150,151,1,2
6872,sail,sailboat,12.49,3.87,1.99,6.7,148,150,151,1,2
6881,sail,sailboat,12.48,4.23,2.24,0.0,148,150,179,29,2
6910,small,motorboat,7.37,2.36,0.77,2.5,148,150,154,4,2
6912,sail,sailboat,15.66,4.88,2.88,12.5,148,150,152,2,2
6913,sail,sailboat,11.96,3.94,1.91,6.5,148,150,152,2,2
6914,sail,sailboat,10.33,3.13,1.66,3.7,148,150,153,3,2
6947,sail,sailboat,16.7,5.66,2.55,7.2,148,151,158,7,3
6963,motor,motorboat,13.19,4.09,1.29,5.2,148,151,154,3,3
6971,sail,sailboat,16.75,5.44,2.99,6.6,148,151,154,3,3
7075,sail,sailboat,10.58,3.27,1.9,6.2,148,153,156,3,5
7087,sail,sailboat,15.41,4.77,2.55,9.7,148,153,160,7,5
7127,sail,sailboat,12.73,4.12,2.34,6.9,148,154,157,3,6
7129,small,motorboat,8.59,2.86,0.78,3.4,148,154,159,5,6
7254,sail,sailboat,10.97,3.43,1.64,5.1,148,157,159,2,9
7265,small,motorboat,7.97,2.64,0.82,2.9,148,158,161,3,10
7269,sail,sailboat,14.78,4.79,2.25,3.8,148,158,160,2,10
7281,sail,sailboat,12.47,4.09,2.08,0.0,148,158,164,6,10
7288,sail,sailboat,14.6,4.84,2.18,4.2,148,158,168,10,10
7359,sail,sailboat,13.75,4.31,2.42,5.4,148,160,161,1,12
7388,motor,motorboat,16.29,4.6,1.7,0.0,148,161,165,4,13
7441,sail,sailboat,11.82,3.97,1.95,3.9,148,162,165,3,14
7451,small,motorboat,6.41,2.2,0.69,3.1,148,162,164,2,14
7457,small,motorboat,8.51,2.86,0.9,2.5,148,162,167,5,14
7460,small,motorboat,7.57,2.48,0.81,0.0,148,162,168,6,14
7647,sail,sailboat,14.35,4.61,2.23,5.9,148,167,175,8,19
7857,super,yacht,27.66,7.25,3.08,23.9,148,172,178,6,24
8000,super,yacht,26.2,7.08,3.46,12.3,148,175,176,1,27
8190,sail,sailboat,9.92,2.99,1.75,2.5,148,179,182,3,31
8205,super,yacht,22.4,5.89,2.68,26.5,148,179,186,7,31
8324,sail,sailboat,12.75,4.11,2.32,0.0,148,183,190,7,35
8849,sail,sailboat,14.58,4.79,2.47,3.8,148,208,214,6,60
6774,super,yacht,20.83,5.36,2.71,18.8,149,149,151,2,0
6776,motor,motorboat,15.57,4.51,1.34,13.1,149,149,152,3,0
6778,super,yacht,20.93,5.53,2.81,15.3,149,149,150,1,0
6779,sail,sailboat,16.74,5.45,2.53,11.2,149,149,167,18,0
6793,motor,motorboat,13.23,3.93,1.39,3.8,149,149,152,3,0
6799,sail,sailboat,14.94,4.81,2.43,5.8,149,149,151,2,0
6802,sail,sailboat,9.5,3.05,1.49,0.0,149,149,157,8,0
6807,sail,sailboat,9.5,3.05,1.63,2.2,149,149,156,7,0
6816,motor,motorboat,11.52,3.34,1.03,3.2,149,149,151,2,0
6818,motor,motorboat,14.38,4.09,1.4,5.6,149,149,152,3,0
6825,sail,sailboat,9.82,3.16,1.71,2.0,149,149,162,13,0
6828,sail,sailboat,10.75,3.46,1.6,5.7,149,149,152,3,0
6833,motor,motorboat,13.6,3.94,1.41,3.3,149,150,154,4,1
6841,motor,motorboat,10.31,3.19,0.97,6.5,149,150,153,3,1
6845,sail,sailboat,12.45,3.83,1.96,0.0,149,150,156,6,1
6858,sail,sailboat,16.71,5.52,2.95,6.3,149,150,172,22,1
6871,sail,sailboat,11.43,3.87,1.73,6.2,149,150,152,2,1
6875,sail,sailboat,12.3,3.72,1.99,0.0,149,150,151,1,1
6882,small,motorboat,6.03,1.99,0.61,2.3,149,150,153,3,1
6902,motor,motorboat,19.27,5.78,1.8,6.7,149,150,153,3,1
6919,motor,motorboat,14.75,4.57,1.54,3.8,149,151,153,2,2
6921,sail,sailboat,14.65,4.59,2.39,5.1,149,151,157,6,2
6927,super,yacht,20.34,5.23,2.25,33.8,149,151,153,2,2
6968,sail,sailboat,10.74,3.44,1.73,6.6,149,151,153,2,2
6976,sail,sailboat,10.75,3.33,1.64,0.0,149,151,152,1,2
6978,sail,sailboat,14.5,4.77,2.59,4.1,149,151,156,5,2
6981,sail,sailboat,13.59,4.19,2.29,3.4,149,151,158,7,2
6983,sail,sailboat,13.73,4.18,2.39,6.5,149,151,159,8,2
6997,sail,sailboat,10.17,3.18,1.84,6.1,149,151,157,6,2
6998,sail,sailboat,12.81,3.95,2.07,0.0,149,151,154,3,2
7004,sail,sailboat,10.95,3.69,1.66,6.3,149,151,153,2,2
7014,sail,sailboat,15.89,4.85,2.86,11.0,149,152,155,3,3
7039,sail,sailboat,16.05,5.25,2.7,13.9,149,152,154,2,3
7083,sail,sailboat,12.83,4.15,1.98,5.5,149,153,157,4,4
7146,motor,motorboat,16.69,4.87,1.58,0.0,149,155,159,4,6
7160,sail,sailboat,13.81,4.26,2.35,3.9,149,155,162,7,6
7221,motor,motorboat,15.01,4.6,1.32,6.9,149,157,160,3,8
7231,sail,sailboat,9.5,2.94,1.57,2.5,149,157,165,8,8
7240,motor,motorboat,11.66,3.56,1.15,0.0,149,157,159,2,8
7413,sail,sailboat,15.57,5.12,2.34,10.1,149,161,165,4,12
7420,small,motorboat,7.05,2.43,0.76,2.6,149,162,175,13,13
7444,super,yacht,27.81,7.61,3.2,14.8,149,162,167,5,13
7459,sail,sailboat,9.85,3.24,1.67,2.5,149,162,175,13,13
7490,sail,sailboat,11.17,3.66,1.71,5.0,149,163,169,6,14
7676,sail,sailboat,16.69,5.4,2.56,11.8,149,168,170,2,19
7864,sail,sailboat,17.0,5.68,2.59,7.2,149,172,176,4,23
7876,motor,motorboat,14.22,4.34,1.27,5.1,149,172,173,1,23
8622,sail,sailboat,12.86,3.97,2.3,3.4,149,197,199,2,48
6834,motor,motorboat,16.04,4.67,1.62,8.4,150,150,153,3,0
6835,motor,motorboat,13.73,4.18,1.45,3.5,150,150,157,7,0
6837,motor,motorboat,13.33,3.82,1.27,6.6,150,150,151,1,0
6839,sail,sailboat,14.29,4.74,2.19,5.4,150,150,151,1,0
6848,motor,motorboat,10.24,3.11,0.94,6.8,150,150,151,1,0
6849,motor,motorboat,13.9,4.21,1.24,0.0,150,150,156,6,0
6864,motor,motorboat,17.03,5.31,1.76,7.0,150,150,152,2,0
6866,motor,motorboat,18.13,5.3,1.83,7.1,150,150,152,2,0
6878,sail,sailboat,14.44,4.4,2.54,7.0,150,150,154,4,0
6891,sail,sailboat,13.95,4.56,2.36,0.0,150,150,153,3,0
6896,sail,sailboat,14.74,4.44,2.28,0.0,150,150,153,3,0
6938,sail,sailboat,14.15,4.75,2.39,0.0,150,151,158,7,1
6949,small,motorboat,8.18,2.71,0.89,0.0,150,151,153,2,1
6952,motor,motorboat,15.54,4.39,1.55,12.6,150,151,153,2,1
6953,motor,motorboat,10.38,3.23,1.06,4.0,150,151,168,17,1
6955,sail,sailboat,15.35,5.13,2.7,6.8,150,151,158,7,1
6958,sail,sailboat,16.09,5.33,2.64,13.8,150,151,152,1,1
6960,sail,sailboat,14.49,4.62,2.33,0.0,150,151,153,2,1
6962,sail,sailboat,15.34,5.02,2.52,11.6,150,151,153,2,1
6972,sail,sailboat,12.86,3.98,2.11,3.1,150,151,153,2,1
6974,sail,sailboat,11.61,3.68,1.81,3.1,150,151,156,5,1
6984,sail,sailboat,13.19,4.25,2.37,0.0,150,151,164,13,1
6985,sail,sailboat,10.47,3.4,1.61,0.0,150,151,163,12,1
6994,sail,sailboat,12.05,3.67,2.22,0.0,150,151,157,6,1
7012,motor,motorboat,15.96,4.73,1.53,8.9,150,152,153,1,2
7032,sail,sailboat,14.5,4.43,2.46,5.5,150,152,157,5,2
7038,motor,motorboat,10.47,2.95,0.99,4.1,150,152,158,6,2
7044,sail,sailboat,15.02,4.73,2.74,7.0,150,152,153,1,2
7056,sail,sailboat,17.0,5.38,3.1,11.6,150,152,157,5,2
7109,super,yacht,28.43,7.58,3.46,14.8,150,154,156,2,4
7116,motor,motorboat,17.11,5.08,1.72,12.3,150,154,160,6,4
7169,small,motorboat,8.64,2.94,0.87,0.0,150,156,158,2,6
7208,super,yacht,20.76,5.71,2.75,33.1,150,156,159,3,6
7218,small,motorboat,6.05,1.96,0.57,3.1,150,157,159,2,7
7297,sail,sailboat,13.95,4.2,2.16,0.0,150,158,165,7,8
7303,sail,sailboat,13.18,4.28,2.2,4.5,150,158,162,4,8
7319,sail,sailboat,12.57,3.91,1.9,4.8,150,159,161,2,9
7330,super,yacht,21.97,5.66,2.42,22.8,150,159,170,11,9
7333,sail,sailboat,14.34,4.84,2.2,6.8,150,159,163,4,9
7335,small,motorboat,6.27,2.24,0.68,0.0,150,159,162,3,9
7390,super,yacht,27.89,7.61,3.45,17.5,150,161,167,6,11
7397,motor,motorboat,15.91,4.78,1.61,10.8,150,161,166,5,11
7406,small,motorboat,6.49,2.12,0.63,0.0,150,161,165,4,11
7437,sail,sailboat,16.07,5.27,2.48,8.0,150,162,168,6,12
7458,motor,motorboat,14.05,4.34,1.33,4.5,150,162,187,25,12
7497,motor,motorboat,15.26,4.31,1.36,9.8,150,164,170,6,14
7501,sail,sailboat,10.55,3.55,1.72,0.0,150,164,165,1,14
7612,small,motorboat,6.44,2.09,0.58,2.7,150,166,179,13,16
8665,motor,motorboat,15.68,4.41,1.46,12.8,150,199,201,2,49
8747,small,motorboat,6.93,2.45,0.71,3.3,150,203,214,11,53
6925,sail,sailboat,15.44,4.75,2.8,6.5,151,151,154,3,0
6945,sail,sailboat,9.5,3.05,1.52,0.0,151,151,155,4,0
6956,small,motorboat,9.27,3.13,0.89,2.3,151,151,155,4,0
6965,small,motorboat,6.32,2.2,0.63,2.9,151,151,171,20,0
6977,sail,sailboat,9.5,3.04,1.46,2.3,151,151,152,1,0
6982,motor,motorboat,13.66,4.03,1.41,3.9,151,151,153,2,0
6991,small,motorboat,8.19,2.77,0.84,0.0,151,151,157,6,0
7007,small,motorboat,8.57,2.97,0.95,2.3,151,152,156,4,1
7011,sail,sailboat,11.49,3.49,2.03,4.9,151,152,154,2,1
7013,small,motorboat,7.64,2.7,0.78,0.0,151,152,182,30,1
7015,motor,motorboat,16.41,5.07,1.7,11.9,151,152,155,3,1
7030,sail,sailboat,14.66,4.45,2.39,6.8,151,152,157,5,1
7050,small,motorboat,9.34,3.21,0.9,0.0,151,152,154,2,1
7055,sail,sailboat,11.54,3.83,1.78,3.7,151,152,156,4,1
7074,sail,sailboat,15.82,4.99,2.55,11.6,151,153,158,5,2
7078,sail,sailboat,11.02,3.48,1.89,3.6,151,153,156,3,2
7125,small,motorboat,9.43,3.25,1.05,0.0,151,154,157,3,3
7132,sail,sailboat,13.83,4.56,2.34,5.5,151,155,162,7,4
7181,motor,motorboat,19.26,5.52,1.66,0.0,151,156,163,7,5
7343,sail,sailboat,14.96,4.5,2.55,4.1,151,159,162,3,8
7345,sail,sailboat,12.49,4.21,2.0,4.7,151,159,169,10,8
7354,motor,motorboat,15.39,4.74,1.39,7.1,151,160,166,6,9
7410,small,motorboat,8.38,2.74,0.91,2.6,151,161,162,1,10
7422,motor,motorboat,10.0,2.92,0.94,4.5,151,162,164,2,11
7434,sail,sailboat,11.44,3.75,1.76,4.1,151,162,163,1,11
7557,sail,sailboat,12.66,4.04,1.98,4.2,151,165,169,4,14
7568,small,motorboat,7.24,2.34,0.75,0.0,151,165,166,1,14
7578,sail,sailboat,9.5,2.89,1.54,2.8,151,165,168,3,14
7717,sail,sailboat,14.63,4.53,2.44,6.9,151,169,173,4,18
7800,motor,motorboat,14.18,4.06,1.28,4.3,151,171,172,1,20
7866,sail,sailboat,15.64,4.85,2.84,8.9,151,172,174,2,21
7872,super,yacht,28.58,7.61,3.66,34.3,151,172,173,1,21
7875,small,motorboat,8.74,3.05,0.89,2.1,151,172,173,1,21
8270,motor,motorboat,13.04,3.97,1.36,6.5,151,181,184,3,30
8605,motor,motorboat,20.83,5.86,1.98,36.9,151,197,199,2,46
7018,sail,sailboat,11.1,3.54,1.82,3.3,152,152,154,2,0
7028,motor,motorboat,16.83,4.67,1.56,0.0,152,152,155,3,0
7036,motor,motorboat,17.08,4.98,1.72,8.5,152,152,154,2,0
7043,sail,sailboat,11.9,3.79,1.9,0.0,152,152,156,4,0
7049,sail,sailboat,15.08,4.66,2.3,0.0,152,152,159,7,0
7053,sail,sailboat,13.68,4.49,2.44,0.0,152,152,160,8,0
7054,sail,sailboat,12.38,3.83,1.89,7.0,152,152,159,7,0
7057,motor,motorboat,19.9,6.09,2.11,0.0,152,152,159,7,0
7060,sail,sailboat,10.33,3.19,1.57,6.5,152,153,162,9,1
7065,motor,motorboat,14.19,4.42,1.36,4.6,152,153,177,24,1
7080,motor,motorboat,15.9,4.74,1.63,12.0,152,153,154,1,1
7108,sail,sailboat,17.0,5.34,2.93,10.9,152,154,157,3,2
7121,small,motorboat,8.6,2.95,0.82,3.4,152,154,158,4,2
7122,motor,motorboat,18.22,5.4,1.84,0.0,152,154,160,6,2
7126,motor,motorboat,13.96,4.14,1.49,4.1,152,154,162,8,2
7140,super,yacht,23.9,6.39,3.08,38.2,152,155,160,5,3
7167,small,motorboat,8.98,3.14,0.86,2.2,152,155,162,7,3
7170,motor,motorboat,17.23,4.95,1.82,10.2,152,156,157,1,4
7174,super,yacht,22.87,6.39,2.83,25.9,152,156,176,20,4
7200,super,yacht,25.28,6.62,3.38,39.1,152,156,159,3,4
7255,sail,sailboat,14.18,4.44,2.17,4.3,152,157,160,3,5
7260,motor,motorboat,14.09,3.92,1.35,4.4,152,157,162,5,5
7332,motor,motorboat,19.0,5.57,1.81,0.0,152,159,164,5,7
7334,small,motorboat,6.25,2.18,0.56,0.0,152,159,166,7,7
7341,super,yacht,27.81,7.59,3.43,35.2,152,159,162,3,7
7350,sail,sailboat,12.39,4.01,1.92,5.6,152,160,168,8,8
7371,sail,sailboat,11.1,3.7,1.82,3.7,152,160,162,2,8
7378,motor,motorboat,10.0,2.79,0.88,5.4,152,160,171,11,8
7403,super,yacht,25.76,6.71,3.21,23.4,152,161,164,3,9
7431,sail,sailboat,15.16,4.76,2.26,0.0,152,162,171,9,10
7466,small,motorboat,7.41,2.58,0.79,2.0,152,163,167,4,11
7479,small,motorboat,8.34,2.95,0.83,0.0,152,163,168,5,11
7547,motor,motorboat,13.93,4.02,1.39,4.2,152,164,192,28,12
7562,motor,motorboat,16.75,4.72,1.63,6.6,152,165,172,7,13
7566,sail,sailboat,14.85,4.75,2.38,0.0,152,165,168,3,13
7610,sail,sailboat,11.13,3.77,1.68,0.0,152,165,166,1,13
7624,sail,sailboat,9.73,3.25,1.71,3.0,152,166,167,1,14
7641,sail,sailboat,13.7,4.21,2.49,3.6,152,166,180,14,14
8117,small,motorboat,7.74,2.71,0.84,2.7,152,178,180,2,26
8170,sail,sailboat,14.78,4.77,2.57,3.0,152,179,185,6,27
8173,sail,sailboat,16.61,5.14,2.79,10.9,152,179,181,2,27
7062,sail,sailboat,13.3,4.41,2.08,5.0,153,153,155,2,0
7099,sail,sailboat,15.81,4.77,2.76,0.0,153,154,157,3,1
7111,sail,sailboat,15.74,5.09,2.72,11.7,153,154,156,2,1
7131,motor,motorboat,11.5,3.35,1.1,6.2,153,155,156,1,2
7137,sail,sailboat,13.09,4.33,2.0,6.7,153,155,172,17,2
7138,motor,motorboat,15.67,4.47,1.6,10.3,153,155,158,3,2
7141,motor,motorboat,14.15,3.98,1.36,4.5,153,155,160,5,2
7142,sail,sailboat,9.72,3.24,1.46,2.9,153,155,156,1,2
7145,motor,motorboat,14.79,4.6,1.4,4.0,153,155,161,6,2
7152,sail,sailboat,12.75,4.23,2.11,0.0,153,155,161,6,2
7155,sail,sailboat,9.5,3.15,1.74,2.5,153,155,157,2,2
7156,sail,sailboat,13.83,4.2,2.35,0.0,153,155,158,3,2
7187,small,motorboat,7.16,2.3,0.75,0.0,153,156,158,2,3
7347,motor,motorboat,16.8,4.75,1.53,8.3,153,160,169,9,7
7377,motor,motorboat,14.73,4.54,1.38,4.8,153,160,162,2,7
7400,motor,motorboat,18.98,5.63,1.9,8.8,153,161,164,3,8
7414,motor,motorboat,12.25,3.6,1.21,3.5,153,161,162,1,8
7423,motor,motorboat,18.22,5.16,1.57,0.0,153,162,176,14,9
7430,super,yacht,22.26,6.12,2.98,19.2,153,162,167,5,9
7455,super,yacht,20.39,5.83,2.66,12.0,153,162,164,2,9
7480,sail,sailboat,14.5,4.54,2.32,5.6,153,163,166,3,10
7577,small,motorboat,8.14,2.83,0.74,0.0,153,165,172,7,12
7649,sail,sailboat,13.39,4.26,2.33,4.5,153,167,169,2,14
7691,super,yacht,21.1,6.0,2.33,16.1,153,168,171,3,15
7913,motor,motorboat,14.12,4.08,1.24,4.0,153,173,180,7,20
7921,super,yacht,27.41,7.46,3.25,30.6,153,173,174,1,20
8011,motor,motorboat,14.68,4.47,1.35,5.8,153,175,178,3,22
8546,small,motorboat,8.57,3.01,0.84,2.7,153,193,195,2,40
8610,small,motorboat,7.3,2.35,0.76,2.1,153,197,200,3,44
7088,motor,motorboat,18.14,5.49,1.9,0.0,154,154,156,2,0
7089,sail,sailboat,12.03,3.91,1.87,5.2,154,154,162,8,0
7106,small,motorboat,8.23,2.86,0.79,0.0,154,154,159,5,0
7112,sail,sailboat,10.92,3.47,1.62,6.0,154,154,163,9,0
7120,small,motorboat,6.04,2.17,0.61,3.1,154,154,161,7,0
7136,sail,sailboat,12.39,3.76,2.28,0.0,154,155,160,5,1
7139,sail,sailboat,9.5,3.12,1.48,3.0,154,155,158,3,1
7147,motor,motorboat,17.72,5.32,1.62,6.2,154,155,169,14,1
7161,sail,sailboat,10.59,3.43,1.7,6.0,154,155,157,2,1
7162,motor,motorboat,14.63,4.08,1.25,5.9,154,155,158,3,1
7163,sail,sailboat,14.76,4.73,2.28,6.5,154,155,159,4,1
7172,small,motorboat,6.55,2.13,0.6,2.2,154,156,157,1,2
7179,motor,motorboat,17.93,5.39,1.65,9.4,154,156,161,5,2
7184,sail,sailboat,15.98,5.01,2.83,0.0,154,156,159,3,2
7188,sail,sailboat,12.52,4.24,2.13,5.8,154,156,158,2,2
7192,motor,motorboat,16.01,4.45,1.43,13.1,154,156,160,4,2
7202,motor,motorboat,14.11,4.3,1.22,3.5,154,156,158,2,2
7203,motor,motorboat,10.0,3.03,0.91,5.1,154,156,163,7,2
7272,sail,sailboat,14.06,4.23,2.38,0.0,154,158,164,6,4
7296,motor,motorboat,10.0,2.85,0.93,5.9,154,158,172,14,4
7340,sail,sailboat,13.72,4.49,2.43,4.5,154,159,165,6,5
7349,sail,sailboat,13.88,4.21,2.36,4.1,154,160,162,2,6
7361,sail,sailboat,13.17,4.45,1.98,4.5,154,160,173,13,6
7443,sail,sailboat,10.47,3.38,1.67,4.6,154,162,167,5,8
7464,small,motorboat,6.69,2.31,0.66,2.7,154,163,166,3,9
7535,sail,sailboat,12.26,3.87,1.98,0.0,154,164,168,4,10
7570,motor,motorboat,13.99,4.33,1.38,4.9,154,165,170,5,11
7591,sail,sailboat,15.06,4.69,2.69,12.8,154,165,167,2,11
7609,sail,sailboat,10.49,3.28,1.93,4.6,154,165,171,6,11
7642,sail,sailboat,15.85,4.97,2.44,0.0,154,166,169,3,12
7645,motor,motorboat,14.2,4.36,1.26,3.7,154,167,172,5,13
7672,sail,sailboat,15.22,4.77,2.44,10.1,154,167,170,3,13
7924,sail,sailboat,12.11,3.9,1.94,4.8,154,173,174,1,19
8094,motor,motorboat,14.27,4.41,1.44,5.9,154,177,179,2,23
8177,super,yacht,22.92,5.9,2.54,36.6,154,179,180,1,25
8401,sail,sailboat,14.94,4.91,2.48,3.7,154,186,194,8,32
8407,sail,sailboat,13.78,4.61,2.52,0.0,154,187,188,1,33
8487,super,yacht,27.26,7.19,3.64,13.7,154,191,195,4,37
8498,sail,sailboat,9.74,2.94,1.74,3.0,154,192,202,10,38
8543,super,yacht,28.05,7.6,3.53,0.0,154,193,194,1,39
8660,sail,sailboat,14.04,4.76,2.11,3.0,154,199,205,6,45
8805,super,yacht,24.02,6.1,2.87,17.0,154,205,208,3,51
8881,super,yacht,21.28,5.97,2.84,12.6,154,209,210,1,55
8899,sail,sailboat,13.38,4.13,2.22,5.2,154,211,212,1,57
7153,small,motorboat,6.84,2.24,0.69,0.0,155,155,156,1,0
7164,motor,motorboat,13.99,4.23,1.46,3.9,155,155,158,3,0
7177,small,motorboat,9.5,3.09,0.92,0.0,155,156,159,3,1
7197,small,motorboat,8.35,2.84,0.8,3.4,155,156,159,3,1
7198,super,yacht,25.08,6.46,2.95,14.0,155,156,157,1,1
7212,motor,motorboat,15.88,4.76,1.46,10.8,155,157,160,3,2
7224,motor,motorboat,17.86,5.22,1.7,9.6,155,157,161,4,2
7235,motor,motorboat,10.0,2.97,1.06,0.0,155,157,159,2,2
7238,motor,motorboat,13.25,4.11,1.21,3.4,155,157,165,8,2
7239,motor,motorboat,13.44,3.91,1.35,5.5,155,157,160,3,2
7244,sail,sailboat,9.76,3.04,1.66,3.3,155,157,166,9,2
7249,motor,motorboat,15.9,4.72,1.44,0.0,155,157,163,6,2
7268,super,yacht,26.31,6.77,3.36,26.8,155,158,161,3,3
7270,sail,sailboat,15.92,5.17,2.61,8.6,155,158,159,1,3
7291,motor,motorboat,15.41,4.37,1.43,0.0,155,158,160,2,3
7324,sail,sailboat,9.5,2.86,1.43,2.5,155,159,189,30,4
7367,sail,sailboat,14.47,4.53,2.42,0.0,155,160,161,1,5
7380,sail,sailboat,13.86,4.63,2.43,6.5,155,160,161,1,5
7391,sail,sailboat,10.8,3.29,1.74,0.0,155,161,167,6,6
7412,sail,sailboat,11.72,3.89,2.0,4.7,155,161,164,3,6
7433,sail,sailboat,9.5,3.03,1.43,3.1,155,162,188,26,7
7475,sail,sailboat,14.88,4.67,2.5,0.0,155,163,165,2,8
7495,sail,sailboat,9.5,2.93,1.73,0.0,155,163,170,7,8
7556,sail,sailboat,15.72,5.04,2.71,11.0,155,165,169,4,10
7589,sail,sailboat,12.68,4.04,2.04,6.6,155,165,170,5,10
7597,small,motorboat,6.35,2.21,0.64,2.4,155,165,173,8,10
7603,small,motorboat,8.12,2.9,0.82,0.0,155,165,173,8,10
7607,small,motorboat,7.41,2.41,0.77,0.0,155,165,167,2,10
7660,sail,sailboat,11.42,3.61,1.93,4.6,155,167,173,6,12
7720,super,yacht,26.66,7.11,3.45,34.0,155,169,171,2,14
7734,motor,motorboat,16.55,4.76,1.47,8.5,155,169,180,11,14
7974,super,yacht,21.68,5.53,2.47,12.1,155,175,176,1,20
8012,sail,sailboat,15.83,4.8,2.51,9.3,155,175,176,1,20
8295,small,motorboat,7.11,2.48,0.72,3.1,155,182,186,4,27
8938,sail,sailboat,13.27,4.28,2.29,6.5,155,213,214,1,58
7171,sail,sailboat,16.01,4.85,2.73,12.3,156,156,157,1,0
7199,sail,sailboat,11.87,3.94,2.14,5.9,156,156,181,25,0
7204,small,motorboat,6.96,2.39,0.7,2.9,156,156,169,13,0
7207,motor,motorboat,12.46,3.47,1.28,4.5,156,156,159,3,0
7214,small,motorboat,7.22,2.56,0.79,0.0,156,157,158,1,1
7222,small,motorboat,6.79,2.29,0.65,0.0,156,157,184,27,1
7227,motor,motorboat,12.96,3.72,1.26,4.1,156,157,169,12,1
7230,small,motorboat,8.74,2.98,0.88,0.0,156,157,160,3,1
7256,motor,motorboat,14.47,4.34,1.46,5.4,156,157,158,1,1
7264,motor,motorboat,15.15,4.28,1.44,13.6,156,158,163,5,2
7277,sail,sailboat,16.93,5.64,2.89,0.0,156,158,162,4,2
7282,sail,sailboat,13.21,4.44,1.99,6.5,156,158,160,2,2
7286,motor,motorboat,17.9,5.31,1.66,8.2,156,158,160,2,2
7295,motor,motorboat,19.2,5.58,1.79,8.8,156,158,160,2,2
7304,motor,motorboat,14.62,4.24,1.38,5.7,156,158,162,4,2
7305,sail,sailboat,15.28,5.04,2.32,11.9,156,158,163,5,2
7308,sail,sailboat,15.04,4.81,2.44,6.2,156,158,159,1,2
7344,sail,sailboat,14.45,4.71,2.18,4.6,156,159,163,4,3
7352,sail,sailboat,13.68,4.13,2.42,6.6,156,160,165,5,4
7373,sail,sailboat,10.87,3.39,1.88,3.9,156,160,161,1,4
7415,small,motorboat,7.11,2.29,0.7,0.0,156,161,163,2,5
7436,motor,motorboat,11.05,3.14,1.01,6.0,156,162,169,7,6
7491,sail,sailboat,13.45,4.29,2.08,5.3,156,163,168,5,7
7511,super,yacht,27.22,7.4,3.38,0.0,156,164,172,8,8
7519,sail,sailboat,13.95,4.61,2.56,6.0,156,164,165,1,8
7632,sail,sailboat,17.0,5.52,2.73,12.0,156,166,167,1,10
7643,motor,motorboat,10.0,2.95,1.02,3.8,156,167,169,2,11
7644,sail,sailboat,12.23,3.68,2.05,5.0,156,167,170,3,11
7673,sail,sailboat,10.52,3.47,1.92,4.3,156,168,170,2,12
7802,small,motorboat,7.9,2.67,0.81,0.0,156,171,175,4,15
8513,motor,motorboat,15.15,4.26,1.35,0.0,156,192,194,2,36
8533,sail,sailboat,14.55,4.82,2.62,4.1,156,193,194,1,37
8693,small,motorboat,7.36,2.36,0.73,0.0,156,199,201,2,43
8857,sail,sailboat,11.84,3.65,2.08,3.4,156,208,209,1,52
8864,sail,sailboat,11.35,3.52,2.02,3.8,156,208,211,3,52
7213,sail,sailboat,14.94,4.5,2.51,4.2,157,157,166,9,0
7219,sail,sailboat,15.08,4.55,2.26,6.7,157,157,159,2,0
7220,sail,sailboat,12.85,4.22,2.11,3.3,157,157,170,13,0
7223,sail,sailboat,14.15,4.39,2.56,3.5,157,157,160,3,0
7225,sail,sailboat,13.06,4.22,2.38,3.3,157,157,162,5,0
7226,motor,motorboat,11.34,3.19,1.09,6.7,157,157,161,4,0
7232,sail,sailboat,9.5,2.86,1.55,0.0,157,157,160,3,0
7241,sail,sailboat,13.7,4.47,2.5,0.0,157,157,158,1,0
7248,small,motorboat,8.17,2.81,0.89,2.1,157,157,162,5,0
7258,sail,sailboat,15.73,5.21,2.5,7.5,157,157,164,7,0
7266,sail,sailboat,9.78,3.03,1.72,2.8,157,158,165,7,1
7273,motor,motorboat,13.3,3.74,1.38,7.0,157,158,164,6,1
7275,motor,motorboat,17.81,5.08,1.84,11.0,157,158,163,5,1
7284,sail,sailboat,10.91,3.53,1.73,0.0,157,158,159,1,1
7290,motor,motorboat,18.02,5.23,1.57,10.4,157,158,161,3,1
7293,sail,sailboat,13.78,4.65,2.28,4.1,157,158,163,5,1
7300,small,motorboat,7.9,2.77,0.85,2.5,157,158,165,7,1
7307,motor,motorboat,16.48,4.98,1.66,6.6,157,158,163,5,1
7317,sail,sailboat,14.19,4.49,2.45,5.4,157,159,163,4,2
7323,sail,sailboat,11.09,3.64,1.91,6.4,157,159,160,1,2
7325,sail,sailboat,11.07,3.54,1.84,6.7,157,159,160,1,2
7329,motor,motorboat,15.93,4.56,1.55,13.5,157,159,162,3,2
7351,sail,sailboat,15.02,4.84,2.66,13.8,157,160,161,1,3
7468,small,motorboat,8.86,3.04,0.83,0.0,157,163,165,2,6
7481,sail,sailboat,13.23,4.13,2.13,0.0,157,163,165,2,6
7508,sail,sailboat,15.89,4.79,2.84,12.3,157,164,166,2,7
7520,super,yacht,27.02,7.4,3.37,30.3,157,164,170,6,7
7565,motor,motorboat,17.11,4.98,1.51,0.0,157,165,166,1,8
7618,motor,motorboat,11.76,3.56,1.04,3.9,157,166,171,5,9
7621,motor,motorboat,14.14,4.01,1.38,4.3,157,166,172,6,9
7625,sail,sailboat,16.04,4.84,2.66,0.0,157,166,167,1,9
7630,super,yacht,21.35,5.72,2.31,38.3,157,166,172,6,9
7665,sail,sailboat,14.98,4.97,2.65,6.8,157,167,170,3,10
7688,small,motorboat,7.83,2.69,0.73,3.0,157,168,169,1,11
7760,small,motorboat,7.42,2.57,0.72,2.7,157,170,174,4,13
7817,super,yacht,24.96,6.62,3.14,14.1,157,171,174,3,14
7833,motor,motorboat,11.45,3.4,1.01,3.4,157,171,178,7,14
7959,super,yacht,23.49,6.28,2.62,14.3,157,174,175,1,17
8195,super,yacht,24.74,6.5,3.02,26.7,157,179,189,10,22
8215,sail,sailboat,11.87,3.86,2.01,5.3,157,179,181,2,22
8379,small,motorboat,8.86,3.17,0.81,0.0,157,186,187,1,29
8434,motor,motorboat,19.21,5.73,2.04,7.3,157,188,194,6,31
7276,motor,motorboat,14.04,4.31,1.23,4.3,158,158,160,2,0
7278,motor,motorboat,13.64,4.08,1.27,6.0,158,158,159,1,0
7279,small,motorboat,7.14,2.31,0.79,0.0,158,158,161,3,0
7285,small,motorboat,6.42,2.1,0.71,3.2,158,158,163,5,0
7299,motor,motorboat,10.0,2.84,1.06,3.4,158,158,161,3,0
7306,motor,motorboat,13.59,3.77,1.28,4.7,158,158,187,29,0
7310,super,yacht,26.26,7.02,3.3,0.0,158,158,161,3,0
7312,super,yacht,28.36,7.82,3.71,19.0,158,159,165,6,1
7320,motor,motorboat,15.84,4.4,1.52,10.6,158,159,162,3,1
7353,motor,motorboat,13.5,3.8,1.26,0.0,158,160,163,3,2
7358,sail,sailboat,14.49,4.75,2.32,6.0,158,160,161,1,2
7366,motor,motorboat,11.55,3.46,1.16,0.0,158,160,162,2,2
7375,sail,sailboat,17.0,5.39,2.74,0.0,158,160,162,2,2
7465,motor,motorboat,16.49,4.61,1.64,9.8,158,163,166,3,5
7489,sail,sailboat,13.6,4.2,2.44,4.2,158,163,165,2,5
7492,motor,motorboat,11.62,3.26,1.04,5.6,158,163,167,4,5
7493,sail,sailboat,14.36,4.35,2.46,3.4,158,163,177,14,5
7498,sail,sailboat,11.35,3.54,2.03,4.2,158,164,173,9,6
7502,sail,sailboat,12.99,4.3,1.95,0.0,158,164,176,12,6
7614,small,motorboat,7.89,2.81,0.74,3.2,158,166,167,1,8
7622,motor,motorboat,13.62,3.99,1.34,6.2,158,166,170,4,8
7628,sail,sailboat,15.4,4.83,2.75,13.8,158,166,168,2,8
7654,motor,motorboat,13.15,3.77,1.37,6.6,158,167,172,5,9
7669,sail,sailboat,12.76,3.97,2.1,5.2,158,167,169,2,9
7726,sail,sailboat,13.01,4.19,2.19,0.0,158,169,170,1,11
7742,small,motorboat,6.13,2.16,0.58,0.0,158,170,173,3,12
7745,sail,sailboat,13.63,4.52,2.05,5.9,158,170,174,4,12
7820,motor,motorboat,14.78,4.49,1.51,4.8,158,171,175,4,13
7935,sail,sailboat,14.3,4.4,2.47,4.5,158,174,176,2,16
8245,motor,motorboat,16.53,4.94,1.53,8.0,158,180,184,4,22
8286,sail,sailboat,13.96,4.45,2.14,6.0,158,181,188,7,23
8315,sail,sailboat,12.65,4.13,2.34,6.1,158,182,203,21,24
8531,sail,sailboat,13.98,4.36,2.23,0.0,158,193,214,21,35
8583,motor,motorboat,11.59,3.4,1.01,4.6,158,196,202,6,38
8724,small,motorboat,6.12,2.17,0.6,0.0,158,201,204,3,43
8947,motor,motorboat,13.88,4.27,1.45,0.0,158,213,214,1,55
7311,sail,sailboat,9.84,3.24,1.54,2.4,159,159,160,1,0
7316,sail,sailboat,12.09,3.84,2.16,3.8,159,159,166,7,0
7321,sail,sailboat,12.63,4.28,1.98,3.6,159,159,161,2,0
7322,super,yacht,25.38,6.83,3.12,38.0,159,159,161,2,0
7331,small,motorboat,6.54,2.16,0.63,3.4,159,159,165,6,0
7336,sail,sailboat,12.7,4.21,2.26,6.6,159,159,162,3,0
7385,sail,sailboat,11.58,3.59,1.83,6.3,159,160,174,14,1
7392,motor,motorboat,19.05,5.29,1.93,9.7,159,161,166,5,2
7394,sail,sailboat,13.17,4.05,2.21,4.9,159,161,164,3,2
7395,small,motorboat,7.15,2.37,0.79,0.0,159,161,166,5,2
7396,sail,sailboat,9.94,3.14,1.8,2.5,159,161,166,5,2
7439,small,motorboat,9.42,3.3,0.89,0.0,159,162,165,3,3
7476,sail,sailboat,12.13,4.04,2.23,4.6,159,163,165,2,4
7486,sail,sailboat,11.34,3.65,1.7,6.6,159,163,170,7,4
7496,motor,motorboat,17.04,4.99,1.76,0.0,159,163,176,13,4
7525,sail,sailboat,13.82,4.45,2.34,3.4,159,164,166,2,5
7555,sail,sailboat,16.65,5.45,2.56,0.0,159,165,170,5,6
7567,motor,motorboat,12.15,3.77,1.19,3.7,159,165,167,2,6
7598,small,motorboat,9.4,3.11,0.97,0.0,159,165,169,4,6
7637,motor,motorboat,12.07,3.48,1.23,4.6,159,166,174,8,7
7698,motor,motorboat,10.55,2.98,1.0,3.5,159,168,177,9,9
7711,sail,sailboat,12.49,4.2,2.24,4.6,159,169,181,12,10
7727,small,motorboat,9.28,3.3,0.89,0.0,159,169,176,7,10
7791,sail,sailboat,15.67,5.13,2.89,7.0,159,171,173,2,12
7825,super,yacht,27.47,7.06,3.01,20.5,159,171,174,3,12
7871,sail,sailboat,10.82,3.39,1.66,6.0,159,172,173,1,13
7897,small,motorboat,7.49,2.46,0.76,0.0,159,173,175,2,14
7923,motor,motorboat,14.22,4.22,1.3,0.0,159,173,174,1,14
8438,small,motorboat,7.69,2.52,0.81,0.0,159,188,194,6,29
8737,sail,sailboat,10.73,3.42,1.86,4.5,159,202,207,5,43
8913,small,motorboat,9.32,3.21,1.01,2.0,159,212,214,2,53
7355,small,motorboat,7.06,2.47,0.76,3.3,160,160,161,1,0
7398,sail,sailboat,15.7,4.74,2.54,7.0,160,161,164,3,1
7417,sail,sailboat,9.67,3.19,1.45,0.0,160,162,167,5,2
7427,small,motorboat,9.42,3.13,0.86,2.6,160,162,166,4,2
7435,sail,sailboat,14.4,4.37,2.49,4.5,160,162,176,14,2
7473,sail,sailboat,17.0,5.47,2.82,13.7,160,163,167,4,3
7500,motor,motorboat,17.56,5.29,1.75,6.5,160,164,169,5,4
7580,super,yacht,21.59,5.66,2.45,18.1,160,165,167,2,5
7590,sail,sailboat,14.09,4.66,2.6,0.0,160,165,166,1,5
7608,sail,sailboat,10.23,3.31,1.84,4.6,160,165,176,11,5
7656,small,motorboat,8.6,2.8,0.84,0.0,160,167,173,6,7
7786,sail,sailboat,13.73,4.16,2.44,5.1,160,170,175,5,10
7792,motor,motorboat,18.15,5.18,1.67,8.5,160,171,199,28,11
7828,sail,sailboat,9.5,2.91,1.71,2.6,160,171,173,2,11
7840,motor,motorboat,14.41,4.08,1.47,4.7,160,172,177,5,12
7850,sail,sailboat,13.76,4.4,2.4,4.2,160,172,179,7,12
7852,sail,sailboat,12.93,4.06,2.1,3.9,160,172,181,9,12
7891,small,motorboat,7.8,2.5,0.79,3.0,160,173,180,7,13
7895,small,motorboat,8.7,2.84,0.84,2.4,160,173,174,1,13
7916,motor,motorboat,14.48,4.2,1.28,6.8,160,173,177,4,13
7940,motor,motorboat,12.98,3.88,1.15,5.2,160,174,177,3,14
8341,sail,sailboat,14.89,4.83,2.66,0.0,160,184,186,2,24
8386,motor,motorboat,12.66,3.62,1.28,5.5,160,186,193,7,26
8483,small,motorboat,7.7,2.49,0.73,0.0,160,191,194,3,31
8544,motor,motorboat,12.76,3.84,1.19,0.0,160,193,204,11,33
8545,sail,sailboat,14.79,4.87,2.7,5.0,160,193,194,1,33
8616,super,yacht,28.95,7.41,3.75,28.1,160,197,204,7,37
8690,motor,motorboat,18.34,5.18,1.77,6.9,160,199,202,3,39
8696,motor,motorboat,12.12,3.68,1.13,6.1,160,200,202,2,40
8734,sail,sailboat,13.17,4.0,2.22,4.5,160,202,209,7,42
8870,super,yacht,24.11,6.28,2.96,30.0,160,209,210,1,49
8918,sail,sailboat,9.76,2.97,1.79,2.9,160,212,214,2,52
7387,sail,sailboat,17.0,5.45,3.05,7.9,161,161,164,3,0
7399,sail,sailboat,11.87,3.86,1.85,0.0,161,161,162,1,0
7402,sail,sailboat,9.68,2.94,1.53,2.1,161,161,162,1,0
7405,sail,sailboat,10.54,3.41,1.9,3.9,161,161,162,1,0
7426,sail,sailboat,11.1,3.67,1.88,0.0,161,162,187,25,1
7447,motor,motorboat,16.29,4.98,1.47,10.5,161,162,165,3,1
7461,motor,motorboat,21.98,6.87,2.18,26.7,161,163,166,3,2
7469,small,motorboat,8.87,2.84,0.99,2.8,161,163,164,1,2
7474,sail,sailboat,15.82,5.26,2.83,0.0,161,163,164,1,2
7499,motor,motorboat,14.74,4.45,1.48,3.5,161,164,166,2,3
7560,super,yacht,28.12,7.5,3.66,29.0,161,165,167,2,4
7664,sail,sailboat,13.8,4.4,2.24,6.3,161,167,176,9,6
7723,sail,sailboat,16.47,5.56,2.98,10.7,161,169,171,2,8
7733,motor,motorboat,12.37,3.52,1.32,3.8,161,169,178,9,8
7736,sail,sailboat,12.62,4.07,2.07,3.9,161,169,170,1,8
7740,motor,motorboat,14.96,4.56,1.51,5.4,161,170,196,26,9
7756,sail,sailboat,15.3,4.75,2.56,11.3,161,170,181,11,9
7777,small,motorboat,7.33,2.46,0.7,2.7,161,170,171,1,9
7796,motor,motorboat,17.14,5.06,1.72,11.2,161,171,173,2,10
7797,sail,sailboat,14.3,4.7,2.49,5.6,161,171,173,2,10
7830,small,motorboat,7.38,2.4,0.76,2.2,161,171,173,2,10
7865,sail,sailboat,15.23,4.8,2.77,6.6,161,172,177,5,11
7882,sail,sailboat,12.42,3.76,1.98,3.6,161,172,174,2,11
7941,sail,sailboat,12.21,3.78,2.1,4.5,161,174,187,13,13
7949,small,motorboat,6.34,2.15,0.67,0.0,161,174,176,2,13
7989,sail,sailboat,10.99,3.44,1.68,7.0,161,175,177,2,14
7990,motor,motorboat,12.46,3.55,1.3,5.0,161,175,176,1,14
7996,sail,sailboat,15.87,4.96,2.9,6.4,161,175,178,3,14
8133,sail,sailboat,11.96,3.77,2.08,6.1,161,178,179,1,17
8169,super,yacht,26.93,6.84,3.02,36.4,161,178,188,10,17
8519,sail,sailboat,13.67,4.45,2.26,6.5,161,193,205,12,32
8569,small,motorboat,8.37,2.76,0.82,3.4,161,195,197,2,34
8801,sail,sailboat,10.22,3.11,1.57,5.4,161,205,207,2,44
7419,motor,motorboat,15.09,4.36,1.3,7.4,162,162,167,5,0
7429,motor,motorboat,12.7,3.72,1.31,4.7,162,162,163,1,0
7432,motor,motorboat,16.28,4.66,1.68,10.8,162,162,163,1,0
7438,motor,motorboat,13.79,4.11,1.25,6.7,162,162,163,1,0
7440,motor,motorboat,17.4,4.87,1.54,9.1,162,162,167,5,0
7456,small,motorboat,9.5,3.21,0.87,0.0,162,162,186,24,0
7484,small,motorboat,7.11,2.53,0.73,0.0,162,163,166,3,1
7504,sail,sailboat,10.8,3.54,1.75,5.2,162,164,170,6,2
7506,sail,sailboat,12.55,4.25,2.28,3.8,162,164,171,7,2
7507,sail,sailboat,12.94,3.92,2.05,0.0,162,164,166,2,2
7512,sail,sailboat,11.71,3.63,1.78,0.0,162,164,165,1,2
7521,small,motorboat,7.84,2.8,0.87,3.3,162,164,171,7,2
7528,motor,motorboat,13.37,3.98,1.41,3.3,162,164,167,3,2
7530,motor,motorboat,10.98,3.12,0.97,6.7,162,164,171,7,2
7536,sail,sailboat,10.99,3.39,1.84,0.0,162,164,167,3,2
7539,small,motorboat,8.33,2.94,0.84,0.0,162,164,165,1,2
7551,small,motorboat,7.18,2.35,0.77,0.0,162,164,171,7,2
7581,motor,motorboat,10.48,3.1,1.06,4.5,162,165,180,15,3
7638,motor,motorboat,10.0,2.98,0.94,6.4,162,166,168,2,4
7652,sail,sailboat,11.95,3.82,1.84,3.8,162,167,168,1,5
7662,motor,motorboat,13.0,3.71,1.35,4.0,162,167,171,4,5
7663,sail,sailboat,12.09,4.09,2.02,0.0,162,167,170,3,5
7776,sail,sailboat,14.81,4.76,2.4,0.0,162,170,171,1,8
7805,super,yacht,22.33,6.24,2.62,12.1,162,171,173,2,9
7832,sail,sailboat,12.06,3.82,2.11,4.6,162,171,177,6,9
7842,super,yacht,24.5,6.74,3.27,20.7,162,172,174,2,10
7903,small,motorboat,9.05,3.14,0.99,2.4,162,173,176,3,11
7925,motor,motorboat,17.16,5.19,1.81,12.8,162,173,180,7,11
7950,small,motorboat,7.98,2.86,0.83,0.0,162,174,180,6,12
7972,sail,sailboat,9.5,3.1,1.57,2.3,162,175,178,3,13
7991,motor,motorboat,11.3,3.17,1.05,6.5,162,175,182,7,13
7993,motor,motorboat,17.44,4.95,1.54,9.8,162,175,196,21,13
7994,sail,sailboat,12.19,3.75,2.11,3.7,162,175,180,5,13
8008,sail,sailboat,12.78,4.16,2.13,4.0,162,175,176,1,13
8040,sail,sailboat,9.5,2.89,1.56,2.8,162,176,204,28,14
8064,motor,motorboat,14.49,4.45,1.41,6.7,162,176,204,28,14
8075,sail,sailboat,13.36,4.25,2.12,6.5,162,177,180,3,15
8420,small,motorboat,6.75,2.22,0.7,0.0,162,187,189,2,25
8447,motor,motorboat,12.59,3.88,1.31,5.4,162,189,197,8,27
8457,super,yacht,27.79,7.82,3.2,34.7,162,189,195,6,27
8471,sail,sailboat,11.94,3.87,1.79,0.0,162,190,196,6,28
8689,super,yacht,26.48,7.12,3.09,30.1,162,199,203,4,37
8726,small,motorboat,6.27,2.24,0.63,2.8,162,201,203,2,39
8850,small,motorboat,8.18,2.89,0.83,3.5,162,208,210,2,46
7470,motor,motorboat,15.37,4.34,1.63,7.4,163,163,169,6,0
7483,motor,motorboat,12.28,3.46,1.21,0.0,163,163,168,5,0
7510,sail,sailboat,11.68,3.52,1.89,0.0,163,164,172,8,1
7513,motor,motorboat,15.2,4.63,1.52,13.1,163,164,179,15,1
7514,motor,motorboat,11.69,3.43,1.21,4.5,163,164,169,5,1
7516,sail,sailboat,11.15,3.57,1.84,5.7,163,164,166,2,1
7526,sail,sailboat,16.37,5.29,2.62,0.0,163,164,165,1,1
7532,motor,motorboat,14.71,4.13,1.52,3.1,163,164,171,7,1
7542,sail,sailboat,10.17,3.13,1.56,5.4,163,164,165,1,1
7544,sail,sailboat,13.42,4.15,2.07,5.1,163,164,168,4,1
7545,sail,sailboat,12.4,4.04,2.26,4.5,163,164,165,1,1
7550,super,yacht,26.88,6.93,3.14,15.3,163,164,167,3,1
7558,motor,motorboat,17.15,5.29,1.47,8.6,163,165,168,3,2
7582,motor,motorboat,16.99,4.81,1.52,10.3,163,165,166,1,2
7596,small,motorboat,6.33,2.14,0.67,2.3,163,165,167,2,2
7611,sail,sailboat,9.5,3.2,1.54,0.0,163,165,168,3,2
7686,motor,motorboat,14.37,4.11,1.48,3.2,163,168,172,4,5
7710,motor,motorboat,11.06,3.4,1.07,6.3,163,169,170,1,6
7713,sail,sailboat,12.87,4.17,2.31,5.9,163,169,175,6,6
7779,motor,motorboat,14.48,4.14,1.39,3.4,163,170,183,13,7
7794,super,yacht,24.12,6.88,3.01,12.7,163,171,172,1,8
7839,small,motorboat,6.9,2.23,0.69,2.8,163,171,172,1,8
7855,sail,sailboat,10.14,3.11,1.77,6.3,163,172,179,7,9
7859,motor,motorboat,15.51,4.32,1.63,12.1,163,172,175,3,9
7904,sail,sailboat,10.4,3.35,1.55,6.4,163,173,176,3,10
7928,super,yacht,22.47,6.11,2.95,18.5,163,173,180,7,10
7963,sail,sailboat,12.28,3.83,1.88,3.9,163,174,175,1,11
8045,small,motorboat,9.18,3.15,0.88,0.0,163,176,179,3,13
8052,motor,motorboat,10.96,3.42,1.07,6.8,163,176,183,7,13
8103,sail,sailboat,10.74,3.31,1.73,6.9,163,177,179,2,14
8145,motor,motorboat,12.7,3.76,1.19,4.1,163,178,179,1,15
8240,sail,sailboat,9.5,2.95,1.58,2.6,163,180,205,25,17
8293,sail,sailboat,11.23,3.75,1.72,5.4,163,181,186,5,18
8608,motor,motorboat,15.41,4.49,1.39,10.5,163,197,198,1,34
7503,sail,sailboat,10.36,3.31,1.64,5.5,164,164,165,1,0
7505,sail,sailboat,11.76,3.55,1.94,5.3,164,164,165,1,0
7515,motor,motorboat,14.88,4.56,1.46,0.0,164,164,171,7,0
7517,sail,sailboat,13.88,4.29,2.38,3.6,164,164,168,4,0
7518,motor,motorboat,14.1,4.08,1.29,5.5,164,164,165,1,0
7524,small,motorboat,7.0,2.27,0.73,2.3,164,164,166,2,0
7531,motor,motorboat,12.91,3.8,1.27,5.5,164,164,169,5,0
7543,sail,sailboat,16.39,5.22,2.83,13.2,164,164,178,14,0
7554,motor,motorboat,17.47,5.29,1.69,13.1,164,164,165,1,0
7572,motor,motorboat,13.68,3.88,1.43,5.0,164,165,168,3,1
7573,sail,sailboat,15.2,4.94,2.55,7.6,164,165,168,3,1
7587,motor,motorboat,13.72,4.11,1.4,3.9,164,165,190,25,1
7593,sail,sailboat,10.67,3.33,1.87,3.3,164,165,171,6,1
7600,sail,sailboat,10.69,3.56,1.94,0.0,164,165,166,1,1
7616,sail,sailboat,10.61,3.25,1.9,5.6,164,166,167,1,2
7619,sail,sailboat,15.25,5.09,2.28,6.3,164,166,169,3,2
7633,sail,sailboat,11.86,3.86,1.8,6.8,164,166,169,3,2
7634,sail,sailboat,14.49,4.9,2.66,0.0,164,166,169,3,2
7636,motor,motorboat,15.49,4.61,1.4,7.3,164,166,169,3,2
7681,motor,motorboat,17.26,5.15,1.8,6.5,164,168,174,6,4
7712,motor,motorboat,18.17,5.13,1.69,0.0,164,169,178,9,5
7754,motor,motorboat,14.36,4.34,1.46,6.2,164,170,172,2,6
7804,motor,motorboat,10.14,2.83,0.98,5.1,164,171,179,8,7
7853,motor,motorboat,12.03,3.48,1.08,0.0,164,172,176,4,8
7883,motor,motorboat,13.63,4.21,1.4,4.7,164,172,175,3,8
7894,sail,sailboat,15.01,4.78,2.61,12.4,164,173,175,2,9
7912,small,motorboat,8.92,2.94,0.98,0.0,164,173,175,2,9
7939,motor,motorboat,19.92,5.95,1.86,12.6,164,174,183,9,10
7960,small,motorboat,9.45,3.24,1.02,2.7,164,174,175,1,10
7986,small,motorboat,8.57,2.81,0.89,2.4,164,175,177,2,11
8034,motor,motorboat,17.75,5.1,1.7,0.0,164,176,204,28,12
8059,motor,motorboat,12.18,3.45,1.07,6.8,164,176,183,7,12
8084,motor,motorboat,14.85,4.45,1.51,5.1,164,177,190,13,13
8104,sail,sailboat,13.41,4.08,2.17,3.3,164,177,178,1,13
8147,motor,motorboat,11.32,3.41,1.18,0.0,164,178,181,3,14
8157,motor,motorboat,16.28,4.8,1.65,13.2,164,178,183,5,14
8204,motor,motorboat,16.2,4.96,1.61,12.2,164,179,180,1,15
8222,motor,motorboat,15.08,4.54,1.3,0.0,164,180,181,1,16
8335,motor,motorboat,10.0,3.08,1.0,4.8,164,183,186,3,19
8337,motor,motorboat,15.38,4.4,1.51,0.0,164,184,189,5,20
8406,super,yacht,23.12,6.53,2.88,36.4,164,187,191,4,23
8475,motor,motorboat,17.87,5.14,1.7,0.0,164,190,191,1,26
7561,sail,sailboat,15.65,5.04,2.74,8.3,165,165,166,1,0
7564,small,motorboat,6.28,2.11,0.7,2.4,165,165,185,20,0
7569,small,motorboat,6.43,2.16,0.64,0.0,165,165,166,1,0
7574,sail,sailboat,17.0,5.68,2.83,6.2,165,165,169,4,0
7584,sail,sailboat,11.35,3.54,1.88,5.2,165,165,167,2,0
7585,sail,sailboat,10.74,3.35,1.74,6.0,165,165,166,1,0
7588,motor,motorboat,16.7,5.18,1.65,0.0,165,165,167,2,0
7595,sail,sailboat,10.8,3.35,1.96,0.0,165,165,167,2,0
7604,sail,sailboat,9.5,2.86,1.5,2.3,165,165,168,3,0
7615,sail,sailboat,11.45,3.74,2.03,0.0,165,166,173,7,1
7617,sail,sailboat,15.8,5.14,2.84,10.8,165,166,167,1,1
7620,motor,motorboat,16.49,5.05,1.6,7.3,165,166,168,2,1
7627,motor,motorboat,14.63,4.11,1.47,3.8,165,166,168,2,1
7629,motor,motorboat,12.87,3.97,1.26,5.7,165,166,168,2,1
7640,motor,motorboat,15.42,4.53,1.33,10.5,165,166,180,14,1
7648,small,motorboat,7.26,2.55,0.73,2.9,165,167,169,2,2
7653,super,yacht,25.66,6.59,3.1,27.7,165,167,169,2,2
7666,motor,motorboat,17.58,5.16,1.65,7.4,165,167,174,7,2
7668,motor,motorboat,20.09,5.98,1.77,0.0,165,167,169,2,2
7692,sail,sailboat,9.5,2.91,1.54,3.0,165,168,171,3,3
7700,motor,motorboat,12.16,3.66,1.27,6.8,165,168,170,2,3
7780,motor,motorboat,16.83,5.22,1.51,9.0,165,170,171,1,5
7782,sail,sailboat,12.14,3.75,1.92,6.0,165,170,176,6,5
7844,small,motorboat,6.61,2.37,0.66,0.0,165,172,174,2,7
7849,sail,sailboat,12.33,4.02,1.92,6.6,165,172,177,5,7
7862,sail,sailboat,13.59,4.54,2.05,3.2,165,172,179,7,7
7890,small,motorboat,9.26,3.14,0.89,0.0,165,173,179,6,8
7931,super,yacht,28.67,8.11,3.78,26.9,165,174,177,3,9
7952,sail,sailboat,15.5,5.11,2.76,13.8,165,174,175,1,9
7992,small,motorboat,7.99,2.58,0.88,0.0,165,175,186,11,10
8001,sail,sailboat,9.5,2.96,1.73,0.0,165,175,181,6,10
8010,motor,motorboat,15.18,4.21,1.39,6.3,165,175,178,3,10
8016,motor,motorboat,12.31,3.81,1.3,5.1,165,175,176,1,10
8030,sail,sailboat,15.28,4.81,2.78,8.4,165,176,179,3,11
8077,sail,sailboat,15.4,5.13,2.45,6.3,165,177,180,3,12
8105,motor,motorboat,15.91,4.87,1.49,0.0,165,177,178,1,12
8218,sail,sailboat,13.15,4.12,2.39,3.8,165,179,193,14,14
8219,sail,sailboat,12.94,4.28,1.99,6.3,165,179,184,5,14
8452,motor,motorboat,19.59,6.07,1.69,7.4,165,189,193,4,24
8785,super,yacht,28.13,7.76,3.64,16.8,165,205,211,6,40
8796,small,motorboat,8.57,3.07,0.87,0.0,165,205,210,5,40
8876,motor,motorboat,16.98,4.76,1.7,13.8,165,209,210,1,44
8949,super,yacht,22.65,5.87,2.77,28.2,165,213,214,1,48
7613,sail,sailboat,12.7,4.29,2.34,3.1,166,166,173,7,0
7650,sail,sailboat,13.35,4.16,2.27,3.1,166,167,171,4,1
7651,super,yacht,26.08,6.8,3.12,36.1,166,167,172,5,1
7655,small,motorboat,8.06,2.77,0.82,0.0,166,167,170,3,1
7658,motor,motorboat,18.07,5.24,1.71,11.4,166,167,168,1,1
7667,sail,sailboat,10.13,3.1,1.86,0.0,166,167,173,6,1
7674,sail,sailboat,15.79,5.24,2.45,0.0,166,168,170,2,2
7675,small,motorboat,7.27,2.58,0.76,2.6,166,168,174,6,2
7687,sail,sailboat,12.24,3.87,2.07,5.5,166,168,179,11,2
7693,sail,sailboat,12.05,3.74,1.98,4.1,166,168,182,14,2
7695,small,motorboat,9.28,3.24,0.84,3.0,166,168,170,2,2
7699,motor,motorboat,13.82,4.12,1.28,3.9,166,168,175,7,2
7764,motor,motorboat,15.53,4.59,1.56,13.6,166,170,174,4,4
7801,motor,motorboat,17.05,5.14,1.47,11.9,166,171,175,4,5
7806,sail,sailboat,11.13,3.75,1.98,0.0,166,171,172,1,5
7827,small,motorboat,9.39,3.19,1.0,3.2,166,171,174,3,5
7838,sail,sailboat,17.0,5.72,2.57,10.3,166,171,172,1,5
7887,sail,sailboat,12.7,3.99,1.89,0.0,166,172,176,4,6
7889,sail,sailboat,11.92,3.73,2.11,5.1,166,173,176,3,7
7920,sail,sailboat,9.5,3.02,1.73,2.2,166,173,175,2,7
7929,motor,motorboat,22.0,6.43,2.14,0.0,166,174,177,3,8
7932,sail,sailboat,10.58,3.42,1.74,0.0,166,174,181,7,8
7953,sail,sailboat,15.89,4.83,2.38,9.5,166,174,177,3,8
7968,small,motorboat,8.84,2.9,0.82,0.0,166,174,177,3,8
8100,small,motorboat,9.5,3.37,0.86,0.0,166,177,180,3,11
8113,motor,motorboat,12.93,3.84,1.28,4.7,166,177,183,6,11
8140,sail,sailboat,15.77,4.76,2.63,6.9,166,178,182,4,12
8144,small,motorboat,9.27,3.08,0.85,0.0,166,178,184,6,12
8213,sail,sailboat,13.37,4.53,2.34,3.6,166,179,180,1,13
8224,sail,sailboat,14.09,4.6,2.39,6.9,166,180,187,7,14
8233,motor,motorboat,15.4,4.33,1.34,12.2,166,180,183,3,14
8235,motor,motorboat,16.11,4.76,1.49,11.4,166,180,186,6,14
8244,small,motorboat,9.01,2.98,0.87,0.0,166,180,187,7,14
8253,sail,sailboat,13.13,4.36,2.4,3.9,166,180,183,3,14
8387,motor,motorboat,10.0,3.09,0.89,0.0,166,186,188,2,20
8503,sail,sailboat,12.82,3.91,2.0,5.0,166,192,196,4,26
8609,super,yacht,24.95,6.5,2.7,15.1,166,197,204,7,31
8901,sail,sailboat,13.41,4.07,2.19,4.0,166,211,212,1,45
7646,motor,motorboat,17.52,5.18,1.64,12.1,167,167,170,3,0
7670,sail,sailboat,15.03,4.68,2.32,0.0,167,167,172,5,0
7682,small,motorboat,8.48,2.77,0.8,2.0,167,168,171,3,1
7685,motor,motorboat,15.64,4.41,1.44,8.1,167,168,175,7,1
7707,motor,motorboat,17.69,4.98,1.56,9.3,167,169,176,7,2
7708,sail,sailboat,11.37,3.47,1.75,3.9,167,169,174,5,2
7709,motor,motorboat,22.0,6.28,2.13,32.1,167,169,173,4,2
7719,small,motorboat,6.13,2.09,0.63,0.0,167,169,176,7,2
7721,sail,sailboat,13.66,4.43,2.05,0.0,167,169,170,1,2
7747,sail,sailboat,9.85,3.22,1.57,3.2,167,170,172,2,3
7749,sail,sailboat,9.81,3.11,1.79,3.4,167,170,173,3,3
7751,sail,sailboat,14.88,4.64,2.5,6.7,167,170,173,3,3
7765,sail,sailboat,12.75,4.07,2.15,4.4,167,170,171,1,3
7769,motor,motorboat,19.0,5.4,1.65,0.0,167,170,172,2,3
7841,motor,motorboat,15.6,4.5,1.65,13.6,167,172,174,2,5
7843,sail,sailboat,13.89,4.62,2.23,4.8,167,172,178,6,5
7856,sail,sailboat,16.41,5.48,2.53,11.2,167,172,176,4,5
7858,sail,sailboat,9.5,3.18,1.55,2.1,167,172,177,5,5
7922,sail,sailboat,16.09,5.05,2.51,12.2,167,173,176,3,6
7944,motor,motorboat,16.92,4.91,1.59,11.6,167,174,180,6,7
7948,sail,sailboat,16.98,5.51,2.71,7.3,167,174,177,3,7
7964,sail,sailboat,9.5,3.21,1.56,2.8,167,174,179,5,7
8003,sail,sailboat,11.97,3.83,2.02,3.5,167,175,183,8,8
8048,sail,sailboat,9.5,3.04,1.64,3.3,167,176,178,2,9
8061,motor,motorboat,12.18,3.48,1.18,4.0,167,176,179,3,9
8131,sail,sailboat,13.43,4.28,2.21,7.0,167,178,179,1,11
8168,sail,sailboat,14.11,4.69,2.41,5.9,167,178,180,2,11
8174,sail,sailboat,14.38,4.62,2.48,3.8,167,179,182,3,12
8175,super,yacht,25.7,7.05,3.02,15.8,167,179,185,6,12
8186,sail,sailboat,17.0,5.16,2.99,0.0,167,179,185,6,12
8228,sail,sailboat,9.5,2.96,1.65,3.4,167,180,183,3,13
8257,motor,motorboat,17.39,4.94,1.64,9.6,167,181,183,2,14
8272,sail,sailboat,11.96,3.78,2.13,3.9,167,181,192,11,14
8275,motor,motorboat,11.99,3.62,1.05,0.0,167,181,183,2,14
8314,small,motorboat,7.13,2.52,0.71,0.0,167,182,188,6,15
8390,sail,sailboat,13.76,4.63,2.22,6.0,167,186,189,3,19
8656,motor,motorboat,15.4,4.8,1.53,9.8,167,198,201,3,31
8733,motor,motorboat,13.36,3.81,1.25,5.4,167,202,207,5,35
8768,small,motorboat,8.05,2.9,0.9,0.0,167,204,209,5,37
8900,small,motorboat,7.64,2.52,0.84,0.0,167,211,214,3,44
8925,small,motorboat,8.39,2.97,0.89,0.0,167,213,214,1,46
7680,sail,sailboat,9.5,2.94,1.61,2.8,168,168,171,3,0
7684,sail,sailboat,13.16,4.29,2.29,6.1,168,168,176,8,0
7697,sail,sailboat,13.02,3.92,2.06,6.8,168,168,170,2,0
7701,small,motorboat,6.86,2.23,0.63,0.0,168,168,169,1,0
7702,sail,sailboat,15.7,4.87,2.43,11.6,168,168,175,7,0
7703,sail,sailboat,16.32,4.97,2.8,0.0,168,169,176,7,1
7705,sail,sailboat,14.34,4.75,2.37,0.0,168,169,170,1,1
7725,sail,sailboat,15.51,4.83,2.75,0.0,168,169,173,4,1
7730,sail,sailboat,12.18,3.99,2.18,5.1,168,169,173,4,1
7757,sail,sailboat,13.03,3.99,2.13,6.9,168,170,172,2,2
7763,motor,motorboat,14.75,4.25,1.35,6.1,168,170,177,7,2
7768,small,motorboat,7.4,2.56,0.77,2.2,168,170,177,7,2
7783,motor,motorboat,12.5,3.69,1.12,3.6,168,170,176,6,2
7784,sail,sailboat,12.89,4.24,2.08,3.2,168,170,174,4,2
7787,sail,sailboat,14.44,4.61,2.66,5.2,168,170,173,3,2
7803,sail,sailboat,16.43,5.06,2.72,12.7,168,171,174,3,3
7824,motor,motorboat,16.07,4.89,1.67,8.6,168,171,176,5,3
7873,sail,sailboat,15.88,5.35,2.48,13.5,168,172,174,2,4
7886,sail,sailboat,12.7,4.24,1.97,6.9,168,172,200,28,4
7937,motor,motorboat,17.58,5.45,1.53,10.7,168,174,175,1,6
7946,sail,sailboat,12.81,3.98,2.21,5.7,168,174,203,29,6
7947,sail,sailboat,17.0,5.48,2.67,13.3,168,174,175,1,6
7981,sail,sailboat,10.95,3.47,1.75,0.0,168,175,177,2,7
7985,sail,sailboat,11.69,3.52,1.85,5.0,168,175,186,11,7
8019,sail,sailboat,11.72,3.67,1.79,3.1,168,175,177,2,7
8043,motor,motorboat,19.54,5.49,2.05,10.4,168,176,179,3,8
8050,sail,sailboat,14.73,4.76,2.55,4.5,168,176,178,2,8
8135,sail,sailboat,10.52,3.35,1.79,5.6,168,178,183,5,10
8151,sail,sailboat,15.28,4.72,2.34,8.5,168,178,201,23,10
8163,small,motorboat,8.62,2.79,0.86,0.0,168,178,183,5,10
8179,sail,sailboat,14.99,5.0,2.7,0.0,168,179,185,6,11
8210,sail,sailboat,16.18,5.26,2.95,0.0,168,179,185,6,11
8227,motor,motorboat,14.79,4.61,1.36,5.3,168,180,187,7,12
8238,sail,sailboat,13.31,4.09,2.11,5.9,168,180,185,5,12
8290,sail,sailboat,10.53,3.44,1.73,3.6,168,181,184,3,13
8508,motor,motorboat,18.1,5.18,1.8,7.3,168,192,195,3,24
8865,sail,sailboat,13.6,4.33,2.27,3.1,168,208,214,6,40
7704,small,motorboat,9.29,3.01,0.96,2.2,169,169,175,6,0
7728,sail,sailboat,13.61,4.3,2.37,4.6,169,169,172,3,0
7731,motor,motorboat,12.89,3.66,1.28,3.5,169,169,170,1,0
7732,small,motorboat,6.72,2.39,0.68,2.9,169,169,174,5,0
7738,sail,sailboat,11.16,3.73,1.85,0.0,169,169,176,7,0
7741,small,motorboat,7.34,2.59,0.67,0.0,169,170,172,2,1
7743,sail,sailboat,15.58,5.12,2.74,6.7,169,170,172,2,1
7746,sail,sailboat,10.5,3.49,1.62,6.7,169,170,172,2,1
7750,small,motorboat,8.34,2.67,0.78,0.0,169,170,173,3,1
7753,small,motorboat,6.1,1.95,0.56,2.6,169,170,171,1,1
7761,sail,sailboat,13.19,4.29,2.28,6.6,169,170,171,1,1
7767,sail,sailboat,12.73,4.15,2.29,3.7,169,170,178,8,1
7771,sail,sailboat,13.85,4.67,2.08,6.1,169,170,176,6,1
7775,sail,sailboat,13.42,4.18,2.23,0.0,169,170,180,10,1
7788,motor,motorboat,17.53,4.88,1.64,9.0,169,170,173,3,1
7789,small,motorboat,6.51,2.32,0.72,0.0,169,171,180,9,2
7799,motor,motorboat,15.35,4.63,1.35,11.0,169,171,177,6,2
7809,sail,sailboat,17.0,5.39,2.6,0.0,169,171,172,1,2
7819,sail,sailboat,15.97,5.0,2.77,0.0,169,171,172,1,2
7914,motor,motorboat,16.9,4.83,1.56,10.1,169,173,176,3,4
7934,sail,sailboat,15.39,5.02,2.31,10.9,169,174,176,2,5
8017,motor,motorboat,14.54,4.25,1.35,4.9,169,175,178,3,6
8041,sail,sailboat,12.23,4.07,1.93,5.8,169,176,177,1,7
8044,motor,motorboat,17.41,5.27,1.75,6.3,169,176,179,3,7
8049,motor,motorboat,10.0,3.01,0.97,0.0,169,176,179,3,7
8054,sail,sailboat,13.97,4.36,2.54,5.1,169,176,180,4,7
8056,motor,motorboat,18.13,5.56,1.84,8.1,169,176,182,6,7
8139,small,motorboat,7.68,2.49,0.77,0.0,169,178,180,2,9
8197,motor,motorboat,11.48,3.26,1.14,7.0,169,179,180,1,10
8200,motor,motorboat,11.83,3.48,1.2,4.0,169,179,191,12,10
8201,motor,motorboat,16.93,5.2,1.51,9.8,169,179,185,6,10
8274,sail,sailboat,13.19,4.3,1.97,6.6,169,181,182,1,12
8700,super,yacht,22.81,5.91,2.96,14.4,169,200,202,2,31
8715,motor,motorboat,14.97,4.6,1.34,5.5,169,201,202,1,32
7752,sail,sailboat,13.93,4.68,2.13,4.8,170,170,171,1,0
7755,small,motorboat,6.04,2.1,0.63,0.0,170,170,172,2,0
7758,motor,motorboat,14.99,4.33,1.41,4.9,170,170,172,2,0
7759,sail,sailboat,12.73,3.89,2.28,6.4,170,170,176,6,0
7778,sail,sailboat,11.86,3.78,1.81,0.0,170,170,171,1,0
7785,motor,motorboat,16.63,4.93,1.6,11.7,170,170,177,7,0
7790,super,yacht,25.1,6.62,3.19,35.5,170,171,173,2,1
7793,motor,motorboat,17.61,4.9,1.57,9.4,170,171,172,1,1
7808,sail,sailboat,10.5,3.28,1.64,5.0,170,171,175,4,1
7812,super,yacht,22.46,5.88,2.75,36.2,170,171,176,5,1
7822,sail,sailboat,17.0,5.27,2.9,7.2,170,171,177,6,1
7831,motor,motorboat,19.12,5.61,1.9,8.5,170,171,173,2,1
7836,motor,motorboat,14.13,4.17,1.24,0.0,170,171,185,14,1
7846,sail,sailboat,13.42,4.19,2.01,5.7,170,172,173,1,2
7854,sail,sailboat,14.88,4.88,2.28,3.5,170,172,178,6,2
7881,small,motorboat,7.15,2.5,0.73,3.0,170,172,175,3,2
7962,small,motorboat,9.34,3.2,0.9,3.1,170,174,175,1,4
8014,motor,motorboat,10.0,2.93,1.03,6.9,170,175,179,4,5
8072,motor,motorboat,12.11,3.62,1.25,6.3,170,177,182,5,7
8121,small,motorboat,7.31,2.4,0.68,0.0,170,178,184,6,8
8148,small,motorboat,7.05,2.53,0.72,3.5,170,178,182,4,8
8167,super,yacht,21.85,6.12,2.81,24.1,170,178,180,2,8
8171,small,motorboat,9.06,3.26,0.9,2.9,170,179,181,2,9
8181,sail,sailboat,13.33,4.05,2.39,4.7,170,179,180,1,9
8256,sail,sailboat,16.31,5.09,2.68,0.0,170,180,193,13,10
8260,motor,motorboat,14.41,4.08,1.43,3.7,170,181,184,3,11
8279,small,motorboat,8.25,2.72,0.92,0.0,170,181,183,2,11
8298,motor,motorboat,13.62,3.94,1.22,5.6,170,182,186,4,12
8305,sail,sailboat,9.5,2.91,1.53,2.1,170,182,185,3,12
8902,sail,sailboat,14.8,4.95,2.39,0.0,170,211,212,1,41
7795,motor,motorboat,15.76,4.69,1.67,13.0,171,171,173,2,0
7814,motor,motorboat,14.83,4.33,1.52,5.8,171,171,177,6,0
7821,motor,motorboat,10.0,3.12,0.9,4.2,171,171,182,11,0
7837,sail,sailboat,11.98,3.99,2.1,0.0,171,171,174,3,0
7861,sail,sailboat,16.84,5.45,2.95,11.1,171,172,175,3,1
7867,sail,sailboat,11.28,3.66,2.02,3.7,171,172,174,2,1
7868,motor,motorboat,13.43,3.83,1.21,6.3,171,172,173,1,1
7874,small,motorboat,8.77,2.95,0.95,0.0,171,172,173,1,1
7877,small,motorboat,7.44,2.5,0.74,0.0,171,172,174,2,1
7878,motor,motorboat,18.33,5.47,1.58,11.2,171,172,174,2,1
7880,sail,sailboat,13.45,4.26,2.23,0.0,171,172,175,3,1
7892,sail,sailboat,10.94,3.43,1.88,6.8,171,173,177,4,2
7896,sail,sailboat,14.1,4.77,2.53,4.1,171,173,178,5,2
7901,sail,sailboat,15.97,4.97,2.64,0.0,171,173,176,3,2
7905,sail,sailboat,15.97,4.95,2.71,9.3,171,173,176,3,2
7906,motor,motorboat,17.48,4.95,1.78,10.2,171,173,175,2,2
7907,sail,sailboat,10.77,3.28,1.93,4.2,171,173,180,7,2
7909,small,motorboat,8.61,3.09,0.83,0.0,171,173,176,3,2
7918,small,motorboat,8.54,2.99,0.9,0.0,171,173,177,4,2
7919,motor,motorboat,13.96,4.35,1.2,4.3,171,173,175,2,2
7942,small,motorboat,6.39,2.28,0.68,0.0,171,174,179,5,3
8079,sail,sailboat,13.79,4.45,2.12,3.8,171,177,180,3,6
8093,sail,sailboat,13.24,4.28,1.97,5.7,171,177,178,1,6
8096,motor,motorboat,16.85,4.99,1.5,13.6,171,177,183,6,6
8099,sail,sailboat,13.36,4.26,2.05,6.8,171,177,181,4,6
8101,sail,sailboat,14.79,4.49,2.63,6.3,171,177,188,11,6
8211,motor,motorboat,18.13,5.63,1.8,11.1,171,179,181,2,8
8232,sail,sailboat,12.06,3.86,2.2,0.0,171,180,183,3,9
8271,motor,motorboat,12.77,3.88,1.26,3.1,171,181,182,1,10
8273,sail,sailboat,17.0,5.66,2.69,9.9,171,181,182,1,10
8294,sail,sailboat,11.8,3.59,1.86,3.7,171,182,184,2,11
8296,sail,sailboat,14.88,4.83,2.66,5.7,171,182,186,4,11
8842,motor,motorboat,19.09,5.4,1.81,9.1,171,207,209,2,36
8889,motor,motorboat,10.0,3.01,0.91,5.9,171,210,214,4,39
7860,small,motorboat,8.84,3.0,0.8,3.1,172,172,188,16,0
7863,sail,sailboat,9.5,3.1,1.42,2.4,172,172,174,2,0
7884,sail,sailboat,14.95,4.68,2.61,5.7,172,172,177,5,0
7888,motor,motorboat,14.26,4.39,1.36,5.6,172,173,178,5,1
7898,sail,sailboat,12.58,4.12,2.31,3.1,172,173,175,2,1
7911,motor,motorboat,14.2,4.02,1.46,3.5,172,173,174,1,1
7917,motor,motorboat,16.23,4.75,1.55,7.9,172,173,178,5,1
7926,motor,motorboat,14.75,4.47,1.55,4.2,172,173,178,5,1
7943,small,motorboat,8.5,2.76,0.8,3.4,172,174,175,1,2
7951,small,motorboat,6.04,2.04,0.55,0.0,172,174,180,6,2
7958,sail,sailboat,14.38,4.41,2.45,6.2,172,174,188,14,2
8106,super,yacht,22.61,6.4,3.0,30.6,172,177,182,5,5
8123,small,motorboat,7.75,2.56,0.8,0.0,172,178,181,3,6
8154,small,motorboat,9.3,3.31,0.98,0.0,172,178,185,7,6
8164,motor,motorboat,17.25,5.17,1.6,6.0,172,178,183,5,6
8165,sail,sailboat,13.41,4.1,2.05,5.2,172,178,190,12,6
8221,motor,motorboat,15.33,4.32,1.36,12.7,172,179,180,1,7
8239,motor,motorboat,15.42,4.36,1.52,6.2,172,180,185,5,8
8267,sail,sailboat,17.0,5.75,2.63,0.0,172,181,188,7,9
8346,sail,sailboat,12.42,4.12,1.85,6.2,172,184,185,1,12
8358,sail,sailboat,13.97,4.71,2.37,5.3,172,185,188,3,13
8579,super,yacht,22.36,5.77,2.55,26.9,172,195,196,1,23
8626,super,yacht,26.34,7.35,3.3,25.8,172,197,198,1,25
8632,sail,sailboat,12.05,3.94,1.83,6.3,172,198,200,2,26
7933,small,motorboat,8.71,2.93,0.96,0.0,173,174,178,4,1
7938,motor,motorboat,17.72,5.24,1.66,0.0,173,174,177,3,1
7945,small,motorboat,9.36,3.35,1.01,0.0,173,174,176,2,1
7954,small,motorboat,9.3,3.02,0.96,2.8,173,174,177,3,1
7969,sail,sailboat,15.79,5.29,2.49,10.1,173,174,199,25,1
7973,sail,sailboat,12.17,3.98,2.21,3.3,173,175,181,6,2
7975,sail,sailboat,11.06,3.46,1.98,0.0,173,175,178,3,2
7982,small,motorboat,8.39,2.97,0.92,0.0,173,175,188,13,2
7983,sail,sailboat,14.88,4.7,2.67,4.2,173,175,181,6,2
7984,sail,sailboat,11.51,3.47,1.93,4.1,173,175,182,7,2
7997,sail,sailboat,10.6,3.43,1.81,0.0,173,175,178,3,2
7998,sail,sailboat,13.85,4.58,2.39,0.0,173,175,178,3,2
8005,sail,sailboat,11.13,3.77,1.99,6.5,173,175,176,1,2
8006,sail,sailboat,12.24,3.82,1.92,5.4,173,175,177,2,2
8007,sail,sailboat,12.99,3.97,2.18,5.5,173,175,189,14,2
8009,sail,sailboat,11.38,3.66,1.71,3.5,173,175,180,5,2
8026,sail,sailboat,13.33,4.37,2.04,6.3,173,176,182,6,3
8037,motor,motorboat,16.72,5.17,1.5,8.2,173,176,180,4,3
8089,motor,motorboat,10.0,2.8,0.89,3.5,173,177,179,2,4
8098,sail,sailboat,17.0,5.63,2.58,10.4,173,177,179,2,4
8118,sail,sailboat,15.0,4.54,2.56,12.5,173,178,179,1,5
8120,super,yacht,24.34,6.65,3.07,26.6,173,178,182,4,5
8226,motor,motorboat,15.21,4.61,1.54,13.3,173,180,183,3,7
8291,motor,motorboat,12.0,3.45,1.03,5.9,173,181,182,1,8
8319,sail,sailboat,9.5,3.13,1.52,2.3,173,183,186,3,10
8333,small,motorboat,7.63,2.71,0.81,2.7,173,183,186,3,10
8375,sail,sailboat,13.54,4.3,2.27,4.5,173,185,189,4,12
8405,motor,motorboat,15.94,4.76,1.57,9.3,173,187,194,7,14
8417,sail,sailboat,13.06,3.96,2.27,5.0,173,187,188,1,14
8422,small,motorboat,8.71,3.05,0.79,0.0,173,187,188,1,14
8680,sail,sailboat,16.34,5.52,2.92,0.0,173,199,202,3,26
8810,sail,sailboat,14.21,4.44,2.49,4.3,173,206,209,3,33
8896,small,motorboat,8.3,2.85,0.86,0.0,173,211,214,3,38
7930,small,motorboat,6.18,2.05,0.61,0.0,174,174,179,5,0
7956,small,motorboat,8.8,3.08,0.9,0.0,174,174,175,1,0
7957,sail,sailboat,11.25,3.57,1.81,3.9,174,174,176,2,0
7961,sail,sailboat,13.13,4.05,2.0,5.7,174,174,175,1,0
7965,motor,motorboat,13.47,3.85,1.16,6.4,174,174,181,7,0
7966,motor,motorboat,15.75,4.88,1.44,7.8,174,174,176,2,0
7967,small,motorboat,8.57,2.88,0.89,0.0,174,174,175,1,0
7971,sail,sailboat,12.63,4.26,1.89,4.8,174,174,180,6,0
7987,motor,motorboat,12.39,3.69,1.1,6.5,174,175,188,13,1
7988,sail,sailboat,12.03,3.88,2.0,0.0,174,175,182,7,1
8004,motor,motorboat,18.86,5.87,1.99,12.2,174,175,181,6,1
8018,sail,sailboat,14.8,4.96,2.59,5.3,174,175,178,3,1
8020,sail,sailboat,12.39,4.2,2.15,6.8,174,175,190,15,1
8025,sail,sailboat,15.26,5.17,2.28,7.3,174,176,195,19,2
8031,motor,motorboat,14.48,4.26,1.25,6.4,174,176,182,6,2
8038,sail,sailboat,13.62,4.41,2.21,4.7,174,176,180,4,2
8058,motor,motorboat,10.0,2.89,1.06,0.0,174,176,180,4,2
8146,sail,sailboat,13.13,4.39,2.2,0.0,174,178,180,2,4
8276,sail,sailboat,12.89,3.98,2.2,0.0,174,181,183,2,7
8303,small,motorboat,8.85,2.85,0.95,3.5,174,182,188,6,8
8332,motor,motorboat,14.22,4.41,1.31,3.1,174,183,187,4,9
8349,sail,sailboat,12.48,4.18,2.18,3.4,174,184,187,3,10
8350,small,motorboat,9.26,3.11,0.99,3.4,174,184,190,6,10
8376,sail,sailboat,11.03,3.36,1.74,3.5,174,186,191,5,12
8391,motor,motorboat,17.13,5.31,1.61,11.3,174,186,198,12,12
8431,motor,motorboat,14.84,4.57,1.52,3.1,174,188,197,9,14
8440,motor,motorboat,16.55,4.82,1.46,7.4,174,188,189,1,14
7978,small,motorboat,7.42,2.46,0.82,0.0,175,175,178,3,0
7979,motor,motorboat,16.45,4.96,1.64,8.9,175,175,178,3,0
7980,sail,sailboat,14.41,4.36,2.48,3.1,175,175,186,11,0
7999,sail,sailboat,11.16,3.53,1.77,5.4,175,175,176,1,0
8027,motor,motorboat,17.12,4.83,1.61,7.0,175,176,177,1,1
8042,sail,sailboat,17.0,5.16,2.61,9.8,175,176,179,3,1
8060,sail,sailboat,11.71,3.87,1.82,5.7,175,176,179,3,1
8066,sail,sailboat,9.66,2.95,1.46,2.7,175,176,177,1,1
8068,sail,sailboat,10.39,3.39,1.83,3.8,175,176,179,3,1
8070,motor,motorboat,17.97,5.43,1.79,10.4,175,176,184,8,1
8074,sail,sailboat,13.4,4.07,2.4,5.4,175,177,183,6,2
8076,motor,motorboat,18.63,5.52,1.7,14.0,175,177,190,13,2
8107,motor,motorboat,14.13,4.23,1.33,5.4,175,177,178,1,2
8109,motor,motorboat,17.49,5.44,1.62,13.4,175,177,178,1,2
8112,small,motorboat,8.5,2.78,0.86,0.0,175,177,180,3,2
8172,motor,motorboat,16.26,4.58,1.56,7.3,175,179,183,4,4
8237,motor,motorboat,12.37,3.63,1.31,3.2,175,180,182,2,5
8243,sail,sailboat,10.49,3.23,1.93,3.4,175,180,187,7,5
8299,sail,sailboat,12.61,3.82,2.22,0.0,175,182,211,29,7
8330,motor,motorboat,10.0,2.82,1.01,3.1,175,183,186,3,8
8352,sail,sailboat,12.43,3.79,2.06,0.0,175,185,186,1,10
8496,motor,motorboat,16.17,4.58,1.55,0.0,175,192,195,3,17
8946,super,yacht,28.21,7.64,3.71,39.5,175,213,214,1,38
8028,motor,motorboat,14.51,4.3,1.48,5.5,176,176,189,13,0
8029,sail,sailboat,13.07,4.38,2.16,4.9,176,176,179,3,0
8032,small,motorboat,8.21,2.64,0.75,2.1,176,176,196,20,0
8035,motor,motorboat,16.68,5.17,1.47,11.2,176,176,178,2,0
8036,sail,sailboat,11.88,3.8,2.02,6.1,176,176,178,2,0
8055,super,yacht,23.64,6.47,3.15,27.0,176,176,179,3,0
8063,small,motorboat,6.69,2.19,0.71,0.0,176,176,183,7,0
8071,super,yacht,28.98,7.52,3.7,23.7,176,177,180,3,1
8073,sail,sailboat,9.5,3.06,1.43,2.2,176,177,186,9,1
8078,small,motorboat,9.38,3.07,0.91,3.3,176,177,200,23,1
8081,sail,sailboat,14.62,4.77,2.55,0.0,176,177,178,1,1
8088,sail,sailboat,11.33,3.77,2.0,6.0,176,177,182,5,1
8108,sail,sailboat,13.4,4.41,2.01,3.1,176,177,187,10,1
8110,sail,sailboat,9.5,3.0,1.62,3.4,176,177,189,12,1
8122,sail,sailboat,13.23,4.11,1.98,0.0,176,178,190,12,2
8125,motor,motorboat,14.6,4.55,1.33,3.5,176,178,181,3,2
8137,sail,sailboat,11.69,3.81,1.96,0.0,176,178,179,1,2
8143,motor,motorboat,17.13,4.8,1.6,8.6,176,178,193,15,2
8152,motor,motorboat,16.15,4.81,1.66,12.9,176,178,181,3,2
8161,sail,sailboat,15.18,4.81,2.76,11.1,176,178,185,7,2
8166,sail,sailboat,10.91,3.39,1.65,3.8,176,178,185,7,2
8194,sail,sailboat,13.68,4.44,2.33,0.0,176,179,193,14,3
8214,small,motorboat,7.48,2.52,0.71,2.1,176,179,185,6,3
8220,motor,motorboat,19.04,5.94,1.71,6.5,176,179,198,19,3
8263,motor,motorboat,15.3,4.65,1.4,11.9,176,181,195,14,5
8449,motor,motorboat,19.25,5.45,1.8,9.4,176,189,193,4,13
8642,small,motorboat,7.76,2.6,0.73,2.2,176,198,204,6,22
8080,motor,motorboat,16.47,4.75,1.71,9.4,177,177,181,4,0
8083,small,motorboat,7.92,2.83,0.84,2.6,177,177,179,2,0
8090,sail,sailboat,12.76,4.13,2.23,4.0,177,177,194,17,0
8097,sail,sailboat,13.4,4.31,2.4,0.0,177,177,180,3,0
8102,small,motorboat,7.6,2.63,0.82,2.9,177,177,179,2,0
8114,sail,sailboat,12.65,4.22,2.21,5.3,177,177,178,1,0
8119,motor,motorboat,16.79,5.21,1.73,12.3,177,178,179,1,1
8150,sail,sailboat,12.37,3.96,2.28,4.0,177,178,181,3,1
8158,super,yacht,22.45,6.03,2.75,15.9,177,178,181,3,1
8176,sail,sailboat,11.9,3.74,2.12,5.3,177,179,193,14,2
8185,super,yacht,22.58,6.11,2.81,19.6,177,179,185,6,2
8202,small,motorboat,9.25,3.19,0.98,0.0,177,179,180,1,2
8208,motor,motorboat,20.63,6.04,1.8,33.0,177,179,182,3,2
8212,sail,sailboat,11.45,3.52,1.85,5.1,177,179,185,6,2
8236,sail,sailboat,12.87,4.2,2.19,3.1,177,180,185,5,3
8250,motor,motorboat,19.96,5.97,1.81,10.5,177,180,183,3,3
8258,super,yacht,25.63,7.04,2.94,23.5,177,181,185,4,4
8304,sail,sailboat,11.3,3.72,1.99,0.0,177,182,183,1,5
8331,small,motorboat,6.52,2.14,0.65,2.5,177,183,188,5,6
8355,small,motorboat,8.0,2.83,0.8,0.0,177,185,192,7,8
8369,super,yacht,25.94,7.08,3.11,25.0,177,185,214,29,8
8403,small,motorboat,6.24,2.16,0.64,2.8,177,186,189,3,9
8461,small,motorboat,8.89,2.88,0.88,0.0,177,190,195,5,13
8714,motor,motorboat,14.71,4.12,1.47,4.7,177,201,202,1,24
8128,motor,motorboat,15.95,4.52,1.62,10.0,178,178,182,4,0
8129,sail,sailboat,10.8,3.37,1.72,0.0,178,178,180,2,0
8134,sail,sailboat,10.08,3.18,1.61,4.9,178,178,182,4,0
8136,motor,motorboat,14.21,4.25,1.39,0.0,178,178,179,1,0
8191,motor,motorboat,16.35,4.98,1.72,12.0,178,179,180,1,1
8199,small,motorboat,6.42,2.22,0.67,0.0,178,179,180,1,1
8217,sail,sailboat,12.05,3.97,2.05,5.2,178,179,180,1,1
8223,motor,motorboat,11.86,3.64,1.16,0.0,178,180,193,13,2
8231,motor,motorboat,10.0,2.81,0.89,4.4,178,180,192,12,2
8242,motor,motorboat,18.79,5.58,1.88,0.0,178,180,187,7,2
8252,motor,motorboat,14.26,4.29,1.35,4.3,178,180,191,11,2
8261,sail,sailboat,15.02,4.79,2.77,11.0,178,181,182,1,3
8280,sail,sailboat,14.7,4.52,2.33,3.7,178,181,183,2,3
8306,sail,sailboat,13.28,4.27,2.37,6.6,178,182,184,2,4
8322,sail,sailboat,16.87,5.66,2.96,11.3,178,183,185,2,5
8323,motor,motorboat,13.47,3.93,1.31,0.0,178,183,192,9,5
8338,small,motorboat,8.86,2.98,0.9,0.0,178,184,187,3,6
8402,motor,motorboat,13.87,4.25,1.26,6.5,178,186,193,7,8
8437,sail,sailboat,10.45,3.47,1.86,3.1,178,188,192,4,10
8507,motor,motorboat,13.35,4.03,1.29,6.9,178,192,195,3,14
8509,sail,sailboat,12.34,4.04,2.15,6.7,178,192,193,1,14
8595,sail,sailboat,12.0,3.64,2.14,6.5,178,196,207,11,18
8727,motor,motorboat,18.5,5.29,1.8,10.8,178,202,209,7,24
8184,motor,motorboat,17.4,4.84,1.72,9.2,179,179,182,3,0
8189,small,motorboat,8.06,2.6,0.74,2.4,179,179,185,6,0
8209,sail,sailboat,14.82,4.57,2.69,5.0,179,179,181,2,0
8216,motor,motorboat,16.32,4.83,1.72,11.3,179,179,181,2,0
8230,motor,motorboat,10.0,2.95,1.02,3.0,179,180,187,7,1
8246,sail,sailboat,13.33,4.08,2.16,6.8,179,180,187,7,1
8247,sail,sailboat,12.44,3.76,1.92,0.0,179,180,183,3,1
8248,motor,motorboat,12.23,3.8,1.18,4.1,179,180,186,6,1
8249,motor,motorboat,11.06,3.36,0.97,3.9,179,180,181,1,1
8266,small,motorboat,7.4,2.39,0.78,0.0,179,181,182,1,2
8268,sail,sailboat,13.09,4.4,2.05,0.0,179,181,193,12,2
8342,sail,sailboat,15.01,4.57,2.74,0.0,179,184,205,21,5
8370,small,motorboat,7.52,2.41,0.78,2.6,179,185,186,1,6
8439,super,yacht,27.62,7.21,3.71,36.1,179,188,189,1,9
8470,small,motorboat,7.6,2.5,0.77,2.6,179,190,193,3,11
8514,sail,sailboat,16.37,5.07,2.75,8.9,179,192,194,2,13
8550,sail,sailboat,13.68,4.32,2.16,0.0,179,193,196,3,14
8552,motor,motorboat,12.22,3.7,1.07,0.0,179,193,195,2,14
8577,super,yacht,26.64,7.41,3.26,28.1,179,195,201,6,16
8225,motor,motorboat,18.12,5.26,1.82,11.6,180,180,184,4,0
8234,small,motorboat,8.99,2.92,0.88,3.4,180,180,181,1,0
8264,sail,sailboat,15.86,4.93,2.53,0.0,180,181,189,8,1
8265,small,motorboat,9.03,3.13,0.92,3.3,180,181,187,6,1
8278,motor,motorboat,12.19,3.81,1.06,4.3,180,181,182,1,1
8284,sail,sailboat,11.2,3.41,1.93,0.0,180,181,186,5,1
8328,sail,sailboat,11.62,3.54,1.75,0.0,180,183,184,1,3
8359,sail,sailboat,16.05,4.84,2.7,13.0,180,185,188,3,5
8362,sail,sailboat,13.36,4.44,2.02,5.1,180,185,199,14,5
8441,sail,sailboat,11.33,3.75,1.85,6.1,180,189,190,1,9
8474,small,motorboat,6.35,2.14,0.67,0.0,180,190,198,8,10
8489,small,motorboat,7.41,2.44,0.67,3.3,180,191,197,6,11
8501,small,motorboat,6.2,2.07,0.62,2.8,180,192,198,6,12
8511,sail,sailboat,11.04,3.51,1.93,4.6,180,192,193,1,12
8565,sail,sailboat,11.1,3.66,1.72,4.8,180,194,197,3,14
8578,motor,motorboat,13.17,3.87,1.37,3.1,180,195,208,13,15
8281,sail,sailboat,14.05,4.49,2.22,6.3,181,181,182,1,0
8287,motor,motorboat,15.5,4.56,1.59,6.7,181,181,193,12,0
8289,sail,sailboat,11.85,3.92,1.8,6.0,181,181,184,3,0
8292,sail,sailboat,16.52,5.38,2.95,10.1,181,181,182,1,0
8300,motor,motorboat,13.25,4.12,1.38,5.2,181,182,184,2,1
8307,motor,motorboat,16.85,4.88,1.53,7.1,181,182,185,3,1
8308,motor,motorboat,10.8,3.21,1.01,0.0,181,182,193,11,1
8316,sail,sailboat,12.05,4.01,2.16,3.3,181,182,184,2,1
8326,small,motorboat,6.69,2.15,0.68,0.0,181,183,184,1,2
8327,super,yacht,27.88,7.16,3.45,16.6,181,183,186,3,2
8389,sail,sailboat,14.72,4.67,2.62,0.0,181,186,199,13,5
8397,small,motorboat,9.49,3.24,0.86,0.0,181,186,189,3,5
8409,motor,motorboat,15.46,4.39,1.38,11.1,181,187,200,13,6
8430,motor,motorboat,10.0,3.03,0.99,5.6,181,188,194,6,7
8435,sail,sailboat,16.09,5.46,2.6,8.3,181,188,192,4,7
8459,sail,sailboat,12.68,4.21,2.19,5.0,181,190,191,1,9
8472,sail,sailboat,15.47,4.92,2.64,12.5,181,190,192,2,9
8542,motor,motorboat,10.4,3.06,1.03,4.1,181,193,196,3,12
8797,motor,motorboat,12.11,3.62,1.07,6.1,181,205,211,6,24
8325,motor,motorboat,19.23,5.34,1.74,12.5,182,183,186,3,1
8351,motor,motorboat,16.69,4.99,1.65,6.9,182,184,186,2,2
8356,motor,motorboat,11.41,3.21,1.12,3.3,182,185,186,1,3
8366,super,yacht,28.86,7.44,3.63,29.7,182,185,189,4,3
8410,super,yacht,27.39,7.83,3.39,33.9,182,187,188,1,5
8418,motor,motorboat,14.54,4.25,1.35,5.0,182,187,191,4,5
8424,motor,motorboat,13.2,3.94,1.18,5.1,182,188,190,2,6
8494,sail,sailboat,13.37,4.36,2.03,5.4,182,192,198,6,10
8584,motor,motorboat,16.89,5.01,1.64,7.9,182,196,210,14,14
8588,small,motorboat,7.41,2.65,0.82,2.9,182,196,199,3,14
8329,sail,sailboat,12.62,4.21,2.32,0.0,183,183,184,1,0
8343,super,yacht,23.48,6.34,2.71,20.0,183,184,188,4,1
8348,sail,sailboat,9.5,3.1,1.53,3.1,183,184,212,28,1
8361,small,motorboat,8.9,2.92,0.87,3.2,183,185,188,3,2
8363,sail,sailboat,9.67,3.14,1.44,0.0,183,185,187,2,2
8371,sail,sailboat,15.8,4.77,2.36,6.0,183,185,187,2,2
8372,super,yacht,24.27,6.21,3.24,26.2,183,185,190,5,2
8381,motor,motorboat,13.31,3.95,1.31,0.0,183,186,189,3,3
8408,sail,sailboat,13.64,4.38,2.28,0.0,183,187,189,2,4
8412,sail,sailboat,16.02,5.4,2.86,0.0,183,187,198,11,4
8426,sail,sailboat,10.27,3.31,1.67,0.0,183,188,193,5,5
8454,sail,sailboat,14.13,4.48,2.16,0.0,183,189,194,5,6
8469,sail,sailboat,11.54,3.81,1.99,3.7,183,190,193,3,7
8482,motor,motorboat,10.0,2.83,0.88,3.8,183,191,195,4,8
8499,motor,motorboat,13.94,4.06,1.25,3.9,183,192,193,1,9
8526,super,yacht,22.23,5.81,2.82,28.1,183,193,197,4,10
8547,sail,sailboat,13.95,4.2,2.09,5.9,183,193,202,9,10
8557,sail,sailboat,11.47,3.62,1.83,4.1,183,194,198,4,11
8559,super,yacht,20.35,5.53,2.54,22.2,183,194,198,4,11
8585,small,motorboat,6.12,2.09,0.58,0.0,183,196,197,1,13
8592,small,motorboat,6.93,2.44,0.72,0.0,183,196,199,3,13
8778,super,yacht,22.74,6.46,2.49,32.8,183,205,206,1,22
8803,motor,motorboat,14.48,4.12,1.51,6.7,183,205,206,1,22
8948,super,yacht,24.45,6.23,3.23,28.9,183,213,214,1,30
8344,sail,sailboat,12.88,4.22,1.95,3.8,184,184,185,1,0
8388,small,motorboat,6.12,2.17,0.58,2.5,184,186,190,4,2
8395,sail,sailboat,12.82,4.03,1.95,3.9,184,186,193,7,2
8398,motor,motorboat,12.59,3.73,1.2,3.0,184,186,187,1,2
8413,sail,sailboat,9.53,2.97,1.54,2.9,184,187,190,3,3
8428,super,yacht,26.65,7.54,3.32,22.1,184,188,194,6,4
8446,sail,sailboat,11.08,3.76,1.67,3.7,184,189,201,12,5
8453,sail,sailboat,10.71,3.45,1.85,0.0,184,189,192,3,5
8465,sail,sailboat,15.18,4.75,2.29,9.0,184,190,214,24,6
8481,sail,sailboat,13.57,4.41,2.41,3.4,184,191,198,7,7
8517,sail,sailboat,13.89,4.45,2.47,6.6,184,192,198,6,8
8555,sail,sailboat,15.2,4.75,2.29,9.5,184,194,195,1,10
8563,motor,motorboat,14.7,4.46,1.33,5.4,184,194,196,2,10
8614,motor,motorboat,15.08,4.33,1.38,11.3,184,197,202,5,13
8735,motor,motorboat,13.04,3.72,1.17,4.0,184,202,213,11,18
8813,small,motorboat,6.01,2.09,0.59,2.3,184,206,208,2,22
8357,sail,sailboat,10.73,3.34,1.93,6.5,185,185,192,7,0
8367,sail,sailboat,16.01,4.89,2.72,10.2,185,185,190,5,0
8368,motor,motorboat,15.11,4.5,1.49,10.0,185,185,187,2,0
8374,sail,sailboat,13.79,4.35,2.09,3.3,185,185,189,4,0
8396,small,motorboat,9.23,3.01,1.02,0.0,185,186,194,8,1
8400,sail,sailboat,9.8,3.08,1.77,2.1,185,186,189,3,1
8411,sail,sailboat,15.72,5.17,2.61,6.1,185,187,188,1,2
8415,sail,sailboat,14.35,4.7,2.57,3.3,185,187,190,3,2
8423,motor,motorboat,13.51,3.8,1.24,0.0,185,187,188,1,2
8425,motor,motorboat,16.59,5.04,1.72,10.6,185,188,189,1,3
8462,sail,sailboat,12.08,3.88,1.8,4.5,185,190,191,1,5
8493,super,yacht,28.98,7.36,3.62,13.8,185,192,194,2,7
8505,sail,sailboat,9.85,3.09,1.6,0.0,185,192,194,2,7
8530,sail,sailboat,16.61,5.12,2.69,9.9,185,193,208,15,8
8536,super,yacht,28.79,7.48,3.2,15.5,185,193,194,1,8
8553,motor,motorboat,20.31,6.29,1.89,25.0,185,194,195,1,9
8554,sail,sailboat,11.47,3.77,2.07,3.8,185,194,201,7,9
8587,small,motorboat,8.74,3.0,0.79,0.0,185,196,207,11,11
8603,sail,sailboat,10.63,3.29,1.74,5.4,185,197,200,3,12
8687,sail,sailboat,13.41,4.49,2.45,0.0,185,199,200,1,14
8698,super,yacht,22.9,6.32,2.76,24.6,185,200,202,2,15
8377,sail,sailboat,14.86,4.52,2.46,4.2,186,186,189,3,0
8378,sail,sailboat,16.3,4.97,2.83,9.8,186,186,187,1,0
8382,small,motorboat,8.66,3.05,0.88,0.0,186,186,197,11,0
8385,sail,sailboat,12.15,3.74,2.24,0.0,186,186,191,5,0
8394,sail,sailboat,12.47,4.08,2.22,4.0,186,186,209,23,0
8414,sail,sailboat,15.7,5.28,2.64,7.2,186,187,189,2,1
8427,motor,motorboat,13.68,4.1,1.44,7.0,186,188,195,7,2
8451,motor,motorboat,13.79,4.14,1.21,4.1,186,189,193,4,3
8520,motor,motorboat,15.91,4.56,1.48,11.7,186,193,200,7,7
8537,sail,sailboat,13.39,4.1,2.47,0.0,186,193,200,7,7
8541,super,yacht,28.29,7.84,3.12,36.1,186,193,195,2,7
8567,motor,motorboat,17.75,5.45,1.67,7.2,186,194,195,1,8
8570,motor,motorboat,15.66,4.77,1.37,11.8,186,195,201,6,9
8581,motor,motorboat,13.89,4.25,1.42,5.0,186,195,200,5,9
8675,sail,sailboat,12.19,3.9,2.25,5.1,186,199,214,15,13
8691,sail,sailboat,16.23,5.39,2.69,9.4,186,199,201,2,13
8703,sail,sailboat,11.8,3.94,1.81,5.8,186,200,201,1,14
8421,super,yacht,24.81,6.8,3.33,34.7,187,187,190,3,0
8444,small,motorboat,8.49,2.76,0.79,0.0,187,189,213,24,2
8502,small,motorboat,8.98,3.03,0.97,3.1,187,192,205,13,5
8510,sail,sailboat,10.24,3.35,1.73,6.1,187,192,203,11,5
8524,sail,sailboat,10.69,3.44,1.67,5.8,187,193,196,3,6
8561,small,motorboat,6.49,2.25,0.62,0.0,187,194,195,1,7
8598,sail,sailboat,15.85,5.16,2.76,13.6,187,196,202,6,9
8620,sail,sailboat,15.72,4.77,2.86,6.7,187,197,198,1,10
8640,motor,motorboat,14.76,4.13,1.56,3.9,187,198,201,3,11
8711,sail,sailboat,9.5,3.15,1.46,0.0,187,200,201,1,13
8429,motor,motorboat,15.96,4.44,1.37,7.7,188,188,201,13,0
8436,sail,sailboat,12.28,3.86,2.11,6.1,188,188,190,2,0
8442,sail,sailboat,9.5,3.0,1.43,2.5,188,189,207,18,1
8443,small,motorboat,7.56,2.61,0.68,0.0,188,189,190,1,1
8445,small,motorboat,6.13,1.99,0.63,0.0,188,189,191,2,1
8448,sail,sailboat,16.9,5.51,3.12,6.5,188,189,193,4,1
8466,sail,sailboat,14.14,4.57,2.39,3.7,188,190,193,3,2
8485,sail,sailboat,13.41,4.3,2.02,0.0,188,191,193,2,3
8492,sail,sailboat,10.58,3.19,1.68,3.6,188,192,199,7,4
8497,motor,motorboat,15.51,4.36,1.39,11.3,188,192,197,5,4
8634,sail,sailboat,11.87,3.58,1.98,5.2,188,198,200,2,10
8635,small,motorboat,9.49,3.23,1.06,2.9,188,198,201,3,10
8732,sail,sailboat,13.83,4.52,2.2,3.7,188,202,206,4,14
8450,sail,sailboat,15.66,4.76,2.52,9.4,189,189,190,1,0
8456,motor,motorboat,19.79,6.11,1.84,12.9,189,189,192,3,0
8458,sail,sailboat,13.36,4.33,2.26,5.4,189,190,192,2,1
8467,small,motorboat,7.41,2.62,0.82,2.8,189,190,193,3,1
8478,small,motorboat,7.13,2.42,0.78,2.2,189,191,192,1,2
8486,motor,motorboat,10.0,3.02,0.92,6.7,189,191,196,5,2
8512,small,motorboat,8.89,3.08,0.92,0.0,189,192,193,1,3
8590,sail,sailboat,15.92,4.84,2.79,6.8,189,196,199,3,7
8679,small,motorboat,8.28,2.91,0.75,3.1,189,199,200,1,10
8720,sail,sailboat,13.0,4.31,2.16,4.9,189,201,203,2,12
8754,small,motorboat,6.52,2.21,0.67,0.0,189,203,206,3,14
8792,super,yacht,28.15,7.29,3.47,18.8,189,205,212,7,16
8460,motor,motorboat,16.6,4.97,1.71,6.2,190,190,192,2,0
8468,motor,motorboat,13.52,4.2,1.34,0.0,190,190,199,9,0
8476,small,motorboat,7.79,2.67,0.79,0.0,190,191,192,1,1
8490,motor,motorboat,13.18,3.7,1.32,5.6,190,191,194,3,1
8491,motor,motorboat,13.74,4.16,1.2,6.6,190,192,194,2,2
8504,sail,sailboat,10.56,3.2,1.75,5.3,190,192,193,1,2
8551,sail,sailboat,9.5,3.14,1.63,2.9,190,193,198,5,3
8582,motor,motorboat,22.0,6.45,2.04,0.0,190,196,199,3,6
8591,sail,sailboat,14.94,4.59,2.37,3.4,190,196,197,1,6
8597,motor,motorboat,19.33,5.93,2.03,12.3,190,196,208,12,6
8677,small,motorboat,8.43,2.82,0.83,2.4,190,199,207,8,9
8681,motor,motorboat,15.17,4.45,1.47,8.8,190,199,202,3,9
8705,small,motorboat,9.13,3.11,0.97,0.0,190,200,213,13,10
8716,sail,sailboat,14.35,4.69,2.49,4.8,190,201,208,7,11
8746,sail,sailboat,9.91,2.99,1.65,2.7,190,203,212,9,13
8757,sail,sailboat,12.72,3.9,1.91,6.0,190,204,214,10,14
8764,motor,motorboat,12.23,3.79,1.19,5.5,190,204,206,2,14
8765,sail,sailboat,11.29,3.76,2.07,5.3,190,204,205,1,14
8867,sail,sailboat,14.57,4.9,2.68,4.9,190,209,211,2,19
8480,motor,motorboat,12.6,3.89,1.19,4.7,191,191,195,4,0
8484,motor,motorboat,11.65,3.29,1.0,5.2,191,191,198,7,0
8488,small,motorboat,8.91,3.08,0.91,0.0,191,191,204,13,0
8500,motor,motorboat,14.27,4.18,1.25,3.1,191,192,195,3,1
8515,motor,motorboat,17.54,5.46,1.84,0.0,191,192,199,7,1
8522,motor,motorboat,17.5,5.14,1.52,8.6,191,193,194,1,2
8532,sail,sailboat,12.32,4.14,2.16,3.7,191,193,194,1,2
8535,sail,sailboat,13.02,4.36,2.13,6.2,191,193,198,5,2
8538,small,motorboat,8.48,3.0,0.87,0.0,191,193,194,1,2
8549,sail,sailboat,12.22,4.0,2.03,6.1,191,193,197,4,2
8556,motor,motorboat,13.6,4.13,1.29,6.8,191,194,196,2,3
8621,sail,sailboat,10.45,3.29,1.78,0.0,191,197,198,1,6
8638,sail,sailboat,12.38,3.99,1.92,4.7,191,198,200,2,7
8684,sail,sailboat,12.44,3.94,1.96,0.0,191,199,201,2,8
8780,super,yacht,20.29,5.3,2.7,20.6,191,205,212,7,14
8806,super,yacht,25.78,7.11,3.2,32.0,191,205,208,3,14
8886,super,yacht,20.58,5.5,2.27,31.5,191,210,211,1,19
8495,sail,sailboat,13.73,4.57,2.22,5.6,192,192,196,4,0
8506,small,motorboat,7.91,2.8,0.82,0.0,192,192,195,3,0
8516,sail,sailboat,12.69,3.89,2.3,6.6,192,192,193,1,0
8523,small,motorboat,7.82,2.62,0.73,2.2,192,193,197,4,1
8528,sail,sailboat,13.35,4.32,2.37,5.7,192,193,197,4,1
8529,motor,motorboat,16.07,4.62,1.51,11.1,192,193,198,5,1
8534,sail,sailboat,15.55,5.13,2.77,0.0,192,193,194,1,1
8539,motor,motorboat,10.68,3.27,1.0,0.0,192,193,200,7,1
8548,motor,motorboat,13.23,4.0,1.4,0.0,192,193,197,4,1
8564,motor,motorboat,19.23,5.7,2.02,12.5,192,194,198,4,2
8573,sail,sailboat,10.48,3.4,1.64,3.2,192,195,202,7,3
8576,sail,sailboat,14.41,4.61,2.42,4.8,192,195,197,2,3
8586,motor,motorboat,19.41,6.04,1.85,12.8,192,196,198,2,4
8702,small,motorboat,7.25,2.35,0.74,0.0,192,200,202,2,8
8771,sail,sailboat,11.48,3.83,1.85,3.8,192,204,206,2,12
8823,sail,sailboat,13.68,4.49,2.19,4.3,192,206,214,8,14
8518,sail,sailboat,16.36,5.31,2.58,12.3,193,193,204,11,0
8521,sail,sailboat,9.62,3.03,1.47,3.5,193,193,195,2,0
8527,super,yacht,25.66,7.2,2.93,27.0,193,193,198,5,0
8562,small,motorboat,7.07,2.45,0.77,2.4,193,194,207,13,1
8607,small,motorboat,6.03,2.14,0.66,0.0,193,197,200,3,4
8611,sail,sailboat,11.77,3.92,1.97,5.7,193,197,203,6,4
8615,motor,motorboat,14.32,4.33,1.35,5.3,193,197,214,17,4
8637,sail,sailboat,13.61,4.35,2.22,6.0,193,198,199,1,5
8648,sail,sailboat,12.64,3.93,2.33,5.9,193,198,201,3,5
8723,motor,motorboat,19.68,5.65,2.05,8.6,193,201,208,7,8
8773,sail,sailboat,14.71,4.58,2.39,0.0,193,204,205,1,11
8794,small,motorboat,7.56,2.69,0.74,0.0,193,205,208,3,12
8844,sail,sailboat,13.23,4.2,2.09,5.0,193,207,211,4,14
8560,sail,sailboat,16.86,5.17,2.7,8.9,194,194,201,7,0
8572,small,motorboat,8.52,2.94,0.8,0.0,194,195,198,3,1
8575,sail,sailboat,11.77,3.73,1.89,4.6,194,195,198,3,1
8580,motor,motorboat,16.3,4.99,1.69,13.2,194,195,198,3,1
8593,sail,sailboat,9.5,3.08,1.75,2.3,194,196,214,18,2
8601,motor,motorboat,17.0,4.92,1.55,6.6,194,197,200,3,3
8651,sail,sailboat,16.81,5.14,2.81,13.3,194,198,202,4,4
8654,small,motorboat,8.12,2.84,0.89,0.0,194,198,200,2,4
8718,motor,motorboat,15.66,4.57,1.5,7.4,194,201,203,2,7
8789,small,motorboat,7.11,2.47,0.69,0.0,194,205,214,9,11
8838,small,motorboat,8.24,2.78,0.78,0.0,194,207,214,7,13
8845,motor,motorboat,15.21,4.62,1.55,0.0,194,207,209,2,13
8931,sail,sailboat,13.11,4.06,2.13,6.0,194,213,214,1,19
8571,motor,motorboat,19.04,5.9,1.75,9.8,195,195,198,3,0
8589,sail,sailboat,16.98,5.39,2.73,12.3,195,196,212,16,1
8596,sail,sailboat,13.44,4.1,2.48,6.2,195,196,197,1,1
8600,motor,motorboat,16.48,4.83,1.7,13.3,195,196,199,3,1
8602,sail,sailboat,9.5,3.14,1.65,0.0,195,197,201,4,2
8604,sail,sailboat,11.25,3.46,1.87,4.9,195,197,201,4,2
8629,sail,sailboat,9.97,3.02,1.66,0.0,195,197,204,7,2
8631,sail,sailboat,13.06,4.43,1.94,5.9,195,198,199,1,3
8649,sail,sailboat,13.53,4.11,2.1,5.6,195,198,199,1,3
8653,motor,motorboat,15.55,4.54,1.46,12.4,195,198,207,9,3
8659,sail,sailboat,12.58,4.03,2.3,6.5,195,199,201,2,4
8676,sail,sailboat,13.97,4.61,2.14,3.2,195,199,200,1,4
8701,sail,sailboat,12.66,3.86,2.18,4.7,195,200,207,7,5
8740,motor,motorboat,16.2,4.52,1.5,0.0,195,202,204,2,7
8743,motor,motorboat,11.71,3.4,1.2,4.9,195,202,208,6,7
8744,sail,sailboat,15.18,4.69,2.49,0.0,195,202,203,1,7
8769,small,motorboat,7.54,2.62,0.84,3.2,195,204,208,4,9
8783,sail,sailboat,15.07,4.55,2.68,11.7,195,205,212,7,10
8799,sail,sailboat,11.02,3.66,1.71,5.7,195,205,207,2,10
8830,sail,sailboat,12.46,4.22,2.18,5.5,195,207,208,1,12
8854,super,yacht,27.39,7.51,2.99,22.0,195,208,211,3,13
8594,sail,sailboat,14.59,4.62,2.17,4.6,196,196,199,3,0
8606,sail,sailboat,13.77,4.55,2.35,0.0,196,197,214,17,1
8612,sail,sailboat,14.17,4.3,2.36,0.0,196,197,203,6,1
8617,motor,motorboat,17.08,5.05,1.59,9.5,196,197,199,2,1
8619,motor,motorboat,13.82,4.07,1.27,4.0,196,197,208,11,1
8624,motor,motorboat,13.1,3.99,1.13,0.0,196,197,203,6,1
8627,sail,sailboat,14.64,4.68,2.34,0.0,196,197,201,4,1
8645,motor,motorboat,19.11,5.7,1.88,9.3,196,198,203,5,2
8652,motor,motorboat,16.65,4.91,1.48,8.1,196,198,206,8,2
8655,sail,sailboat,16.19,5.33,2.84,9.2,196,198,199,1,2
8658,sail,sailboat,15.59,4.94,2.87,9.5,196,198,203,5,2
8688,motor,motorboat,15.9,4.5,1.37,0.0,196,199,200,1,3
8750,super,yacht,23.04,5.92,2.61,33.3,196,203,204,1,7
8808,motor,motorboat,16.22,4.81,1.67,11.8,196,205,211,6,9
8814,small,motorboat,8.16,2.9,0.9,2.9,196,206,207,1,10
8839,sail,sailboat,13.93,4.37,2.5,4.1,196,207,208,1,11
8852,sail,sailboat,15.92,4.93,2.81,6.5,196,208,214,6,12
8875,sail,sailboat,12.51,3.98,2.22,0.0,196,209,211,2,13
8888,motor,motorboat,16.17,4.51,1.44,8.9,196,210,212,2,14
8926,motor,motorboat,11.8,3.37,1.13,0.0,196,213,214,1,17
8628,sail,sailboat,16.44,5.3,2.77,9.6,197,197,198,1,0
8630,sail,sailboat,17.0,5.12,2.76,9.7,197,198,202,4,1
8633,small,motorboat,7.95,2.63,0.75,2.4,197,198,199,1,1
8636,super,yacht,24.38,6.61,2.82,31.9,197,198,206,8,1
8639,sail,sailboat,15.37,5.08,2.71,6.4,197,198,214,16,1
8641,sail,sailboat,12.25,3.78,1.85,6.7,197,198,201,3,1
8650,sail,sailboat,12.29,3.93,2.02,4.6,197,198,199,1,1
8686,motor,motorboat,19.84,6.04,1.77,7.0,197,199,201,2,2
8751,motor,motorboat,22.0,6.16,2.31,0.0,197,203,206,3,6
8762,sail,sailboat,11.26,3.77,1.68,3.6,197,204,207,3,7
8791,motor,motorboat,15.3,4.67,1.48,11.6,197,205,214,9,8
8798,motor,motorboat,19.25,5.74,1.68,7.0,197,205,206,1,8
8820,sail,sailboat,11.92,3.84,1.94,4.9,197,206,211,5,9
8856,motor,motorboat,20.01,6.23,1.99,0.0,197,208,209,1,11
8885,motor,motorboat,15.32,4.77,1.59,10.1,197,210,211,1,13
8887,sail,sailboat,10.8,3.34,1.99,6.7,197,210,212,2,13
8891,small,motorboat,6.75,2.38,0.69,2.0,197,210,211,1,13
8897,sail,sailboat,10.52,3.48,1.92,4.3,197,211,214,3,14
8644,motor,motorboat,17.13,5.13,1.73,7.3,198,198,200,2,0
8657,sail,sailboat,13.36,4.35,2.18,3.2,198,198,201,3,0
8668,sail,sailboat,15.31,4.81,2.41,9.5,198,199,200,1,1
8669,sail,sailboat,15.04,4.6,2.55,11.7,198,199,204,5,1
8674,small,motorboat,8.82,3.08,0.9,0.0,198,199,213,14,1
8678,sail,sailboat,15.79,4.96,2.81,0.0,198,199,214,15,1
8682,sail,sailboat,10.27,3.47,1.55,0.0,198,199,208,9,1
8685,motor,motorboat,15.82,4.92,1.68,11.5,198,199,205,6,1
8692,sail,sailboat,12.09,4.01,2.04,3.4,198,199,200,1,1
8697,small,motorboat,8.6,2.97,0.91,0.0,198,200,202,2,2
8707,motor,motorboat,18.94,5.63,1.77,10.7,198,200,208,8,2
8708,sail,sailboat,14.42,4.83,2.23,3.4,198,200,205,5,2
8712,sail,sailboat,17.0,5.63,3.05,6.5,198,201,202,1,3
8713,sail,sailboat,10.48,3.16,1.88,4.8,198,201,203,2,3
8776,sail,sailboat,17.0,5.46,2.72,10.3,198,204,207,3,6
8824,motor,motorboat,10.0,2.99,1.06,0.0,198,206,212,6,8
8847,sail,sailboat,10.81,3.57,1.95,6.6,198,208,209,1,10
8869,sail,sailboat,12.33,3.98,2.02,4.9,198,209,214,5,11
8871,sail,sailboat,9.5,2.86,1.72,3.0,198,209,214,5,11
8904,super,yacht,25.62,6.95,3.09,17.8,198,211,214,3,13
8914,small,motorboat,6.06,1.98,0.55,0.0,198,212,214,2,14
8915,small,motorboat,8.42,2.9,0.81,0.0,198,212,214,2,14
8662,sail,sailboat,11.66,3.56,2.04,5.6,199,199,205,6,0
8664,small,motorboat,8.01,2.83,0.78,2.3,199,199,206,7,0
8666,sail,sailboat,14.13,4.73,2.51,3.9,199,199,204,5,0
8672,motor,motorboat,15.65,4.49,1.45,7.2,199,199,203,4,0
8673,small,motorboat,6.5,2.33,0.6,2.1,199,199,200,1,0
8683,motor,motorboat,16.77,5.02,1.74,10.3,199,199,214,15,0
8710,motor,motorboat,13.96,4.35,1.34,6.5,199,200,206,6,1
8721,small,motorboat,7.04,2.45,0.79,3.3,199,201,203,2,2
8745,super,yacht,24.21,6.47,3.16,29.0,199,203,205,2,4
8759,motor,motorboat,12.6,3.56,1.14,3.3,199,204,205,1,5
8777,motor,motorboat,11.31,3.27,1.17,5.7,199,204,207,3,5
8826,sail,sailboat,17.0,5.37,2.93,8.1,199,206,212,6,7
8828,motor,motorboat,14.06,4.37,1.43,5.0,199,206,214,8,7
8879,sail,sailboat,13.74,4.52,2.32,3.1,199,209,211,2,10
8882,motor,motorboat,20.21,5.99,2.09,19.9,199,209,211,2,10
8699,sail,sailboat,14.6,4.68,2.35,5.2,200,200,202,2,0
8706,motor,motorboat,18.53,5.2,1.79,8.9,200,200,201,1,0
8725,sail,sailboat,12.83,4.29,2.2,3.4,200,201,204,3,1
8729,motor,motorboat,10.57,3.22,0.99,3.9,200,202,206,4,2
8741,motor,motorboat,17.23,5.26,1.58,7.7,200,202,204,2,2
8742,sail,sailboat,14.43,4.47,2.28,0.0,200,202,210,8,2
8774,sail,sailboat,9.5,3.11,1.63,2.1,200,204,205,1,4
8779,small,motorboat,8.98,2.98,0.9,3.1,200,205,207,2,5
8787,small,motorboat,6.23,2.11,0.64,2.4,200,205,208,3,5
8812,sail,sailboat,9.5,3.02,1.56,3.5,200,206,214,8,6
8717,sail,sailboat,11.34,3.48,2.06,3.5,201,201,203,2,0
8731,sail,sailboat,13.61,4.56,2.02,3.9,201,202,205,3,1
8738,sail,sailboat,16.94,5.11,2.8,11.7,201,202,204,2,1
8752,motor,motorboat,14.86,4.17,1.32,4.2,201,203,214,11,2
8772,motor,motorboat,11.89,3.45,1.22,0.0,201,204,207,3,3
8781,sail,sailboat,16.67,5.64,2.88,10.8,201,205,214,9,4
8788,small,motorboat,6.43,2.26,0.61,0.0,201,205,214,9,4
8821,motor,motorboat,18.98,5.89,1.69,12.4,201,206,208,2,5
8855,sail,sailboat,10.65,3.4,1.6,3.5,201,208,211,3,7
8872,motor,motorboat,16.83,4.74,1.76,7.7,201,209,214,5,8
8894,super,yacht,26.88,7.37,3.04,19.3,201,211,214,3,10
8909,sail,sailboat,14.11,4.64,2.56,0.0,201,212,214,2,11
8911,super,yacht,21.23,5.64,2.7,28.7,201,212,214,2,11
8728,sail,sailboat,9.88,3.28,1.76,2.7,202,202,204,2,0
8749,motor,motorboat,18.07,5.46,1.9,10.8,202,203,214,11,1
8755,sail,sailboat,13.9,4.62,2.13,4.7,202,204,205,1,2
8767,sail,sailboat,10.71,3.48,1.86,0.0,202,204,206,2,2
8825,motor,motorboat,14.79,4.48,1.52,5.6,202,206,208,2,4
8841,small,motorboat,8.45,2.92,0.8,0.0,202,207,213,6,5
8843,small,motorboat,6.4,2.11,0.59,0.0,202,207,214,7,5
8880,super,yacht,21.63,6.12,2.88,36.1,202,209,212,3,7
8883,sail,sailboat,13.64,4.22,2.16,4.4,202,210,214,4,8
8934,sail,sailboat,14.71,4.94,2.68,3.5,202,213,214,1,11
8944,small,motorboat,9.24,3.17,0.89,0.0,202,213,214,1,11
8748,sail,sailboat,13.17,4.37,1.99,0.0,203,203,214,11,0
8760,sail,sailboat,17.0,5.72,2.93,7.6,203,204,207,3,1
8775,motor,motorboat,14.14,4.39,1.41,0.0,203,204,207,3,1
8786,small,motorboat,7.26,2.45,0.78,3.4,203,205,207,2,2
8815,sail,sailboat,13.9,4.66,2.48,5.9,203,206,208,2,3
8859,sail,sailboat,11.41,3.49,1.85,5.0,203,208,214,6,5
8895,sail,sailboat,9.5,2.89,1.64,2.8,203,211,214,3,8
8761,motor,motorboat,14.24,4.15,1.42,4.2,204,204,207,3,0
8763,sail,sailboat,13.27,4.19,1.97,3.2,204,204,208,4,0
8766,sail,sailboat,15.36,4.63,2.5,0.0,204,204,208,4,0
8770,sail,sailboat,16.93,5.36,2.96,0.0,204,204,211,7,0
8790,sail,sailboat,12.78,4.06,1.95,4.2,204,205,210,5,1
8802,sail,sailboat,14.3,4.71,2.26,5.2,204,205,210,5,1
8817,sail,sailboat,11.22,3.55,1.88,5.8,204,206,210,4,2
8822,small,motorboat,7.9,2.62,0.82,0.0,204,206,208,2,2
8836,sail,sailboat,13.7,4.28,2.3,5.5,204,207,214,7,3
8862,motor,motorboat,14.82,4.26,1.31,5.3,204,208,214,6,4
8905,motor,motorboat,17.46,5.44,1.78,11.4,204,211,214,3,7
8939,sail,sailboat,13.42,4.22,2.28,4.0,204,213,214,1,9
8782,sail,sailboat,13.43,4.5,2.32,6.7,205,205,212,7,0
8793,sail,sailboat,14.23,4.56,2.15,3.4,205,205,207,2,0
8795,motor,motorboat,12.07,3.65,1.25,0.0,205,205,214,9,0
8807,motor,motorboat,19.27,5.87,1.73,13.6,205,205,208,3,0
8809,small,motorboat,7.92,2.68,0.73,0.0,205,206,211,5,1
8827,sail,sailboat,15.39,5.14,2.34,13.1,205,206,212,6,1
8829,small,motorboat,6.72,2.3,0.66,0.0,205,206,208,2,1
8831,sail,sailboat,13.57,4.36,2.5,5.1,205,207,214,7,2
8833,sail,sailboat,9.61,3.19,1.45,2.5,205,207,214,7,2
8835,motor,motorboat,18.97,5.37,1.78,9.5,205,207,212,5,2
8837,motor,motorboat,10.57,3.07,0.98,4.1,205,207,210,3,2
8846,sail,sailboat,13.88,4.6,2.23,5.6,205,207,214,7,2
8874,motor,motorboat,12.7,3.92,1.11,5.4,205,209,213,4,4
8919,sail,sailboat,12.53,4.07,2.03,3.8,205,212,214,2,7
8924,small,motorboat,8.76,3.06,0.83,3.5,205,213,214,1,8
8811,motor,motorboat,12.6,3.59,1.21,5.1,206,206,209,3,0
8816,sail,sailboat,12.02,3.9,2.04,5.6,206,206,209,3,0
8819,motor,motorboat,15.63,4.85,1.54,13.5,206,206,207,1,0
8910,small,motorboat,8.27,2.92,0.78,2.0,206,212,214,2,6
8922,sail,sailboat,15.04,5.05,2.62,0.0,206,212,214,2,6
8832,sail,sailboat,17.0,5.23,2.84,12.7,207,207,213,6,0
8834,motor,motorboat,17.76,5.05,1.84,0.0,207,207,214,7,0
8840,motor,motorboat,13.24,4.08,1.2,5.0,207,207,208,1,0
8851,sail,sailboat,12.12,3.69,2.07,5.9,207,208,210,2,1
8861,motor,motorboat,18.66,5.24,1.77,11.5,207,208,211,3,1
8873,sail,sailboat,15.88,5.01,2.59,9.4,207,209,210,1,2
8877,motor,motorboat,17.07,5.25,1.46,12.6,207,209,212,3,2
8912,sail,sailboat,14.55,4.81,2.2,4.5,207,212,214,2,5
8927,motor,motorboat,10.07,3.12,0.87,0.0,207,213,214,1,6
8940,sail,sailboat,10.72,3.46,1.65,0.0,207,213,214,1,6
8848,sail,sailboat,12.73,4.09,2.1,5.2,208,208,214,6,0
8866,motor,motorboat,11.61,3.59,1.02,4.6,208,208,209,1,0
8868,motor,motorboat,17.39,4.9,1.56,6.3,208,209,210,1,1
8878,sail,sailboat,12.43,3.84,2.16,4.4,208,209,211,2,1
8921,sail,sailboat,14.32,4.41,2.57,3.0,208,212,214,2,4
8932,sail,sailboat,9.86,3.3,1.72,3.0,208,213,214,1,5
8890,sail,sailboat,14.34,4.72,2.35,6.5,209,210,214,4,1
8892,motor,motorboat,15.88,4.61,1.49,13.8,209,211,213,2,2
8893,motor,motorboat,16.35,4.73,1.45,9.1,209,211,212,1,2
8903,sail,sailboat,13.46,4.54,2.02,5.5,209,211,213,2,2
8943,motor,motorboat,14.23,4.36,1.49,5.8,209,213,214,1,4
8884,sail,sailboat,16.17,5.38,2.76,13.4,210,210,212,2,0
8930,sail,sailboat,11.78,3.83,2.13,4.0,210,213,214,1,3
8898,sail,sailboat,11.9,3.97,2.02,3.8,211,211,212,1,0
8906,motor,motorboat,16.26,4.94,1.72,6.7,211,211,213,2,0
8908,motor,motorboat,18.35,5.24,1.64,8.9,211,212,214,2,1
8917,motor,motorboat,19.41,5.52,1.69,12.1,211,212,213,1,1
8933,small,motorboat,9.35,3.2,0.87,2.2,211,213,214,1,2
8942,super,yacht,20.91,5.78,2.35,18.5,211,213,214,1,2
8907,sail,sailboat,9.5,2.88,1.56,0.0,212,212,214,2,0
8916,super,yacht,24.67,6.46,3.12,19.0,212,212,213,1,0
8928,sail,sailboat,15.86,4.86,2.44,6.8,212,213,214,1,1
8936,sail,sailboat,12.71,4.16,2.28,3.3,212,213,214,1,1
8937,sail,sailboat,10.91,3.7,1.73,6.1,212,213,214,1,1
8941,sail,sailboat,12.49,3.81,2.27,4.0,212,213,214,1,1
8935,small,motorboat,8.78,2.96,0.84,0.0,213,213,214,1,0
8945,sail,sailboat,13.46,4.31,2.03,0.0,213,213,214,1,0
8950,sail,sailboat,12.89,4.17,2.06,5.4,213,213,214,1,0
